testResultId,statusCode,responseBody,outputContentType,passed,failReason
test_1h7z9md0yx0s7_getBusinesses,200,"{""businesses"": [], ""total"": 0, ""region"": {""center"": {""longitude"": -108.89433, ""latitude"": 44.23386}}}",application/json,true,none
test_1h7zr5omnqjaq_getBusinesses,200,"{""businesses"": [], ""total"": 0, ""region"": {""center"": {""longitude"": 2.3421478271484375, ""latitude"": 48.86195860677958}}}",application/json,true,none
test_1h8226f18cs3d_getBusinesses,200,"{""businesses"": [], ""total"": 0, ""region"": {""center"": {""longitude"": -5.985832214355469, ""latitude"": 37.38897024983557}}}",application/json,true,none
test_1h84uc3pp22jp_getBusinesses,200,"{""businesses"": [{""id"": ""1FZM1wOnjMYg0KPSD9qTjg"", ""alias"": ""poesia-san-francisco"", ""name"": ""Poesia"", ""image_url"": ""https://s3-media2.fl.yelpcdn.com/bphoto/MPkE8UsR8lJbZWZrf2DEsg/o.jpg"", ""is_closed"": false, ""url"": ""https://fi.yelp.fi/biz/poesia-san-francisco?adjust_creative=ULHW7ynqdXE8Z9Fnr4irFw&utm_campaign=yelp_api_v3&utm_medium=api_v3_business_search&utm_source=ULHW7ynqdXE8Z9Fnr4irFw"", ""review_count"": 869, ""categories"": [{""alias"": ""italian"", ""title"": ""Italialainen""}, {""alias"": ""bars"", ""title"": ""Baarit""}], ""rating"": 4.0, ""coordinates"": {""latitude"": 37.76115, ""longitude"": -122.43431}, ""transactions"": [""pickup""], ""price"": ""$$$"", ""location"": {""address1"": ""4072 18th St"", ""address2"": """", ""address3"": """", ""city"": ""San Francisco"", ""zip_code"": ""94114"", ""country"": ""US"", ""state"": ""CA"", ""display_address"": [""4072 18th St"", ""San Francisco, CA 94114"", ""Yhdysvallat""]}, ""phone"": ""+14152529325"", ""display_phone"": ""+1 415-252-9325"", ""distance"": 185.1346063375654}, {""id"": ""zK9-A4cIZwOUMpGBDz25DA"", ""alias"": ""canela-bistro-and-wine-bar-san-francisco"", ""name"": ""Canela Bistro & Wine Bar"", ""image_url"": ""https://s3-media1.fl.yelpcdn.com/bphoto/-TYnVcgY87R-1ij6mBwITA/o.jpg"", ""is_closed"": false, ""url"": ""https://fi.yelp.fi/biz/canela-bistro-and-wine-bar-san-francisco?adjust_creative=ULHW7ynqdXE8Z9Fnr4irFw&utm_campaign=yelp_api_v3&utm_medium=api_v3_business_search&utm_source=ULHW7ynqdXE8Z9Fnr4irFw"", ""review_count"": 755, ""categories"": [{""alias"": ""spanish"", ""title"": ""Espanjalainen""}, {""alias"": ""tapas"", ""title"": ""Tapasravintolat""}, {""alias"": ""wine_bars"", ""title"": ""Viinibaarit""}], ""rating"": 4.5, ""coordinates"": {""latitude"": 37.764878, ""longitude"": -122.432438}, ""transactions"": [""pickup"", ""delivery""], ""price"": ""$$$"", ""location"": {""address1"": ""2272 Market St"", ""address2"": null, ""address3"": """", ""city"": ""San Francisco"", ""zip_code"": ""94114"", ""country"": ""US"", ""state"": ""CA"", ""display_address"": [""2272 Market St"", ""San Francisco, CA 94114"", ""Yhdysvallat""]}, ""phone"": ""+14155523000"", ""display_phone"": ""+1 415-552-3000"", ""distance"": 565.616199344378}, {""id"": ""H3LVKSUbbUFqlTuxDKerAg"", ""alias"": ""bi-rite-market-san-francisco"", ""name"": ""Bi-Rite Market"", ""image_url"": ""https://s3-media4.fl.yelpcdn.com/bphoto/_79u6VA3MPQjHVEQtkK3mg/o.jpg"", ""is_closed"": false, ""url"": ""https://fi.yelp.fi/biz/bi-rite-market-san-francisco?adjust_creative=ULHW7ynqdXE8Z9Fnr4irFw&utm_campaign=yelp_api_v3&utm_medium=api_v3_business_search&utm_source=ULHW7ynqdXE8Z9Fnr4irFw"", ""review_count"": 965, ""categories"": [{""alias"": ""gourmet"", ""title"": ""Erikoisruokakaupat""}, {""alias"": ""grocery"", ""title"": ""Ruokakaupat""}, {""alias"": ""delis"", ""title"": ""Delit""}], ""rating"": 4.5, ""coordinates"": {""latitude"": 37.7613794289775, ""longitude"": -122.424692944591}, ""transactions"": [], ""price"": ""$$$"", ""location"": {""address1"": ""3639 18th St"", ""address2"": """", ""address3"": """", ""city"": ""San Francisco"", ""zip_code"": ""94110"", ""country"": ""US"", ""state"": ""CA"", ""display_address"": [""3639 18th St"", ""San Francisco, CA 94110"", ""Yhdysvallat""]}, ""phone"": ""+14152419760"", ""display_phone"": ""+1 415-241-9760"", ""distance"": 1034.6580986392867}, {""id"": ""i_OkjtKWm02Upc-PlcUrrg"", ""alias"": ""firefly-restaurant-san-francisco-4"", ""name"": ""Firefly Restaurant"", ""image_url"": ""https://s3-media3.fl.yelpcdn.com/bphoto/TBzoHP6DgU0V5ajlXqL1VQ/o.jpg"", ""is_closed"": false, ""url"": ""https://fi.yelp.fi/biz/firefly-restaurant-san-francisco-4?adjust_creative=ULHW7ynqdXE8Z9Fnr4irFw&utm_campaign=yelp_api_v3&utm_medium=api_v3_business_search&utm_source=ULHW7ynqdXE8Z9Fnr4irFw"", ""review_count"": 1523, ""categories"": [{""alias"": ""newamerican"", ""title"": ""Amerikkalainen (uusi)""}, {""alias"": ""desserts"", ""title"": ""J\u00e4lkiruoat""}, {""alias"": ""soup"", ""title"": ""Keitot""}], ""rating"": 4.0, ""coordinates"": {""latitude"": 37.751206, ""longitude"": -122.438189}, ""transactions"": [""delivery""], ""price"": ""$$$"", ""location"": {""address1"": ""4288 24th St"", ""address2"": """", ""address3"": """", ""city"": ""San Francisco"", ""zip_code"": ""94114"", ""country"": ""US"", ""state"": ""CA"", ""display_address"": [""4288 24th St"", ""San Francisco, CA 94114"", ""Yhdysvallat""]}, ""phone"": ""+14158217652"", ""display_phone"": ""+1 415-821-7652"", ""distance"": 1088.6781106661263}, {""id"": ""6TL8udi-vy_5rH-wikMSoA"", ""alias"": ""saru-sushi-bar-noe-valley-san-francisco-3"", ""name"": ""Saru Sushi Bar - Noe Valley"", ""image_url"": ""https://s3-media1.fl.yelpcdn.com/bphoto/5-ugy01zjSvudVsfdhmCsA/o.jpg"", ""is_closed"": false, ""url"": ""https://fi.yelp.fi/biz/saru-sushi-bar-noe-valley-san-francisco-3?adjust_creative=ULHW7ynqdXE8Z9Fnr4irFw&utm_campaign=yelp_api_v3&utm_medium=api_v3_business_search&utm_source=ULHW7ynqdXE8Z9Fnr4irFw"", ""review_count"": 949, ""categories"": [{""alias"": ""sushi"", ""title"": ""Sushiravintolat""}, {""alias"": ""japanese"", ""title"": ""Japanilainen""}, {""alias"": ""seafood"", ""title"": ""Kalaravintolat""}], ""rating"": 4.5, ""coordinates"": {""latitude"": 37.751706, ""longitude"": -122.4288283}, ""transactions"": [""delivery""], ""price"": ""$$$"", ""location"": {""address1"": ""3856 24th St"", ""address2"": """", ""address3"": """", ""city"": ""San Francisco"", ""zip_code"": ""94114"", ""country"": ""US"", ""state"": ""CA"", ""display_address"": [""3856 24th St"", ""San Francisco, CA 94114"", ""Yhdysvallat""]}, ""phone"": ""+14154004510"", ""display_phone"": ""+1 415-400-4510"", ""distance"": 1222.1441911467125}, {""id"": ""qvGED1YA1lt_wrbP92RVZA"", ""alias"": ""kibatsu-san-francisco"", ""name"": ""Kibatsu"", ""image_url"": ""https://s3-media4.fl.yelpcdn.com/bphoto/_f7YHimLXLg95cRapx5rCQ/o.jpg"", ""is_closed"": false, ""url"": ""https://fi.yelp.fi/biz/kibatsu-san-francisco?adjust_creative=ULHW7ynqdXE8Z9Fnr4irFw&utm_campaign=yelp_api_v3&utm_medium=api_v3_business_search&utm_source=ULHW7ynqdXE8Z9Fnr4irFw"", ""review_count"": 296, ""categories"": [{""alias"": ""sushi"", ""title"": ""Sushiravintolat""}, {""alias"": ""japanese"", ""title"": ""Japanilainen""}], ""rating"": 4.5, ""coordinates"": {""latitude"": 37.77243, ""longitude"": -122.42899}, ""transactions"": [""pickup"", ""delivery"", ""restaurant_reservation""], ""price"": ""$$$"", ""location"": {""address1"": ""400 Haight St"", ""address2"": """", ""address3"": null, ""city"": ""San Francisco"", ""zip_code"": ""94117"", ""country"": ""US"", ""state"": ""CA"", ""display_address"": [""400 Haight St"", ""San Francisco, CA 94117"", ""Yhdysvallat""]}, ""phone"": ""+14158729636"", ""display_phone"": ""+1 415-872-9636"", ""distance"": 1444.631536218594}, {""id"": ""sPUkCbbBBuEa5bSQE3BR-A"", ""alias"": ""bi-rite-market-san-francisco-3"", ""name"": ""Bi-Rite Market"", ""image_url"": ""https://s3-media1.fl.yelpcdn.com/bphoto/fr6vdWNXxRbbKJKD2H8EtQ/o.jpg"", ""is_closed"": false, ""url"": ""https://fi.yelp.fi/biz/bi-rite-market-san-francisco-3?adjust_creative=ULHW7ynqdXE8Z9Fnr4irFw&utm_campaign=yelp_api_v3&utm_medium=api_v3_business_search&utm_source=ULHW7ynqdXE8Z9Fnr4irFw"", ""review_count"": 529, ""categories"": [{""alias"": ""grocery"", ""title"": ""Ruokakaupat""}, {""alias"": ""gourmet"", ""title"": ""Erikoisruokakaupat""}, {""alias"": ""delis"", ""title"": ""Delit""}], ""rating"": 4.5, ""coordinates"": {""latitude"": 37.7745126368117, ""longitude"": -122.437564575518}, ""transactions"": [""delivery""], ""price"": ""$$$"", ""location"": {""address1"": ""550 Divisadero St"", ""address2"": """", ""address3"": """", ""city"": ""San Francisco"", ""zip_code"": ""94117"", ""country"": ""US"", ""state"": ""CA"", ""display_address"": [""550 Divisadero St"", ""San Francisco, CA 94117"", ""Yhdysvallat""]}, ""phone"": ""+14155517900"", ""display_phone"": ""+1 415-551-7900"", ""distance"": 1516.9056653315067}, {""id"": ""ttarnopezxmp2ROB1N2PaA"", ""alias"": ""nopa-san-francisco"", ""name"": ""Nopa"", ""image_url"": ""https://s3-media4.fl.yelpcdn.com/bphoto/QOc_docjeCrDHlckTaDE2A/o.jpg"", ""is_closed"": false, ""url"": ""https://fi.yelp.fi/biz/nopa-san-francisco?adjust_creative=ULHW7ynqdXE8Z9Fnr4irFw&utm_campaign=yelp_api_v3&utm_medium=api_v3_business_search&utm_source=ULHW7ynqdXE8Z9Fnr4irFw"", ""review_count"": 5346, ""categories"": [{""alias"": ""newamerican"", ""title"": ""Amerikkalainen (uusi)""}, {""alias"": ""desserts"", ""title"": ""J\u00e4lkiruoat""}, {""alias"": ""cocktailbars"", ""title"": ""Cocktailbaarit""}], ""rating"": 4.0, ""coordinates"": {""latitude"": 37.77483, ""longitude"": -122.43746}, ""transactions"": [""delivery""], ""price"": ""$$$"", ""location"": {""address1"": ""560 Divisadero St"", ""address2"": null, ""address3"": """", ""city"": ""San Francisco"", ""zip_code"": ""94117"", ""country"": ""US"", ""state"": ""CA"", ""display_address"": [""560 Divisadero St"", ""San Francisco, CA 94117"", ""Yhdysvallat""]}, ""phone"": ""+14158648643"", ""display_phone"": ""+1 415-864-8643"", ""distance"": 1559.1831881623302}, {""id"": ""wEpiKz--Z2b1q_FSCCNiow"", ""alias"": ""lolinda-san-francisco"", ""name"": ""Lolinda"", ""image_url"": ""https://s3-media2.fl.yelpcdn.com/bphoto/M8J3ehcOIRRI8ys1Q0hxtw/o.jpg"", ""is_closed"": false, ""url"": ""https://fi.yelp.fi/biz/lolinda-san-francisco?adjust_creative=ULHW7ynqdXE8Z9Fnr4irFw&utm_campaign=yelp_api_v3&utm_medium=api_v3_business_search&utm_source=ULHW7ynqdXE8Z9Fnr4irFw"", ""review_count"": 2242, ""categories"": [{""alias"": ""steak"", ""title"": ""Pihviravintolat""}, {""alias"": ""tapasmallplates"", ""title"": ""Tapas""}, {""alias"": ""latin"", ""title"": ""Latinalaisamerikkalainen""}], ""rating"": 4.0, ""coordinates"": {""latitude"": 37.7566658, ""longitude"": -122.419116}, ""transactions"": [""delivery""], ""price"": ""$$$"", ""location"": {""address1"": ""2518 Mission St"", ""address2"": """", ""address3"": """", ""city"": ""San Francisco"", ""zip_code"": ""94110"", ""country"": ""US"", ""state"": ""CA"", ""display_address"": [""2518 Mission St"", ""San Francisco, CA 94110"", ""Yhdysvallat""]}, ""phone"": ""+14155506970"", ""display_phone"": ""+1 415-550-6970"", ""distance"": 1594.6517667698872}, {""id"": ""n6L5VIGunR51-D55C-eYeQ"", ""alias"": ""foreign-cinema-san-francisco"", ""name"": ""Foreign Cinema"", ""image_url"": ""https://s3-media3.fl.yelpcdn.com/bphoto/cw5y2LSOIE-EVNjKK_d7SQ/o.jpg"", ""is_closed"": false, ""url"": ""https://fi.yelp.fi/biz/foreign-cinema-san-francisco?adjust_creative=ULHW7ynqdXE8Z9Fnr4irFw&utm_campaign=yelp_api_v3&utm_medium=api_v3_business_search&utm_source=ULHW7ynqdXE8Z9Fnr4irFw"", ""review_count"": 5295, ""categories"": [{""alias"": ""breakfast_brunch"", ""title"": ""Aamiainen ja brunssi""}, {""alias"": ""mediterranean"", ""title"": ""V\u00e4limerellinen""}, {""alias"": ""cocktailbars"", ""title"": ""Cocktailbaarit""}], ""rating"": 4.0, ""coordinates"": {""latitude"": 37.75637, ""longitude"": -122.41925}, ""transactions"": [""delivery""], ""price"": ""$$$"", ""location"": {""address1"": ""2534 Mission St"", ""address2"": """", ""address3"": """", ""city"": ""San Francisco"", ""zip_code"": ""94110"", ""country"": ""US"", ""state"": ""CA"", ""display_address"": [""2534 Mission St"", ""San Francisco, CA 94110"", ""Yhdysvallat""]}, ""phone"": ""+14156487600"", ""display_phone"": ""+1 415-648-7600"", ""distance"": 1595.992511967024}, {""id"": ""CTE5lnXUYp4xidmh35knNg"", ""alias"": ""bar-crudo-san-francisco"", ""name"": ""Bar Crudo"", ""image_url"": ""https://s3-media3.fl.yelpcdn.com/bphoto/Hww5aUg6IOthu_zjl6moRQ/o.jpg"", ""is_closed"": false, ""url"": ""https://fi.yelp.fi/biz/bar-crudo-san-francisco?adjust_creative=ULHW7ynqdXE8Z9Fnr4irFw&utm_campaign=yelp_api_v3&utm_medium=api_v3_business_search&utm_source=ULHW7ynqdXE8Z9Fnr4irFw"", ""review_count"": 1916, ""categories"": [{""alias"": ""seafood"", ""title"": ""Kalaravintolat""}], ""rating"": 4.0, ""coordinates"": {""latitude"": 37.7756673618778, ""longitude"": -122.438271045685}, ""transactions"": [""delivery""], ""price"": ""$$$"", ""location"": {""address1"": ""655 Divisadero St"", ""address2"": """", ""address3"": """", ""city"": ""San Francisco"", ""zip_code"": ""94117"", ""country"": ""US"", ""state"": ""CA"", ""display_address"": [""655 Divisadero St"", ""San Francisco, CA 94117"", ""Yhdysvallat""]}, ""phone"": ""+14154090679"", ""display_phone"": ""+1 415-409-0679"", ""distance"": 1649.9290902692737}, {""id"": ""NBdAqG4Kdqy0BrCrWa0xUg"", ""alias"": ""tsunami-panhandle-san-francisco-2"", ""name"": ""Tsunami Panhandle"", ""image_url"": ""https://s3-media1.fl.yelpcdn.com/bphoto/gbAd-x84xcLeiHfDjcWmXQ/o.jpg"", ""is_closed"": false, ""url"": ""https://fi.yelp.fi/biz/tsunami-panhandle-san-francisco-2?adjust_creative=ULHW7ynqdXE8Z9Fnr4irFw&utm_campaign=yelp_api_v3&utm_medium=api_v3_business_search&utm_source=ULHW7ynqdXE8Z9Fnr4irFw"", ""review_count"": 939, ""categories"": [{""alias"": ""sushi"", ""title"": ""Sushiravintolat""}, {""alias"": ""japanese"", ""title"": ""Japanilainen""}, {""alias"": ""bars"", ""title"": ""Baarit""}], ""rating"": 3.5, ""coordinates"": {""latitude"": 37.7769872, ""longitude"": -122.4385184}, ""transactions"": [""delivery""], ""price"": ""$$$"", ""location"": {""address1"": ""1306 Fulton St"", ""address2"": """", ""address3"": """", ""city"": ""San Francisco"", ""zip_code"": ""94117"", ""country"": ""US"", ""state"": ""CA"", ""display_address"": [""1306 Fulton St"", ""San Francisco, CA 94117"", ""Yhdysvallat""]}, ""phone"": ""+14155677664"", ""display_phone"": ""+1 415-567-7664"", ""distance"": 1798.1213778609413}, {""id"": ""rbOIWC-Wx5qIHgFebtAQqA"", ""alias"": ""che-fico-san-francisco-3"", ""name"": ""Che Fico"", ""image_url"": ""https://s3-media3.fl.yelpcdn.com/bphoto/CqX1n6H1l6g95fxPUvt_XQ/o.jpg"", ""is_closed"": false, ""url"": ""https://fi.yelp.fi/biz/che-fico-san-francisco-3?adjust_creative=ULHW7ynqdXE8Z9Fnr4irFw&utm_campaign=yelp_api_v3&utm_medium=api_v3_business_search&utm_source=ULHW7ynqdXE8Z9Fnr4irFw"", ""review_count"": 647, ""categories"": [{""alias"": ""italian"", ""title"": ""Italialainen""}, {""alias"": ""newamerican"", ""title"": ""Amerikkalainen (uusi)""}], ""rating"": 3.5, ""coordinates"": {""latitude"": 37.7774319, ""longitude"": -122.4381079}, ""transactions"": [""delivery""], ""price"": ""$$$"", ""location"": {""address1"": ""838 Divisadero St"", ""address2"": null, ""address3"": """", ""city"": ""San Francisco"", ""zip_code"": ""94117"", ""country"": ""US"", ""state"": ""CA"", ""display_address"": [""838 Divisadero St"", ""San Francisco, CA 94117"", ""Yhdysvallat""]}, ""phone"": ""+14154166959"", ""display_phone"": ""+1 415-416-6959"", ""distance"": 1845.6782944819715}, {""id"": ""u1SfgyXufKvyFLbYZGGI_g"", ""alias"": ""che-fico-alimentari-san-francisco"", ""name"": ""Che Fico Alimentari"", ""image_url"": ""https://s3-media1.fl.yelpcdn.com/bphoto/gOZYOa4Xgg12EsaWJsYrCw/o.jpg"", ""is_closed"": false, ""url"": ""https://fi.yelp.fi/biz/che-fico-alimentari-san-francisco?adjust_creative=ULHW7ynqdXE8Z9Fnr4irFw&utm_campaign=yelp_api_v3&utm_medium=api_v3_business_search&utm_source=ULHW7ynqdXE8Z9Fnr4irFw"", ""review_count"": 156, ""categories"": [{""alias"": ""italian"", ""title"": ""Italialainen""}], ""rating"": 4.0, ""coordinates"": {""latitude"": 37.777467, ""longitude"": -122.437936}, ""transactions"": [], ""price"": ""$$$"", ""location"": {""address1"": ""834 Divisadero St"", ""address2"": """", ""address3"": null, ""city"": ""San Francisco"", ""zip_code"": ""94117"", ""country"": ""US"", ""state"": ""CA"", ""display_address"": [""834 Divisadero St"", ""San Francisco, CA 94117"", ""Yhdysvallat""]}, ""phone"": ""+14154166980"", ""display_phone"": ""+1 415-416-6980"", ""distance"": 1846.8745363530402}, {""id"": ""J-mZZ_Yrng_XhPtx5x403Q"", ""alias"": ""uma-casa-san-francisco"", ""name"": ""Uma Casa"", ""image_url"": ""https://s3-media2.fl.yelpcdn.com/bphoto/ek2Kz3dx2lJBSCf5mh6YrA/o.jpg"", ""is_closed"": false, ""url"": ""https://fi.yelp.fi/biz/uma-casa-san-francisco?adjust_creative=ULHW7ynqdXE8Z9Fnr4irFw&utm_campaign=yelp_api_v3&utm_medium=api_v3_business_search&utm_source=ULHW7ynqdXE8Z9Fnr4irFw"", ""review_count"": 336, ""categories"": [{""alias"": ""portuguese"", ""title"": ""Portugalilainen""}, {""alias"": ""cocktailbars"", ""title"": ""Cocktailbaarit""}], ""rating"": 4.0, ""coordinates"": {""latitude"": 37.74594, ""longitude"": -122.42704}, ""transactions"": [""delivery""], ""price"": ""$$$"", ""location"": {""address1"": ""1550 Church St"", ""address2"": """", ""address3"": null, ""city"": ""San Francisco"", ""zip_code"": ""94131"", ""country"": ""US"", ""state"": ""CA"", ""display_address"": [""1550 Church St"", ""San Francisco, CA 94131"", ""Yhdysvallat""]}, ""phone"": ""+14158292264"", ""display_phone"": ""+1 415-829-2264"", ""distance"": 1848.7561434535478}, {""id"": ""z8ISF7ReMh0SXccAAPoGZA"", ""alias"": ""three-babes-bakeshop-san-francisco"", ""name"": ""Three Babes Bakeshop"", ""image_url"": ""https://s3-media4.fl.yelpcdn.com/bphoto/5Z4iV5-P4Q3vIxtQeLmOtQ/o.jpg"", ""is_closed"": false, ""url"": ""https://fi.yelp.fi/biz/three-babes-bakeshop-san-francisco?adjust_creative=ULHW7ynqdXE8Z9Fnr4irFw&utm_campaign=yelp_api_v3&utm_medium=api_v3_business_search&utm_source=ULHW7ynqdXE8Z9Fnr4irFw"", ""review_count"": 244, ""categories"": [{""alias"": ""desserts"", ""title"": ""J\u00e4lkiruoat""}, {""alias"": ""bakeries"", ""title"": ""Leipomot""}], ""rating"": 4.5, ""coordinates"": {""latitude"": 37.765181672733235, ""longitude"": -122.4149652}, ""transactions"": [""pickup"", ""delivery""], ""price"": ""$$$"", ""location"": {""address1"": ""2797 16th St"", ""address2"": """", ""address3"": """", ""city"": ""San Francisco"", ""zip_code"": ""94103"", ""country"": ""US"", ""state"": ""CA"", ""display_address"": [""2797 16th St"", ""San Francisco, CA 94103"", ""Yhdysvallat""]}, ""phone"": ""+14156179774"", ""display_phone"": ""+1 415-617-9774"", ""distance"": 1947.4814211530916}, {""id"": ""d40PbnRah7AWH_dclw1h_Q"", ""alias"": ""rintaro-san-francisco-4"", ""name"": ""Rintaro"", ""image_url"": ""https://s3-media4.fl.yelpcdn.com/bphoto/V2nsTwrsPa7E5lXwpfcKCQ/o.jpg"", ""is_closed"": false, ""url"": ""https://fi.yelp.fi/biz/rintaro-san-francisco-4?adjust_creative=ULHW7ynqdXE8Z9Fnr4irFw&utm_campaign=yelp_api_v3&utm_medium=api_v3_business_search&utm_source=ULHW7ynqdXE8Z9Fnr4irFw"", ""review_count"": 805, ""categories"": [{""alias"": ""izakaya"", ""title"": ""Izakaya""}], ""rating"": 4.0, ""coordinates"": {""latitude"": 37.76881, ""longitude"": -122.41511}, ""transactions"": [""delivery""], ""price"": ""$$$"", ""location"": {""address1"": ""82 14th St"", ""address2"": """", ""address3"": """", ""city"": ""San Francisco"", ""zip_code"": ""94103"", ""country"": ""US"", ""state"": ""CA"", ""display_address"": [""82 14th St"", ""San Francisco, CA 94103"", ""Yhdysvallat""]}, ""phone"": ""+14155897022"", ""display_phone"": ""+1 415-589-7022"", ""distance"": 2071.4305270365676}, {""id"": ""Rfbuh7esixy4_mYWz_vmHQ"", ""alias"": ""christopher-elbow-chocolates-san-francisco-2"", ""name"": ""Christopher Elbow Chocolates"", ""image_url"": ""https://s3-media2.fl.yelpcdn.com/bphoto/oFBnCdboWtE7lhr-j2KBFg/o.jpg"", ""is_closed"": false, ""url"": ""https://fi.yelp.fi/biz/christopher-elbow-chocolates-san-francisco-2?adjust_creative=ULHW7ynqdXE8Z9Fnr4irFw&utm_campaign=yelp_api_v3&utm_medium=api_v3_business_search&utm_source=ULHW7ynqdXE8Z9Fnr4irFw"", ""review_count"": 508, ""categories"": [{""alias"": ""desserts"", ""title"": ""J\u00e4lkiruoat""}, {""alias"": ""chocolate"", ""title"": ""Suklaapuodit & myym\u00e4l\u00e4t""}], ""rating"": 4.5, ""coordinates"": {""latitude"": 37.77673, ""longitude"": -122.42318}, ""transactions"": [], ""price"": ""$$$"", ""location"": {""address1"": ""401 Hayes St"", ""address2"": """", ""address3"": """", ""city"": ""San Francisco"", ""zip_code"": ""94102"", ""country"": ""US"", ""state"": ""CA"", ""display_address"": [""401 Hayes St"", ""San Francisco, CA 94102"", ""Yhdysvallat""]}, ""phone"": ""+14153551105"", ""display_phone"": ""+1 415-355-1105"", ""distance"": 2108.4373169585906}, {""id"": ""2uF7FmpR_QAYGpIzpf_Dfw"", ""alias"": ""linden-room-san-francisco"", ""name"": ""Linden Room"", ""image_url"": ""https://s3-media2.fl.yelpcdn.com/bphoto/IagJcm9FJbZnxFA5ULUC4w/o.jpg"", ""is_closed"": false, ""url"": ""https://fi.yelp.fi/biz/linden-room-san-francisco?adjust_creative=ULHW7ynqdXE8Z9Fnr4irFw&utm_campaign=yelp_api_v3&utm_medium=api_v3_business_search&utm_source=ULHW7ynqdXE8Z9Fnr4irFw"", ""review_count"": 100, ""categories"": [{""alias"": ""cocktailbars"", ""title"": ""Cocktailbaarit""}], ""rating"": 4.5, ""coordinates"": {""latitude"": 37.7765173, ""longitude"": -122.4227968}, ""transactions"": [], ""price"": ""$$$"", ""location"": {""address1"": ""330 Gough St"", ""address2"": """", ""address3"": null, ""city"": ""San Francisco"", ""zip_code"": ""94102"", ""country"": ""US"", ""state"": ""CA"", ""display_address"": [""330 Gough St"", ""San Francisco, CA 94102"", ""Yhdysvallat""]}, ""phone"": """", ""display_phone"": """", ""distance"": 2110.807285483359}, {""id"": ""qs7FgJ-UXgpbAMass0Oojg"", ""alias"": ""flour-water-san-francisco"", ""name"": ""Flour + Water"", ""image_url"": ""https://s3-media4.fl.yelpcdn.com/bphoto/8HkTdACRpQLuWwmDRsshNQ/o.jpg"", ""is_closed"": false, ""url"": ""https://fi.yelp.fi/biz/flour-water-san-francisco?adjust_creative=ULHW7ynqdXE8Z9Fnr4irFw&utm_campaign=yelp_api_v3&utm_medium=api_v3_business_search&utm_source=ULHW7ynqdXE8Z9Fnr4irFw"", ""review_count"": 2510, ""categories"": [{""alias"": ""italian"", ""title"": ""Italialainen""}, {""alias"": ""pizza"", ""title"": ""Pizza""}], ""rating"": 3.5, ""coordinates"": {""latitude"": 37.75892, ""longitude"": -122.41231}, ""transactions"": [], ""price"": ""$$$"", ""location"": {""address1"": ""2401 Harrison St"", ""address2"": """", ""address3"": """", ""city"": ""San Francisco"", ""zip_code"": ""94110"", ""country"": ""US"", ""state"": ""CA"", ""display_address"": [""2401 Harrison St"", ""San Francisco, CA 94110"", ""Yhdysvallat""]}, ""phone"": ""+14158267000"", ""display_phone"": ""+1 415-826-7000"", ""distance"": 2135.503627838207}], ""total"": 148, ""region"": {""center"": {""longitude"": -122.43644714355469, ""latitude"": 37.76089938976322}}}",application/json,true,none
test_1hrmig710sj1e_getBusinesses,400,"{""error"": {""code"": ""VALIDATION_ERROR"", ""description"": ""Please specify a location or a latitude and longitude""}}",application/json,true,none
test_1ib5z9bq6unub_getBusinesses,200,"{""businesses"": [], ""total"": 0, ""region"": {""center"": {""longitude"": 9.189033508300781, ""latitude"": 45.47047287954827}}}",application/json,true,none
test_1ien6nbwzloac_getBusinesses,400,"{""error"": {""code"": ""VALIDATION_ERROR"", ""description"": ""Please specify a location or a latitude and longitude""}}",application/json,true,none
test_1iuvie6ejww1c_getBusinesses,200,"{""businesses"": [], ""total"": 0, ""region"": {""center"": {""longitude"": 139.76669311523438, ""latitude"": 35.685011526354074}}}",application/json,true,none
test_1iyqknrmecpx3_getBusinesses,200,"{""businesses"": [], ""total"": 0, ""region"": {""center"": {""longitude"": -88.26107025146484, ""latitude"": 44.75855738140011}}}",application/json,true,none
test_1jenrzm6un8s0_getBusinesses,200,"{""businesses"": [], ""total"": 7, ""region"": {""center"": {""longitude"": -105.96038818359375, ""latitude"": 35.665062782072155}}}",application/json,true,none
test_1jeqhvv7ndpic_getBusinesses,400,"{""error"": {""code"": ""VALIDATION_ERROR"", ""description"": ""The open_at provided is too long ago, the timestamp must be within the last two weeks.""}}",application/json,true,none
test_1ji79ma7cuywn_getBusinesses,200,"{""businesses"": [], ""total"": 0, ""region"": {""center"": {""longitude"": 144.96734619140625, ""latitude"": -37.81787593178502}}}",application/json,true,none
test_1ji7rxlzw2yci_getBusinesses,400,"{""error"": {""code"": ""VALIDATION_ERROR"", ""description"": ""Please specify a location or a latitude and longitude""}}",application/json,true,none
test_1jyjciyuergvk_getBusinesses,200,"{""businesses"": [], ""total"": 0, ""region"": {""center"": {""longitude"": 2.3421478271484375, ""latitude"": 48.86195860677958}}}",application/json,true,none
test_1jylki3363ygk_getBusinesses,400,"{""error"": {""code"": ""VALIDATION_ERROR"", ""description"": ""Please specify a location or a latitude and longitude""}}",application/json,true,none
test_1jylla1d7mlo9_getBusinesses,400,"{""error"": {""code"": ""VALIDATION_ERROR"", ""description"": ""Please specify a location or a latitude and longitude""}}",application/json,true,none
test_1jyoulao1by3l_getBusinesses,200,"{""businesses"": [{""id"": ""TjrXGnYILIHUjp1IYbmOnA"", ""alias"": ""d-tutanellis-pizza-amherst"", ""name"": ""D'Tutanelli's Pizza"", ""image_url"": ""https://s3-media3.fl.yelpcdn.com/bphoto/f_asosEJFwEjiyqVIA2jxw/o.jpg"", ""is_closed"": false, ""url"": ""https://www.yelp.com/biz/d-tutanellis-pizza-amherst?adjust_creative=ULHW7ynqdXE8Z9Fnr4irFw&utm_campaign=yelp_api_v3&utm_medium=api_v3_business_search&utm_source=ULHW7ynqdXE8Z9Fnr4irFw"", ""review_count"": 31, ""categories"": [{""alias"": ""pizza"", ""title"": ""Pizza""}, {""alias"": ""gourmet"", ""title"": ""Specialty Food""}, {""alias"": ""italian"", ""title"": ""Italian""}], ""rating"": 3.5, ""coordinates"": {""latitude"": 41.3986615956174, ""longitude"": -82.2270382023773}, ""transactions"": [""delivery""], ""price"": ""$$"", ""location"": {""address1"": ""103 Milan Ave"", ""address2"": ""Ste 1"", ""address3"": null, ""city"": ""Amherst"", ""zip_code"": ""44001"", ""country"": ""US"", ""state"": ""OH"", ""display_address"": [""103 Milan Ave"", ""Ste 1"", ""Amherst, OH 44001""]}, ""phone"": ""+14409859866"", ""display_phone"": ""(440) 985-9866"", ""distance"": 8018.595743996512}, {""id"": ""mEPFoChBeqVAbdP1NnAP0A"", ""alias"": ""discount-drug-mart-amherst"", ""name"": ""Discount Drug Mart"", ""image_url"": ""https://s3-media4.fl.yelpcdn.com/bphoto/gkItcJMXyEGBBW4v968MKQ/o.jpg"", ""is_closed"": false, ""url"": ""https://www.yelp.com/biz/discount-drug-mart-amherst?adjust_creative=ULHW7ynqdXE8Z9Fnr4irFw&utm_campaign=yelp_api_v3&utm_medium=api_v3_business_search&utm_source=ULHW7ynqdXE8Z9Fnr4irFw"", ""review_count"": 4, ""categories"": [{""alias"": ""drugstores"", ""title"": ""Drugstores""}, {""alias"": ""grocery"", ""title"": ""Grocery""}, {""alias"": ""pharmacy"", ""title"": ""Pharmacy""}], ""rating"": 3.5, ""coordinates"": {""latitude"": 41.40866, ""longitude"": -82.2104}, ""transactions"": [], ""price"": ""$$"", ""location"": {""address1"": ""300 N Leavitt Rd 58"", ""address2"": """", ""address3"": """", ""city"": ""Amherst"", ""zip_code"": ""44001"", ""country"": ""US"", ""state"": ""OH"", ""display_address"": [""300 N Leavitt Rd 58"", ""Amherst, OH 44001""]}, ""phone"": ""+14409842439"", ""display_phone"": ""(440) 984-2439"", ""distance"": 6731.3661169969055}, {""id"": ""JQ_8-Rsg1aUdDldkQZORRQ"", ""alias"": ""o-haras-beverage-spot-lorain"", ""name"": ""O'hara's Beverage Spot"", ""image_url"": ""https://s3-media2.fl.yelpcdn.com/bphoto/HQtTKl9yjUHkSUA_olF2Zg/o.jpg"", ""is_closed"": false, ""url"": ""https://www.yelp.com/biz/o-haras-beverage-spot-lorain?adjust_creative=ULHW7ynqdXE8Z9Fnr4irFw&utm_campaign=yelp_api_v3&utm_medium=api_v3_business_search&utm_source=ULHW7ynqdXE8Z9Fnr4irFw"", ""review_count"": 2, ""categories"": [{""alias"": ""beer_and_wine"", ""title"": ""Beer, Wine & Spirits""}], ""rating"": 4.5, ""coordinates"": {""latitude"": 41.4486618, ""longitude"": -82.202713}, ""transactions"": [], ""price"": ""$$"", ""location"": {""address1"": ""2300 Leavitt Rd"", ""address2"": """", ""address3"": """", ""city"": ""Lorain"", ""zip_code"": ""44052"", ""country"": ""US"", ""state"": ""OH"", ""display_address"": [""2300 Leavitt Rd"", ""Lorain, OH 44052""]}, ""phone"": ""+14402825721"", ""display_phone"": ""(440) 282-5721"", ""distance"": 2307.134480038735}, {""id"": ""xV0lrcGs6LVeFnBaL8DZRw"", ""alias"": ""chapmans-food-mart-lorain-2"", ""name"": ""Chapman's Food Mart"", ""image_url"": ""https://s3-media1.fl.yelpcdn.com/bphoto/0PkoTpDmuPvznbDNjlAJCg/o.jpg"", ""is_closed"": false, ""url"": ""https://www.yelp.com/biz/chapmans-food-mart-lorain-2?adjust_creative=ULHW7ynqdXE8Z9Fnr4irFw&utm_campaign=yelp_api_v3&utm_medium=api_v3_business_search&utm_source=ULHW7ynqdXE8Z9Fnr4irFw"", ""review_count"": 3, ""categories"": [{""alias"": ""grocery"", ""title"": ""Grocery""}], ""rating"": 2.5, ""coordinates"": {""latitude"": 41.45733, ""longitude"": -82.20459}, ""transactions"": [], ""price"": ""$$"", ""location"": {""address1"": ""2625 W Erie Ave"", ""address2"": """", ""address3"": """", ""city"": ""Lorain"", ""zip_code"": ""44053"", ""country"": ""US"", ""state"": ""OH"", ""display_address"": [""2625 W Erie Ave"", ""Lorain, OH 44053""]}, ""phone"": ""+14402449560"", ""display_phone"": ""(440) 244-9560"", ""distance"": 1338.4369907719356}, {""id"": ""NvhXnEm3eiuKqlR5yqoMVA"", ""alias"": ""mama-jo-homestyle-pies-amherst"", ""name"": ""Mama Jo Homestyle Pies"", ""image_url"": ""https://s3-media1.fl.yelpcdn.com/bphoto/HvCeWzaq820BZTcK5H4acg/o.jpg"", ""is_closed"": false, ""url"": ""https://www.yelp.com/biz/mama-jo-homestyle-pies-amherst?adjust_creative=ULHW7ynqdXE8Z9Fnr4irFw&utm_campaign=yelp_api_v3&utm_medium=api_v3_business_search&utm_source=ULHW7ynqdXE8Z9Fnr4irFw"", ""review_count"": 28, ""categories"": [{""alias"": ""bakeries"", ""title"": ""Bakeries""}], ""rating"": 4.5, ""coordinates"": {""latitude"": 41.416227, ""longitude"": -82.2025928}, ""transactions"": [""delivery""], ""price"": ""$$"", ""location"": {""address1"": ""1969 Cooper Foster Park Rd"", ""address2"": """", ""address3"": """", ""city"": ""Amherst"", ""zip_code"": ""44001"", ""country"": ""US"", ""state"": ""OH"", ""display_address"": [""1969 Cooper Foster Park Rd"", ""Amherst, OH 44001""]}, ""phone"": ""+14409607437"", ""display_phone"": ""(440) 960-7437"", ""distance"": 5897.721819127548}, {""id"": ""f64hS5UYq102ApvdYUf9nA"", ""alias"": ""applebees-grill-bar-elyria"", ""name"": ""Applebee's Grill + Bar"", ""image_url"": ""https://s3-media4.fl.yelpcdn.com/bphoto/vAmoTf5WPUFLhjUBwjd5sw/o.jpg"", ""is_closed"": false, ""url"": ""https://www.yelp.com/biz/applebees-grill-bar-elyria?adjust_creative=ULHW7ynqdXE8Z9Fnr4irFw&utm_campaign=yelp_api_v3&utm_medium=api_v3_business_search&utm_source=ULHW7ynqdXE8Z9Fnr4irFw"", ""review_count"": 32, ""categories"": [{""alias"": ""sportsbars"", ""title"": ""Sports Bars""}, {""alias"": ""burgers"", ""title"": ""Burgers""}, {""alias"": ""tradamerican"", ""title"": ""American (Traditional)""}], ""rating"": 2.5, ""coordinates"": {""latitude"": 41.395622, ""longitude"": -82.107428}, ""transactions"": [""delivery"", ""pickup""], ""price"": ""$$"", ""location"": {""address1"": ""1540 West River Rd N"", ""address2"": """", ""address3"": """", ""city"": ""Elyria"", ""zip_code"": ""44035"", ""country"": ""US"", ""state"": ""OH"", ""display_address"": [""1540 West River Rd N"", ""Elyria, OH 44035""]}, ""phone"": ""+14403241700"", ""display_phone"": ""(440) 324-1700"", ""distance"": 11644.536989003618}, {""id"": ""Uxh0fXFH_QQBivRnIBpdiw"", ""alias"": ""don-tequila-amherst"", ""name"": ""Don Tequila"", ""image_url"": ""https://s3-media2.fl.yelpcdn.com/bphoto/6xNCtKkvu3oN0Qg3Cgz1Sw/o.jpg"", ""is_closed"": false, ""url"": ""https://www.yelp.com/biz/don-tequila-amherst?adjust_creative=ULHW7ynqdXE8Z9Fnr4irFw&utm_campaign=yelp_api_v3&utm_medium=api_v3_business_search&utm_source=ULHW7ynqdXE8Z9Fnr4irFw"", ""review_count"": 64, ""categories"": [{""alias"": ""mexican"", ""title"": ""Mexican""}], ""rating"": 3.5, ""coordinates"": {""latitude"": 41.41618, ""longitude"": -82.20762}, ""transactions"": [""delivery""], ""price"": ""$$"", ""location"": {""address1"": ""2269 Kresge Dr"", ""address2"": """", ""address3"": """", ""city"": ""Amherst"", ""zip_code"": ""44001"", ""country"": ""US"", ""state"": ""OH"", ""display_address"": [""2269 Kresge Dr"", ""Amherst, OH 44001""]}, ""phone"": ""+14402821065"", ""display_phone"": ""(440) 282-1065"", ""distance"": 5894.913255150205}, {""id"": ""5xKBgnEwiLhzZbMOGWRbAQ"", ""alias"": ""apples-sheffield-lake"", ""name"": ""Apples"", ""image_url"": ""https://s3-media3.fl.yelpcdn.com/bphoto/7aWoFvJjBQGfeTMDb5y_5A/o.jpg"", ""is_closed"": false, ""url"": ""https://www.yelp.com/biz/apples-sheffield-lake?adjust_creative=ULHW7ynqdXE8Z9Fnr4irFw&utm_campaign=yelp_api_v3&utm_medium=api_v3_business_search&utm_source=ULHW7ynqdXE8Z9Fnr4irFw"", ""review_count"": 5, ""categories"": [{""alias"": ""grocery"", ""title"": ""Grocery""}], ""rating"": 4.0, ""coordinates"": {""latitude"": 41.4873579863283, ""longitude"": -82.1120125080558}, ""transactions"": [], ""price"": ""$$"", ""location"": {""address1"": ""4100 Ivanhoe Ave"", ""address2"": null, ""address3"": null, ""city"": ""Sheffield Lake"", ""zip_code"": ""44054"", ""country"": ""US"", ""state"": ""OH"", ""display_address"": [""4100 Ivanhoe Ave"", ""Sheffield Lake, OH 44054""]}, ""phone"": ""+14409496108"", ""display_phone"": ""(440) 949-6108"", ""distance"": 8156.261163128706}, {""id"": ""EKUdxxPirhQgwHI9OpY0FQ"", ""alias"": ""wasabi-japanese-steakhouse-elyria"", ""name"": ""Wasabi Japanese Steakhouse"", ""image_url"": ""https://s3-media3.fl.yelpcdn.com/bphoto/NxBb6DKBvpwAjoZkR9QxTA/o.jpg"", ""is_closed"": false, ""url"": ""https://www.yelp.com/biz/wasabi-japanese-steakhouse-elyria?adjust_creative=ULHW7ynqdXE8Z9Fnr4irFw&utm_campaign=yelp_api_v3&utm_medium=api_v3_business_search&utm_source=ULHW7ynqdXE8Z9Fnr4irFw"", ""review_count"": 52, ""categories"": [{""alias"": ""steak"", ""title"": ""Steakhouses""}, {""alias"": ""sushi"", ""title"": ""Sushi Bars""}, {""alias"": ""japanese"", ""title"": ""Japanese""}], ""rating"": 3.0, ""coordinates"": {""latitude"": 41.397313, ""longitude"": -82.112262}, ""transactions"": [""delivery"", ""pickup""], ""price"": ""$$"", ""location"": {""address1"": ""3598 Midway Mall"", ""address2"": null, ""address3"": null, ""city"": ""Elyria"", ""zip_code"": ""44035"", ""country"": ""US"", ""state"": ""OH"", ""display_address"": [""3598 Midway Mall"", ""Elyria, OH 44035""]}, ""phone"": ""+14403247888"", ""display_phone"": ""(440) 324-7888"", ""distance"": 11226.52114945841}, {""id"": ""B8U53ZP8ciUEOp1XhCG3Tg"", ""alias"": ""apples-lorain"", ""name"": ""Apples"", ""image_url"": ""https://s3-media2.fl.yelpcdn.com/bphoto/ZoB_Rw7pbj04mxjN8120-A/o.jpg"", ""is_closed"": false, ""url"": ""https://www.yelp.com/biz/apples-lorain?adjust_creative=ULHW7ynqdXE8Z9Fnr4irFw&utm_campaign=yelp_api_v3&utm_medium=api_v3_business_search&utm_source=ULHW7ynqdXE8Z9Fnr4irFw"", ""review_count"": 3, ""categories"": [{""alias"": ""grocery"", ""title"": ""Grocery""}], ""rating"": 4.5, ""coordinates"": {""latitude"": 41.4204354325424, ""longitude"": -82.1526329499548}, ""transactions"": [], ""price"": ""$$"", ""location"": {""address1"": ""400 Sheffield Ctr"", ""address2"": null, ""address3"": null, ""city"": ""Lorain"", ""zip_code"": ""44055"", ""country"": ""US"", ""state"": ""OH"", ""display_address"": [""400 Sheffield Ctr"", ""Lorain, OH 44055""]}, ""phone"": ""+14402335461"", ""display_phone"": ""(440) 233-5461"", ""distance"": 7056.568374477478}, {""id"": ""gVrOjfdnijDwxivLTHiBAg"", ""alias"": ""applebees-grill-bar-lorain"", ""name"": ""Applebee's Grill + Bar"", ""image_url"": ""https://s3-media2.fl.yelpcdn.com/bphoto/5PW7Hae3pFEgp19EMiYHlg/o.jpg"", ""is_closed"": false, ""url"": ""https://www.yelp.com/biz/applebees-grill-bar-lorain?adjust_creative=ULHW7ynqdXE8Z9Fnr4irFw&utm_campaign=yelp_api_v3&utm_medium=api_v3_business_search&utm_source=ULHW7ynqdXE8Z9Fnr4irFw"", ""review_count"": 41, ""categories"": [{""alias"": ""tradamerican"", ""title"": ""American (Traditional)""}, {""alias"": ""sportsbars"", ""title"": ""Sports Bars""}, {""alias"": ""burgers"", ""title"": ""Burgers""}], ""rating"": 2.5, ""coordinates"": {""latitude"": 41.428561, ""longitude"": -82.204073}, ""transactions"": [""delivery"", ""pickup""], ""price"": ""$$"", ""location"": {""address1"": ""4320 Leavitt Rd"", ""address2"": null, ""address3"": null, ""city"": ""Lorain"", ""zip_code"": ""44053"", ""country"": ""US"", ""state"": ""OH"", ""display_address"": [""4320 Leavitt Rd"", ""Lorain, OH 44053""]}, ""phone"": ""+14402824442"", ""display_phone"": ""(440) 282-4442"", ""distance"": 4521.4803482829375}, {""id"": ""muDjbvbwNSg2B17JA2VF9w"", ""alias"": ""rosies-pizza-palace-lorain-3"", ""name"": ""Rosie's Pizza Palace"", ""image_url"": ""https://s3-media1.fl.yelpcdn.com/bphoto/KGqtPvp_jGt-T0sN69GODw/o.jpg"", ""is_closed"": false, ""url"": ""https://www.yelp.com/biz/rosies-pizza-palace-lorain-3?adjust_creative=ULHW7ynqdXE8Z9Fnr4irFw&utm_campaign=yelp_api_v3&utm_medium=api_v3_business_search&utm_source=ULHW7ynqdXE8Z9Fnr4irFw"", ""review_count"": 17, ""categories"": [{""alias"": ""pizza"", ""title"": ""Pizza""}], ""rating"": 4.0, ""coordinates"": {""latitude"": 41.44217, ""longitude"": -82.16407}, ""transactions"": [], ""price"": ""$$"", ""location"": {""address1"": ""3113 Broadway"", ""address2"": """", ""address3"": """", ""city"": ""Lorain"", ""zip_code"": ""44055"", ""country"": ""US"", ""state"": ""OH"", ""display_address"": [""3113 Broadway"", ""Lorain, OH 44055""]}, ""phone"": ""+14402456555"", ""display_phone"": ""(440) 245-6555"", ""distance"": 4650.939953548606}, {""id"": ""jmVkdK74daUoD2_kfsCTyw"", ""alias"": ""red-lobster-elyria"", ""name"": ""Red Lobster"", ""image_url"": ""https://s3-media1.fl.yelpcdn.com/bphoto/3EOYmPVpF6z5yNevTFQntw/o.jpg"", ""is_closed"": false, ""url"": ""https://www.yelp.com/biz/red-lobster-elyria?adjust_creative=ULHW7ynqdXE8Z9Fnr4irFw&utm_campaign=yelp_api_v3&utm_medium=api_v3_business_search&utm_source=ULHW7ynqdXE8Z9Fnr4irFw"", ""review_count"": 38, ""categories"": [{""alias"": ""seafood"", ""title"": ""Seafood""}, {""alias"": ""tradamerican"", ""title"": ""American (Traditional)""}], ""rating"": 2.5, ""coordinates"": {""latitude"": 41.39828671, ""longitude"": -82.11491178}, ""transactions"": [""delivery"", ""pickup""], ""price"": ""$$"", ""location"": {""address1"": ""6935 Midway Mall"", ""address2"": """", ""address3"": """", ""city"": ""Elyria"", ""zip_code"": ""44035"", ""country"": ""US"", ""state"": ""OH"", ""display_address"": [""6935 Midway Mall"", ""Elyria, OH 44035""]}, ""phone"": ""+14403242244"", ""display_phone"": ""(440) 324-2244"", ""distance"": 10994.54677972852}, {""id"": ""zv32RB1v4lW2VNbtRzv0xA"", ""alias"": ""rite-aid-lorain-2"", ""name"": ""Rite Aid"", ""image_url"": """", ""is_closed"": false, ""url"": ""https://www.yelp.com/biz/rite-aid-lorain-2?adjust_creative=ULHW7ynqdXE8Z9Fnr4irFw&utm_campaign=yelp_api_v3&utm_medium=api_v3_business_search&utm_source=ULHW7ynqdXE8Z9Fnr4irFw"", ""review_count"": 1, ""categories"": [{""alias"": ""drugstores"", ""title"": ""Drugstores""}, {""alias"": ""convenience"", ""title"": ""Convenience Stores""}], ""rating"": 5.0, ""coordinates"": {""latitude"": 41.445436, ""longitude"": -82.119573}, ""transactions"": [""delivery""], ""price"": ""$$"", ""location"": {""address1"": ""2853 Grove Ave"", ""address2"": """", ""address3"": """", ""city"": ""Lorain"", ""zip_code"": ""44055"", ""country"": ""US"", ""state"": ""OH"", ""display_address"": [""2853 Grove Ave"", ""Lorain, OH 44055""]}, ""phone"": ""+14402776181"", ""display_phone"": ""(440) 277-6181"", ""distance"": 7737.999751838507}, {""id"": ""U8VBmn3BpDx9udmALk2TBg"", ""alias"": ""bob-evans-amherst"", ""name"": ""Bob Evans"", ""image_url"": ""https://s3-media4.fl.yelpcdn.com/bphoto/Z4fcLoE8hCSfkqvKRzlnjw/o.jpg"", ""is_closed"": false, ""url"": ""https://www.yelp.com/biz/bob-evans-amherst?adjust_creative=ULHW7ynqdXE8Z9Fnr4irFw&utm_campaign=yelp_api_v3&utm_medium=api_v3_business_search&utm_source=ULHW7ynqdXE8Z9Fnr4irFw"", ""review_count"": 38, ""categories"": [{""alias"": ""breakfast_brunch"", ""title"": ""Breakfast & Brunch""}, {""alias"": ""tradamerican"", ""title"": ""American (Traditional)""}, {""alias"": ""comfortfood"", ""title"": ""Comfort Food""}], ""rating"": 2.5, ""coordinates"": {""latitude"": 41.4154886724909, ""longitude"": -82.2095829248428}, ""transactions"": [""delivery"", ""pickup""], ""price"": ""$$"", ""location"": {""address1"": ""700 N Leavitt Rd"", ""address2"": """", ""address3"": """", ""city"": ""Amherst"", ""zip_code"": ""44001"", ""country"": ""US"", ""state"": ""OH"", ""display_address"": [""700 N Leavitt Rd"", ""Amherst, OH 44001""]}, ""phone"": ""+14409888894"", ""display_phone"": ""(440) 988-8894"", ""distance"": 5973.398161668977}], ""total"": 54, ""region"": {""center"": {""longitude"": -82.20686, ""latitude"": 41.46917}}}",application/json,true,none
test_qe3u5scew5lw_getBusinesses,400,"{""error"": {""code"": ""VALIDATION_ERROR"", ""description"": ""Please specify a location or a latitude and longitude""}}",application/json,true,none
test_qhhrs0l5t7xg_getBusinesses,200,"{""businesses"": [], ""total"": 0, ""region"": {""center"": {""longitude"": 144.96734619140625, ""latitude"": -37.81787593178502}}}",application/json,true,none
test_qhna898xuucw_getBusinesses,200,"{""businesses"": [], ""total"": 0, ""region"": {""center"": {""longitude"": -122.43644714355469, ""latitude"": 37.76089938976322}}}",application/json,true,none
test_qhq2pqhuzwvs_getBusinesses,400,"{""error"": {""code"": ""VALIDATION_ERROR"", ""description"": ""The open_at provided is too long ago, the timestamp must be within the last two weeks.""}}",application/json,true,none
test_qxi9nysfo2n9_getBusinesses,400,"{""error"": {""code"": ""VALIDATION_ERROR"", ""description"": ""Please specify a location or a latitude and longitude""}}",application/json,true,none
test_qy1ohaleimgi_getBusinesses,400,"{""error"": {""code"": ""VALIDATION_ERROR"", ""description"": ""Please specify a location or a latitude and longitude""}}",application/json,true,none
test_r17se3tzo1nn_getBusinesses,400,"{""error"": {""code"": ""OPEN_AT_AND_NOW_PROVIDED"", ""description"": ""You must specify either open_at or open_now, not both.""}}",application/json,true,none
test_r1l50bqefrxu_getBusinesses,400,"{""error"": {""code"": ""VALIDATION_ERROR"", ""description"": ""Please specify a location or a latitude and longitude""}}",application/json,true,none
test_rhaimjqg5kyq_getBusinesses,400,"{""error"": {""code"": ""VALIDATION_ERROR"", ""description"": ""Please specify a location or a latitude and longitude""}}",application/json,true,none
test_rhr6d9ofj392_getBusinesses,400,"{""error"": {""code"": ""VALIDATION_ERROR"", ""description"": ""Please specify a location or a latitude and longitude""}}",application/json,true,none
test_rkwrkrn6712t_getBusinesses,400,"{""error"": {""code"": ""LOCATION_NOT_FOUND"", ""description"": ""Could not execute search, try specifying a more exact location.""}}",application/json,true,none
test_rl2ttqnvxv8h_getBusinesses,200,"{""businesses"": [], ""total"": 0, ""region"": {""center"": {""longitude"": 144.96734619140625, ""latitude"": -37.81787593178502}}}",application/json,true,none
test_s1h670wk0j78_getBusinesses,400,"{""error"": {""code"": ""OPEN_AT_AND_NOW_PROVIDED"", ""description"": ""You must specify either open_at or open_now, not both.""}}",application/json,true,none
test_s4mamte2ywc1_getBusinesses,200,"{""businesses"": [], ""total"": 0, ""region"": {""center"": {""longitude"": 144.96734619140625, ""latitude"": -37.81787593178502}}}",application/json,true,none
test_s4rvr389okf7_getBusinesses,200,"{""businesses"": [], ""total"": 0, ""region"": {""center"": {""longitude"": -82.06299, ""latitude"": 45.35834}}}",application/json,true,none
test_s4uode3uvad1_getBusinesses,200,"{""businesses"": [], ""total"": 0, ""region"": {""center"": {""longitude"": -99.211235, ""latitude"": 35.57305}}}",application/json,true,none
test_sknbot0ej3g1_getBusinesses,200,"{""businesses"": [], ""total"": 0, ""region"": {""center"": {""longitude"": -118.925026, ""latitude"": 43.977676}}}",application/json,true,none
test_sl0nse2ct1yq_getBusinesses,200,"{""businesses"": [], ""total"": 0, ""region"": {""center"": {""longitude"": -84.89172, ""latitude"": 39.559296}}}",application/json,true,none
test_sl15pt1h1dtf_getBusinesses,400,"{""error"": {""code"": ""VALIDATION_ERROR"", ""description"": ""The open_at provided is too long ago, the timestamp must be within the last two weeks.""}}",application/json,true,none
test_sl8zvrw4qcme_getBusinesses,200,"{""businesses"": [], ""total"": 0, ""region"": {""center"": {""longitude"": -73.97918701171875, ""latitude"": 40.706977710584276}}}",application/json,true,none
test_t49in4p0329d_getBusinesses,400,"{""error"": {""code"": ""VALIDATION_ERROR"", ""description"": ""Please specify a location or a latitude and longitude""}}",application/json,true,none
test_t4sx29toaqsy_getBusinesses,400,"{""error"": {""code"": ""OPEN_AT_AND_NOW_PROVIDED"", ""description"": ""You must specify either open_at or open_now, not both.""}}",application/json,true,none
test_tol74ddquiwn_getBusinesses,400,"{""error"": {""code"": ""VALIDATION_ERROR"", ""description"": ""Please specify a location or a latitude and longitude""}}",application/json,true,none
test_u7u2rm1whauw_getBusinesses,400,"{""error"": {""code"": ""VALIDATION_ERROR"", ""description"": ""Please specify a location or a latitude and longitude""}}",application/json,true,none
test_u7xdn26mc5ep_getBusinesses,400,"{""error"": {""code"": ""VALIDATION_ERROR"", ""description"": ""Please specify a location or a latitude and longitude""}}",application/json,true,none
test_ubj4pzobufjl_getBusinesses,400,"{""error"": {""code"": ""VALIDATION_ERROR"", ""description"": ""Please specify a location or a latitude and longitude""}}",application/json,true,none
test_ubuqlmi6wpk3_getBusinesses,200,"{""businesses"": [{""id"": ""pXrE_WBx3QRFA4Ct3Phi1A"", ""alias"": ""le-trottoir-milano"", ""name"": ""Le Trottoir"", ""image_url"": ""https://s3-media1.fl.yelpcdn.com/bphoto/2rtr8X3DpuiQv8Wbiel52Q/o.jpg"", ""is_closed"": false, ""url"": ""https://sv.yelp.fi/biz/le-trottoir-milano?adjust_creative=ULHW7ynqdXE8Z9Fnr4irFw&utm_campaign=yelp_api_v3&utm_medium=api_v3_business_search&utm_source=ULHW7ynqdXE8Z9Fnr4irFw"", ""review_count"": 15, ""categories"": [{""alias"": ""cafes"", ""title"": ""Caf\u00e9er""}, {""alias"": ""italian"", ""title"": ""Italiensk mat""}, {""alias"": ""bistros"", ""title"": ""Bistros""}], ""rating"": 4.0, ""coordinates"": {""latitude"": 45.45305, ""longitude"": 9.180843}, ""transactions"": [], ""price"": ""\u20ac\u20ac"", ""location"": {""address1"": ""Piazza XXIV Maggio 1"", ""address2"": """", ""address3"": """", ""city"": ""Milano"", ""zip_code"": ""20136"", ""country"": ""IT"", ""state"": ""MI"", ""display_address"": [""Piazza XXIV Maggio 1"", ""20136 Milano"", ""Italien""]}, ""phone"": ""+393401294288"", ""display_phone"": ""+39 340 129 4288"", ""distance"": 2039.9271320801938}, {""id"": ""6kw47oak_pO5uegLChMpKQ"", ""alias"": ""mcdonalds-milano-2"", ""name"": ""McDonald's"", ""image_url"": ""https://s3-media4.fl.yelpcdn.com/bphoto/j7S28YFHqdfH6Z4Ss9f5OQ/o.jpg"", ""is_closed"": false, ""url"": ""https://sv.yelp.fi/biz/mcdonalds-milano-2?adjust_creative=ULHW7ynqdXE8Z9Fnr4irFw&utm_campaign=yelp_api_v3&utm_medium=api_v3_business_search&utm_source=ULHW7ynqdXE8Z9Fnr4irFw"", ""review_count"": 23, ""categories"": [{""alias"": ""hotdogs"", ""title"": ""Snabbmat""}, {""alias"": ""burgers"", ""title"": ""Hamburgare""}], ""rating"": 3.5, ""coordinates"": {""latitude"": 45.464392, ""longitude"": 9.188517}, ""transactions"": [], ""price"": ""\u20ac"", ""location"": {""address1"": ""Piazza del Duomo 17"", ""address2"": null, ""address3"": null, ""city"": ""Milano"", ""zip_code"": ""20122"", ""country"": ""IT"", ""state"": ""MI"", ""display_address"": [""Piazza del Duomo 17"", ""20122 Milano"", ""Italien""]}, ""phone"": ""+390286997265"", ""display_phone"": ""+39 02 8699 7265"", ""distance"": 677.3608312871719}, {""id"": ""yh8ulFCAOw86S_KUq08b5g"", ""alias"": ""il-brutto-anatroccolo-milano"", ""name"": ""Il Brutto Anatroccolo"", ""image_url"": ""https://s3-media4.fl.yelpcdn.com/bphoto/pZZhSUG53hwfAZ_H8rFDsA/o.jpg"", ""is_closed"": false, ""url"": ""https://sv.yelp.fi/biz/il-brutto-anatroccolo-milano?adjust_creative=ULHW7ynqdXE8Z9Fnr4irFw&utm_campaign=yelp_api_v3&utm_medium=api_v3_business_search&utm_source=ULHW7ynqdXE8Z9Fnr4irFw"", ""review_count"": 16, ""categories"": [{""alias"": ""italian"", ""title"": ""Italiensk mat""}], ""rating"": 4.0, ""coordinates"": {""latitude"": 45.4458235321017, ""longitude"": 9.17863558977842}, ""transactions"": [], ""price"": ""\u20ac"", ""location"": {""address1"": ""Via Evangelista Torricelli 3"", ""address2"": null, ""address3"": null, ""city"": ""Milano"", ""zip_code"": ""20139"", ""country"": ""IT"", ""state"": ""MI"", ""display_address"": [""Via Evangelista Torricelli 3"", ""20139 Milano"", ""Italien""]}, ""phone"": ""+39028322222"", ""display_phone"": ""+39 02 832 2222"", ""distance"": 2858.342814321613}, {""id"": ""2iYI8xL4n-XT8iGGZZBgiQ"", ""alias"": ""san-gregorio-milano-3"", ""name"": ""San Gregorio"", ""image_url"": ""https://s3-media3.fl.yelpcdn.com/bphoto/E9iiX_qfzOZLZ7aL-wWLgQ/o.jpg"", ""is_closed"": false, ""url"": ""https://sv.yelp.fi/biz/san-gregorio-milano-3?adjust_creative=ULHW7ynqdXE8Z9Fnr4irFw&utm_campaign=yelp_api_v3&utm_medium=api_v3_business_search&utm_source=ULHW7ynqdXE8Z9Fnr4irFw"", ""review_count"": 21, ""categories"": [{""alias"": ""cafes"", ""title"": ""Caf\u00e9er""}, {""alias"": ""cakeshop"", ""title"": ""Konditorier""}, {""alias"": ""icecream"", ""title"": ""Glass & Yoghurtglass""}], ""rating"": 3.5, ""coordinates"": {""latitude"": 45.4778200195229, ""longitude"": 9.20779250024651}, ""transactions"": [], ""price"": ""\u20ac\u20ac"", ""location"": {""address1"": ""Via San Gregorio 1"", ""address2"": """", ""address3"": """", ""city"": ""Milano"", ""zip_code"": ""20124"", ""country"": ""IT"", ""state"": ""MI"", ""display_address"": [""Via San Gregorio 1"", ""20124 Milano"", ""Italien""]}, ""phone"": ""+390229524182"", ""display_phone"": ""+39 02 2952 4182"", ""distance"": 1675.3864191846294}, {""id"": ""FnZQ9qUcuchFHrhHzpnzeQ"", ""alias"": ""manhattan-navigli-milano"", ""name"": ""Manhattan Navigli"", ""image_url"": ""https://s3-media1.fl.yelpcdn.com/bphoto/InYO-M0-IMoY09SVMQxgTw/o.jpg"", ""is_closed"": false, ""url"": ""https://sv.yelp.fi/biz/manhattan-navigli-milano?adjust_creative=ULHW7ynqdXE8Z9Fnr4irFw&utm_campaign=yelp_api_v3&utm_medium=api_v3_business_search&utm_source=ULHW7ynqdXE8Z9Fnr4irFw"", ""review_count"": 22, ""categories"": [{""alias"": ""cocktailbars"", ""title"": ""Cocktailbarer""}], ""rating"": 4.0, ""coordinates"": {""latitude"": 45.4519, ""longitude"": 9.17625}, ""transactions"": [], ""price"": ""\u20ac\u20ac"", ""location"": {""address1"": ""Ripa di Porta Ticinese 13"", ""address2"": """", ""address3"": """", ""city"": ""Milano"", ""zip_code"": ""20143"", ""country"": ""IT"", ""state"": ""MI"", ""display_address"": [""Ripa di Porta Ticinese 13"", ""20143 Milano"", ""Italien""]}, ""phone"": ""+390258100895"", ""display_phone"": ""+39 02 5810 0895"", ""distance"": 2290.4639461993415}, {""id"": ""uNFRLG5DaEih89RE3JH8jg"", ""alias"": ""pescaria-milano"", ""name"": ""Pescaria"", ""image_url"": ""https://s3-media1.fl.yelpcdn.com/bphoto/efD5-0begqztLRGAVbmi6Q/o.jpg"", ""is_closed"": false, ""url"": ""https://sv.yelp.fi/biz/pescaria-milano?adjust_creative=ULHW7ynqdXE8Z9Fnr4irFw&utm_campaign=yelp_api_v3&utm_medium=api_v3_business_search&utm_source=ULHW7ynqdXE8Z9Fnr4irFw"", ""review_count"": 12, ""categories"": [{""alias"": ""seafood"", ""title"": ""Fisk & skaldjur""}, {""alias"": ""sandwiches"", ""title"": ""Sm\u00f6rg\u00e5sar""}, {""alias"": ""raw_food"", ""title"": ""Rawfood""}], ""rating"": 4.0, ""coordinates"": {""latitude"": 45.4821729, ""longitude"": 9.1847752}, ""transactions"": [], ""price"": ""\u20ac\u20ac"", ""location"": {""address1"": ""Via Bonnet 5"", ""address2"": """", ""address3"": null, ""city"": ""Milano"", ""zip_code"": ""20154"", ""country"": ""IT"", ""state"": ""MI"", ""display_address"": [""Via Bonnet 5"", ""20154 Milano"", ""Italien""]}, ""phone"": ""+39026599322"", ""display_phone"": ""+39 02 659 9322"", ""distance"": 1342.6805038212974}, {""id"": ""IvNSmge4EJC9s0EBGYY53Q"", ""alias"": ""panini-durini-milano-11"", ""name"": ""Panini Durini"", ""image_url"": ""https://s3-media2.fl.yelpcdn.com/bphoto/CRXDBWvsYxFz7PcRpplrXQ/o.jpg"", ""is_closed"": false, ""url"": ""https://sv.yelp.fi/biz/panini-durini-milano-11?adjust_creative=ULHW7ynqdXE8Z9Fnr4irFw&utm_campaign=yelp_api_v3&utm_medium=api_v3_business_search&utm_source=ULHW7ynqdXE8Z9Fnr4irFw"", ""review_count"": 8, ""categories"": [{""alias"": ""cafes"", ""title"": ""Caf\u00e9er""}, {""alias"": ""hotdogs"", ""title"": ""Snabbmat""}, {""alias"": ""sandwiches"", ""title"": ""Sm\u00f6rg\u00e5sar""}], ""rating"": 4.5, ""coordinates"": {""latitude"": 45.4713287, ""longitude"": 9.18433}, ""transactions"": [], ""price"": ""\u20ac\u20ac"", ""location"": {""address1"": ""Via Mercato 24"", ""address2"": """", ""address3"": """", ""city"": ""Milano"", ""zip_code"": ""20121"", ""country"": ""IT"", ""state"": ""MI"", ""display_address"": [""Via Mercato 24"", ""20121 Milano"", ""Italien""]}, ""phone"": ""+390289095343"", ""display_phone"": ""+39 02 8909 5343"", ""distance"": 380.64149057572484}, {""id"": ""yCDgfn4LKPySzaW-R56vBw"", ""alias"": ""greek-fusion-milano"", ""name"": ""Greek Fusion"", ""image_url"": ""https://s3-media3.fl.yelpcdn.com/bphoto/Q2Eaw5dozwF3YD-_Th8mvw/o.jpg"", ""is_closed"": false, ""url"": ""https://sv.yelp.fi/biz/greek-fusion-milano?adjust_creative=ULHW7ynqdXE8Z9Fnr4irFw&utm_campaign=yelp_api_v3&utm_medium=api_v3_business_search&utm_source=ULHW7ynqdXE8Z9Fnr4irFw"", ""review_count"": 23, ""categories"": [{""alias"": ""greek"", ""title"": ""Grekisk mat""}], ""rating"": 3.5, ""coordinates"": {""latitude"": 45.4518514, ""longitude"": 9.1759482}, ""transactions"": [], ""price"": ""\u20ac\u20ac"", ""location"": {""address1"": ""Ripa di Porta Ticinese 15"", ""address2"": """", ""address3"": """", ""city"": ""Milano"", ""zip_code"": ""20143"", ""country"": ""IT"", ""state"": ""MI"", ""display_address"": [""Ripa di Porta Ticinese 15"", ""20143 Milano"", ""Italien""]}, ""phone"": ""+390239814082"", ""display_phone"": ""+39 02 3981 4082"", ""distance"": 2308.4481599290757}, {""id"": ""LVOH2FiMNi0aVkqYv2y01Q"", ""alias"": ""princi-milano-4"", ""name"": ""Princi"", ""image_url"": ""https://s3-media3.fl.yelpcdn.com/bphoto/M7uoCfk9WMAyr-eziZcjjw/o.jpg"", ""is_closed"": false, ""url"": ""https://sv.yelp.fi/biz/princi-milano-4?adjust_creative=ULHW7ynqdXE8Z9Fnr4irFw&utm_campaign=yelp_api_v3&utm_medium=api_v3_business_search&utm_source=ULHW7ynqdXE8Z9Fnr4irFw"", ""review_count"": 15, ""categories"": [{""alias"": ""bakeries"", ""title"": ""Bagerier""}, {""alias"": ""cakeshop"", ""title"": ""Konditorier""}, {""alias"": ""cafeteria"", ""title"": ""Cafeteria""}], ""rating"": 4.0, ""coordinates"": {""latitude"": 45.46944378, ""longitude"": 9.18529088}, ""transactions"": [], ""price"": ""\u20ac"", ""location"": {""address1"": ""Via Ponte Vetero 10"", ""address2"": """", ""address3"": """", ""city"": ""Milano"", ""zip_code"": ""20121"", ""country"": ""IT"", ""state"": ""MI"", ""display_address"": [""Via Ponte Vetero 10"", ""20121 Milano"", ""Italien""]}, ""phone"": ""+390272016067"", ""display_phone"": ""+39 02 7201 6067"", ""distance"": 319.3066453091354}, {""id"": ""qiYzviqy5xHIwPNgwiWcoQ"", ""alias"": ""birrificio-lambrate-milano-2"", ""name"": ""Birrificio Lambrate"", ""image_url"": ""https://s3-media1.fl.yelpcdn.com/bphoto/umt-3Cu7Pf4KnrbmaHCVLA/o.jpg"", ""is_closed"": false, ""url"": ""https://sv.yelp.fi/biz/birrificio-lambrate-milano-2?adjust_creative=ULHW7ynqdXE8Z9Fnr4irFw&utm_campaign=yelp_api_v3&utm_medium=api_v3_business_search&utm_source=ULHW7ynqdXE8Z9Fnr4irFw"", ""review_count"": 25, ""categories"": [{""alias"": ""pubs"", ""title"": ""Pubar""}, {""alias"": ""breweries"", ""title"": ""Bryggerier""}], ""rating"": 4.0, ""coordinates"": {""latitude"": 45.48565, ""longitude"": 9.23157}, ""transactions"": [], ""price"": ""\u20ac\u20ac"", ""location"": {""address1"": ""Via Adelchi 5"", ""address2"": """", ""address3"": """", ""city"": ""Milano"", ""zip_code"": ""20131"", ""country"": ""IT"", ""state"": ""MI"", ""display_address"": [""Via Adelchi 5"", ""20131 Milano"", ""Italien""]}, ""phone"": ""+390270638678"", ""display_phone"": ""+39 02 7063 8678"", ""distance"": 3706.605464659605}, {""id"": ""rIOEvBLUeUDVrVcLBiye1g"", ""alias"": ""globe-milano"", ""name"": ""Globe"", ""image_url"": ""https://s3-media1.fl.yelpcdn.com/bphoto/uRpD2Z8qWpBlj5uGi9sd5A/o.jpg"", ""is_closed"": false, ""url"": ""https://sv.yelp.fi/biz/globe-milano?adjust_creative=ULHW7ynqdXE8Z9Fnr4irFw&utm_campaign=yelp_api_v3&utm_medium=api_v3_business_search&utm_source=ULHW7ynqdXE8Z9Fnr4irFw"", ""review_count"": 22, ""categories"": [{""alias"": ""breakfast_brunch"", ""title"": ""Frukost & Brunch""}, {""alias"": ""lounges"", ""title"": ""Lounger""}, {""alias"": ""italian"", ""title"": ""Italiensk mat""}], ""rating"": 3.5, ""coordinates"": {""latitude"": 45.4625393143224, ""longitude"": 9.20630904183436}, ""transactions"": [], ""price"": ""\u20ac\u20ac\u20ac"", ""location"": {""address1"": ""Piazza Cinque Giornate 1"", ""address2"": """", ""address3"": """", ""city"": ""Milano"", ""zip_code"": ""20129"", ""country"": ""IT"", ""state"": ""MI"", ""display_address"": [""Piazza Cinque Giornate 1"", ""20129 Milano"", ""Italien""]}, ""phone"": ""+390255181969"", ""display_phone"": ""+39 02 5518 1969"", ""distance"": 1610.3435533148318}, {""id"": ""vCW7XLzGwa-Do0Fb5B4a0g"", ""alias"": ""old-fashion-milano"", ""name"": ""Old Fashion"", ""image_url"": ""https://s3-media3.fl.yelpcdn.com/bphoto/atmG2lQLgxUOoNcMumQ_4Q/o.jpg"", ""is_closed"": false, ""url"": ""https://sv.yelp.fi/biz/old-fashion-milano?adjust_creative=ULHW7ynqdXE8Z9Fnr4irFw&utm_campaign=yelp_api_v3&utm_medium=api_v3_business_search&utm_source=ULHW7ynqdXE8Z9Fnr4irFw"", ""review_count"": 31, ""categories"": [{""alias"": ""danceclubs"", ""title"": ""Nattklubbar""}, {""alias"": ""lounges"", ""title"": ""Lounger""}, {""alias"": ""mediterranean"", ""title"": ""Medelhavsmat""}], ""rating"": 3.5, ""coordinates"": {""latitude"": 45.47207, ""longitude"": 9.1734}, ""transactions"": [], ""price"": ""\u20ac\u20ac"", ""location"": {""address1"": ""Viale Alemagna 6"", ""address2"": """", ""address3"": """", ""city"": ""Milano"", ""zip_code"": ""20121"", ""country"": ""IT"", ""state"": ""MI"", ""display_address"": [""Viale Alemagna 6"", ""20121 Milano"", ""Italien""]}, ""phone"": ""+39028056231"", ""display_phone"": ""+39 02 805 6231"", ""distance"": 1155.0298373962148}, {""id"": ""Fb-cURXX_TgwEvSjInodzw"", ""alias"": ""al-bacco-milano"", ""name"": ""Al Bacco"", ""image_url"": ""https://s3-media2.fl.yelpcdn.com/bphoto/wM6ZlFuG5i4PRhmc8OHpSg/o.jpg"", ""is_closed"": false, ""url"": ""https://sv.yelp.fi/biz/al-bacco-milano?adjust_creative=ULHW7ynqdXE8Z9Fnr4irFw&utm_campaign=yelp_api_v3&utm_medium=api_v3_business_search&utm_source=ULHW7ynqdXE8Z9Fnr4irFw"", ""review_count"": 10, ""categories"": [{""alias"": ""italian"", ""title"": ""Italiensk mat""}], ""rating"": 4.5, ""coordinates"": {""latitude"": 45.46350789244, ""longitude"": 9.2080059678638}, ""transactions"": [], ""price"": ""\u20ac\u20ac"", ""location"": {""address1"": ""Via Marcona 1"", ""address2"": """", ""address3"": """", ""city"": ""Milano"", ""zip_code"": ""20129"", ""country"": ""IT"", ""state"": ""MI"", ""display_address"": [""Via Marcona 1"", ""20129 Milano"", ""Italien""]}, ""phone"": ""+390254121637"", ""display_phone"": ""+39 02 5412 1637"", ""distance"": 1669.9759266627086}, {""id"": ""zafteysTHRKdZ7Ud9xWM4A"", ""alias"": ""conch-milano"", ""name"": ""Conch"", ""image_url"": ""https://s3-media4.fl.yelpcdn.com/bphoto/Yhih7gHGHPrTaGiSKt9q6w/o.jpg"", ""is_closed"": false, ""url"": ""https://sv.yelp.fi/biz/conch-milano?adjust_creative=ULHW7ynqdXE8Z9Fnr4irFw&utm_campaign=yelp_api_v3&utm_medium=api_v3_business_search&utm_source=ULHW7ynqdXE8Z9Fnr4irFw"", ""review_count"": 11, ""categories"": [{""alias"": ""japanese"", ""title"": ""Japansk mat""}, {""alias"": ""asianfusion"", ""title"": ""Asian Fusion""}], ""rating"": 4.5, ""coordinates"": {""latitude"": 45.4875216, ""longitude"": 9.1646253}, ""transactions"": [], ""price"": ""\u20ac\u20ac\u20ac"", ""location"": {""address1"": ""Via Cenisio 45"", ""address2"": """", ""address3"": """", ""city"": ""Milano"", ""zip_code"": ""20154"", ""country"": ""IT"", ""state"": ""MI"", ""display_address"": [""Via Cenisio 45"", ""20154 Milano"", ""Italien""]}, ""phone"": ""+390233601354"", ""display_phone"": ""+39 02 3360 1354"", ""distance"": 2686.12860895916}, {""id"": ""6bPYjkO6hzzd0ok12793dg"", ""alias"": ""piaceri-di-patata-milano"", ""name"": ""Piaceri di Patata"", ""image_url"": ""https://s3-media2.fl.yelpcdn.com/bphoto/TwglPxuM37XAJ01S9h5B8g/o.jpg"", ""is_closed"": false, ""url"": ""https://sv.yelp.fi/biz/piaceri-di-patata-milano?adjust_creative=ULHW7ynqdXE8Z9Fnr4irFw&utm_campaign=yelp_api_v3&utm_medium=api_v3_business_search&utm_source=ULHW7ynqdXE8Z9Fnr4irFw"", ""review_count"": 13, ""categories"": [{""alias"": ""italian"", ""title"": ""Italiensk mat""}], ""rating"": 4.0, ""coordinates"": {""latitude"": 45.4506161, ""longitude"": 9.1962023}, ""transactions"": [], ""price"": ""\u20ac\u20ac"", ""location"": {""address1"": ""Via Salasco 34"", ""address2"": """", ""address3"": """", ""city"": ""Milano"", ""zip_code"": ""20136"", ""country"": ""IT"", ""state"": ""MI"", ""display_address"": [""Via Salasco 34"", ""20136 Milano"", ""Italien""]}, ""phone"": ""+390239545756"", ""display_phone"": ""+39 02 3954 5756"", ""distance"": 2277.6604891149555}, {""id"": ""vws8CJy8R_ZI3QKqyIXv0g"", ""alias"": ""palazzo-parigi-milano"", ""name"": ""Palazzo Parigi"", ""image_url"": ""https://s3-media1.fl.yelpcdn.com/bphoto/rKDqGNWxyONNc6ixRH8qhw/o.jpg"", ""is_closed"": false, ""url"": ""https://sv.yelp.fi/biz/palazzo-parigi-milano?adjust_creative=ULHW7ynqdXE8Z9Fnr4irFw&utm_campaign=yelp_api_v3&utm_medium=api_v3_business_search&utm_source=ULHW7ynqdXE8Z9Fnr4irFw"", ""review_count"": 8, ""categories"": [{""alias"": ""hotels"", ""title"": ""Hotell""}, {""alias"": ""mediterranean"", ""title"": ""Medelhavsmat""}], ""rating"": 4.5, ""coordinates"": {""latitude"": 45.4732995171759, ""longitude"": 9.1911351281311}, ""transactions"": [], ""price"": ""\u20ac\u20ac\u20ac\u20ac"", ""location"": {""address1"": ""Corso di Porta Nuova 1"", ""address2"": """", ""address3"": """", ""city"": ""Milano"", ""zip_code"": ""20121"", ""country"": ""IT"", ""state"": ""MI"", ""display_address"": [""Corso di Porta Nuova 1"", ""20121 Milano"", ""Italien""]}, ""phone"": ""+390262562005"", ""display_phone"": ""+39 02 6256 2005"", ""distance"": 354.46399242467993}, {""id"": ""Z3yqHWt-oXOc8qaGmb3UGA"", ""alias"": ""posto-di-conversazione-milano"", ""name"": ""Posto di Conversazione"", ""image_url"": ""https://s3-media3.fl.yelpcdn.com/bphoto/wN5l5F1ZbAO-9pahkTMe9g/o.jpg"", ""is_closed"": false, ""url"": ""https://sv.yelp.fi/biz/posto-di-conversazione-milano?adjust_creative=ULHW7ynqdXE8Z9Fnr4irFw&utm_campaign=yelp_api_v3&utm_medium=api_v3_business_search&utm_source=ULHW7ynqdXE8Z9Fnr4irFw"", ""review_count"": 19, ""categories"": [{""alias"": ""italian"", ""title"": ""Italiensk mat""}], ""rating"": 4.0, ""coordinates"": {""latitude"": 45.45214, ""longitude"": 9.17597}, ""transactions"": [], ""price"": ""\u20ac\u20ac\u20ac"", ""location"": {""address1"": ""Alzaia Naviglio Grande 6"", ""address2"": """", ""address3"": """", ""city"": ""Milano"", ""zip_code"": ""20144"", ""country"": ""IT"", ""state"": ""MI"", ""display_address"": [""Alzaia Naviglio Grande 6"", ""20144 Milano"", ""Italien""]}, ""phone"": ""+390258106646"", ""display_phone"": ""+39 02 5810 6646"", ""distance"": 2270.6713439687755}, {""id"": ""z0TQ1B9hB7A9oHRMlUEb4A"", ""alias"": ""radetzky-caf\u00e9-milano-2"", ""name"": ""Radetzky Caf\u00e9"", ""image_url"": ""https://s3-media2.fl.yelpcdn.com/bphoto/AIrSrJdGGdjV3ial9es0sQ/o.jpg"", ""is_closed"": false, ""url"": ""https://sv.yelp.fi/biz/radetzky-caf%C3%A9-milano-2?adjust_creative=ULHW7ynqdXE8Z9Fnr4irFw&utm_campaign=yelp_api_v3&utm_medium=api_v3_business_search&utm_source=ULHW7ynqdXE8Z9Fnr4irFw"", ""review_count"": 21, ""categories"": [{""alias"": ""bars"", ""title"": ""Barer""}, {""alias"": ""cafes"", ""title"": ""Caf\u00e9er""}, {""alias"": ""italian"", ""title"": ""Italiensk mat""}], ""rating"": 3.5, ""coordinates"": {""latitude"": 45.4785899, ""longitude"": 9.1855499}, ""transactions"": [], ""price"": ""\u20ac\u20ac"", ""location"": {""address1"": ""Corso Garibaldi 105"", ""address2"": """", ""address3"": """", ""city"": ""Milano"", ""zip_code"": ""20121"", ""country"": ""IT"", ""state"": ""MI"", ""display_address"": [""Corso Garibaldi 105"", ""20121 Milano"", ""Italien""]}, ""phone"": ""+39026572645"", ""display_phone"": ""+39 02 657 2645"", ""distance"": 938.2977883049424}, {""id"": ""A98PDQiiDNcStr6ue6osdw"", ""alias"": ""u-barba-milano"", ""name"": ""U Barba"", ""image_url"": ""https://s3-media2.fl.yelpcdn.com/bphoto/Of_RMbHs8KrOA_zZON4ANg/o.jpg"", ""is_closed"": false, ""url"": ""https://sv.yelp.fi/biz/u-barba-milano?adjust_creative=ULHW7ynqdXE8Z9Fnr4irFw&utm_campaign=yelp_api_v3&utm_medium=api_v3_business_search&utm_source=ULHW7ynqdXE8Z9Fnr4irFw"", ""review_count"": 20, ""categories"": [{""alias"": ""ligurian"", ""title"": ""Ligurian""}], ""rating"": 4.0, ""coordinates"": {""latitude"": 45.44906, ""longitude"": 9.21702}, ""transactions"": [], ""price"": ""\u20ac\u20ac\u20ac"", ""location"": {""address1"": ""Via Decembrio 33"", ""address2"": """", ""address3"": """", ""city"": ""Milano"", ""zip_code"": ""20137"", ""country"": ""IT"", ""state"": ""MI"", ""display_address"": [""Via Decembrio 33"", ""20137 Milano"", ""Italien""]}, ""phone"": ""+390245487032"", ""display_phone"": ""+39 02 4548 7032"", ""distance"": 3224.9254036333664}, {""id"": ""Pkx6e2898U5fWGITdtmMXw"", ""alias"": ""copacabana-temakeria-milano"", ""name"": ""Copacabana Temakeria"", ""image_url"": ""https://s3-media2.fl.yelpcdn.com/bphoto/rbusN9AFRKMx97M9OIdShw/o.jpg"", ""is_closed"": false, ""url"": ""https://sv.yelp.fi/biz/copacabana-temakeria-milano?adjust_creative=ULHW7ynqdXE8Z9Fnr4irFw&utm_campaign=yelp_api_v3&utm_medium=api_v3_business_search&utm_source=ULHW7ynqdXE8Z9Fnr4irFw"", ""review_count"": 12, ""categories"": [{""alias"": ""sushi"", ""title"": ""Sushi""}, {""alias"": ""japanese"", ""title"": ""Japansk mat""}, {""alias"": ""brazilian"", ""title"": ""Brasiliansk mat""}], ""rating"": 4.0, ""coordinates"": {""latitude"": 45.4777412, ""longitude"": 9.1753798}, ""transactions"": [], ""price"": ""\u20ac\u20ac\u20ac"", ""location"": {""address1"": ""Via Cesare Cesariano 14"", ""address2"": """", ""address3"": """", ""city"": ""Milano"", ""zip_code"": ""20154"", ""country"": ""IT"", ""state"": ""MI"", ""display_address"": [""Via Cesare Cesariano 14"", ""20154 Milano"", ""Italien""]}, ""phone"": ""+390289059867"", ""display_phone"": ""+39 02 8905 9867"", ""distance"": 1340.5975414417778}, {""id"": ""w7c9DGfnInm7vYonIiKyKA"", ""alias"": ""lon-fon-milano"", ""name"": ""Lon Fon"", ""image_url"": ""https://s3-media2.fl.yelpcdn.com/bphoto/W66j6Xk5ryD-1HmXi1m93w/o.jpg"", ""is_closed"": false, ""url"": ""https://sv.yelp.fi/biz/lon-fon-milano?adjust_creative=ULHW7ynqdXE8Z9Fnr4irFw&utm_campaign=yelp_api_v3&utm_medium=api_v3_business_search&utm_source=ULHW7ynqdXE8Z9Fnr4irFw"", ""review_count"": 14, ""categories"": [{""alias"": ""chinese"", ""title"": ""Kinamat""}], ""rating"": 4.0, ""coordinates"": {""latitude"": 45.47816, ""longitude"": 9.20248}, ""transactions"": [], ""price"": ""\u20ac\u20ac"", ""location"": {""address1"": ""Via Lazzaretto 10"", ""address2"": null, ""address3"": null, ""city"": ""Milano"", ""zip_code"": ""20124"", ""country"": ""IT"", ""state"": ""MI"", ""display_address"": [""Via Lazzaretto 10"", ""20124 Milano"", ""Italien""]}, ""phone"": ""+390229405153"", ""display_phone"": ""+39 02 2940 5153"", ""distance"": 1356.3729468557444}, {""id"": ""5lN__MO7ilxteMzgIbm16Q"", ""alias"": ""la-prosciutteria-navigli-milano-3"", ""name"": ""La Prosciutteria - Navigli"", ""image_url"": ""https://s3-media2.fl.yelpcdn.com/bphoto/5ODyD218hXmbfbltkrVTcw/o.jpg"", ""is_closed"": false, ""url"": ""https://sv.yelp.fi/biz/la-prosciutteria-navigli-milano-3?adjust_creative=ULHW7ynqdXE8Z9Fnr4irFw&utm_campaign=yelp_api_v3&utm_medium=api_v3_business_search&utm_source=ULHW7ynqdXE8Z9Fnr4irFw"", ""review_count"": 11, ""categories"": [{""alias"": ""wine_bars"", ""title"": ""Vinbarer""}, {""alias"": ""tuscan"", ""title"": ""Tuscansk""}, {""alias"": ""sandwiches"", ""title"": ""Sm\u00f6rg\u00e5sar""}], ""rating"": 4.5, ""coordinates"": {""latitude"": 45.4510999, ""longitude"": 9.17244}, ""transactions"": [], ""price"": ""\u20ac\u20ac"", ""location"": {""address1"": ""Via Ripa di Porta Ticinese 53"", ""address2"": null, ""address3"": """", ""city"": ""Milano"", ""zip_code"": ""20143"", ""country"": ""IT"", ""state"": ""MI"", ""display_address"": [""Via Ripa di Porta Ticinese 53"", ""20143 Milano"", ""Italien""]}, ""phone"": ""+390249784925"", ""display_phone"": ""+39 02 4978 4925"", ""distance"": 2517.9140166335706}, {""id"": ""4Ars7LeIY1OyB54Sh9d8wQ"", ""alias"": ""deus-cafe-milano"", ""name"": ""Deus Cafe"", ""image_url"": ""https://s3-media4.fl.yelpcdn.com/bphoto/nTiSd_XHjwDv-BDycKiuXg/o.jpg"", ""is_closed"": false, ""url"": ""https://sv.yelp.fi/biz/deus-cafe-milano?adjust_creative=ULHW7ynqdXE8Z9Fnr4irFw&utm_campaign=yelp_api_v3&utm_medium=api_v3_business_search&utm_source=ULHW7ynqdXE8Z9Fnr4irFw"", ""review_count"": 22, ""categories"": [{""alias"": ""cafeteria"", ""title"": ""Cafeteria""}, {""alias"": ""burgers"", ""title"": ""Hamburgare""}], ""rating"": 3.5, ""coordinates"": {""latitude"": 45.4908972, ""longitude"": 9.1890251}, ""transactions"": [], ""price"": ""\u20ac\u20ac"", ""location"": {""address1"": ""Via Thaon de Revel 3"", ""address2"": """", ""address3"": """", ""city"": ""Milano"", ""zip_code"": ""20159"", ""country"": ""IT"", ""state"": ""MI"", ""display_address"": [""Via Thaon de Revel 3"", ""20159 Milano"", ""Italien""]}, ""phone"": ""+390283439230"", ""display_phone"": ""+39 02 8343 9230"", ""distance"": 2271.0783901503537}, {""id"": ""ct8Unq6llbTf8wth2F6Wiw"", ""alias"": ""la-fontanella-milano-3"", ""name"": ""La Fontanella"", ""image_url"": ""https://s3-media4.fl.yelpcdn.com/bphoto/yvlCGld2Qk9yfCpjKmqC-g/o.jpg"", ""is_closed"": false, ""url"": ""https://sv.yelp.fi/biz/la-fontanella-milano-3?adjust_creative=ULHW7ynqdXE8Z9Fnr4irFw&utm_campaign=yelp_api_v3&utm_medium=api_v3_business_search&utm_source=ULHW7ynqdXE8Z9Fnr4irFw"", ""review_count"": 17, ""categories"": [{""alias"": ""pubs"", ""title"": ""Pubar""}, {""alias"": ""breweries"", ""title"": ""Bryggerier""}], ""rating"": 4.0, ""coordinates"": {""latitude"": 45.4516, ""longitude"": 9.1777}, ""transactions"": [], ""price"": ""\u20ac\u20ac"", ""location"": {""address1"": ""Alzaia Naviglio Pavese 6"", ""address2"": """", ""address3"": """", ""city"": ""Milano"", ""zip_code"": ""20143"", ""country"": ""IT"", ""state"": ""MI"", ""display_address"": [""Alzaia Naviglio Pavese 6"", ""20143 Milano"", ""Italien""]}, ""phone"": ""+39028372391"", ""display_phone"": ""+39 02 837 2391"", ""distance"": 2257.775864534052}, {""id"": ""lYp7DcxLdo7nmE0i0wI5Fw"", ""alias"": ""i-sapori-di-giovy-milano"", ""name"": ""I Sapori di Giovy"", ""image_url"": ""https://s3-media2.fl.yelpcdn.com/bphoto/C3eeaEfKtz7vQznlXJbkYg/o.jpg"", ""is_closed"": false, ""url"": ""https://sv.yelp.fi/biz/i-sapori-di-giovy-milano?adjust_creative=ULHW7ynqdXE8Z9Fnr4irFw&utm_campaign=yelp_api_v3&utm_medium=api_v3_business_search&utm_source=ULHW7ynqdXE8Z9Fnr4irFw"", ""review_count"": 15, ""categories"": [{""alias"": ""italian"", ""title"": ""Italiensk mat""}, {""alias"": ""seafood"", ""title"": ""Fisk & skaldjur""}, {""alias"": ""pizza"", ""title"": ""Pizza""}], ""rating"": 4.5, ""coordinates"": {""latitude"": 45.48039, ""longitude"": 9.21872}, ""transactions"": [], ""price"": ""\u20ac\u20ac\u20ac"", ""location"": {""address1"": ""Via Donatello 9"", ""address2"": null, ""address3"": null, ""city"": ""Milano"", ""zip_code"": ""20131"", ""country"": ""IT"", ""state"": ""MI"", ""display_address"": [""Via Donatello 9"", ""20131 Milano"", ""Italien""]}, ""phone"": ""+390229400884"", ""display_phone"": ""+39 02 2940 0884"", ""distance"": 2567.1088187361365}, {""id"": ""TzskqeiyhSbLAUMkRT6ldw"", ""alias"": ""sumire-milano"", ""name"": ""Sumire"", ""image_url"": ""https://s3-media1.fl.yelpcdn.com/bphoto/fOuZu-5D9RfvDUJUgQ5g5g/o.jpg"", ""is_closed"": false, ""url"": ""https://sv.yelp.fi/biz/sumire-milano?adjust_creative=ULHW7ynqdXE8Z9Fnr4irFw&utm_campaign=yelp_api_v3&utm_medium=api_v3_business_search&utm_source=ULHW7ynqdXE8Z9Fnr4irFw"", ""review_count"": 8, ""categories"": [{""alias"": ""japanese"", ""title"": ""Japansk mat""}], ""rating"": 4.5, ""coordinates"": {""latitude"": 45.47903, ""longitude"": 9.1844}, ""transactions"": [], ""price"": ""\u20ac\u20ac\u20ac"", ""location"": {""address1"": ""Via Varese 1"", ""address2"": """", ""address3"": """", ""city"": ""Milano"", ""zip_code"": ""20121"", ""country"": ""IT"", ""state"": ""MI"", ""display_address"": [""Via Varese 1"", ""20121 Milano"", ""Italien""]}, ""phone"": ""+390291471595"", ""display_phone"": ""+39 02 9147 1595"", ""distance"": 992.0091460027868}, {""id"": ""9XZa5D8XoYnRtnlcQEjOYA"", ""alias"": ""taiwan-milano"", ""name"": ""Taiwan"", ""image_url"": ""https://s3-media2.fl.yelpcdn.com/bphoto/-eFZsGbCUDkH1guxka7eig/o.jpg"", ""is_closed"": false, ""url"": ""https://sv.yelp.fi/biz/taiwan-milano?adjust_creative=ULHW7ynqdXE8Z9Fnr4irFw&utm_campaign=yelp_api_v3&utm_medium=api_v3_business_search&utm_source=ULHW7ynqdXE8Z9Fnr4irFw"", ""review_count"": 7, ""categories"": [{""alias"": ""taiwanese"", ""title"": ""Taiwanesisk mat""}], ""rating"": 4.5, ""coordinates"": {""latitude"": 45.4832568811035, ""longitude"": 9.19771925962896}, ""transactions"": [], ""price"": ""\u20ac\u20ac"", ""location"": {""address1"": ""Via Adda 10"", ""address2"": """", ""address3"": """", ""city"": ""Milano"", ""zip_code"": ""20124"", ""country"": ""IT"", ""state"": ""MI"", ""display_address"": [""Via Adda 10"", ""20124 Milano"", ""Italien""]}, ""phone"": ""+39026702488"", ""display_phone"": ""+39 02 670 2488"", ""distance"": 1574.5905269659258}, {""id"": ""mLXbZAK_izpie-sD1RNq3w"", ""alias"": ""antica-trattoria-della-pesa-milano-2"", ""name"": ""Antica Trattoria della Pesa"", ""image_url"": ""https://s3-media3.fl.yelpcdn.com/bphoto/WAsjzoxxrECVh3gfDIGTjA/o.jpg"", ""is_closed"": false, ""url"": ""https://sv.yelp.fi/biz/antica-trattoria-della-pesa-milano-2?adjust_creative=ULHW7ynqdXE8Z9Fnr4irFw&utm_campaign=yelp_api_v3&utm_medium=api_v3_business_search&utm_source=ULHW7ynqdXE8Z9Fnr4irFw"", ""review_count"": 21, ""categories"": [{""alias"": ""bistros"", ""title"": ""Bistros""}], ""rating"": 3.5, ""coordinates"": {""latitude"": 45.4811543, ""longitude"": 9.1860827}, ""transactions"": [], ""price"": ""\u20ac\u20ac\u20ac\u20ac"", ""location"": {""address1"": ""Via Pasubio 10"", ""address2"": null, ""address3"": null, ""city"": ""Milano"", ""zip_code"": ""20154"", ""country"": ""IT"", ""state"": ""MI"", ""display_address"": [""Via Pasubio 10"", ""20154 Milano"", ""Italien""]}, ""phone"": ""+39026555741"", ""display_phone"": ""+39 02 655 5741"", ""distance"": 1209.7977804943607}, {""id"": ""fO5r052MiehC5t7EjiOn1Q"", ""alias"": ""konoka-milano"", ""name"": ""Konoka"", ""image_url"": ""https://s3-media3.fl.yelpcdn.com/bphoto/tnM37Gdwr5RaFkDRXBHavg/o.jpg"", ""is_closed"": false, ""url"": ""https://sv.yelp.fi/biz/konoka-milano?adjust_creative=ULHW7ynqdXE8Z9Fnr4irFw&utm_campaign=yelp_api_v3&utm_medium=api_v3_business_search&utm_source=ULHW7ynqdXE8Z9Fnr4irFw"", ""review_count"": 16, ""categories"": [{""alias"": ""japanese"", ""title"": ""Japansk mat""}, {""alias"": ""buffets"", ""title"": ""Buff\u00e9er""}, {""alias"": ""sushi"", ""title"": ""Sushi""}], ""rating"": 4.0, ""coordinates"": {""latitude"": 45.4418488095316, ""longitude"": 9.18082594871521}, ""transactions"": [], ""price"": ""\u20ac\u20ac\u20ac"", ""location"": {""address1"": ""Via Pietro Pomponazzi 9"", ""address2"": """", ""address3"": """", ""city"": ""Milano"", ""zip_code"": ""20141"", ""country"": ""IT"", ""state"": ""MI"", ""display_address"": [""Via Pietro Pomponazzi 9"", ""20141 Milano"", ""Italien""]}, ""phone"": ""+390289511868"", ""display_phone"": ""+39 02 8951 1868"", ""distance"": 3246.589506050034}, {""id"": ""5vU7ENdyoCkv0KvErsy7qg"", ""alias"": ""da-bruno-milano"", ""name"": ""Da Bruno"", ""image_url"": ""https://s3-media2.fl.yelpcdn.com/bphoto/JavbUFah1plnPkQCQ80Zag/o.jpg"", ""is_closed"": false, ""url"": ""https://sv.yelp.fi/biz/da-bruno-milano?adjust_creative=ULHW7ynqdXE8Z9Fnr4irFw&utm_campaign=yelp_api_v3&utm_medium=api_v3_business_search&utm_source=ULHW7ynqdXE8Z9Fnr4irFw"", ""review_count"": 19, ""categories"": [{""alias"": ""tuscan"", ""title"": ""Tuscansk""}], ""rating"": 3.5, ""coordinates"": {""latitude"": 45.46176, ""longitude"": 9.18917}, ""transactions"": [], ""price"": ""\u20ac\u20ac\u20ac"", ""location"": {""address1"": ""Via Maurizio Gonzaga 6"", ""address2"": null, ""address3"": null, ""city"": ""Milano"", ""zip_code"": ""20123"", ""country"": ""IT"", ""state"": ""MI"", ""display_address"": [""Via Maurizio Gonzaga 6"", ""20123 Milano"", ""Italien""]}, ""phone"": ""+3902804364"", ""display_phone"": ""+39 02 804364"", ""distance"": 984.5608474515574}, {""id"": ""0FSJKlx8hJ2g5xO3fVui5Q"", ""alias"": ""botinero-milano"", ""name"": ""Botinero"", ""image_url"": ""https://s3-media1.fl.yelpcdn.com/bphoto/_CLp9TT5W0qNaL7ktpiXhQ/o.jpg"", ""is_closed"": false, ""url"": ""https://sv.yelp.fi/biz/botinero-milano?adjust_creative=ULHW7ynqdXE8Z9Fnr4irFw&utm_campaign=yelp_api_v3&utm_medium=api_v3_business_search&utm_source=ULHW7ynqdXE8Z9Fnr4irFw"", ""review_count"": 11, ""categories"": [{""alias"": ""argentine"", ""title"": ""Argentinsk mat""}], ""rating"": 4.0, ""coordinates"": {""latitude"": 45.4745482603994, ""longitude"": 9.18771386387845}, ""transactions"": [], ""price"": ""\u20ac\u20ac\u20ac"", ""location"": {""address1"": ""Via San Marco 3"", ""address2"": """", ""address3"": """", ""city"": ""Milano"", ""zip_code"": ""20121"", ""country"": ""IT"", ""state"": ""MI"", ""display_address"": [""Via San Marco 3"", ""20121 Milano"", ""Italien""]}, ""phone"": ""+390265560840"", ""display_phone"": ""+39 02 6556 0840"", ""distance"": 464.69715628353066}, {""id"": ""ZllVF5-t5L09wfhOAPn-1g"", ""alias"": ""mono-milano"", ""name"": ""Mono"", ""image_url"": ""https://s3-media4.fl.yelpcdn.com/bphoto/TULZWvDMYvaL6OWE_SV_QQ/o.jpg"", ""is_closed"": false, ""url"": ""https://sv.yelp.fi/biz/mono-milano?adjust_creative=ULHW7ynqdXE8Z9Fnr4irFw&utm_campaign=yelp_api_v3&utm_medium=api_v3_business_search&utm_source=ULHW7ynqdXE8Z9Fnr4irFw"", ""review_count"": 17, ""categories"": [{""alias"": ""gaybars"", ""title"": ""Gaybarer""}, {""alias"": ""lounges"", ""title"": ""Lounger""}], ""rating"": 4.0, ""coordinates"": {""latitude"": 45.4763878014687, ""longitude"": 9.2039043456316}, ""transactions"": [], ""price"": ""\u20ac\u20ac"", ""location"": {""address1"": ""Via Lecco 6"", ""address2"": """", ""address3"": """", ""city"": ""Milano"", ""zip_code"": ""20124"", ""country"": ""IT"", ""state"": ""MI"", ""display_address"": [""Via Lecco 6"", ""20124 Milano"", ""Italien""]}, ""phone"": ""+393394810264"", ""display_phone"": ""+39 339 481 0264"", ""distance"": 1333.0861513129807}, {""id"": ""U8iQikJYjkdu_ggKCLSqZA"", ""alias"": ""saloon-milano-2"", ""name"": ""Saloon"", ""image_url"": ""https://s3-media1.fl.yelpcdn.com/bphoto/wFBMdJ2lefJjxpTmzKZggA/o.jpg"", ""is_closed"": false, ""url"": ""https://sv.yelp.fi/biz/saloon-milano-2?adjust_creative=ULHW7ynqdXE8Z9Fnr4irFw&utm_campaign=yelp_api_v3&utm_medium=api_v3_business_search&utm_source=ULHW7ynqdXE8Z9Fnr4irFw"", ""review_count"": 12, ""categories"": [{""alias"": ""pubs"", ""title"": ""Pubar""}, {""alias"": ""beer_and_wine"", ""title"": ""\u00d6l-, vin- & spritbutiker""}], ""rating"": 4.5, ""coordinates"": {""latitude"": 45.48196, ""longitude"": 9.17726}, ""transactions"": [], ""price"": ""\u20ac"", ""location"": {""address1"": ""Via Giovanni Battista Niccolini 24"", ""address2"": null, ""address3"": null, ""city"": ""Milano"", ""zip_code"": ""20154"", ""country"": ""IT"", ""state"": ""MI"", ""display_address"": [""Via Giovanni Battista Niccolini 24"", ""20154 Milano"", ""Italien""]}, ""phone"": ""+390233600311"", ""display_phone"": ""+39 02 3360 0311"", ""distance"": 1563.2342998840043}, {""id"": ""IB3SOSxOwdUZtD7gYC9q-Q"", ""alias"": ""da-giuliano-milano"", ""name"": ""Da Giuliano"", ""image_url"": ""https://s3-media2.fl.yelpcdn.com/bphoto/YLmwrToR_IXRo3A_hQL2ng/o.jpg"", ""is_closed"": false, ""url"": ""https://sv.yelp.fi/biz/da-giuliano-milano?adjust_creative=ULHW7ynqdXE8Z9Fnr4irFw&utm_campaign=yelp_api_v3&utm_medium=api_v3_business_search&utm_source=ULHW7ynqdXE8Z9Fnr4irFw"", ""review_count"": 13, ""categories"": [{""alias"": ""pizza"", ""title"": ""Pizza""}], ""rating"": 4.0, ""coordinates"": {""latitude"": 45.4810742, ""longitude"": 9.1711028}, ""transactions"": [], ""price"": ""\u20ac\u20ac"", ""location"": {""address1"": ""Via Paolo Sarpi 60"", ""address2"": null, ""address3"": null, ""city"": ""Milano"", ""zip_code"": ""20154"", ""country"": ""IT"", ""state"": ""MI"", ""display_address"": [""Via Paolo Sarpi 60"", ""20154 Milano"", ""Italien""]}, ""phone"": ""+3902341630"", ""display_phone"": ""+39 02 341630"", ""distance"": 1828.7184831549544}, {""id"": ""ftRh2ML1zR32Dp1VB7V9nw"", ""alias"": ""wang-jiao-due-milano"", ""name"": ""Wang Jiao Due"", ""image_url"": ""https://s3-media1.fl.yelpcdn.com/bphoto/wCzwTumKCKRr9UTcjhL1hg/o.jpg"", ""is_closed"": false, ""url"": ""https://sv.yelp.fi/biz/wang-jiao-due-milano?adjust_creative=ULHW7ynqdXE8Z9Fnr4irFw&utm_campaign=yelp_api_v3&utm_medium=api_v3_business_search&utm_source=ULHW7ynqdXE8Z9Fnr4irFw"", ""review_count"": 12, ""categories"": [{""alias"": ""chinese"", ""title"": ""Kinamat""}], ""rating"": 4.5, ""coordinates"": {""latitude"": 45.4767848793782, ""longitude"": 9.20525523127079}, ""transactions"": [], ""price"": ""\u20ac\u20ac"", ""location"": {""address1"": ""Via Felice Casati 7"", ""address2"": """", ""address3"": """", ""city"": ""Milano"", ""zip_code"": ""20124"", ""country"": ""IT"", ""state"": ""MI"", ""display_address"": [""Via Felice Casati 7"", ""20124 Milano"", ""Italien""]}, ""phone"": ""+390287280596"", ""display_phone"": ""+39 02 8728 0596"", ""distance"": 1446.5513827967832}, {""id"": ""Glro2xtRga_COHxStzxCQQ"", ""alias"": ""rinomata-gelateria-artigianale-milano"", ""name"": ""Rinomata Gelateria Artigianale"", ""image_url"": ""https://s3-media3.fl.yelpcdn.com/bphoto/BNfviHLsIHishO2LrCQkFA/o.jpg"", ""is_closed"": false, ""url"": ""https://sv.yelp.fi/biz/rinomata-gelateria-artigianale-milano?adjust_creative=ULHW7ynqdXE8Z9Fnr4irFw&utm_campaign=yelp_api_v3&utm_medium=api_v3_business_search&utm_source=ULHW7ynqdXE8Z9Fnr4irFw"", ""review_count"": 22, ""categories"": [{""alias"": ""icecream"", ""title"": ""Glass & Yoghurtglass""}, {""alias"": ""cakeshop"", ""title"": ""Konditorier""}, {""alias"": ""creperies"", ""title"": ""Cr\u00eaperier""}], ""rating"": 3.5, ""coordinates"": {""latitude"": 45.45209, ""longitude"": 9.1771499}, ""transactions"": [], ""price"": ""\u20ac"", ""location"": {""address1"": ""Ripa di Porta Ticinese 1"", ""address2"": """", ""address3"": """", ""city"": ""Milano"", ""zip_code"": ""20143"", ""country"": ""IT"", ""state"": ""MI"", ""display_address"": [""Ripa di Porta Ticinese 1"", ""20143 Milano"", ""Italien""]}, ""phone"": ""+390258113877"", ""display_phone"": ""+39 02 5811 3877"", ""distance"": 2246.3624689024236}, {""id"": ""Cc6HcYEjOaqvCDvVO_j32w"", ""alias"": ""ugo-milano-2"", ""name"": ""Ugo"", ""image_url"": ""https://s3-media4.fl.yelpcdn.com/bphoto/N00FqYYXDWpTTBvVljMECw/o.jpg"", ""is_closed"": false, ""url"": ""https://sv.yelp.fi/biz/ugo-milano-2?adjust_creative=ULHW7ynqdXE8Z9Fnr4irFw&utm_campaign=yelp_api_v3&utm_medium=api_v3_business_search&utm_source=ULHW7ynqdXE8Z9Fnr4irFw"", ""review_count"": 9, ""categories"": [{""alias"": ""cocktailbars"", ""title"": ""Cocktailbarer""}, {""alias"": ""lounges"", ""title"": ""Lounger""}], ""rating"": 4.5, ""coordinates"": {""latitude"": 45.4520152735525, ""longitude"": 9.1734998487917}, ""transactions"": [], ""price"": ""\u20ac\u20ac"", ""location"": {""address1"": ""Via Corsico 12"", ""address2"": """", ""address3"": """", ""city"": ""Milano"", ""zip_code"": ""20094"", ""country"": ""IT"", ""state"": ""MI"", ""display_address"": [""Via Corsico 12"", ""20094 Milano"", ""Italien""]}, ""phone"": ""+390239811557"", ""display_phone"": ""+39 02 3981 1557"", ""distance"": 2383.2761488136675}, {""id"": ""ChMoxHz1USXQRgR5itqBhQ"", ""alias"": ""la-brisa-milano"", ""name"": ""La Brisa"", ""image_url"": ""https://s3-media2.fl.yelpcdn.com/bphoto/c7w54lmI9lNU0ZAQ-34xGg/o.jpg"", ""is_closed"": false, ""url"": ""https://sv.yelp.fi/biz/la-brisa-milano?adjust_creative=ULHW7ynqdXE8Z9Fnr4irFw&utm_campaign=yelp_api_v3&utm_medium=api_v3_business_search&utm_source=ULHW7ynqdXE8Z9Fnr4irFw"", ""review_count"": 13, ""categories"": [{""alias"": ""mediterranean"", ""title"": ""Medelhavsmat""}], ""rating"": 4.0, ""coordinates"": {""latitude"": 45.46537, ""longitude"": 9.18033}, ""transactions"": [], ""price"": ""\u20ac\u20ac\u20ac\u20ac"", ""location"": {""address1"": ""Via Brisa 15"", ""address2"": null, ""address3"": null, ""city"": ""Milano"", ""zip_code"": ""20123"", ""country"": ""IT"", ""state"": ""MI"", ""display_address"": [""Via Brisa 15"", ""20123 Milano"", ""Italien""]}, ""phone"": ""+390286450521"", ""display_phone"": ""+39 02 8645 0521"", ""distance"": 892.1737868421026}, {""id"": ""mDpcN4um2ErSGFg13cd3jw"", ""alias"": ""acquasala-milano"", ""name"": ""Acquasala"", ""image_url"": ""https://s3-media2.fl.yelpcdn.com/bphoto/8wvKYviAfAlYzyaGFJlEeQ/o.jpg"", ""is_closed"": false, ""url"": ""https://sv.yelp.fi/biz/acquasala-milano?adjust_creative=ULHW7ynqdXE8Z9Fnr4irFw&utm_campaign=yelp_api_v3&utm_medium=api_v3_business_search&utm_source=ULHW7ynqdXE8Z9Fnr4irFw"", ""review_count"": 14, ""categories"": [{""alias"": ""apulian"", ""title"": ""Apulian""}], ""rating"": 4.0, ""coordinates"": {""latitude"": 45.45033, ""longitude"": 9.16907}, ""transactions"": [], ""price"": ""\u20ac\u20ac\u20ac"", ""location"": {""address1"": ""Ripa di Porta Ticinese 71"", ""address2"": """", ""address3"": """", ""city"": ""Milano"", ""zip_code"": ""20143"", ""country"": ""IT"", ""state"": ""MI"", ""display_address"": [""Ripa di Porta Ticinese 71"", ""20143 Milano"", ""Italien""]}, ""phone"": ""+390289423983"", ""display_phone"": ""+39 02 8942 3983"", ""distance"": 2731.083996626745}, {""id"": ""iS5SUn2CHIPt6Uznl4X5eQ"", ""alias"": ""langosteria-milano-2"", ""name"": ""Langosteria"", ""image_url"": ""https://s3-media1.fl.yelpcdn.com/bphoto/y20swEJ8zojIEPKyTNsLaQ/o.jpg"", ""is_closed"": false, ""url"": ""https://sv.yelp.fi/biz/langosteria-milano-2?adjust_creative=ULHW7ynqdXE8Z9Fnr4irFw&utm_campaign=yelp_api_v3&utm_medium=api_v3_business_search&utm_source=ULHW7ynqdXE8Z9Fnr4irFw"", ""review_count"": 8, ""categories"": [{""alias"": ""bistros"", ""title"": ""Bistros""}, {""alias"": ""cafes"", ""title"": ""Caf\u00e9er""}], ""rating"": 4.5, ""coordinates"": {""latitude"": 45.4645, ""longitude"": 9.19509}, ""transactions"": [], ""price"": ""\u20ac\u20ac\u20ac"", ""location"": {""address1"": ""Galleria del Corso 4"", ""address2"": """", ""address3"": """", ""city"": ""Milano"", ""zip_code"": ""20122"", ""country"": ""IT"", ""state"": ""MI"", ""display_address"": [""Galleria del Corso 4"", ""20122 Milano"", ""Italien""]}, ""phone"": ""+390276018167"", ""display_phone"": ""+39 02 7601 8167"", ""distance"": 814.1609659242602}], ""total"": 3600, ""region"": {""center"": {""longitude"": 9.189033508300781, ""latitude"": 45.47047287954827}}}",application/json,false,"OAS disconformity: [Path '/businesses/[item]/price'] Instance value ("""") not found in enum (possible values: [""$"";""$$"";""$$$"";""$$$$""]) --- [Path '/businesses/[item]/price'] Instance value ("""") not found in enum (possible values: [""$"";""$$"";""$$$"";""$$$$""]) --- [Path '/businesses/[item]/price'] Instance value ("""") not found in enum (possible values: [""$"";""$$"";""$$$"";""$$$$""]) --- [Path '/businesses/[item]/price'] Instance value ("""") not found in enum (possible values: [""$"";""$$"";""$$$"";""$$$$""])"
test_us313lf9i243_getBusinesses,400,"{""error"": {""code"": ""VALIDATION_ERROR"", ""description"": ""Please specify a location or a latitude and longitude""}}",application/json,true,none
test_uvgz46l04qjq_getBusinesses,200,"{""businesses"": [], ""total"": 0, ""region"": {""center"": {""longitude"": -5.985832214355469, ""latitude"": 37.38897024983557}}}",application/json,true,none
test_vb3lqmy6p8hl_getBusinesses,400,"{""error"": {""code"": ""LOCATION_NOT_FOUND"", ""description"": ""Could not execute search, try specifying a more exact location.""}}",application/json,true,none
test_vb95cxcb4z8m_getBusinesses,400,"{""error"": {""code"": ""VALIDATION_ERROR"", ""description"": ""Please specify a location or a latitude and longitude""}}",application/json,true,none
test_vbkoqyxlldf8_getBusinesses,400,"{""error"": {""code"": ""VALIDATION_ERROR"", ""description"": ""Please specify a location or a latitude and longitude""}}",application/json,true,none
test_vevc13jzuc0y_getBusinesses,400,"{""error"": {""code"": ""VALIDATION_ERROR"", ""description"": ""Please specify a location or a latitude and longitude""}}",application/json,true,none
