testResultId,statusCode,responseBody,outputContentType,passed,failReason
test_1h7geohh12jw5_getBusinesses,400,"{""error"": {""code"": ""VALIDATION_ERROR"", ""description"": ""Please specify a location or a latitude and longitude""}}",application/json,true,none
test_1h7qx70qguj4z_getBusinesses,200,"{""businesses"": [], ""total"": 0, ""region"": {""center"": {""longitude"": -104.301346, ""latitude"": 39.99405}}}",application/json,true,none
test_1h84t6a8ac6d5_getBusinesses,200,"{""businesses"": [], ""total"": 0, ""region"": {""center"": {""longitude"": -116.11015, ""latitude"": 46.91164}}}",application/json,true,none
test_1hbaypeutewj8_getBusinesses,400,"{""error"": {""code"": ""VALIDATION_ERROR"", ""description"": ""Please specify a location or a latitude and longitude""}}",application/json,true,none
test_1hbiqgmbbny2e_getBusinesses,200,"{""businesses"": [{""id"": ""f6H_mOLD5zIc-ggeJ0ihWQ"", ""alias"": ""watch-company-appleton"", ""name"": ""Watch Company"", ""image_url"": ""https://s3-media3.fl.yelpcdn.com/bphoto/1WMgUAPJXnNz9Oshc56aLA/o.jpg"", ""is_closed"": false, ""url"": ""https://www.yelp.pt/biz/watch-company-appleton?adjust_creative=ULHW7ynqdXE8Z9Fnr4irFw&utm_campaign=yelp_api_v3&utm_medium=api_v3_business_search&utm_source=ULHW7ynqdXE8Z9Fnr4irFw"", ""review_count"": 2, ""categories"": [{""alias"": ""watches"", ""title"": ""Rel\u00f3gios""}], ""rating"": 3.0, ""coordinates"": {""latitude"": 44.270647, ""longitude"": -88.469592}, ""transactions"": [], ""location"": {""address1"": ""4301 W Wisconsin Ave"", ""address2"": ""Ste 3"", ""address3"": """", ""city"": ""Appleton"", ""zip_code"": ""54913"", ""country"": ""US"", ""state"": ""WI"", ""display_address"": [""4301 W Wisconsin Ave"", ""Ste 3"", ""Appleton, WI 54913"", ""Estados Unidos""]}, ""phone"": ""+19208300232"", ""display_phone"": ""+1 920-830-0232"", ""distance"": 56716.43671942353}, {""id"": ""Y6kWaQwIo3f2kiIYSqndCA"", ""alias"": ""rummeles-jewelers-green-bay"", ""name"": ""Rummele's Jewelers"", ""image_url"": ""https://s3-media4.fl.yelpcdn.com/bphoto/NCz2qCLPe8UawktBNDaJJQ/o.jpg"", ""is_closed"": false, ""url"": ""https://www.yelp.pt/biz/rummeles-jewelers-green-bay?adjust_creative=ULHW7ynqdXE8Z9Fnr4irFw&utm_campaign=yelp_api_v3&utm_medium=api_v3_business_search&utm_source=ULHW7ynqdXE8Z9Fnr4irFw"", ""review_count"": 10, ""categories"": [{""alias"": ""jewelry"", ""title"": ""Joalharia""}, {""alias"": ""watches"", ""title"": ""Rel\u00f3gios""}, {""alias"": ""watch_repair"", ""title"": ""Repara\u00e7\u00e3o de rel\u00f3gios""}], ""rating"": 4.5, ""coordinates"": {""latitude"": 44.51177, ""longitude"": -88.01642}, ""transactions"": [], ""price"": ""$$$$"", ""location"": {""address1"": ""234 S Adams St"", ""address2"": """", ""address3"": """", ""city"": ""Green Bay"", ""zip_code"": ""54301"", ""country"": ""US"", ""state"": ""WI"", ""display_address"": [""234 S Adams St"", ""Green Bay, WI 54301"", ""Estados Unidos""]}, ""phone"": ""+19204320664"", ""display_phone"": ""+1 920-432-0664"", ""distance"": 33576.57549289994}, {""id"": ""YKxJ0luylES4EPCiZarkUQ"", ""alias"": ""bay-area-diamond-green-bay"", ""name"": ""Bay Area Diamond"", ""image_url"": ""https://s3-media3.fl.yelpcdn.com/bphoto/illR8aSfIIfhv0lZZHqgJg/o.jpg"", ""is_closed"": false, ""url"": ""https://www.yelp.pt/biz/bay-area-diamond-green-bay?adjust_creative=ULHW7ynqdXE8Z9Fnr4irFw&utm_campaign=yelp_api_v3&utm_medium=api_v3_business_search&utm_source=ULHW7ynqdXE8Z9Fnr4irFw"", ""review_count"": 3, ""categories"": [{""alias"": ""watches"", ""title"": ""Rel\u00f3gios""}, {""alias"": ""jewelry"", ""title"": ""Joalharia""}, {""alias"": ""jewelryrepair"", ""title"": ""Repara\u00e7\u00e3o de j\u00f3ias""}], ""rating"": 5.0, ""coordinates"": {""latitude"": 44.527401, ""longitude"": -88.060295}, ""transactions"": [], ""location"": {""address1"": ""225 S Military Ave"", ""address2"": null, ""address3"": null, ""city"": ""Green Bay"", ""zip_code"": ""54303"", ""country"": ""US"", ""state"": ""WI"", ""display_address"": [""225 S Military Ave"", ""Green Bay, WI 54303"", ""Estados Unidos""]}, ""phone"": ""+19204940002"", ""display_phone"": ""+1 920-494-0002"", ""distance"": 30215.473094831617}, {""id"": ""2TD42xxfbbWFWXqHm4ENZg"", ""alias"": ""feldstein-jewelers-green-bay"", ""name"": ""Feldstein Jewelers"", ""image_url"": ""https://s3-media2.fl.yelpcdn.com/bphoto/D4etWwEq-GXjsgvtQiB5Ww/o.jpg"", ""is_closed"": false, ""url"": ""https://www.yelp.pt/biz/feldstein-jewelers-green-bay?adjust_creative=ULHW7ynqdXE8Z9Fnr4irFw&utm_campaign=yelp_api_v3&utm_medium=api_v3_business_search&utm_source=ULHW7ynqdXE8Z9Fnr4irFw"", ""review_count"": 2, ""categories"": [{""alias"": ""jewelry"", ""title"": ""Joalharia""}, {""alias"": ""jewelryrepair"", ""title"": ""Repara\u00e7\u00e3o de j\u00f3ias""}, {""alias"": ""watches"", ""title"": ""Rel\u00f3gios""}], ""rating"": 5.0, ""coordinates"": {""latitude"": 44.589421, ""longitude"": -88.082057}, ""transactions"": [], ""location"": {""address1"": ""1803 Condor Ln"", ""address2"": null, ""address3"": """", ""city"": ""Green Bay"", ""zip_code"": ""54313"", ""country"": ""US"", ""state"": ""WI"", ""display_address"": [""1803 Condor Ln"", ""Green Bay, WI 54313"", ""Estados Unidos""]}, ""phone"": ""+19205449699"", ""display_phone"": ""+1 920-544-9699"", ""distance"": 23568.104493265237}, {""id"": ""P6dxJN2S1ynYZ46APSR2cQ"", ""alias"": ""d-and-m-custom-jewelers-green-bay"", ""name"": ""D & M Custom Jewelers"", ""image_url"": ""https://s3-media3.fl.yelpcdn.com/bphoto/EWaetWWHMlPfJJysRcwUug/o.jpg"", ""is_closed"": false, ""url"": ""https://www.yelp.pt/biz/d-and-m-custom-jewelers-green-bay?adjust_creative=ULHW7ynqdXE8Z9Fnr4irFw&utm_campaign=yelp_api_v3&utm_medium=api_v3_business_search&utm_source=ULHW7ynqdXE8Z9Fnr4irFw"", ""review_count"": 9, ""categories"": [{""alias"": ""jewelry"", ""title"": ""Joalharia""}, {""alias"": ""watch_repair"", ""title"": ""Repara\u00e7\u00e3o de rel\u00f3gios""}, {""alias"": ""watches"", ""title"": ""Rel\u00f3gios""}], ""rating"": 4.0, ""coordinates"": {""latitude"": 44.49027, ""longitude"": -88.06347}, ""transactions"": [], ""price"": ""$$"", ""location"": {""address1"": ""2253 S Oneida St"", ""address2"": """", ""address3"": """", ""city"": ""Green Bay"", ""zip_code"": ""54304"", ""country"": ""US"", ""state"": ""WI"", ""display_address"": [""2253 S Oneida St"", ""Green Bay, WI 54304"", ""Estados Unidos""]}, ""phone"": ""+19204354653"", ""display_phone"": ""+1 920-435-4653"", ""distance"": 33686.007993071245}, {""id"": ""XGgUSQGgzNFk3CVV15Kssw"", ""alias"": ""martin-jewellers-shawano"", ""name"": ""Martin Jewellers"", ""image_url"": ""https://s3-media1.fl.yelpcdn.com/bphoto/S4Vd1X-sDEfWpGrEpmu7IQ/o.jpg"", ""is_closed"": false, ""url"": ""https://www.yelp.pt/biz/martin-jewellers-shawano?adjust_creative=ULHW7ynqdXE8Z9Fnr4irFw&utm_campaign=yelp_api_v3&utm_medium=api_v3_business_search&utm_source=ULHW7ynqdXE8Z9Fnr4irFw"", ""review_count"": 5, ""categories"": [{""alias"": ""jewelry"", ""title"": ""Joalharia""}, {""alias"": ""watches"", ""title"": ""Rel\u00f3gios""}, {""alias"": ""watch_repair"", ""title"": ""Repara\u00e7\u00e3o de rel\u00f3gios""}], ""rating"": 4.0, ""coordinates"": {""latitude"": 44.7804184, ""longitude"": -88.6089706}, ""transactions"": [], ""location"": {""address1"": ""148 S Main St"", ""address2"": """", ""address3"": """", ""city"": ""Shawano"", ""zip_code"": ""54166"", ""country"": ""US"", ""state"": ""WI"", ""display_address"": [""148 S Main St"", ""Shawano, WI 54166"", ""Estados Unidos""]}, ""phone"": ""+17155262030"", ""display_phone"": ""+1 715-526-2030"", ""distance"": 27570.661422167374}, {""id"": ""rj5WWD-VbAuKy8zmz2C4pw"", ""alias"": ""american-antiques-and-jewelry-green-bay"", ""name"": ""American Antiques & Jewelry"", ""image_url"": ""https://s3-media3.fl.yelpcdn.com/bphoto/boLEkDwAD7HrkYG1MrcxVw/o.jpg"", ""is_closed"": false, ""url"": ""https://www.yelp.pt/biz/american-antiques-and-jewelry-green-bay?adjust_creative=ULHW7ynqdXE8Z9Fnr4irFw&utm_campaign=yelp_api_v3&utm_medium=api_v3_business_search&utm_source=ULHW7ynqdXE8Z9Fnr4irFw"", ""review_count"": 17, ""categories"": [{""alias"": ""jewelry"", ""title"": ""Joalharia""}, {""alias"": ""antiques"", ""title"": ""Antiqu\u00e1rios""}, {""alias"": ""watches"", ""title"": ""Rel\u00f3gios""}], ""rating"": 4.0, ""coordinates"": {""latitude"": 44.52321, ""longitude"": -88.09678}, ""transactions"": [], ""price"": ""$$"", ""location"": {""address1"": ""2545 W Mason St"", ""address2"": """", ""address3"": """", ""city"": ""Green Bay"", ""zip_code"": ""54303"", ""country"": ""US"", ""state"": ""WI"", ""display_address"": [""2545 W Mason St"", ""Green Bay, WI 54303"", ""Estados Unidos""]}, ""phone"": ""+19204980111"", ""display_phone"": ""+1 920-498-0111"", ""distance"": 29192.7659205108}, {""id"": ""6Qk3VTekDif3ooR7ElzFwA"", ""alias"": ""rogers-and-hollands-jewelers-ashwaubenon-5"", ""name"": ""Rogers & Hollands\u00ae Jewelers"", ""image_url"": ""https://s3-media3.fl.yelpcdn.com/bphoto/eRprm4bfN3RazXfaQT3rEg/o.jpg"", ""is_closed"": false, ""url"": ""https://www.yelp.pt/biz/rogers-and-hollands-jewelers-ashwaubenon-5?adjust_creative=ULHW7ynqdXE8Z9Fnr4irFw&utm_campaign=yelp_api_v3&utm_medium=api_v3_business_search&utm_source=ULHW7ynqdXE8Z9Fnr4irFw"", ""review_count"": 4, ""categories"": [{""alias"": ""jewelry"", ""title"": ""Joalharia""}, {""alias"": ""watches"", ""title"": ""Rel\u00f3gios""}, {""alias"": ""gemstonesandminerals"", ""title"": ""Pedras preciosas e minerais""}], ""rating"": 4.0, ""coordinates"": {""latitude"": 44.48411, ""longitude"": -88.065964}, ""transactions"": [], ""price"": ""$$$"", ""location"": {""address1"": ""169 Bay Park Sq"", ""address2"": ""Ste 169"", ""address3"": ""Bay Park Square"", ""city"": ""Ashwaubenon"", ""zip_code"": ""54304"", ""country"": ""US"", ""state"": ""WI"", ""display_address"": [""169 Bay Park Sq"", ""Ste 169"", ""Bay Park Square"", ""Ashwaubenon, WI 54304"", ""Estados Unidos""]}, ""phone"": ""+19204900100"", ""display_phone"": ""+1 920-490-0100"", ""distance"": 34201.397469569245}], ""total"": 8, ""region"": {""center"": {""longitude"": -88.26107025146484, ""latitude"": 44.75855738140011}}}",application/json,true,none
test_1hr5ebyp9ruxw_getBusinesses,200,"{""businesses"": [], ""total"": 0, ""region"": {""center"": {""longitude"": -109.42995, ""latitude"": 35.956963}}}",application/json,true,none
test_1hr83oz5zw0h2_getBusinesses,400,"{""error"": {""code"": ""VALIDATION_ERROR"", ""description"": ""Please specify a location or a latitude and longitude""}}",application/json,true,none
test_1hrdohetgd9h1_getBusinesses,400,"{""error"": {""code"": ""VALIDATION_ERROR"", ""description"": ""Please specify a location or a latitude and longitude""}}",application/json,true,none
test_1hrjab4lid9v7_getBusinesses,200,"{""businesses"": [], ""total"": 0, ""region"": {""center"": {""longitude"": -106.96685, ""latitude"": 34.25877}}}",application/json,true,none
test_1hrlzqfkfuhir_getBusinesses,200,"{""businesses"": [], ""total"": 0, ""region"": {""center"": {""longitude"": 144.96734619140625, ""latitude"": -37.81787593178502}}}",application/json,true,none
test_1huzylft5ojle_getBusinesses,200,"{""businesses"": [{""id"": ""c_hiwqi4iHduTCYEySxr6A"", ""alias"": ""french-pastry-shop-santa-fe"", ""name"": ""French Pastry Shop"", ""image_url"": ""https://s3-media2.fl.yelpcdn.com/bphoto/MlNRt_vtafujTGaomyr_8g/o.jpg"", ""is_closed"": false, ""url"": ""https://www.yelp.com.sg/biz/french-pastry-shop-santa-fe?adjust_creative=ULHW7ynqdXE8Z9Fnr4irFw&utm_campaign=yelp_api_v3&utm_medium=api_v3_business_search&utm_source=ULHW7ynqdXE8Z9Fnr4irFw"", ""review_count"": 432, ""categories"": [{""alias"": ""bakeries"", ""title"": ""Bakeries""}, {""alias"": ""french"", ""title"": ""French""}, {""alias"": ""desserts"", ""title"": ""Desserts""}], ""rating"": 3.5, ""coordinates"": {""latitude"": 35.686685, ""longitude"": -105.937794}, ""transactions"": [], ""price"": ""$$"", ""location"": {""address1"": ""100 E San Francisco St"", ""address2"": """", ""address3"": """", ""city"": ""Santa Fe"", ""zip_code"": ""87501"", ""country"": ""US"", ""state"": ""NM"", ""display_address"": [""100 E San Francisco St"", ""Santa Fe, NM 87501"", ""United States""]}, ""phone"": ""+15059836697"", ""display_phone"": ""+1 505-983-6697"", ""distance"": 3153.6745267757815}, {""id"": ""uJ3mFPzymaaOiuvqOQIDnA"", ""alias"": ""red-enchilada-santa-fe-7"", ""name"": ""Red Enchilada"", ""image_url"": ""https://s3-media2.fl.yelpcdn.com/bphoto/0D7SQMMJ2tPotIaf0Ta3UQ/o.jpg"", ""is_closed"": false, ""url"": ""https://www.yelp.com.sg/biz/red-enchilada-santa-fe-7?adjust_creative=ULHW7ynqdXE8Z9Fnr4irFw&utm_campaign=yelp_api_v3&utm_medium=api_v3_business_search&utm_source=ULHW7ynqdXE8Z9Fnr4irFw"", ""review_count"": 90, ""categories"": [{""alias"": ""mexican"", ""title"": ""Mexican""}, {""alias"": ""newmexican"", ""title"": ""New Mexican Cuisine""}, {""alias"": ""salvadoran"", ""title"": ""Salvadoran""}], ""rating"": 4.5, ""coordinates"": {""latitude"": 35.6632295, ""longitude"": -105.97771}, ""transactions"": [""delivery""], ""price"": ""$"", ""location"": {""address1"": ""1310 Osage Ave"", ""address2"": """", ""address3"": """", ""city"": ""Santa Fe"", ""zip_code"": ""87505"", ""country"": ""US"", ""state"": ""NM"", ""display_address"": [""1310 Osage Ave"", ""Santa Fe, NM 87505"", ""United States""]}, ""phone"": ""+15058206552"", ""display_phone"": ""+1 505-820-6552"", ""distance"": 1578.0757056069442}, {""id"": ""rrrFqTmDR2N3AlCesYqV-A"", ""alias"": ""atrisco-cafe-and-bar-santa-fe"", ""name"": ""Atrisco Cafe & Bar"", ""image_url"": ""https://s3-media2.fl.yelpcdn.com/bphoto/CeT1GBB2TPqhgQ6tNPqAJw/o.jpg"", ""is_closed"": false, ""url"": ""https://www.yelp.com.sg/biz/atrisco-cafe-and-bar-santa-fe?adjust_creative=ULHW7ynqdXE8Z9Fnr4irFw&utm_campaign=yelp_api_v3&utm_medium=api_v3_business_search&utm_source=ULHW7ynqdXE8Z9Fnr4irFw"", ""review_count"": 180, ""categories"": [{""alias"": ""newmexican"", ""title"": ""New Mexican Cuisine""}], ""rating"": 4.0, ""coordinates"": {""latitude"": 35.6921902023962, ""longitude"": -105.950218797437}, ""transactions"": [""pickup"", ""delivery""], ""price"": ""$$"", ""location"": {""address1"": ""193 Paseo De Peralta"", ""address2"": null, ""address3"": """", ""city"": ""Santa Fe"", ""zip_code"": ""87501"", ""country"": ""US"", ""state"": ""NM"", ""display_address"": [""193 Paseo De Peralta"", ""Santa Fe, NM 87501"", ""United States""]}, ""phone"": ""+15059837401"", ""display_phone"": ""+1 505-983-7401"", ""distance"": 3153.18056712392}, {""id"": ""9x65YjSegI7V7GNVAizAfA"", ""alias"": ""andiamo-santa-fe-2"", ""name"": ""Andiamo!"", ""image_url"": ""https://s3-media4.fl.yelpcdn.com/bphoto/jFq9AcSuRhRYPQbTFqrx6A/o.jpg"", ""is_closed"": false, ""url"": ""https://www.yelp.com.sg/biz/andiamo-santa-fe-2?adjust_creative=ULHW7ynqdXE8Z9Fnr4irFw&utm_campaign=yelp_api_v3&utm_medium=api_v3_business_search&utm_source=ULHW7ynqdXE8Z9Fnr4irFw"", ""review_count"": 274, ""categories"": [{""alias"": ""italian"", ""title"": ""Italian""}, {""alias"": ""pizza"", ""title"": ""Pizza""}, {""alias"": ""vegetarian"", ""title"": ""Vegetarian""}], ""rating"": 3.5, ""coordinates"": {""latitude"": 35.6839146728652, ""longitude"": -105.945539474487}, ""transactions"": [""delivery""], ""price"": ""$$"", ""location"": {""address1"": ""322 Garfield St"", ""address2"": """", ""address3"": """", ""city"": ""Santa Fe"", ""zip_code"": ""87501"", ""country"": ""US"", ""state"": ""NM"", ""display_address"": [""322 Garfield St"", ""Santa Fe, NM 87501"", ""United States""]}, ""phone"": ""+15059959595"", ""display_phone"": ""+1 505-995-9595"", ""distance"": 2488.6073486981836}, {""id"": ""EnesAuWqY-qUnYzklSDYtw"", ""alias"": ""linos-trattoria-and-pizzeria-santa-fe-2"", ""name"": ""Lino's Trattoria and Pizzeria"", ""image_url"": ""https://s3-media1.fl.yelpcdn.com/bphoto/EauzZorL3fwiebM3MnSDKg/o.jpg"", ""is_closed"": false, ""url"": ""https://www.yelp.com.sg/biz/linos-trattoria-and-pizzeria-santa-fe-2?adjust_creative=ULHW7ynqdXE8Z9Fnr4irFw&utm_campaign=yelp_api_v3&utm_medium=api_v3_business_search&utm_source=ULHW7ynqdXE8Z9Fnr4irFw"", ""review_count"": 203, ""categories"": [{""alias"": ""pizza"", ""title"": ""Pizza""}, {""alias"": ""italian"", ""title"": ""Italian""}, {""alias"": ""breweries"", ""title"": ""Breweries""}], ""rating"": 4.0, ""coordinates"": {""latitude"": 35.68945, ""longitude"": -105.944}, ""transactions"": [""pickup"", ""delivery""], ""price"": ""$$"", ""location"": {""address1"": ""204 N Guadalupe St"", ""address2"": """", ""address3"": """", ""city"": ""Santa Fe"", ""zip_code"": ""87501"", ""country"": ""US"", ""state"": ""NM"", ""display_address"": [""204 N Guadalupe St"", ""Santa Fe, NM 87501"", ""United States""]}, ""phone"": ""+15059828474"", ""display_phone"": ""+1 505-982-8474"", ""distance"": 3083.8561339220573}, {""id"": ""CzkF1w_PtjfgHHd7IUSmdQ"", ""alias"": ""upper-crust-pizza-santa-fe"", ""name"": ""Upper Crust Pizza"", ""image_url"": ""https://s3-media4.fl.yelpcdn.com/bphoto/D3fjMH-IPsgPrDAVg52QsA/o.jpg"", ""is_closed"": false, ""url"": ""https://www.yelp.com.sg/biz/upper-crust-pizza-santa-fe?adjust_creative=ULHW7ynqdXE8Z9Fnr4irFw&utm_campaign=yelp_api_v3&utm_medium=api_v3_business_search&utm_source=ULHW7ynqdXE8Z9Fnr4irFw"", ""review_count"": 360, ""categories"": [{""alias"": ""pizza"", ""title"": ""Pizza""}, {""alias"": ""salad"", ""title"": ""Salad""}, {""alias"": ""sandwiches"", ""title"": ""Sandwiches""}], ""rating"": 3.5, ""coordinates"": {""latitude"": 35.68356, ""longitude"": -105.937161}, ""transactions"": [""delivery""], ""price"": ""$$"", ""location"": {""address1"": ""329 Old Santa Fe Trl"", ""address2"": null, ""address3"": """", ""city"": ""Santa Fe"", ""zip_code"": ""87501"", ""country"": ""US"", ""state"": ""NM"", ""display_address"": [""329 Old Santa Fe Trl"", ""Santa Fe, NM 87501"", ""United States""]}, ""phone"": ""+15059820000"", ""display_phone"": ""+1 505-982-0000"", ""distance"": 2938.08341437139}, {""id"": ""r-yGUvB1IJHCI26K3_lYUA"", ""alias"": ""annapurnas-world-vegetarian-cafe-santa-fe-3"", ""name"": ""Annapurna's World Vegetarian Cafe"", ""image_url"": ""https://s3-media4.fl.yelpcdn.com/bphoto/i7eVipnTStGnz3opc3gNYg/o.jpg"", ""is_closed"": false, ""url"": ""https://www.yelp.com.sg/biz/annapurnas-world-vegetarian-cafe-santa-fe-3?adjust_creative=ULHW7ynqdXE8Z9Fnr4irFw&utm_campaign=yelp_api_v3&utm_medium=api_v3_business_search&utm_source=ULHW7ynqdXE8Z9Fnr4irFw"", ""review_count"": 233, ""categories"": [{""alias"": ""vegetarian"", ""title"": ""Vegetarian""}, {""alias"": ""vegan"", ""title"": ""Vegan""}, {""alias"": ""gluten_free"", ""title"": ""Gluten Free""}], ""rating"": 4.0, ""coordinates"": {""latitude"": 35.6592111907405, ""longitude"": -105.97365154004}, ""transactions"": [""pickup"", ""delivery""], ""price"": ""$$"", ""location"": {""address1"": ""1620 St Michaels Dr"", ""address2"": null, ""address3"": """", ""city"": ""Santa Fe"", ""zip_code"": ""87505"", ""country"": ""US"", ""state"": ""NM"", ""display_address"": [""1620 St Michaels Dr"", ""Santa Fe, NM 87505"", ""United States""]}, ""phone"": ""+15059889688"", ""display_phone"": ""+1 505-988-9688"", ""distance"": 1363.5072520640467}, {""id"": ""nRJM0r56MKU2I26Dk-9gjg"", ""alias"": ""el-farol-restaurant-santa-fe"", ""name"": ""El Farol Restaurant"", ""image_url"": ""https://s3-media1.fl.yelpcdn.com/bphoto/vvSPO2QN8dw-bxmKvhPVKg/o.jpg"", ""is_closed"": false, ""url"": ""https://www.yelp.com.sg/biz/el-farol-restaurant-santa-fe?adjust_creative=ULHW7ynqdXE8Z9Fnr4irFw&utm_campaign=yelp_api_v3&utm_medium=api_v3_business_search&utm_source=ULHW7ynqdXE8Z9Fnr4irFw"", ""review_count"": 383, ""categories"": [{""alias"": ""spanish"", ""title"": ""Spanish""}, {""alias"": ""basque"", ""title"": ""Basque""}, {""alias"": ""tapas"", ""title"": ""Tapas Bars""}], ""rating"": 3.5, ""coordinates"": {""latitude"": 35.68018, ""longitude"": -105.9247}, ""transactions"": [""delivery""], ""price"": ""$$"", ""location"": {""address1"": ""808 Canyon Rd"", ""address2"": """", ""address3"": """", ""city"": ""Santa Fe"", ""zip_code"": ""87501"", ""country"": ""US"", ""state"": ""NM"", ""display_address"": [""808 Canyon Rd"", ""Santa Fe, NM 87501"", ""United States""]}, ""phone"": ""+15059839912"", ""display_phone"": ""+1 505-983-9912"", ""distance"": 3625.5530145647012}, {""id"": ""CFzy-mTkCNmHWFWy9FJ92g"", ""alias"": ""draft-station-santa-fe"", ""name"": ""Draft Station"", ""image_url"": ""https://s3-media1.fl.yelpcdn.com/bphoto/CJCXU8p4dpI7nd-F8mI2lA/o.jpg"", ""is_closed"": false, ""url"": ""https://www.yelp.com.sg/biz/draft-station-santa-fe?adjust_creative=ULHW7ynqdXE8Z9Fnr4irFw&utm_campaign=yelp_api_v3&utm_medium=api_v3_business_search&utm_source=ULHW7ynqdXE8Z9Fnr4irFw"", ""review_count"": 210, ""categories"": [{""alias"": ""pubs"", ""title"": ""Pubs""}, {""alias"": ""pizza"", ""title"": ""Pizza""}, {""alias"": ""cideries"", ""title"": ""Cideries""}], ""rating"": 4.0, ""coordinates"": {""latitude"": 35.6870156389172, ""longitude"": -105.938762855165}, ""transactions"": [], ""price"": ""$$"", ""location"": {""address1"": ""60 E San Francisco St"", ""address2"": ""Ste 313"", ""address3"": """", ""city"": ""Santa Fe"", ""zip_code"": ""87501"", ""country"": ""US"", ""state"": ""NM"", ""display_address"": [""60 E San Francisco St"", ""Ste 313"", ""Santa Fe, NM 87501"", ""United States""]}, ""phone"": ""+15059836443"", ""display_phone"": ""+1 505-983-6443"", ""distance"": 3126.3780689411733}, {""id"": ""D2qyKgaZW151ukMsTictfg"", ""alias"": ""sunrise-family-restaurant-santa-fe-2"", ""name"": ""Sunrise Family Restaurant"", ""image_url"": ""https://s3-media1.fl.yelpcdn.com/bphoto/57FAu7VE1AsZT4YhuiuXWA/o.jpg"", ""is_closed"": false, ""url"": ""https://www.yelp.com.sg/biz/sunrise-family-restaurant-santa-fe-2?adjust_creative=ULHW7ynqdXE8Z9Fnr4irFw&utm_campaign=yelp_api_v3&utm_medium=api_v3_business_search&utm_source=ULHW7ynqdXE8Z9Fnr4irFw"", ""review_count"": 89, ""categories"": [{""alias"": ""newamerican"", ""title"": ""American (New)""}, {""alias"": ""mexican"", ""title"": ""Mexican""}], ""rating"": 4.5, ""coordinates"": {""latitude"": 35.659657, ""longitude"": -105.970813}, ""transactions"": [""pickup"", ""delivery""], ""price"": ""$"", ""location"": {""address1"": ""1851 Saint Michaels Dr"", ""address2"": """", ""address3"": """", ""city"": ""Santa Fe"", ""zip_code"": ""87505"", ""country"": ""US"", ""state"": ""NM"", ""display_address"": [""1851 Saint Michaels Dr"", ""Santa Fe, NM 87505"", ""United States""]}, ""phone"": ""+15058200643"", ""display_phone"": ""+1 505-820-0643"", ""distance"": 1119.985636158629}, {""id"": ""AOC2itiL2cHmdtcK6xncYw"", ""alias"": ""anthonys-grill-santa-fe"", ""name"": ""Anthonys Grill"", ""image_url"": ""https://s3-media2.fl.yelpcdn.com/bphoto/Hao4NVxJ7OHjf8T3pL8epw/o.jpg"", ""is_closed"": false, ""url"": ""https://www.yelp.com.sg/biz/anthonys-grill-santa-fe?adjust_creative=ULHW7ynqdXE8Z9Fnr4irFw&utm_campaign=yelp_api_v3&utm_medium=api_v3_business_search&utm_source=ULHW7ynqdXE8Z9Fnr4irFw"", ""review_count"": 54, ""categories"": [{""alias"": ""chicken_wings"", ""title"": ""Chicken Wings""}, {""alias"": ""chinese"", ""title"": ""Chinese""}, {""alias"": ""vegetarian"", ""title"": ""Vegetarian""}], ""rating"": 5.0, ""coordinates"": {""latitude"": 35.65862, ""longitude"": -105.97466}, ""transactions"": [""pickup"", ""delivery""], ""location"": {""address1"": ""1622 St Michaels Dr"", ""address2"": null, ""address3"": """", ""city"": ""Santa Fe"", ""zip_code"": ""87505"", ""country"": ""US"", ""state"": ""NM"", ""display_address"": [""1622 St Michaels Dr"", ""Santa Fe, NM 87505"", ""United States""]}, ""phone"": ""+15053652932"", ""display_phone"": ""+1 505-365-2932"", ""distance"": 1468.839023011367}, {""id"": ""yAZMMoae0liikGff1bnMAQ"", ""alias"": ""loretto-chapel-santa-fe"", ""name"": ""Loretto Chapel"", ""image_url"": ""https://s3-media4.fl.yelpcdn.com/bphoto/J5HYV9qr-UlaH6c-Up64zg/o.jpg"", ""is_closed"": false, ""url"": ""https://www.yelp.com.sg/biz/loretto-chapel-santa-fe?adjust_creative=ULHW7ynqdXE8Z9Fnr4irFw&utm_campaign=yelp_api_v3&utm_medium=api_v3_business_search&utm_source=ULHW7ynqdXE8Z9Fnr4irFw"", ""review_count"": 135, ""categories"": [{""alias"": ""churches"", ""title"": ""Churches""}, {""alias"": ""landmarks"", ""title"": ""Landmarks & Historic Buildings""}], ""rating"": 4.0, ""coordinates"": {""latitude"": 35.6856346130371, ""longitude"": -105.937561035156}, ""transactions"": [], ""location"": {""address1"": ""207 Old Santa Fe Trl"", ""address2"": """", ""address3"": """", ""city"": ""Santa Fe"", ""zip_code"": ""87501"", ""country"": ""US"", ""state"": ""NM"", ""display_address"": [""207 Old Santa Fe Trl"", ""Santa Fe, NM 87501"", ""United States""]}, ""phone"": ""+15059820092"", ""display_phone"": ""+1 505-982-0092"", ""distance"": 3061.040109194364}, {""id"": ""sQJTxg7Qv4W3vDxPpeif4g"", ""alias"": ""pecos-trail-cafe-santa-fe-4"", ""name"": ""Pecos Trail Cafe"", ""image_url"": ""https://s3-media1.fl.yelpcdn.com/bphoto/GmPT6RmNNGFbV0hkkrZpkg/o.jpg"", ""is_closed"": false, ""url"": ""https://www.yelp.com.sg/biz/pecos-trail-cafe-santa-fe-4?adjust_creative=ULHW7ynqdXE8Z9Fnr4irFw&utm_campaign=yelp_api_v3&utm_medium=api_v3_business_search&utm_source=ULHW7ynqdXE8Z9Fnr4irFw"", ""review_count"": 101, ""categories"": [{""alias"": ""newmexican"", ""title"": ""New Mexican Cuisine""}, {""alias"": ""breakfast_brunch"", ""title"": ""Breakfast & Brunch""}], ""rating"": 4.5, ""coordinates"": {""latitude"": 35.64781, ""longitude"": -105.93331}, ""transactions"": [""pickup""], ""price"": ""$"", ""location"": {""address1"": ""2239 Old Pecos Trl"", ""address2"": """", ""address3"": ""The Pecos Trail Inn"", ""city"": ""Santa Fe"", ""zip_code"": ""87505"", ""country"": ""US"", ""state"": ""NM"", ""display_address"": [""2239 Old Pecos Trl"", ""The Pecos Trail Inn"", ""Santa Fe, NM 87505"", ""United States""]}, ""phone"": ""+15059829444"", ""display_phone"": ""+1 505-982-9444"", ""distance"": 3111.666177246986}, {""id"": ""ukYfx5TgxryQBlWvbp8-aQ"", ""alias"": ""thunderbird-bar-and-grill-santa-fe"", ""name"": ""Thunderbird Bar & Grill"", ""image_url"": ""https://s3-media4.fl.yelpcdn.com/bphoto/XVKrEZAsX5Tte1dgeQUf6g/o.jpg"", ""is_closed"": false, ""url"": ""https://www.yelp.com.sg/biz/thunderbird-bar-and-grill-santa-fe?adjust_creative=ULHW7ynqdXE8Z9Fnr4irFw&utm_campaign=yelp_api_v3&utm_medium=api_v3_business_search&utm_source=ULHW7ynqdXE8Z9Fnr4irFw"", ""review_count"": 484, ""categories"": [{""alias"": ""tradamerican"", ""title"": ""American (Traditional)""}, {""alias"": ""mexican"", ""title"": ""Mexican""}], ""rating"": 3.5, ""coordinates"": {""latitude"": 35.687360805549, ""longitude"": -105.939164670785}, ""transactions"": [""delivery""], ""price"": ""$$"", ""location"": {""address1"": ""50 Lincoln Ave"", ""address2"": """", ""address3"": """", ""city"": ""Santa Fe"", ""zip_code"": ""87501"", ""country"": ""US"", ""state"": ""NM"", ""display_address"": [""50 Lincoln Ave"", ""Santa Fe, NM 87501"", ""United States""]}, ""phone"": ""+15054906550"", ""display_phone"": ""+1 505-490-6550"", ""distance"": 3134.102857005374}, {""id"": ""lFiRgtFweccr85mxfm4yuA"", ""alias"": ""the-burrito-company-santa-fe"", ""name"": ""The Burrito Company"", ""image_url"": ""https://s3-media1.fl.yelpcdn.com/bphoto/7c5b-sKJhG5nfntcQOek8A/o.jpg"", ""is_closed"": false, ""url"": ""https://www.yelp.com.sg/biz/the-burrito-company-santa-fe?adjust_creative=ULHW7ynqdXE8Z9Fnr4irFw&utm_campaign=yelp_api_v3&utm_medium=api_v3_business_search&utm_source=ULHW7ynqdXE8Z9Fnr4irFw"", ""review_count"": 214, ""categories"": [{""alias"": ""mexican"", ""title"": ""Mexican""}], ""rating"": 4.0, ""coordinates"": {""latitude"": 35.6878581, ""longitude"": -105.9374158}, ""transactions"": [""pickup"", ""delivery""], ""price"": ""$$"", ""location"": {""address1"": ""111 Washington Ave"", ""address2"": """", ""address3"": """", ""city"": ""Santa Fe"", ""zip_code"": ""87501"", ""country"": ""US"", ""state"": ""NM"", ""display_address"": [""111 Washington Ave"", ""Santa Fe, NM 87501"", ""United States""]}, ""phone"": ""+15059824453"", ""display_phone"": ""+1 505-982-4453"", ""distance"": 3296.291893201622}, {""id"": ""4AKizVhKVYI5pNn53BsESw"", ""alias"": ""tortilla-flats-santa-fe"", ""name"": ""Tortilla Flats"", ""image_url"": ""https://s3-media3.fl.yelpcdn.com/bphoto/b5ySAaM9X834mFz3-ovt1Q/o.jpg"", ""is_closed"": false, ""url"": ""https://www.yelp.com.sg/biz/tortilla-flats-santa-fe?adjust_creative=ULHW7ynqdXE8Z9Fnr4irFw&utm_campaign=yelp_api_v3&utm_medium=api_v3_business_search&utm_source=ULHW7ynqdXE8Z9Fnr4irFw"", ""review_count"": 339, ""categories"": [{""alias"": ""newmexican"", ""title"": ""New Mexican Cuisine""}], ""rating"": 3.5, ""coordinates"": {""latitude"": 35.65353, ""longitude"": -105.99559}, ""transactions"": [""delivery""], ""price"": ""$$"", ""location"": {""address1"": ""3139 Cerrillos Rd"", ""address2"": """", ""address3"": """", ""city"": ""Santa Fe"", ""zip_code"": ""87507"", ""country"": ""US"", ""state"": ""NM"", ""display_address"": [""3139 Cerrillos Rd"", ""Santa Fe, NM 87507"", ""United States""]}, ""phone"": ""+15054718685"", ""display_phone"": ""+1 505-471-8685"", ""distance"": 3429.138828137978}, {""id"": ""wuAq3oxC9BRDoOguCWsvRg"", ""alias"": ""sabor-peruano-restaurant-santa-fe"", ""name"": ""Sabor Peruano Restaurant"", ""image_url"": ""https://s3-media1.fl.yelpcdn.com/bphoto/BLrg6frHlF6Ugy9DO2zIvQ/o.jpg"", ""is_closed"": false, ""url"": ""https://www.yelp.com.sg/biz/sabor-peruano-restaurant-santa-fe?adjust_creative=ULHW7ynqdXE8Z9Fnr4irFw&utm_campaign=yelp_api_v3&utm_medium=api_v3_business_search&utm_source=ULHW7ynqdXE8Z9Fnr4irFw"", ""review_count"": 71, ""categories"": [{""alias"": ""peruvian"", ""title"": ""Peruvian""}, {""alias"": ""empanadas"", ""title"": ""Empanadas""}, {""alias"": ""soup"", ""title"": ""Soup""}], ""rating"": 4.5, ""coordinates"": {""latitude"": 35.692409, ""longitude"": -105.95094}, ""transactions"": [""delivery""], ""price"": ""$$"", ""location"": {""address1"": ""163 Paseo De Peralta"", ""address2"": null, ""address3"": ""Devargas Mall"", ""city"": ""Santa Fe"", ""zip_code"": ""87501"", ""country"": ""US"", ""state"": ""NM"", ""display_address"": [""163 Paseo De Peralta"", ""Devargas Mall"", ""Santa Fe, NM 87501"", ""United States""]}, ""phone"": ""+15054536260"", ""display_phone"": ""+1 505-453-6260"", ""distance"": 3158.2408702701564}, {""id"": ""atGbvh-Mm-gVsmuPF0i6rw"", ""alias"": ""santafamous-street-eats-santa-fe"", ""name"": ""Santafamous Street Eats"", ""image_url"": ""https://s3-media2.fl.yelpcdn.com/bphoto/ZaAp3hvHWacRLh8jhxb9hg/o.jpg"", ""is_closed"": false, ""url"": ""https://www.yelp.com.sg/biz/santafamous-street-eats-santa-fe?adjust_creative=ULHW7ynqdXE8Z9Fnr4irFw&utm_campaign=yelp_api_v3&utm_medium=api_v3_business_search&utm_source=ULHW7ynqdXE8Z9Fnr4irFw"", ""review_count"": 40, ""categories"": [{""alias"": ""foodtrucks"", ""title"": ""Food Trucks""}, {""alias"": ""newmexican"", ""title"": ""New Mexican Cuisine""}], ""rating"": 5.0, ""coordinates"": {""latitude"": 35.681277, ""longitude"": -105.9381754}, ""transactions"": [], ""price"": ""$"", ""location"": {""address1"": ""502 Old Santa Fe Trl"", ""address2"": null, ""address3"": """", ""city"": ""Santa Fe"", ""zip_code"": ""87505"", ""country"": ""US"", ""state"": ""NM"", ""display_address"": [""502 Old Santa Fe Trl"", ""Santa Fe, NM 87505"", ""United States""]}, ""phone"": ""+15052692858"", ""display_phone"": ""+1 505-269-2858"", ""distance"": 2674.8081260143445}, {""id"": ""ANqpydu0SBOfHAyuF99tsA"", ""alias"": ""pizza-centro-santa-fe-2"", ""name"": ""Pizza Centro"", ""image_url"": ""https://s3-media3.fl.yelpcdn.com/bphoto/XBd0Vqp6_2iNomfvGPjsBQ/o.jpg"", ""is_closed"": false, ""url"": ""https://www.yelp.com.sg/biz/pizza-centro-santa-fe-2?adjust_creative=ULHW7ynqdXE8Z9Fnr4irFw&utm_campaign=yelp_api_v3&utm_medium=api_v3_business_search&utm_source=ULHW7ynqdXE8Z9Fnr4irFw"", ""review_count"": 163, ""categories"": [{""alias"": ""pizza"", ""title"": ""Pizza""}, {""alias"": ""italian"", ""title"": ""Italian""}, {""alias"": ""gelato"", ""title"": ""Gelato""}], ""rating"": 4.0, ""coordinates"": {""latitude"": 35.683940480192334, ""longitude"": -105.94364190222832}, ""transactions"": [""delivery""], ""price"": ""$$"", ""location"": {""address1"": ""418 Cerrillos Rd"", ""address2"": """", ""address3"": """", ""city"": ""Santa Fe"", ""zip_code"": ""87501"", ""country"": ""US"", ""state"": ""NM"", ""display_address"": [""418 Cerrillos Rd"", ""Santa Fe, NM 87501"", ""United States""]}, ""phone"": ""+15059888825"", ""display_phone"": ""+1 505-988-8825"", ""distance"": 2587.3500722999106}, {""id"": ""wuK2o2d0EWPR0XTJOWhB0w"", ""alias"": ""sassella-santa-fe"", ""name"": ""Sassella"", ""image_url"": ""https://s3-media2.fl.yelpcdn.com/bphoto/_eIc_sfcx3E2wdnXgjN4zw/o.jpg"", ""is_closed"": false, ""url"": ""https://www.yelp.com.sg/biz/sassella-santa-fe?adjust_creative=ULHW7ynqdXE8Z9Fnr4irFw&utm_campaign=yelp_api_v3&utm_medium=api_v3_business_search&utm_source=ULHW7ynqdXE8Z9Fnr4irFw"", ""review_count"": 94, ""categories"": [{""alias"": ""italian"", ""title"": ""Italian""}], ""rating"": 4.5, ""coordinates"": {""latitude"": 35.68926, ""longitude"": -105.94156}, ""transactions"": [""delivery""], ""location"": {""address1"": ""225 Johnson St"", ""address2"": null, ""address3"": """", ""city"": ""Santa Fe"", ""zip_code"": ""87501"", ""country"": ""US"", ""state"": ""NM"", ""display_address"": [""225 Johnson St"", ""Santa Fe, NM 87501"", ""United States""]}, ""phone"": ""+15059826734"", ""display_phone"": ""+1 505-982-6734"", ""distance"": 3181.038973387887}], ""total"": 598, ""region"": {""center"": {""longitude"": -105.96038818359375, ""latitude"": 35.665062782072155}}}",application/json,true,none
test_1iv3sxlr5v7e9_getBusinesses,400,"{""error"": {""code"": ""VALIDATION_ERROR"", ""description"": ""Please specify a location or a latitude and longitude""}}",application/json,true,none
test_1iyex7vozbokz_getBusinesses,400,"{""error"": {""code"": ""VALIDATION_ERROR"", ""description"": ""Please specify a location or a latitude and longitude""}}",application/json,true,none
test_1iyfh3kk7cnky_getBusinesses,400,"{""error"": {""code"": ""VALIDATION_ERROR"", ""description"": ""Too many results requested, limit+offset must be <= 1000.""}}",application/json,true,none
test_1jenrlqyd973o_getBusinesses,200,"{""businesses"": [], ""total"": 111, ""region"": {""center"": {""longitude"": -106.44927978515625, ""latitude"": 31.653215982221013}}}",application/json,true,none
test_1jer0irnb8yep_getBusinesses,400,"{""error"": {""code"": ""VALIDATION_ERROR"", ""description"": ""Please specify a location or a latitude and longitude""}}",application/json,true,none
test_1jetb5mj6j5mb_getBusinesses,400,"{""error"": {""code"": ""VALIDATION_ERROR"", ""description"": ""Please specify a location or a latitude and longitude""}}",application/json,true,none
test_1jyisq6wx03si_getBusinesses,200,"{""businesses"": [], ""total"": 0, ""region"": {""center"": {""longitude"": 9.189033508300781, ""latitude"": 45.47047287954827}}}",application/json,true,none
test_qdpxns159qhx_getBusinesses,200,"{""businesses"": [], ""total"": 0, ""region"": {""center"": {""longitude"": 144.96734619140625, ""latitude"": -37.81787593178502}}}",application/json,true,none
test_qhi9s1xu8v95_getBusinesses,200,"{""businesses"": [], ""total"": 0, ""region"": {""center"": {""longitude"": 9.189033508300781, ""latitude"": 45.47047287954827}}}",application/json,true,none
test_qhia3siw1gs6_getBusinesses,200,"{""businesses"": [], ""total"": 0, ""region"": {""center"": {""longitude"": -107.74489, ""latitude"": 35.911743}}}",application/json,true,none
test_qhkj63756vjo_getBusinesses,400,"{""error"": {""code"": ""VALIDATION_ERROR"", ""description"": ""Please specify a location or a latitude and longitude""}}",application/json,true,none
test_qhsu6a8zqmw1_getBusinesses,400,"{""error"": {""code"": ""VALIDATION_ERROR"", ""description"": ""Please specify a location or a latitude and longitude""}}",application/json,true,none
test_qhtcvn5yap9i_getBusinesses,200,"{""businesses"": [{""id"": ""zogED6gvfQMSw9NNZBaXAw"", ""alias"": ""friendship-house-merrill-2"", ""name"": ""Friendship House"", ""image_url"": ""https://s3-media2.fl.yelpcdn.com/bphoto/fGg8hzHAVDjAg-pGuusfnw/o.jpg"", ""is_closed"": false, ""url"": ""https://www.yelp.com/biz/friendship-house-merrill-2?adjust_creative=ULHW7ynqdXE8Z9Fnr4irFw&utm_campaign=yelp_api_v3&utm_medium=api_v3_business_search&utm_source=ULHW7ynqdXE8Z9Fnr4irFw"", ""review_count"": 31, ""categories"": [{""alias"": ""tradamerican"", ""title"": ""American (Traditional)""}, {""alias"": ""breakfast_brunch"", ""title"": ""Breakfast & Brunch""}, {""alias"": ""diners"", ""title"": ""Diners""}], ""rating"": 4.5, ""coordinates"": {""latitude"": 45.1277328540408, ""longitude"": -89.6382690661926}, ""transactions"": [""pickup"", ""delivery""], ""price"": ""$"", ""location"": {""address1"": ""N357 Brandenburg Ave"", ""address2"": null, ""address3"": """", ""city"": ""Merrill"", ""zip_code"": ""54452"", ""country"": ""US"", ""state"": ""WI"", ""display_address"": [""N357 Brandenburg Ave"", ""Merrill, WI 54452""]}, ""phone"": ""+17155368582"", ""display_phone"": ""(715) 536-8582"", ""distance"": 44486.74848691125}], ""total"": 1, ""region"": {""center"": {""longitude"": -89.94321, ""latitude"": 44.79083}}}",application/json,true,none
test_rhlmtvgsqx5v_getBusinesses,400,"{""error"": {""code"": ""VALIDATION_ERROR"", ""description"": ""Please specify a location or a latitude and longitude""}}",application/json,true,none
test_rhroorrc3s51_getBusinesses,200,"{""businesses"": [], ""total"": 0, ""region"": {""center"": {""longitude"": -88.26107025146484, ""latitude"": 44.75855738140011}}}",application/json,true,none
test_rkxbtz3idels_getBusinesses,400,"{""error"": {""code"": ""LOCATION_NOT_FOUND"", ""description"": ""Could not execute search, try specifying a more exact location.""}}",application/json,true,none
test_rkzmgvyd61y9_getBusinesses,400,"{""error"": {""code"": ""VALIDATION_ERROR"", ""description"": ""Please specify a location or a latitude and longitude""}}",application/json,true,none
test_rkzmj8umwf8y_getBusinesses,400,"{""error"": {""code"": ""VALIDATION_ERROR"", ""description"": ""Please specify a location or a latitude and longitude""}}",application/json,true,none
test_rl2v07emz1o0_getBusinesses,200,"{""businesses"": [{""id"": ""7bbo0LJU5ll-pGXQqH_Qng"", ""alias"": ""lago-mulino-zibido-san-giacomo"", ""name"": ""Lago Mulino"", ""image_url"": ""https://s3-media1.fl.yelpcdn.com/bphoto/LZXxJ-dDkw5us4OIZdMXaw/o.jpg"", ""is_closed"": false, ""url"": ""https://en.yelp.ch/biz/lago-mulino-zibido-san-giacomo?adjust_creative=ULHW7ynqdXE8Z9Fnr4irFw&utm_campaign=yelp_api_v3&utm_medium=api_v3_business_search&utm_source=ULHW7ynqdXE8Z9Fnr4irFw"", ""review_count"": 2, ""categories"": [{""alias"": ""lakes"", ""title"": ""Lakes""}, {""alias"": ""fishing"", ""title"": ""Fishing""}], ""rating"": 5.0, ""coordinates"": {""latitude"": 45.37568, ""longitude"": 9.106363}, ""transactions"": [], ""location"": {""address1"": ""Piazza Roma 1"", ""address2"": """", ""address3"": """", ""city"": ""Zibido San Giacomo"", ""zip_code"": ""20080"", ""country"": ""IT"", ""state"": ""MI"", ""display_address"": [""Piazza Roma 1"", ""20080 Zibido San Giacomo"", ""Italy""]}, ""phone"": ""+393381684993"", ""display_phone"": ""+39 338 168 4993"", ""distance"": 12358.355246460578}, {""id"": ""1FCjoNCi4E0zdnGkytLaNQ"", ""alias"": ""madegra-milano"", ""name"": ""Madegra"", ""image_url"": ""https://s3-media3.fl.yelpcdn.com/bphoto/_ulBmXeqnKoeHPSmHpL_Kg/o.jpg"", ""is_closed"": false, ""url"": ""https://en.yelp.ch/biz/madegra-milano?adjust_creative=ULHW7ynqdXE8Z9Fnr4irFw&utm_campaign=yelp_api_v3&utm_medium=api_v3_business_search&utm_source=ULHW7ynqdXE8Z9Fnr4irFw"", ""review_count"": 2, ""categories"": [{""alias"": ""panzerotti"", ""title"": ""Panzerotti""}, {""alias"": ""pizza"", ""title"": ""Pizza""}], ""rating"": 5.0, ""coordinates"": {""latitude"": 45.4776634215826, ""longitude"": 9.18497331440449}, ""transactions"": [], ""price"": ""\u20ac"", ""location"": {""address1"": ""Via della Moscova 52"", ""address2"": """", ""address3"": null, ""city"": ""Milano"", ""zip_code"": ""20121"", ""country"": ""IT"", ""state"": ""MI"", ""display_address"": [""Via della Moscova 52"", ""20121 Milano"", ""Italy""]}, ""phone"": ""+390263793819"", ""display_phone"": ""+39 02 6379 3819"", ""distance"": 859.9470585869159}, {""id"": ""dFlT3Txz1tNZnCT6MHLphQ"", ""alias"": ""parco-trotter-milano-2"", ""name"": ""Parco Trotter"", ""image_url"": ""https://s3-media3.fl.yelpcdn.com/bphoto/lL8dWrCnvBxdAsAUWznBug/o.jpg"", ""is_closed"": false, ""url"": ""https://en.yelp.ch/biz/parco-trotter-milano-2?adjust_creative=ULHW7ynqdXE8Z9Fnr4irFw&utm_campaign=yelp_api_v3&utm_medium=api_v3_business_search&utm_source=ULHW7ynqdXE8Z9Fnr4irFw"", ""review_count"": 2, ""categories"": [{""alias"": ""parks"", ""title"": ""Park & Forests""}], ""rating"": 5.0, ""coordinates"": {""latitude"": 45.4948883, ""longitude"": 9.2216702}, ""transactions"": [], ""location"": {""address1"": ""Via Giuseppe Giacosa 46"", ""address2"": ""Via Padova 69"", ""address3"": """", ""city"": ""Milano"", ""zip_code"": ""20127"", ""country"": ""IT"", ""state"": ""MI"", ""display_address"": [""Via Giuseppe Giacosa 46"", ""Via Padova 69"", ""20127 Milano"", ""Italy""]}, ""phone"": ""+39020202"", ""display_phone"": ""+39 02 0202"", ""distance"": 3724.8027083534953}, {""id"": ""r0MKyNjbga2Lmt5G5oxGIg"", ""alias"": ""semprebio-milano"", ""name"": ""SempreBio"", ""image_url"": ""https://s3-media1.fl.yelpcdn.com/bphoto/KtMEo7nH7U5BVxxn-f_54A/o.jpg"", ""is_closed"": false, ""url"": ""https://en.yelp.ch/biz/semprebio-milano?adjust_creative=ULHW7ynqdXE8Z9Fnr4irFw&utm_campaign=yelp_api_v3&utm_medium=api_v3_business_search&utm_source=ULHW7ynqdXE8Z9Fnr4irFw"", ""review_count"": 4, ""categories"": [{""alias"": ""cafeteria"", ""title"": ""Cafeterias""}, {""alias"": ""healthmarkets"", ""title"": ""Health Food""}], ""rating"": 4.5, ""coordinates"": {""latitude"": 45.4779015, ""longitude"": 9.2109604}, ""transactions"": [], ""location"": {""address1"": ""Via Broggi 13"", ""address2"": """", ""address3"": """", ""city"": ""Milano"", ""zip_code"": ""20139"", ""country"": ""IT"", ""state"": ""MI"", ""display_address"": [""Via Broggi 13"", ""20139 Milano"", ""Italy""]}, ""phone"": ""+390229407378"", ""display_phone"": ""+39 02 2940 7378"", ""distance"": 1896.756074503824}, {""id"": ""XS3nmgbjvFRBdAIqycDbwQ"", ""alias"": ""casa-milan-milano"", ""name"": ""Casa Milan"", ""image_url"": ""https://s3-media1.fl.yelpcdn.com/bphoto/MbRgPjo6yPD73knYJ1Qd7w/o.jpg"", ""is_closed"": false, ""url"": ""https://en.yelp.ch/biz/casa-milan-milano?adjust_creative=ULHW7ynqdXE8Z9Fnr4irFw&utm_campaign=yelp_api_v3&utm_medium=api_v3_business_search&utm_source=ULHW7ynqdXE8Z9Fnr4irFw"", ""review_count"": 2, ""categories"": [{""alias"": ""sportswear"", ""title"": ""Sports Wear""}, {""alias"": ""museums"", ""title"": ""Museums""}], ""rating"": 5.0, ""coordinates"": {""latitude"": 45.4856736581282, ""longitude"": 9.14835313585604}, ""transactions"": [], ""price"": ""\u20ac\u20ac"", ""location"": {""address1"": ""Via Aldo Rossi 8"", ""address2"": null, ""address3"": """", ""city"": ""Milano"", ""zip_code"": ""20149"", ""country"": ""IT"", ""state"": ""MI"", ""display_address"": [""Via Aldo Rossi 8"", ""20149 Milano"", ""Italy""]}, ""phone"": ""+390262281"", ""display_phone"": ""+39 02 62281"", ""distance"": 3594.022253847844}, {""id"": ""5CWinvJxMbDQS-zFrCaWgg"", ""alias"": ""bonadonna-kitchen-milano"", ""name"": ""Bonadonna Kitchen"", ""image_url"": ""https://s3-media4.fl.yelpcdn.com/bphoto/b4iRvM63F71zdZZsLLi5pQ/o.jpg"", ""is_closed"": false, ""url"": ""https://en.yelp.ch/biz/bonadonna-kitchen-milano?adjust_creative=ULHW7ynqdXE8Z9Fnr4irFw&utm_campaign=yelp_api_v3&utm_medium=api_v3_business_search&utm_source=ULHW7ynqdXE8Z9Fnr4irFw"", ""review_count"": 2, ""categories"": [{""alias"": ""tradamerican"", ""title"": ""American (Traditional)""}, {""alias"": ""burgers"", ""title"": ""Burgers""}], ""rating"": 5.0, ""coordinates"": {""latitude"": 45.487999, ""longitude"": 9.1896896}, ""transactions"": [], ""location"": {""address1"": ""Via Garigliano 6"", ""address2"": """", ""address3"": """", ""city"": ""Milano"", ""zip_code"": ""20159"", ""country"": ""IT"", ""state"": ""MI"", ""display_address"": [""Via Garigliano 6"", ""20159 Milano"", ""Italy""]}, ""phone"": ""+39026884608"", ""display_phone"": ""+39 02 688 4608"", ""distance"": 1948.7505471383956}, {""id"": ""ZiVtByBLEFXvKp0_teC58A"", ""alias"": ""adelaide-milano-milano"", ""name"": ""Adelaide Milano"", ""image_url"": ""https://s3-media4.fl.yelpcdn.com/bphoto/pvDP5x_QQYtMFwn2w__jPQ/o.jpg"", ""is_closed"": false, ""url"": ""https://en.yelp.ch/biz/adelaide-milano-milano?adjust_creative=ULHW7ynqdXE8Z9Fnr4irFw&utm_campaign=yelp_api_v3&utm_medium=api_v3_business_search&utm_source=ULHW7ynqdXE8Z9Fnr4irFw"", ""review_count"": 2, ""categories"": [{""alias"": ""markets"", ""title"": ""Greengrocers""}, {""alias"": ""juicebars"", ""title"": ""Juice Bar & Smoothies""}, {""alias"": ""creperies"", ""title"": ""Crepes""}], ""rating"": 5.0, ""coordinates"": {""latitude"": 45.4752312, ""longitude"": 9.1377296}, ""transactions"": [], ""location"": {""address1"": ""Piazzale Segesta 4603"", ""address2"": """", ""address3"": """", ""city"": ""Milano"", ""zip_code"": ""20148"", ""country"": ""IT"", ""state"": ""MI"", ""display_address"": [""Piazzale Segesta 4603"", ""20148 Milano"", ""Italy""]}, ""phone"": ""+390248701204"", ""display_phone"": ""+39 02 4870 1204"", ""distance"": 4014.5501560095063}, {""id"": ""-nhIho1szQqwpmXbUkt8Bw"", ""alias"": ""caff\u00e8-torrital-milano-2"", ""name"": ""Caff\u00e8 Torrital"", ""image_url"": ""https://s3-media2.fl.yelpcdn.com/bphoto/_W5pR22WXH8AFIMeWZgxZQ/o.jpg"", ""is_closed"": false, ""url"": ""https://en.yelp.ch/biz/caff%C3%A8-torrital-milano-2?adjust_creative=ULHW7ynqdXE8Z9Fnr4irFw&utm_campaign=yelp_api_v3&utm_medium=api_v3_business_search&utm_source=ULHW7ynqdXE8Z9Fnr4irFw"", ""review_count"": 2, ""categories"": [{""alias"": ""bars"", ""title"": ""Bars""}, {""alias"": ""cafes"", ""title"": ""Cafes""}], ""rating"": 5.0, ""coordinates"": {""latitude"": 45.45781, ""longitude"": 9.16025}, ""transactions"": [], ""location"": {""address1"": ""Via Vincenzo Foppa 22"", ""address2"": """", ""address3"": """", ""city"": ""Milano"", ""zip_code"": ""20144"", ""country"": ""IT"", ""state"": ""MI"", ""display_address"": [""Via Vincenzo Foppa 22"", ""20144 Milano"", ""Italy""]}, ""phone"": """", ""display_phone"": """", ""distance"": 2649.9945282768044}, {""id"": ""OnP3wyuJNqq5uOSbhRbgaA"", ""alias"": ""ruota-solare-solar-wheel-milano"", ""name"": ""Ruota Solare - Solar Wheel"", ""image_url"": ""https://s3-media3.fl.yelpcdn.com/bphoto/DOrlzaT3eDi7t-PVkK2qiQ/o.jpg"", ""is_closed"": false, ""url"": ""https://en.yelp.ch/biz/ruota-solare-solar-wheel-milano?adjust_creative=ULHW7ynqdXE8Z9Fnr4irFw&utm_campaign=yelp_api_v3&utm_medium=api_v3_business_search&utm_source=ULHW7ynqdXE8Z9Fnr4irFw"", ""review_count"": 2, ""categories"": [{""alias"": ""landmarks"", ""title"": ""Landmarks & Historic Buildings""}], ""rating"": 5.0, ""coordinates"": {""latitude"": 45.4670192, ""longitude"": 9.1936818}, ""transactions"": [], ""location"": {""address1"": ""Piazza Meda"", ""address2"": """", ""address3"": """", ""city"": ""Milano"", ""zip_code"": ""20121"", ""country"": ""IT"", ""state"": ""MI"", ""display_address"": [""Piazza Meda"", ""20121 Milano"", ""Italy""]}, ""phone"": ""+39020202"", ""display_phone"": ""+39 02 0202"", ""distance"": 528.0810953458778}, {""id"": ""D77-AB03C5Tw09q3Jzea3A"", ""alias"": ""casa-museo-mangini-bonomi-milano"", ""name"": ""Casa Museo Mangini Bonomi"", ""image_url"": ""https://s3-media3.fl.yelpcdn.com/bphoto/ISwfTJHlp_9qEeeHz2RpUw/o.jpg"", ""is_closed"": false, ""url"": ""https://en.yelp.ch/biz/casa-museo-mangini-bonomi-milano?adjust_creative=ULHW7ynqdXE8Z9Fnr4irFw&utm_campaign=yelp_api_v3&utm_medium=api_v3_business_search&utm_source=ULHW7ynqdXE8Z9Fnr4irFw"", ""review_count"": 2, ""categories"": [{""alias"": ""museums"", ""title"": ""Museums""}], ""rating"": 5.0, ""coordinates"": {""latitude"": 45.4634209, ""longitude"": 9.1851301}, ""transactions"": [], ""location"": {""address1"": ""Via dell'Ambrosiana 20"", ""address2"": """", ""address3"": """", ""city"": ""Milano"", ""zip_code"": ""20123"", ""country"": ""IT"", ""state"": ""MI"", ""display_address"": [""Via dell'Ambrosiana 20"", ""20123 Milano"", ""Italy""]}, ""phone"": ""+390286451455"", ""display_phone"": ""+39 02 8645 1455"", ""distance"": 836.757195152643}, {""id"": ""XNTzdCI9pSbl72jpzgmI6g"", ""alias"": ""hayashi-milano"", ""name"": ""Hayashi"", ""image_url"": ""https://s3-media4.fl.yelpcdn.com/bphoto/kWEjryQFeqDKfnL04MEXjg/o.jpg"", ""is_closed"": false, ""url"": ""https://en.yelp.ch/biz/hayashi-milano?adjust_creative=ULHW7ynqdXE8Z9Fnr4irFw&utm_campaign=yelp_api_v3&utm_medium=api_v3_business_search&utm_source=ULHW7ynqdXE8Z9Fnr4irFw"", ""review_count"": 16, ""categories"": [{""alias"": ""buffets"", ""title"": ""Buffet""}, {""alias"": ""sushi"", ""title"": ""Sushi""}], ""rating"": 4.5, ""coordinates"": {""latitude"": 45.48209, ""longitude"": 9.1978197}, ""transactions"": [], ""price"": ""\u20ac\u20ac"", ""location"": {""address1"": ""Via Gustavo Fara 4"", ""address2"": """", ""address3"": """", ""city"": ""Milano"", ""zip_code"": ""20124"", ""country"": ""IT"", ""state"": ""MI"", ""display_address"": [""Via Gustavo Fara 4"", ""20124 Milano"", ""Italy""]}, ""phone"": ""+390289054083"", ""display_phone"": ""+39 02 8905 4083"", ""distance"": 1458.541877333363}, {""id"": ""aVYZ2k6JvrW-fsp5BVMsAg"", ""alias"": ""il-posticino-cologno-monzese-2"", ""name"": ""Il Posticino"", ""image_url"": ""https://s3-media3.fl.yelpcdn.com/bphoto/XawKz57YcU7INuONlPSRMg/o.jpg"", ""is_closed"": false, ""url"": ""https://en.yelp.ch/biz/il-posticino-cologno-monzese-2?adjust_creative=ULHW7ynqdXE8Z9Fnr4irFw&utm_campaign=yelp_api_v3&utm_medium=api_v3_business_search&utm_source=ULHW7ynqdXE8Z9Fnr4irFw"", ""review_count"": 2, ""categories"": [{""alias"": ""breweries"", ""title"": ""Breweries""}, {""alias"": ""pubs"", ""title"": ""Pubs""}, {""alias"": ""burgers"", ""title"": ""Burgers""}], ""rating"": 5.0, ""coordinates"": {""latitude"": 45.5276878, ""longitude"": 9.2814098}, ""transactions"": [], ""location"": {""address1"": ""Via XXV Aprile 6"", ""address2"": null, ""address3"": """", ""city"": ""Cologno Monzese"", ""zip_code"": ""20093"", ""country"": ""IT"", ""state"": ""MI"", ""display_address"": [""Via XXV Aprile 6"", ""20093 Cologno Monzese"", ""Italy""]}, ""phone"": ""+39022538298"", ""display_phone"": ""+39 02 253 8298"", ""distance"": 9623.175148849756}, {""id"": ""xlbdYBiBd3Liqaynlh2xjg"", ""alias"": ""il-monello-milano"", ""name"": ""Il Monello"", ""image_url"": ""https://s3-media2.fl.yelpcdn.com/bphoto/-Bue7_ox_Ej0QFAdoVXqqQ/o.jpg"", ""is_closed"": false, ""url"": ""https://en.yelp.ch/biz/il-monello-milano?adjust_creative=ULHW7ynqdXE8Z9Fnr4irFw&utm_campaign=yelp_api_v3&utm_medium=api_v3_business_search&utm_source=ULHW7ynqdXE8Z9Fnr4irFw"", ""review_count"": 4, ""categories"": [{""alias"": ""bistros"", ""title"": ""Bistros""}, {""alias"": ""cafes"", ""title"": ""Cafes""}], ""rating"": 4.5, ""coordinates"": {""latitude"": 45.4531, ""longitude"": 9.17887}, ""transactions"": [], ""price"": ""\u20ac"", ""location"": {""address1"": ""Piazza XXIV Maggio 10"", ""address2"": """", ""address3"": """", ""city"": ""Milano"", ""zip_code"": ""20123"", ""country"": ""IT"", ""state"": ""MI"", ""display_address"": [""Piazza XXIV Maggio 10"", ""20123 Milano"", ""Italy""]}, ""phone"": ""+390258109796"", ""display_phone"": ""+39 02 5810 9796"", ""distance"": 2077.9620408202536}, {""id"": ""pRGdvBl1gXoM7X7xGB7ZYA"", ""alias"": ""naviglio-pavese-milano"", ""name"": ""Naviglio Pavese"", ""image_url"": ""https://s3-media1.fl.yelpcdn.com/bphoto/L8e7HpCo2qRiON3oAC4xoQ/o.jpg"", ""is_closed"": false, ""url"": ""https://en.yelp.ch/biz/naviglio-pavese-milano?adjust_creative=ULHW7ynqdXE8Z9Fnr4irFw&utm_campaign=yelp_api_v3&utm_medium=api_v3_business_search&utm_source=ULHW7ynqdXE8Z9Fnr4irFw"", ""review_count"": 4, ""categories"": [{""alias"": ""localflavor"", ""title"": ""Local Flavour""}], ""rating"": 4.5, ""coordinates"": {""latitude"": 45.4504521872764, ""longitude"": 9.17750736147212}, ""transactions"": [], ""location"": {""address1"": ""Alzaia Naviglio Pavese"", ""address2"": """", ""address3"": """", ""city"": ""Milano"", ""zip_code"": ""20142"", ""country"": ""IT"", ""state"": ""MI"", ""display_address"": [""Alzaia Naviglio Pavese"", ""20142 Milano"", ""Italy""]}, ""phone"": """", ""display_phone"": """", ""distance"": 2400.846226992129}, {""id"": ""juQzL47spxbsNyR9Mg4jMQ"", ""alias"": ""peck-milano-2"", ""name"": ""Peck"", ""image_url"": ""https://s3-media2.fl.yelpcdn.com/bphoto/uYLGe67JvsWJRCtBo-9d5Q/o.jpg"", ""is_closed"": false, ""url"": ""https://en.yelp.ch/biz/peck-milano-2?adjust_creative=ULHW7ynqdXE8Z9Fnr4irFw&utm_campaign=yelp_api_v3&utm_medium=api_v3_business_search&utm_source=ULHW7ynqdXE8Z9Fnr4irFw"", ""review_count"": 69, ""categories"": [{""alias"": ""wine_bars"", ""title"": ""Wine Bars""}, {""alias"": ""italian"", ""title"": ""Italian""}, {""alias"": ""gastropubs"", ""title"": ""Gastro Pubs""}], ""rating"": 4.0, ""coordinates"": {""latitude"": 45.46353, ""longitude"": 9.18702}, ""transactions"": [], ""price"": ""\u20ac\u20ac\u20ac\u20ac"", ""location"": {""address1"": ""Via Spadari 9"", ""address2"": """", ""address3"": """", ""city"": ""Milano"", ""zip_code"": ""20123"", ""country"": ""IT"", ""state"": ""MI"", ""display_address"": [""Via Spadari 9"", ""20123 Milano"", ""Italy""]}, ""phone"": ""+39028023161"", ""display_phone"": ""+39 02 802 3161"", ""distance"": 790.0091640553874}, {""id"": ""IkRZFMZi8hPgqOcRNff5Xw"", ""alias"": ""hua-cheng-milano"", ""name"": ""Hua Cheng"", ""image_url"": ""https://s3-media1.fl.yelpcdn.com/bphoto/GxM0Io2f78mAifPAGKg26A/o.jpg"", ""is_closed"": false, ""url"": ""https://en.yelp.ch/biz/hua-cheng-milano?adjust_creative=ULHW7ynqdXE8Z9Fnr4irFw&utm_campaign=yelp_api_v3&utm_medium=api_v3_business_search&utm_source=ULHW7ynqdXE8Z9Fnr4irFw"", ""review_count"": 37, ""categories"": [{""alias"": ""chinese"", ""title"": ""Chinese""}], ""rating"": 4.0, ""coordinates"": {""latitude"": 45.48062, ""longitude"": 9.17554}, ""transactions"": [], ""price"": ""\u20ac"", ""location"": {""address1"": ""Via Giordano Bruno 13"", ""address2"": """", ""address3"": """", ""city"": ""Milano"", ""zip_code"": ""20154"", ""country"": ""IT"", ""state"": ""MI"", ""display_address"": [""Via Giordano Bruno 13"", ""20154 Milano"", ""Italy""]}, ""phone"": ""+39023451613"", ""display_phone"": ""+39 02 345 1613"", ""distance"": 1541.399868300715}, {""id"": ""KCRHk6KGvvdOd26XVYiAEQ"", ""alias"": ""la-ravioleria-sarpi-milano"", ""name"": ""La Ravioleria Sarpi"", ""image_url"": ""https://s3-media4.fl.yelpcdn.com/bphoto/G8Pw5sNmL_6YdCYfFus_Tw/o.jpg"", ""is_closed"": false, ""url"": ""https://en.yelp.ch/biz/la-ravioleria-sarpi-milano?adjust_creative=ULHW7ynqdXE8Z9Fnr4irFw&utm_campaign=yelp_api_v3&utm_medium=api_v3_business_search&utm_source=ULHW7ynqdXE8Z9Fnr4irFw"", ""review_count"": 29, ""categories"": [{""alias"": ""dimsum"", ""title"": ""Dim Sum""}], ""rating"": 4.0, ""coordinates"": {""latitude"": 45.48131, ""longitude"": 9.17603}, ""transactions"": [], ""price"": ""\u20ac"", ""location"": {""address1"": ""Via Paolo Sarpi 27"", ""address2"": """", ""address3"": """", ""city"": ""Milano"", ""zip_code"": ""20154"", ""country"": ""IT"", ""state"": ""MI"", ""display_address"": [""Via Paolo Sarpi 27"", ""20154 Milano"", ""Italy""]}, ""phone"": ""+393318870596"", ""display_phone"": ""+39 331 887 0596"", ""distance"": 1574.1355278243132}, {""id"": ""w5LTBlT5Sz6JoKLGbj_F9Q"", ""alias"": ""limone-milano"", ""name"": ""Limone"", ""image_url"": ""https://s3-media3.fl.yelpcdn.com/bphoto/jdLnAM5ykaiewnqVwviqYg/o.jpg"", ""is_closed"": false, ""url"": ""https://en.yelp.ch/biz/limone-milano?adjust_creative=ULHW7ynqdXE8Z9Fnr4irFw&utm_campaign=yelp_api_v3&utm_medium=api_v3_business_search&utm_source=ULHW7ynqdXE8Z9Fnr4irFw"", ""review_count"": 25, ""categories"": [{""alias"": ""pizza"", ""title"": ""Pizza""}, {""alias"": ""italian"", ""title"": ""Italian""}], ""rating"": 4.0, ""coordinates"": {""latitude"": 45.48248, ""longitude"": 9.19891}, ""transactions"": [], ""price"": ""\u20ac\u20ac\u20ac"", ""location"": {""address1"": ""Via Fabio Filzi 7"", ""address2"": null, ""address3"": null, ""city"": ""Milano"", ""zip_code"": ""20124"", ""country"": ""IT"", ""state"": ""MI"", ""display_address"": [""Via Fabio Filzi 7"", ""20124 Milano"", ""Italy""]}, ""phone"": ""+39026693019"", ""display_phone"": ""+39 02 669 3019"", ""distance"": 1542.2647682986158}, {""id"": ""0O2nktaQbJVoObloRThx-g"", ""alias"": ""cova-milano"", ""name"": ""Cova"", ""image_url"": ""https://s3-media2.fl.yelpcdn.com/bphoto/dCBKM3JuoJ2aDwfZdPNqnA/o.jpg"", ""is_closed"": false, ""url"": ""https://en.yelp.ch/biz/cova-milano?adjust_creative=ULHW7ynqdXE8Z9Fnr4irFw&utm_campaign=yelp_api_v3&utm_medium=api_v3_business_search&utm_source=ULHW7ynqdXE8Z9Fnr4irFw"", ""review_count"": 21, ""categories"": [{""alias"": ""chocolate"", ""title"": ""Chocolate & Chocolatiers""}, {""alias"": ""desserts"", ""title"": ""Desserts""}, {""alias"": ""cakeshop"", ""title"": ""Cake Shop & Patisserie Shops""}], ""rating"": 4.0, ""coordinates"": {""latitude"": 45.468123, ""longitude"": 9.196099}, ""transactions"": [], ""price"": ""\u20ac\u20ac"", ""location"": {""address1"": ""Via Monte Napoleone 8"", ""address2"": null, ""address3"": null, ""city"": ""Milano"", ""zip_code"": ""20121"", ""country"": ""IT"", ""state"": ""MI"", ""display_address"": [""Via Monte Napoleone 8"", ""20121 Milano"", ""Italy""]}, ""phone"": ""+390276005599"", ""display_phone"": ""+39 02 7600 5599"", ""distance"": 609.7861026237654}, {""id"": ""45tfxvwpzLjt_bnxnAtmHw"", ""alias"": ""spagnolo-milano"", ""name"": ""Spagnolo"", ""image_url"": ""https://s3-media1.fl.yelpcdn.com/bphoto/KjBVsMB97Qfw8dnTa-o0Mw/o.jpg"", ""is_closed"": false, ""url"": ""https://en.yelp.ch/biz/spagnolo-milano?adjust_creative=ULHW7ynqdXE8Z9Fnr4irFw&utm_campaign=yelp_api_v3&utm_medium=api_v3_business_search&utm_source=ULHW7ynqdXE8Z9Fnr4irFw"", ""review_count"": 9, ""categories"": [{""alias"": ""bakeries"", ""title"": ""Bakeries""}, {""alias"": ""desserts"", ""title"": ""Desserts""}], ""rating"": 4.0, ""coordinates"": {""latitude"": 45.44954, ""longitude"": 9.2056}, ""transactions"": [], ""price"": ""\u20ac\u20ac\u20ac"", ""location"": {""address1"": ""Via Piacenza 17"", ""address2"": """", ""address3"": """", ""city"": ""Milano"", ""zip_code"": ""20135"", ""country"": ""IT"", ""state"": ""MI"", ""display_address"": [""Via Piacenza 17"", ""20135 Milano"", ""Italy""]}, ""phone"": ""+390258306284"", ""display_phone"": ""+39 02 5830 6284"", ""distance"": 2655.5604513182134}], ""total"": 2400, ""region"": {""center"": {""longitude"": 9.189033508300781, ""latitude"": 45.47047287954827}}}",application/json,false,"OAS disconformity: [Path '/businesses/[item]/price'] Instance value ("""") not found in enum (possible values: [""$"";""$$"";""$$$"";""$$$$""]) --- [Path '/businesses/[item]/price'] Instance value ("""") not found in enum (possible values: [""$"";""$$"";""$$$"";""$$$$""]) --- [Path '/businesses/[item]/price'] Instance value ("""") not found in enum (possible values: [""$"";""$$"";""$$$"";""$$$$""]) --- [Path '/businesses/[item]/price'] Instance value ("""") not found in enum (possible values: [""$"";""$$"";""$$$"";""$$$$""])"
test_s1b6o5o06m2c_getBusinesses,400,"{""error"": {""code"": ""VALIDATION_ERROR"", ""description"": ""Please specify a location or a latitude and longitude""}}",application/json,true,none
test_s4ukslcy9ulv_getBusinesses,400,"{""error"": {""code"": ""VALIDATION_ERROR"", ""description"": ""Please specify a location or a latitude and longitude""}}",application/json,true,none
test_sl3y9jk9d1kh_getBusinesses,200,"{""businesses"": [], ""total"": 0, ""region"": {""center"": {""longitude"": -92.60796, ""latitude"": 37.94887}}}",application/json,true,none
test_soko4mvbo7z8_getBusinesses,200,"{""businesses"": [], ""total"": 0, ""region"": {""center"": {""longitude"": -100.84898, ""latitude"": 44.24693}}}",application/json,true,none
test_t4l3ob956ptd_getBusinesses,200,"{""businesses"": [], ""total"": 0, ""region"": {""center"": {""longitude"": 139.76669311523438, ""latitude"": 35.685011526354074}}}",application/json,true,none
test_t4qmu1rxna78_getBusinesses,400,"{""error"": {""code"": ""VALIDATION_ERROR"", ""description"": ""Please specify a location or a latitude and longitude""}}",application/json,true,none
test_t843rd5lg186_getBusinesses,200,"{""businesses"": [], ""total"": 0, ""region"": {""center"": {""longitude"": -114.16568, ""latitude"": 44.616318}}}",application/json,true,none
test_t89oh45d6240_getBusinesses,400,"{""error"": {""code"": ""VALIDATION_ERROR"", ""description"": ""Please specify a location or a latitude and longitude""}}",application/json,true,none
test_t8a60nl8lqnq_getBusinesses,400,"{""error"": {""code"": ""VALIDATION_ERROR"", ""description"": ""Please specify a location or a latitude and longitude""}}",application/json,true,none
test_trz6do93nlmh_getBusinesses,200,"{""businesses"": [], ""total"": 0, ""region"": {""center"": {""longitude"": -117.68078, ""latitude"": 40.69962}}}",application/json,true,none
test_ts2g5ftjztbt_getBusinesses,400,"{""error"": {""code"": ""VALIDATION_ERROR"", ""description"": ""Please specify a location or a latitude and longitude""}}",application/json,true,none
test_ts4od9hokhmh_getBusinesses,400,"{""error"": {""code"": ""OPEN_AT_AND_NOW_PROVIDED"", ""description"": ""You must specify either open_at or open_now, not both.""}}",application/json,true,none
test_u7rswuzua4wz_getBusinesses,200,"{""businesses"": [], ""total"": 0, ""region"": {""center"": {""longitude"": -106.44927978515625, ""latitude"": 31.653215982221013}}}",application/json,true,none
test_u85pcmfcduud_getBusinesses,200,"{""businesses"": [], ""total"": 755, ""region"": {""center"": {""longitude"": -122.43644714355469, ""latitude"": 37.76089938976322}}}",application/json,true,none
test_urgskeibi4bl_getBusinesses,200,"{""businesses"": [], ""total"": 0, ""region"": {""center"": {""longitude"": -97.65509, ""latitude"": 36.530575}}}",application/json,true,none
test_urjm850kpzcp_getBusinesses,200,"{""businesses"": [], ""total"": 35, ""region"": {""center"": {""longitude"": 139.76669311523438, ""latitude"": 35.685011526354074}}}",application/json,true,none
test_us07dqc47g4j_getBusinesses,400,"{""error"": {""code"": ""VALIDATION_ERROR"", ""description"": ""Please specify a location or a latitude and longitude""}}",application/json,true,none
test_vevdldkurcc9_getBusinesses,400,"{""error"": {""code"": ""VALIDATION_ERROR"", ""description"": ""Please specify a location or a latitude and longitude""}}",application/json,true,none
test_veveomaxot2r_getBusinesses,400,"{""error"": {""code"": ""VALIDATION_ERROR"", ""description"": ""Please specify a location or a latitude and longitude""}}",application/json,true,none
test_vf96tpoe4jea_getBusinesses,400,"{""error"": {""code"": ""LOCATION_NOT_FOUND"", ""description"": ""Could not execute search, try specifying a more exact location.""}}",application/json,true,none
