testResultId,statusCode,responseBody,outputContentType,passed,failReason
test_1h7rgoo2ss3tx_getBusinesses,400,"{""error"": {""code"": ""VALIDATION_ERROR"", ""description"": ""Please specify a location or a latitude and longitude""}}",application/json,true,none
test_1hbd7b41p173r_getBusinesses,400,"{""error"": {""code"": ""LOCATION_NOT_FOUND"", ""description"": ""Could not execute search, try specifying a more exact location.""}}",application/json,true,none
test_1hbiqxidlvarc_getBusinesses,400,"{""error"": {""code"": ""OPEN_AT_AND_NOW_PROVIDED"", ""description"": ""You must specify either open_at or open_now, not both.""}}",application/json,true,none
test_1hrbf114iqyjq_getBusinesses,200,"{""businesses"": [], ""total"": 0, ""region"": {""center"": {""longitude"": -88.26107025146484, ""latitude"": 44.75855738140011}}}",application/json,true,none
test_1hrm04ipvhobn_getBusinesses,400,"{""error"": {""code"": ""OPEN_AT_AND_NOW_PROVIDED"", ""description"": ""You must specify either open_at or open_now, not both.""}}",application/json,true,none
test_1hrpbe5utkzed_getBusinesses,400,"{""error"": {""code"": ""VALIDATION_ERROR"", ""description"": ""Please specify a location or a latitude and longitude""}}",application/json,true,none
test_1hv8s8x6ztvmr_getBusinesses,400,"{""error"": {""code"": ""VALIDATION_ERROR"", ""description"": ""Please specify a location or a latitude and longitude""}}",application/json,true,none
test_1iuyrbhc6xvfm_getBusinesses,200,"{""businesses"": [], ""total"": 0, ""region"": {""center"": {""longitude"": -87.7134, ""latitude"": 43.949055}}}",application/json,true,none
test_1iuys12e2zz8x_getBusinesses,200,"{""businesses"": [], ""total"": 0, ""region"": {""center"": {""longitude"": -105.964966, ""latitude"": 34.874596}}}",application/json,true,none
test_1iv10bauqmtko_getBusinesses,400,"{""error"": {""code"": ""OPEN_AT_AND_NOW_PROVIDED"", ""description"": ""You must specify either open_at or open_now, not both.""}}",application/json,true,none
test_1jecow6ug25pg_getBusinesses,400,"{""error"": {""code"": ""VALIDATION_ERROR"", ""description"": ""Please specify a location or a latitude and longitude""}}",application/json,true,none
test_1jed7lqd6o6ea_getBusinesses,400,"{""error"": {""code"": ""LOCATION_NOT_FOUND"", ""description"": ""Could not execute search, try specifying a more exact location.""}}",application/json,true,none
test_1jei7c9xntt9d_getBusinesses,400,"{""error"": {""code"": ""VALIDATION_ERROR"", ""description"": ""Please specify a location or a latitude and longitude""}}",application/json,true,none
test_1jeipzgngkkl2_getBusinesses,400,"{""error"": {""code"": ""VALIDATION_ERROR"", ""description"": ""Please specify a location or a latitude and longitude""}}",application/json,true,none
test_1jeyvjnbg192v_getBusinesses,200,"{""businesses"": [], ""total"": 0, ""region"": {""center"": {""longitude"": -73.97918701171875, ""latitude"": 40.706977710584276}}}",application/json,true,none
test_1ji77cnwgptgm_getBusinesses,200,"{""businesses"": [], ""total"": 0, ""region"": {""center"": {""longitude"": -122.43644714355469, ""latitude"": 37.76089938976322}}}",application/json,true,none
test_1jig1piuzhyk3_getBusinesses,400,"{""error"": {""code"": ""VALIDATION_ERROR"", ""description"": ""Please specify a location or a latitude and longitude""}}",application/json,true,none
test_1jxzd2ch26rzo_getBusinesses,400,"{""error"": {""code"": ""VALIDATION_ERROR"", ""description"": ""The open_at provided is too long ago, the timestamp must be within the last two weeks.""}}",application/json,true,none
test_1jy5ghipyj48n_getBusinesses,400,"{""error"": {""code"": ""VALIDATION_ERROR"", ""description"": ""Please specify a location or a latitude and longitude""}}",application/json,true,none
test_1k22b2a2zyud3_getBusinesses,200,"{""businesses"": [], ""total"": 0, ""region"": {""center"": {""longitude"": -91.98328, ""latitude"": 34.793396}}}",application/json,true,none
test_1k25l5s9zivco_getBusinesses,200,"{""businesses"": [{""id"": ""iysGJUodjx6HPq9nucv7uA"", ""alias"": ""locandina-dei-navigli-milano"", ""name"": ""Locandina dei Navigli"", ""image_url"": ""https://s3-media1.fl.yelpcdn.com/bphoto/6FKojEUMO3sWdLPcI0ucqw/o.jpg"", ""is_closed"": false, ""url"": ""https://www.yelp.com/biz/locandina-dei-navigli-milano?adjust_creative=ULHW7ynqdXE8Z9Fnr4irFw&utm_campaign=yelp_api_v3&utm_medium=api_v3_business_search&utm_source=ULHW7ynqdXE8Z9Fnr4irFw"", ""review_count"": 3, ""categories"": [{""alias"": ""pizza"", ""title"": ""Pizza""}, {""alias"": ""trattorie"", ""title"": ""Trattorie""}, {""alias"": ""italian"", ""title"": ""Italian""}], ""rating"": 2.5, ""coordinates"": {""latitude"": 45.45181943, ""longitude"": 9.17552704}, ""transactions"": [], ""price"": ""\u20ac\u20ac"", ""location"": {""address1"": ""Ripa di Porta Ticinese 21"", ""address2"": """", ""address3"": """", ""city"": ""Milan"", ""zip_code"": ""20144"", ""country"": ""IT"", ""state"": ""MI"", ""display_address"": [""Ripa di Porta Ticinese 21"", ""20144 Milan"", ""Italy""]}, ""phone"": ""+390258104435"", ""display_phone"": ""+39 02 5810 4435"", ""distance"": 2326.325330998981}, {""id"": ""pVQhKADMBWDtf_h0m1qEMA"", ""alias"": ""le-betulle-segrate"", ""name"": ""Le Betulle"", ""image_url"": ""https://s3-media3.fl.yelpcdn.com/bphoto/n3hv8eeWhX0zzu6GvWyNAA/o.jpg"", ""is_closed"": false, ""url"": ""https://www.yelp.com/biz/le-betulle-segrate?adjust_creative=ULHW7ynqdXE8Z9Fnr4irFw&utm_campaign=yelp_api_v3&utm_medium=api_v3_business_search&utm_source=ULHW7ynqdXE8Z9Fnr4irFw"", ""review_count"": 3, ""categories"": [{""alias"": ""breakfast_brunch"", ""title"": ""Breakfast & Brunch""}, {""alias"": ""steak"", ""title"": ""Steakhouses""}, {""alias"": ""pizza"", ""title"": ""Pizza""}], ""rating"": 3.5, ""coordinates"": {""latitude"": 45.482069, ""longitude"": 9.269873}, ""transactions"": [], ""price"": ""\u20ac\u20ac"", ""location"": {""address1"": ""Via delle Regioni 22"", ""address2"": null, ""address3"": null, ""city"": ""Segrate"", ""zip_code"": ""20090"", ""country"": ""IT"", ""state"": ""MI"", ""display_address"": [""Via delle Regioni 22"", ""20090 Segrate"", ""Italy""]}, ""phone"": ""+39022136578"", ""display_phone"": ""+39 02 213 6578"", ""distance"": 6433.617884145053}, {""id"": ""uuiTLSVmZdelacNv7eDHtQ"", ""alias"": ""la-montagnetta-milano-2"", ""name"": ""La Montagnetta"", ""image_url"": ""https://s3-media2.fl.yelpcdn.com/bphoto/Nc6DR69xDZY_e3zz7efsWg/o.jpg"", ""is_closed"": false, ""url"": ""https://www.yelp.com/biz/la-montagnetta-milano-2?adjust_creative=ULHW7ynqdXE8Z9Fnr4irFw&utm_campaign=yelp_api_v3&utm_medium=api_v3_business_search&utm_source=ULHW7ynqdXE8Z9Fnr4irFw"", ""review_count"": 1, ""categories"": [{""alias"": ""pizza"", ""title"": ""Pizza""}], ""rating"": 3.0, ""coordinates"": {""latitude"": 45.50408, ""longitude"": 9.18019}, ""transactions"": [], ""price"": ""\u20ac\u20ac"", ""location"": {""address1"": ""Via Conte Verde 1"", ""address2"": null, ""address3"": null, ""city"": ""Milan"", ""zip_code"": ""20158"", ""country"": ""IT"", ""state"": ""MI"", ""display_address"": [""Via Conte Verde 1"", ""20158 Milan"", ""Italy""]}, ""phone"": ""+390269900747"", ""display_phone"": ""+39 02 6990 0747"", ""distance"": 3802.269975491301}, {""id"": ""lfIUzsprh607MhGr61ZHxA"", ""alias"": ""rembrandt-milano"", ""name"": ""Rembrandt"", ""image_url"": ""https://s3-media2.fl.yelpcdn.com/bphoto/8baDQKT8B3AG51I2ELFOWQ/o.jpg"", ""is_closed"": false, ""url"": ""https://www.yelp.com/biz/rembrandt-milano?adjust_creative=ULHW7ynqdXE8Z9Fnr4irFw&utm_campaign=yelp_api_v3&utm_medium=api_v3_business_search&utm_source=ULHW7ynqdXE8Z9Fnr4irFw"", ""review_count"": 4, ""categories"": [{""alias"": ""italian"", ""title"": ""Italian""}, {""alias"": ""pizza"", ""title"": ""Pizza""}], ""rating"": 3.0, ""coordinates"": {""latitude"": 45.4671499, ""longitude"": 9.13563}, ""transactions"": [], ""price"": ""\u20ac\u20ac"", ""location"": {""address1"": ""Via Rembrandt 27"", ""address2"": """", ""address3"": """", ""city"": ""Milan"", ""zip_code"": ""20147"", ""country"": ""IT"", ""state"": ""MI"", ""display_address"": [""Via Rembrandt 27"", ""20147 Milan"", ""Italy""]}, ""phone"": ""+390248706545"", ""display_phone"": ""+39 02 4870 6545"", ""distance"": 4177.459805698365}, {""id"": ""AoVG2vY6ZkFJEHORyM-nEA"", ""alias"": ""i-monelli-milano-2"", ""name"": ""I Monelli"", ""image_url"": ""https://s3-media1.fl.yelpcdn.com/bphoto/6ISWuxfo1ZxTzE4gNykuLA/o.jpg"", ""is_closed"": false, ""url"": ""https://www.yelp.com/biz/i-monelli-milano-2?adjust_creative=ULHW7ynqdXE8Z9Fnr4irFw&utm_campaign=yelp_api_v3&utm_medium=api_v3_business_search&utm_source=ULHW7ynqdXE8Z9Fnr4irFw"", ""review_count"": 4, ""categories"": [{""alias"": ""pizza"", ""title"": ""Pizza""}], ""rating"": 3.5, ""coordinates"": {""latitude"": 45.45291, ""longitude"": 9.20119}, ""transactions"": [], ""price"": ""\u20ac\u20ac"", ""location"": {""address1"": ""Corso di Porta Romana 129"", ""address2"": """", ""address3"": """", ""city"": ""Milan"", ""zip_code"": ""20122"", ""country"": ""IT"", ""state"": ""MI"", ""display_address"": [""Corso di Porta Romana 129"", ""20122 Milan"", ""Italy""]}, ""phone"": ""+390292808140"", ""display_phone"": ""+39 02 9280 8140"", ""distance"": 2146.5081155581183}, {""id"": ""VfCvs4LASRnjOiepMyXMrA"", ""alias"": ""la-masseria-milano"", ""name"": ""La Masseria"", ""image_url"": ""https://s3-media4.fl.yelpcdn.com/bphoto/N_ELYvWEgcFr7zWtPZv9CQ/o.jpg"", ""is_closed"": false, ""url"": ""https://www.yelp.com/biz/la-masseria-milano?adjust_creative=ULHW7ynqdXE8Z9Fnr4irFw&utm_campaign=yelp_api_v3&utm_medium=api_v3_business_search&utm_source=ULHW7ynqdXE8Z9Fnr4irFw"", ""review_count"": 20, ""categories"": [{""alias"": ""italian"", ""title"": ""Italian""}, {""alias"": ""pizza"", ""title"": ""Pizza""}], ""rating"": 3.5, ""coordinates"": {""latitude"": 45.49132, ""longitude"": 9.23956}, ""transactions"": [], ""price"": ""\u20ac\u20ac"", ""location"": {""address1"": ""Via Feltre 19"", ""address2"": """", ""address3"": """", ""city"": ""Milan"", ""zip_code"": ""20132"", ""country"": ""IT"", ""state"": ""MI"", ""display_address"": [""Via Feltre 19"", ""20132 Milan"", ""Italy""]}, ""phone"": ""+390289697308"", ""display_phone"": ""+39 02 8969 7308"", ""distance"": 4544.657256253913}, {""id"": ""bt0BJShnckwUKMuRgVxZsg"", ""alias"": ""pizzeria-tot\u00f2-milano"", ""name"": ""Pizzeria Tot\u00f2"", ""image_url"": ""https://s3-media1.fl.yelpcdn.com/bphoto/0_Ng62i6FwG5ig_zvyTWPw/o.jpg"", ""is_closed"": false, ""url"": ""https://www.yelp.com/biz/pizzeria-tot%C3%B2-milano?adjust_creative=ULHW7ynqdXE8Z9Fnr4irFw&utm_campaign=yelp_api_v3&utm_medium=api_v3_business_search&utm_source=ULHW7ynqdXE8Z9Fnr4irFw"", ""review_count"": 15, ""categories"": [{""alias"": ""pizza"", ""title"": ""Pizza""}, {""alias"": ""italian"", ""title"": ""Italian""}], ""rating"": 3.0, ""coordinates"": {""latitude"": 45.4550865, ""longitude"": 9.1232407}, ""transactions"": [], ""price"": ""\u20ac\u20ac"", ""location"": {""address1"": ""Via Angelo Inganni 83"", ""address2"": null, ""address3"": null, ""city"": ""Milan"", ""zip_code"": ""20147"", ""country"": ""IT"", ""state"": ""MI"", ""display_address"": [""Via Angelo Inganni 83"", ""20147 Milan"", ""Italy""]}, ""phone"": ""+39024151643"", ""display_phone"": ""+39 02 415 1643"", ""distance"": 5408.83099056322}, {""id"": ""iB63ha8-YGc0OXUvzC0lzA"", ""alias"": ""amici-della-pizza-milano-3"", ""name"": ""Amici della Pizza"", ""image_url"": ""https://s3-media3.fl.yelpcdn.com/bphoto/hagTz4tAE8PQWjyNVH4ZrA/o.jpg"", ""is_closed"": false, ""url"": ""https://www.yelp.com/biz/amici-della-pizza-milano-3?adjust_creative=ULHW7ynqdXE8Z9Fnr4irFw&utm_campaign=yelp_api_v3&utm_medium=api_v3_business_search&utm_source=ULHW7ynqdXE8Z9Fnr4irFw"", ""review_count"": 1, ""categories"": [{""alias"": ""pizza"", ""title"": ""Pizza""}], ""rating"": 3.0, ""coordinates"": {""latitude"": 45.4890202122338, ""longitude"": 9.18471959805851}, ""transactions"": [], ""price"": ""\u20ac\u20ac"", ""location"": {""address1"": ""Via Ugo Bassi 2"", ""address2"": """", ""address3"": """", ""city"": ""Milan"", ""zip_code"": ""20159"", ""country"": ""IT"", ""state"": ""MI"", ""display_address"": [""Via Ugo Bassi 2"", ""20159 Milan"", ""Italy""]}, ""phone"": ""+390236512104"", ""display_phone"": ""+39 02 3651 2104"", ""distance"": 2089.6123308002366}, {""id"": ""K4h5pwXdBkNKhvryqf3Zvg"", ""alias"": ""al-pozzo-di-samaria-milano"", ""name"": ""Al Pozzo di Samaria"", ""image_url"": ""https://s3-media2.fl.yelpcdn.com/bphoto/WdZznH_q-POBXhurUjoaCQ/o.jpg"", ""is_closed"": false, ""url"": ""https://www.yelp.com/biz/al-pozzo-di-samaria-milano?adjust_creative=ULHW7ynqdXE8Z9Fnr4irFw&utm_campaign=yelp_api_v3&utm_medium=api_v3_business_search&utm_source=ULHW7ynqdXE8Z9Fnr4irFw"", ""review_count"": 4, ""categories"": [{""alias"": ""pizza"", ""title"": ""Pizza""}, {""alias"": ""cafes"", ""title"": ""Cafes""}], ""rating"": 3.5, ""coordinates"": {""latitude"": 45.505868, ""longitude"": 9.264642}, ""transactions"": [], ""price"": ""\u20ac\u20ac"", ""location"": {""address1"": ""Via Olgettina 60"", ""address2"": """", ""address3"": """", ""city"": ""Milan"", ""zip_code"": ""20132"", ""country"": ""IT"", ""state"": ""MI"", ""display_address"": [""Via Olgettina 60"", ""20132 Milan"", ""Italy""]}, ""phone"": ""+390226435903"", ""display_phone"": ""+39 02 2643 5903"", ""distance"": 7087.2461464921}, {""id"": ""VrKImd6bJNJCoDHi2YGqVA"", ""alias"": ""ai-tre-ghiottoni-milano-2"", ""name"": ""Ai Tre Ghiottoni"", ""image_url"": ""https://s3-media2.fl.yelpcdn.com/bphoto/wzF_-rNxOLvbLYSkUm2E4A/o.jpg"", ""is_closed"": false, ""url"": ""https://www.yelp.com/biz/ai-tre-ghiottoni-milano-2?adjust_creative=ULHW7ynqdXE8Z9Fnr4irFw&utm_campaign=yelp_api_v3&utm_medium=api_v3_business_search&utm_source=ULHW7ynqdXE8Z9Fnr4irFw"", ""review_count"": 5, ""categories"": [{""alias"": ""pizza"", ""title"": ""Pizza""}, {""alias"": ""seafood"", ""title"": ""Seafood""}], ""rating"": 3.0, ""coordinates"": {""latitude"": 45.4444008, ""longitude"": 9.1554499}, ""transactions"": [], ""price"": ""\u20ac\u20ac"", ""location"": {""address1"": ""Via Franco Tosi 2"", ""address2"": """", ""address3"": """", ""city"": ""Milan"", ""zip_code"": ""20143"", ""country"": ""IT"", ""state"": ""MI"", ""display_address"": [""Via Franco Tosi 2"", ""20143 Milan"", ""Italy""]}, ""phone"": ""+39028131067"", ""display_phone"": ""+39 02 813 1067"", ""distance"": 3906.403500992394}, {""id"": ""geD6WTJSWmGn-DR3Vrp2ZQ"", ""alias"": ""fuorimano-otbp-milano"", ""name"": ""Fuorimano OTBP"", ""image_url"": ""https://s3-media1.fl.yelpcdn.com/bphoto/DJAhscHBCGW6eee2mLGU3A/o.jpg"", ""is_closed"": false, ""url"": ""https://www.yelp.com/biz/fuorimano-otbp-milano?adjust_creative=ULHW7ynqdXE8Z9Fnr4irFw&utm_campaign=yelp_api_v3&utm_medium=api_v3_business_search&utm_source=ULHW7ynqdXE8Z9Fnr4irFw"", ""review_count"": 12, ""categories"": [{""alias"": ""pizza"", ""title"": ""Pizza""}, {""alias"": ""burgers"", ""title"": ""Burgers""}, {""alias"": ""breakfast_brunch"", ""title"": ""Breakfast & Brunch""}], ""rating"": 3.5, ""coordinates"": {""latitude"": 45.5083219611886, ""longitude"": 9.20760297005544}, ""transactions"": [], ""price"": ""\u20ac\u20ac"", ""location"": {""address1"": ""Via Roberto Cozzi 3"", ""address2"": """", ""address3"": """", ""city"": ""Milan"", ""zip_code"": ""20125"", ""country"": ""IT"", ""state"": ""MI"", ""display_address"": [""Via Roberto Cozzi 3"", ""20125 Milan"", ""Italy""]}, ""phone"": ""+390236523460"", ""display_phone"": ""+39 02 3652 3460"", ""distance"": 4450.599190891307}, {""id"": ""A0OjFpsGcMV6L3iaLQOZZg"", ""alias"": ""calafuria-milano-2"", ""name"": ""Calafuria"", ""image_url"": ""https://s3-media3.fl.yelpcdn.com/bphoto/GomY0REb7D_R98-KeO9Iwg/o.jpg"", ""is_closed"": false, ""url"": ""https://www.yelp.com/biz/calafuria-milano-2?adjust_creative=ULHW7ynqdXE8Z9Fnr4irFw&utm_campaign=yelp_api_v3&utm_medium=api_v3_business_search&utm_source=ULHW7ynqdXE8Z9Fnr4irFw"", ""review_count"": 4, ""categories"": [{""alias"": ""pizza"", ""title"": ""Pizza""}], ""rating"": 2.5, ""coordinates"": {""latitude"": 45.46531, ""longitude"": 9.13594}, ""transactions"": [], ""price"": ""\u20ac\u20ac"", ""location"": {""address1"": ""Piazzale Siena 8"", ""address2"": null, ""address3"": null, ""city"": ""Milan"", ""zip_code"": ""20146"", ""country"": ""IT"", ""state"": ""MI"", ""display_address"": [""Piazzale Siena 8"", ""20146 Milan"", ""Italy""]}, ""phone"": ""+390248707817"", ""display_phone"": ""+39 02 4870 7817"", ""distance"": 4183.186680579914}, {""id"": ""8NOYRuLs8PadVpawtOSu9Q"", ""alias"": ""strippoli-milano-2"", ""name"": ""Strippoli"", ""image_url"": """", ""is_closed"": false, ""url"": ""https://www.yelp.com/biz/strippoli-milano-2?adjust_creative=ULHW7ynqdXE8Z9Fnr4irFw&utm_campaign=yelp_api_v3&utm_medium=api_v3_business_search&utm_source=ULHW7ynqdXE8Z9Fnr4irFw"", ""review_count"": 3, ""categories"": [{""alias"": ""pizza"", ""title"": ""Pizza""}, {""alias"": ""italian"", ""title"": ""Italian""}], ""rating"": 3.0, ""coordinates"": {""latitude"": 45.50159, ""longitude"": 9.24257}, ""transactions"": [], ""price"": ""\u20ac\u20ac"", ""location"": {""address1"": ""Via Palmanova 127"", ""address2"": null, ""address3"": null, ""city"": ""Milan"", ""zip_code"": ""20132"", ""country"": ""IT"", ""state"": ""MI"", ""display_address"": [""Via Palmanova 127"", ""20132 Milan"", ""Italy""]}, ""phone"": ""+390227209103"", ""display_phone"": ""+39 02 2720 9103"", ""distance"": 5441.290288848618}, {""id"": ""Nce30MCVcsNIOKt-wC3CDQ"", ""alias"": ""pizza-and-food-milano"", ""name"": ""Pizza and Food"", ""image_url"": ""https://s3-media2.fl.yelpcdn.com/bphoto/Y2KWV73EewuitAGXrHu39A/o.jpg"", ""is_closed"": false, ""url"": ""https://www.yelp.com/biz/pizza-and-food-milano?adjust_creative=ULHW7ynqdXE8Z9Fnr4irFw&utm_campaign=yelp_api_v3&utm_medium=api_v3_business_search&utm_source=ULHW7ynqdXE8Z9Fnr4irFw"", ""review_count"": 5, ""categories"": [{""alias"": ""pizza"", ""title"": ""Pizza""}, {""alias"": ""fooddeliveryservices"", ""title"": ""Food Delivery Services""}], ""rating"": 3.5, ""coordinates"": {""latitude"": 45.4541069, ""longitude"": 9.1737612}, ""transactions"": [], ""price"": ""\u20ac\u20ac"", ""location"": {""address1"": ""viale Gorizia, 10"", ""address2"": """", ""address3"": """", ""city"": ""Milan"", ""zip_code"": ""20144"", ""country"": ""IT"", ""state"": ""MI"", ""display_address"": [""viale Gorizia, 10"", ""20144 Milan"", ""Italy""]}, ""phone"": ""+39800997755"", ""display_phone"": ""+39 800 997 755"", ""distance"": 2175.8446727203336}, {""id"": ""k9iJzph1tOGMkN-Snn6UHw"", ""alias"": ""la-scalea-milano"", ""name"": ""La Scalea"", ""image_url"": ""https://s3-media3.fl.yelpcdn.com/bphoto/Ke0Tq8IE_56UwhhW9Vep0Q/o.jpg"", ""is_closed"": false, ""url"": ""https://www.yelp.com/biz/la-scalea-milano?adjust_creative=ULHW7ynqdXE8Z9Fnr4irFw&utm_campaign=yelp_api_v3&utm_medium=api_v3_business_search&utm_source=ULHW7ynqdXE8Z9Fnr4irFw"", ""review_count"": 2, ""categories"": [{""alias"": ""pizza"", ""title"": ""Pizza""}, {""alias"": ""italian"", ""title"": ""Italian""}], ""rating"": 2.5, ""coordinates"": {""latitude"": 45.50489, ""longitude"": 9.22294}, ""transactions"": [], ""price"": ""\u20ac\u20ac"", ""location"": {""address1"": ""Via Monte San Gabriele 4"", ""address2"": null, ""address3"": null, ""city"": ""Milan"", ""zip_code"": ""20127"", ""country"": ""IT"", ""state"": ""MI"", ""display_address"": [""Via Monte San Gabriele 4"", ""20127 Milan"", ""Italy""]}, ""phone"": ""+39022579608"", ""display_phone"": ""+39 02 257 9608"", ""distance"": 4652.294067984081}, {""id"": ""eTPt1hrpu8XY-oTgdA8DnQ"", ""alias"": ""aputia-milano"", ""name"": ""Aputia"", ""image_url"": ""https://s3-media4.fl.yelpcdn.com/bphoto/HKMe2szs-F9NaBu0zzXZyw/o.jpg"", ""is_closed"": false, ""url"": ""https://www.yelp.com/biz/aputia-milano?adjust_creative=ULHW7ynqdXE8Z9Fnr4irFw&utm_campaign=yelp_api_v3&utm_medium=api_v3_business_search&utm_source=ULHW7ynqdXE8Z9Fnr4irFw"", ""review_count"": 3, ""categories"": [{""alias"": ""pizza"", ""title"": ""Pizza""}, {""alias"": ""napoletana"", ""title"": ""Napoletana""}, {""alias"": ""sicilian"", ""title"": ""Sicilian""}], ""rating"": 2.5, ""coordinates"": {""latitude"": 45.487159, ""longitude"": 9.2172054}, ""transactions"": [], ""price"": ""\u20ac\u20ac"", ""location"": {""address1"": ""Viale Monza 2"", ""address2"": """", ""address3"": """", ""city"": ""Milan"", ""zip_code"": ""20127"", ""country"": ""IT"", ""state"": ""MI"", ""display_address"": [""Viale Monza 2"", ""20127 Milan"", ""Italy""]}, ""phone"": ""+390222222446"", ""display_phone"": ""+39 02 2222 2446"", ""distance"": 2875.245068919324}, {""id"": ""iUqbhYo6pGu-0RbC19z45w"", ""alias"": ""san-marco-2-milano-2"", ""name"": ""San Marco 2"", ""image_url"": ""https://s3-media2.fl.yelpcdn.com/bphoto/vkYm-Vza7ReqLNzT-iZF5g/o.jpg"", ""is_closed"": false, ""url"": ""https://www.yelp.com/biz/san-marco-2-milano-2?adjust_creative=ULHW7ynqdXE8Z9Fnr4irFw&utm_campaign=yelp_api_v3&utm_medium=api_v3_business_search&utm_source=ULHW7ynqdXE8Z9Fnr4irFw"", ""review_count"": 4, ""categories"": [{""alias"": ""pizza"", ""title"": ""Pizza""}, {""alias"": ""hotdogs"", ""title"": ""Fast Food""}], ""rating"": 2.5, ""coordinates"": {""latitude"": 45.4916144414634, ""longitude"": 9.20594503903538}, ""transactions"": [], ""price"": ""\u20ac\u20ac"", ""location"": {""address1"": ""Via Edolo 1"", ""address2"": """", ""address3"": """", ""city"": ""Milan"", ""zip_code"": ""20125"", ""country"": ""IT"", ""state"": ""MI"", ""display_address"": [""Via Edolo 1"", ""20125 Milan"", ""Italy""]}, ""phone"": ""+390266988334"", ""display_phone"": ""+39 02 6698 8334"", ""distance"": 2695.3319522805336}, {""id"": ""oNONCqinXvI0T1Df0DVNVA"", ""alias"": ""viv\u00e0-milano-2"", ""name"": ""Viv\u00e0"", ""image_url"": ""https://s3-media2.fl.yelpcdn.com/bphoto/FZj8QcmurkX6FNG0qTzsVA/o.jpg"", ""is_closed"": false, ""url"": ""https://www.yelp.com/biz/viv%C3%A0-milano-2?adjust_creative=ULHW7ynqdXE8Z9Fnr4irFw&utm_campaign=yelp_api_v3&utm_medium=api_v3_business_search&utm_source=ULHW7ynqdXE8Z9Fnr4irFw"", ""review_count"": 3, ""categories"": [{""alias"": ""italian"", ""title"": ""Italian""}, {""alias"": ""pizza"", ""title"": ""Pizza""}, {""alias"": ""breweries"", ""title"": ""Breweries""}], ""rating"": 3.0, ""coordinates"": {""latitude"": 45.5197487, ""longitude"": 9.2106199}, ""transactions"": [], ""price"": ""\u20ac\u20ac"", ""location"": {""address1"": ""Viale Sarca 207"", ""address2"": """", ""address3"": """", ""city"": ""Milan"", ""zip_code"": ""20126"", ""country"": ""IT"", ""state"": ""MI"", ""display_address"": [""Viale Sarca 207"", ""20126 Milan"", ""Italy""]}, ""phone"": ""+390266105878"", ""display_phone"": ""+39 02 6610 5878"", ""distance"": 5707.854651275374}, {""id"": ""7bJ4wiIEsmKkSDKXwX5mig"", ""alias"": ""anna-e-leo-milano-2"", ""name"": ""Anna & Leo"", ""image_url"": ""https://s3-media4.fl.yelpcdn.com/bphoto/CdoYtHLZ-QHtOQTN4gq5qQ/o.jpg"", ""is_closed"": false, ""url"": ""https://www.yelp.com/biz/anna-e-leo-milano-2?adjust_creative=ULHW7ynqdXE8Z9Fnr4irFw&utm_campaign=yelp_api_v3&utm_medium=api_v3_business_search&utm_source=ULHW7ynqdXE8Z9Fnr4irFw"", ""review_count"": 3, ""categories"": [{""alias"": ""pizza"", ""title"": ""Pizza""}, {""alias"": ""italian"", ""title"": ""Italian""}], ""rating"": 3.5, ""coordinates"": {""latitude"": 45.483448100734, ""longitude"": 9.2425934819223}, ""transactions"": [], ""price"": ""\u20ac\u20ac"", ""location"": {""address1"": ""Via Conte Rosso 28"", ""address2"": """", ""address3"": """", ""city"": ""Milan"", ""zip_code"": ""20134"", ""country"": ""IT"", ""state"": ""MI"", ""display_address"": [""Via Conte Rosso 28"", ""20134 Milan"", ""Italy""]}, ""phone"": ""+39022157309"", ""display_phone"": ""+39 02 215 7309"", ""distance"": 4418.244655523336}, {""id"": ""sCLuTsThJfnA0nKAZAGf0A"", ""alias"": ""rossopomodoro-milano-2"", ""name"": ""Rossopomodoro"", ""image_url"": ""https://s3-media1.fl.yelpcdn.com/bphoto/54nslIj3r8k6yWs00iLMcg/o.jpg"", ""is_closed"": false, ""url"": ""https://www.yelp.com/biz/rossopomodoro-milano-2?adjust_creative=ULHW7ynqdXE8Z9Fnr4irFw&utm_campaign=yelp_api_v3&utm_medium=api_v3_business_search&utm_source=ULHW7ynqdXE8Z9Fnr4irFw"", ""review_count"": 5, ""categories"": [{""alias"": ""pizza"", ""title"": ""Pizza""}, {""alias"": ""napoletana"", ""title"": ""Napoletana""}], ""rating"": 2.0, ""coordinates"": {""latitude"": 45.5212449180888, ""longitude"": 9.21507790203373}, ""transactions"": [], ""price"": ""\u20ac\u20ac"", ""location"": {""address1"": ""Via Chiese 60"", ""address2"": """", ""address3"": """", ""city"": ""Milan"", ""zip_code"": ""20126"", ""country"": ""IT"", ""state"": ""MI"", ""display_address"": [""Via Chiese 60"", ""20126 Milan"", ""Italy""]}, ""phone"": ""+390264109382"", ""display_phone"": ""+39 02 6410 9382"", ""distance"": 5999.4568218363065}, {""id"": ""PHGq3EP4spmKqn0cpvH4DQ"", ""alias"": ""da-giulio-antica-pizzeria-milano"", ""name"": ""Da Giulio Antica Pizzeria"", ""image_url"": ""https://s3-media4.fl.yelpcdn.com/bphoto/afRLPxmWOi4EdE_ugdQUUQ/o.jpg"", ""is_closed"": false, ""url"": ""https://www.yelp.com/biz/da-giulio-antica-pizzeria-milano?adjust_creative=ULHW7ynqdXE8Z9Fnr4irFw&utm_campaign=yelp_api_v3&utm_medium=api_v3_business_search&utm_source=ULHW7ynqdXE8Z9Fnr4irFw"", ""review_count"": 15, ""categories"": [{""alias"": ""pizza"", ""title"": ""Pizza""}, {""alias"": ""abruzzese"", ""title"": ""Abruzzese""}], ""rating"": 3.0, ""coordinates"": {""latitude"": 45.44832, ""longitude"": 9.17955}, ""transactions"": [], ""price"": ""\u20ac\u20ac"", ""location"": {""address1"": ""Corso San Gottardo 38"", ""address2"": """", ""address3"": """", ""city"": ""Milan"", ""zip_code"": ""20136"", ""country"": ""IT"", ""state"": ""MI"", ""display_address"": [""Corso San Gottardo 38"", ""20136 Milan"", ""Italy""]}, ""phone"": ""+39028392333"", ""display_phone"": ""+39 02 839 2333"", ""distance"": 2571.3004346927664}, {""id"": ""c3Km043EmQE6vqvRceDjfg"", ""alias"": ""velieropirata-corsico"", ""name"": ""Velieropirata"", ""image_url"": ""https://s3-media4.fl.yelpcdn.com/bphoto/rfIFQeeItVKP-PLW1kfO0w/o.jpg"", ""is_closed"": false, ""url"": ""https://www.yelp.com/biz/velieropirata-corsico?adjust_creative=ULHW7ynqdXE8Z9Fnr4irFw&utm_campaign=yelp_api_v3&utm_medium=api_v3_business_search&utm_source=ULHW7ynqdXE8Z9Fnr4irFw"", ""review_count"": 2, ""categories"": [{""alias"": ""pizza"", ""title"": ""Pizza""}, {""alias"": ""venues"", ""title"": ""Venues & Event Spaces""}], ""rating"": 3.5, ""coordinates"": {""latitude"": 45.4351256994664, ""longitude"": 9.11108817905188}, ""transactions"": [], ""price"": ""\u20ac\u20ac"", ""location"": {""address1"": ""Via Vittorio Emanuele II 56"", ""address2"": """", ""address3"": null, ""city"": ""Corsico"", ""zip_code"": ""20094"", ""country"": ""IT"", ""state"": ""MI"", ""display_address"": [""Via Vittorio Emanuele II 56"", ""20094 Corsico"", ""Italy""]}, ""phone"": ""+39024401984"", ""display_phone"": ""+39 02 440 1984"", ""distance"": 7239.753688342025}, {""id"": ""LnVWtJlX583lum7u19Bq0w"", ""alias"": ""petit-paradis-milano"", ""name"": ""Petit Paradis"", ""image_url"": ""https://s3-media1.fl.yelpcdn.com/bphoto/LiMZbFiVoRFIG1hxVtmN8g/o.jpg"", ""is_closed"": false, ""url"": ""https://www.yelp.com/biz/petit-paradis-milano?adjust_creative=ULHW7ynqdXE8Z9Fnr4irFw&utm_campaign=yelp_api_v3&utm_medium=api_v3_business_search&utm_source=ULHW7ynqdXE8Z9Fnr4irFw"", ""review_count"": 5, ""categories"": [{""alias"": ""pizza"", ""title"": ""Pizza""}, {""alias"": ""seafood"", ""title"": ""Seafood""}], ""rating"": 3.5, ""coordinates"": {""latitude"": 45.458831354707, ""longitude"": 9.14631010819005}, ""transactions"": [], ""price"": ""\u20ac\u20ac"", ""location"": {""address1"": ""Via Fezzan 3"", ""address2"": null, ""address3"": null, ""city"": ""Milan"", ""zip_code"": ""20146"", ""country"": ""IT"", ""state"": ""MI"", ""display_address"": [""Via Fezzan 3"", ""20146 Milan"", ""Italy""]}, ""phone"": ""+3902471378"", ""display_phone"": ""+39 02 471378"", ""distance"": 3574.4721181291284}, {""id"": ""nptRc9Y-zzb1BrUkLgCl0w"", ""alias"": ""week-end-bresso"", ""name"": ""Week End"", ""image_url"": ""https://s3-media1.fl.yelpcdn.com/bphoto/xyQOH3_iZvBiysE7hefJKQ/o.jpg"", ""is_closed"": false, ""url"": ""https://www.yelp.com/biz/week-end-bresso?adjust_creative=ULHW7ynqdXE8Z9Fnr4irFw&utm_campaign=yelp_api_v3&utm_medium=api_v3_business_search&utm_source=ULHW7ynqdXE8Z9Fnr4irFw"", ""review_count"": 2, ""categories"": [{""alias"": ""pizza"", ""title"": ""Pizza""}], ""rating"": 3.5, ""coordinates"": {""latitude"": 45.53608, ""longitude"": 9.18745}, ""transactions"": [], ""price"": ""\u20ac\u20ac"", ""location"": {""address1"": ""Via Manzoni 15"", ""address2"": """", ""address3"": """", ""city"": ""Bresso"", ""zip_code"": ""20091"", ""country"": ""IT"", ""state"": ""MI"", ""display_address"": [""Via Manzoni 15"", ""20091 Bresso"", ""Italy""]}, ""phone"": ""+39026101623"", ""display_phone"": ""+39 02 610 1623"", ""distance"": 7306.6235982410935}, {""id"": ""rOVXivM8aYUgq1fVeqcsbw"", ""alias"": ""al-grisea-milano"", ""name"": ""Al Grisea"", ""image_url"": """", ""is_closed"": false, ""url"": ""https://www.yelp.com/biz/al-grisea-milano?adjust_creative=ULHW7ynqdXE8Z9Fnr4irFw&utm_campaign=yelp_api_v3&utm_medium=api_v3_business_search&utm_source=ULHW7ynqdXE8Z9Fnr4irFw"", ""review_count"": 3, ""categories"": [{""alias"": ""salad"", ""title"": ""Salad""}, {""alias"": ""italian"", ""title"": ""Italian""}, {""alias"": ""pizza"", ""title"": ""Pizza""}], ""rating"": 2.5, ""coordinates"": {""latitude"": 45.47813, ""longitude"": 9.1065}, ""transactions"": [], ""price"": ""\u20ac\u20ac"", ""location"": {""address1"": ""Via Novara 228"", ""address2"": null, ""address3"": null, ""city"": ""Milan"", ""zip_code"": ""20153"", ""country"": ""IT"", ""state"": ""MI"", ""display_address"": [""Via Novara 228"", ""20153 Milan"", ""Italy""]}, ""phone"": ""+390289077499"", ""display_phone"": ""+39 02 8907 7499"", ""distance"": 6494.575099831044}, {""id"": ""3pmIU8JPPrMBxq-I4UA6CA"", ""alias"": ""tesoro-sesto-san-giovanni"", ""name"": ""Tesoro"", ""image_url"": ""https://s3-media1.fl.yelpcdn.com/bphoto/qiYR3znVHUvQzDnpdPsAtA/o.jpg"", ""is_closed"": false, ""url"": ""https://www.yelp.com/biz/tesoro-sesto-san-giovanni?adjust_creative=ULHW7ynqdXE8Z9Fnr4irFw&utm_campaign=yelp_api_v3&utm_medium=api_v3_business_search&utm_source=ULHW7ynqdXE8Z9Fnr4irFw"", ""review_count"": 5, ""categories"": [{""alias"": ""chinese"", ""title"": ""Chinese""}, {""alias"": ""gluten_free"", ""title"": ""Gluten-Free""}, {""alias"": ""pizza"", ""title"": ""Pizza""}], ""rating"": 3.5, ""coordinates"": {""latitude"": 45.52698, ""longitude"": 9.22857}, ""transactions"": [], ""price"": ""\u20ac\u20ac"", ""location"": {""address1"": ""Via Bruno Buozzi 184"", ""address2"": null, ""address3"": """", ""city"": ""Sesto San Giovanni"", ""zip_code"": ""20099"", ""country"": ""IT"", ""state"": ""MI"", ""display_address"": [""Via Bruno Buozzi 184"", ""20099 Sesto San Giovanni"", ""Italy""]}, ""phone"": ""+390226220375"", ""display_phone"": ""+39 02 2622 0375"", ""distance"": 6998.860202755914}, {""id"": ""4bwpSymXTm1B3IttG03kag"", ""alias"": ""mundialpizza-milano"", ""name"": ""Mundialpizza"", ""image_url"": ""https://s3-media3.fl.yelpcdn.com/bphoto/4HOT_4HxmhIdBlYrH2qeiQ/o.jpg"", ""is_closed"": false, ""url"": ""https://www.yelp.com/biz/mundialpizza-milano?adjust_creative=ULHW7ynqdXE8Z9Fnr4irFw&utm_campaign=yelp_api_v3&utm_medium=api_v3_business_search&utm_source=ULHW7ynqdXE8Z9Fnr4irFw"", ""review_count"": 2, ""categories"": [{""alias"": ""pizza"", ""title"": ""Pizza""}], ""rating"": 3.0, ""coordinates"": {""latitude"": 45.480030312091, ""longitude"": 9.2254176868672}, ""transactions"": [], ""price"": ""\u20ac\u20ac"", ""location"": {""address1"": ""Via Dino Compagni 2"", ""address2"": null, ""address3"": null, ""city"": ""Milan"", ""zip_code"": ""20131"", ""country"": ""IT"", ""state"": ""MI"", ""display_address"": [""Via Dino Compagni 2"", ""20131 Milan"", ""Italy""]}, ""phone"": ""+390270631080"", ""display_phone"": ""+39 02 7063 1080"", ""distance"": 3029.4587511587197}, {""id"": ""3ty_ynb8RrYUvMr76Yzezw"", ""alias"": ""da-willy-milano-2"", ""name"": ""Da Willy"", ""image_url"": """", ""is_closed"": false, ""url"": ""https://www.yelp.com/biz/da-willy-milano-2?adjust_creative=ULHW7ynqdXE8Z9Fnr4irFw&utm_campaign=yelp_api_v3&utm_medium=api_v3_business_search&utm_source=ULHW7ynqdXE8Z9Fnr4irFw"", ""review_count"": 6, ""categories"": [{""alias"": ""pizza"", ""title"": ""Pizza""}], ""rating"": 3.0, ""coordinates"": {""latitude"": 45.4953, ""longitude"": 9.18575}, ""transactions"": [], ""price"": ""\u20ac\u20ac"", ""location"": {""address1"": ""Via Carlo Farini 78"", ""address2"": null, ""address3"": null, ""city"": ""Milan"", ""zip_code"": ""20154"", ""country"": ""IT"", ""state"": ""MI"", ""display_address"": [""Via Carlo Farini 78"", ""20154 Milan"", ""Italy""]}, ""phone"": ""+390269016126"", ""display_phone"": ""+39 02 6901 6126"", ""distance"": 2769.130500142325}, {""id"": ""pZQx5XBJEQYzW3RVlKB6RA"", ""alias"": ""pizzeria-bande-nere-milano"", ""name"": ""Pizzeria Bande Nere"", ""image_url"": ""https://s3-media1.fl.yelpcdn.com/bphoto/5MhsfFD6C3NGrWkPT4GIVA/o.jpg"", ""is_closed"": false, ""url"": ""https://www.yelp.com/biz/pizzeria-bande-nere-milano?adjust_creative=ULHW7ynqdXE8Z9Fnr4irFw&utm_campaign=yelp_api_v3&utm_medium=api_v3_business_search&utm_source=ULHW7ynqdXE8Z9Fnr4irFw"", ""review_count"": 1, ""categories"": [{""alias"": ""italian"", ""title"": ""Italian""}, {""alias"": ""pizza"", ""title"": ""Pizza""}], ""rating"": 3.0, ""coordinates"": {""latitude"": 45.46148, ""longitude"": 9.13567}, ""transactions"": [], ""price"": ""\u20ac\u20ac"", ""location"": {""address1"": ""Piazzale Giovanni delle Bande Nere 9"", ""address2"": null, ""address3"": null, ""city"": ""Milan"", ""zip_code"": ""20100"", ""country"": ""IT"", ""state"": ""MI"", ""display_address"": [""Piazzale Giovanni delle Bande Nere 9"", ""20100 Milan"", ""Italy""]}, ""phone"": ""+390248707554"", ""display_phone"": ""+39 02 4870 7554"", ""distance"": 4274.362665639163}, {""id"": ""Agmu6E4FKrGi6mk5ksObww"", ""alias"": ""bollicine-milano"", ""name"": ""Bollicine"", ""image_url"": ""https://s3-media4.fl.yelpcdn.com/bphoto/RwYRbzyvALQmN41Id3zpWA/o.jpg"", ""is_closed"": false, ""url"": ""https://www.yelp.com/biz/bollicine-milano?adjust_creative=ULHW7ynqdXE8Z9Fnr4irFw&utm_campaign=yelp_api_v3&utm_medium=api_v3_business_search&utm_source=ULHW7ynqdXE8Z9Fnr4irFw"", ""review_count"": 5, ""categories"": [{""alias"": ""pizza"", ""title"": ""Pizza""}], ""rating"": 3.5, ""coordinates"": {""latitude"": 45.49163, ""longitude"": 9.23796}, ""transactions"": [], ""price"": ""\u20ac\u20ac"", ""location"": {""address1"": ""Via Monfalcone 3"", ""address2"": null, ""address3"": null, ""city"": ""Milan"", ""zip_code"": ""20132"", ""country"": ""IT"", ""state"": ""MI"", ""display_address"": [""Via Monfalcone 3"", ""20132 Milan"", ""Italy""]}, ""phone"": ""+39022155027"", ""display_phone"": ""+39 02 215 5027"", ""distance"": 4486.143886998754}, {""id"": ""hTU5KT5WIMmOJZK9WBS3vg"", ""alias"": ""il-comignolo-milano"", ""name"": ""Il Comignolo"", ""image_url"": ""https://s3-media3.fl.yelpcdn.com/bphoto/7vFdTra_WqUl2x7eIxtGMg/o.jpg"", ""is_closed"": false, ""url"": ""https://www.yelp.com/biz/il-comignolo-milano?adjust_creative=ULHW7ynqdXE8Z9Fnr4irFw&utm_campaign=yelp_api_v3&utm_medium=api_v3_business_search&utm_source=ULHW7ynqdXE8Z9Fnr4irFw"", ""review_count"": 5, ""categories"": [{""alias"": ""pizza"", ""title"": ""Pizza""}], ""rating"": 3.0, ""coordinates"": {""latitude"": 45.4576672274228, ""longitude"": 9.12187776003098}, ""transactions"": [], ""price"": ""\u20ac\u20ac"", ""location"": {""address1"": ""Via Zurigo 38"", ""address2"": """", ""address3"": """", ""city"": ""Milan"", ""zip_code"": ""20147"", ""country"": ""IT"", ""state"": ""MI"", ""display_address"": [""Via Zurigo 38"", ""20147 Milan"", ""Italy""]}, ""phone"": """", ""display_phone"": """", ""distance"": 5427.406050252065}, {""id"": ""G6_7mp9x3uxzBxckAAUZag"", ""alias"": ""da-lorenzo-pero-3"", ""name"": ""Da Lorenzo"", ""image_url"": ""https://s3-media3.fl.yelpcdn.com/bphoto/PZQVbm4qDWREl2UJGrRa1g/o.jpg"", ""is_closed"": false, ""url"": ""https://www.yelp.com/biz/da-lorenzo-pero-3?adjust_creative=ULHW7ynqdXE8Z9Fnr4irFw&utm_campaign=yelp_api_v3&utm_medium=api_v3_business_search&utm_source=ULHW7ynqdXE8Z9Fnr4irFw"", ""review_count"": 2, ""categories"": [{""alias"": ""pizza"", ""title"": ""Pizza""}, {""alias"": ""seafood"", ""title"": ""Seafood""}, {""alias"": ""trattorie"", ""title"": ""Trattorie""}], ""rating"": 3.0, ""coordinates"": {""latitude"": 45.508931, ""longitude"": 9.090137}, ""transactions"": [], ""price"": ""\u20ac\u20ac"", ""location"": {""address1"": ""Via Sempione 30"", ""address2"": """", ""address3"": null, ""city"": ""Pero"", ""zip_code"": ""20016"", ""country"": ""IT"", ""state"": ""MI"", ""display_address"": [""Via Sempione 30"", ""20016 Pero"", ""Italy""]}, ""phone"": ""+39023539812"", ""display_phone"": ""+39 02 353 9812"", ""distance"": 8815.788945338487}, {""id"": ""8QjDpQ6WNS8jj4YfBtm75g"", ""alias"": ""broadway-caf\u00e8-milano-2"", ""name"": ""Broadway Caf\u00e8"", ""image_url"": ""https://s3-media4.fl.yelpcdn.com/bphoto/jlYlpwHLumonIF3w9dzWng/o.jpg"", ""is_closed"": false, ""url"": ""https://www.yelp.com/biz/broadway-caf%C3%A8-milano-2?adjust_creative=ULHW7ynqdXE8Z9Fnr4irFw&utm_campaign=yelp_api_v3&utm_medium=api_v3_business_search&utm_source=ULHW7ynqdXE8Z9Fnr4irFw"", ""review_count"": 2, ""categories"": [{""alias"": ""burgers"", ""title"": ""Burgers""}, {""alias"": ""pizza"", ""title"": ""Pizza""}, {""alias"": ""hotdogs"", ""title"": ""Fast Food""}], ""rating"": 3.5, ""coordinates"": {""latitude"": 45.5216252, ""longitude"": 9.2132765}, ""transactions"": [], ""price"": ""\u20ac\u20ac"", ""location"": {""address1"": ""Via Chiese 60"", ""address2"": """", ""address3"": """", ""city"": ""Milan"", ""zip_code"": ""20126"", ""country"": ""IT"", ""state"": ""MI"", ""display_address"": [""Via Chiese 60"", ""20126 Milan"", ""Italy""]}, ""phone"": ""+390287381668"", ""display_phone"": ""+39 02 8738 1668"", ""distance"": 6101.938709930044}, {""id"": ""1_BZNe2kX2Ys9-tzDUVwZg"", ""alias"": ""pizzeria-romolo-milano"", ""name"": ""Pizzeria Romolo"", ""image_url"": ""https://s3-media2.fl.yelpcdn.com/bphoto/yo5WqUAR1K7NXqXo46c3EQ/o.jpg"", ""is_closed"": false, ""url"": ""https://www.yelp.com/biz/pizzeria-romolo-milano?adjust_creative=ULHW7ynqdXE8Z9Fnr4irFw&utm_campaign=yelp_api_v3&utm_medium=api_v3_business_search&utm_source=ULHW7ynqdXE8Z9Fnr4irFw"", ""review_count"": 5, ""categories"": [{""alias"": ""pizza"", ""title"": ""Pizza""}, {""alias"": ""kebab"", ""title"": ""Kebab""}], ""rating"": 3.5, ""coordinates"": {""latitude"": 45.4444299, ""longitude"": 9.16723}, ""transactions"": [], ""price"": ""\u20ac\u20ac"", ""location"": {""address1"": ""Viale Romolo 1"", ""address2"": """", ""address3"": """", ""city"": ""Milan"", ""zip_code"": ""20143"", ""country"": ""IT"", ""state"": ""MI"", ""display_address"": [""Viale Romolo 1"", ""20143 Milan"", ""Italy""]}, ""phone"": ""+39028393246"", ""display_phone"": ""+39 02 839 3246"", ""distance"": 3365.1113531944416}, {""id"": ""gTfL_PSBMgi5awJ7lTBfbQ"", ""alias"": ""kofler-milano"", ""name"": ""Kofler"", ""image_url"": ""https://s3-media4.fl.yelpcdn.com/bphoto/WK1WmM4esslChWwW83tftw/o.jpg"", ""is_closed"": false, ""url"": ""https://www.yelp.com/biz/kofler-milano?adjust_creative=ULHW7ynqdXE8Z9Fnr4irFw&utm_campaign=yelp_api_v3&utm_medium=api_v3_business_search&utm_source=ULHW7ynqdXE8Z9Fnr4irFw"", ""review_count"": 10, ""categories"": [{""alias"": ""pizza"", ""title"": ""Pizza""}, {""alias"": ""beerbar"", ""title"": ""Beer Bar""}, {""alias"": ""cafes"", ""title"": ""Cafes""}], ""rating"": 3.0, ""coordinates"": {""latitude"": 45.45233, ""longitude"": 9.21489}, ""transactions"": [], ""price"": ""\u20ac\u20ac"", ""location"": {""address1"": ""Via Tito Livio 4"", ""address2"": null, ""address3"": null, ""city"": ""Milan"", ""zip_code"": ""20137"", ""country"": ""IT"", ""state"": ""MI"", ""display_address"": [""Via Tito Livio 4"", ""20137 Milan"", ""Italy""]}, ""phone"": ""+390254072997"", ""display_phone"": ""+39 02 5407 2997"", ""distance"": 2848.9725633599633}, {""id"": ""lzWoMXDp4jD4zJbFKu5O2g"", ""alias"": ""plaza-milano"", ""name"": ""Plaza"", ""image_url"": ""https://s3-media2.fl.yelpcdn.com/bphoto/Xas5NWCTBKWPMo6ifm8tlw/o.jpg"", ""is_closed"": false, ""url"": ""https://www.yelp.com/biz/plaza-milano?adjust_creative=ULHW7ynqdXE8Z9Fnr4irFw&utm_campaign=yelp_api_v3&utm_medium=api_v3_business_search&utm_source=ULHW7ynqdXE8Z9Fnr4irFw"", ""review_count"": 2, ""categories"": [{""alias"": ""pizza"", ""title"": ""Pizza""}, {""alias"": ""italian"", ""title"": ""Italian""}], ""rating"": 2.5, ""coordinates"": {""latitude"": 45.45252, ""longitude"": 9.15496}, ""transactions"": [], ""price"": ""\u20ac\u20ac"", ""location"": {""address1"": ""Piazza Napoli 25"", ""address2"": """", ""address3"": """", ""city"": ""Milan"", ""zip_code"": ""20146"", ""country"": ""IT"", ""state"": ""MI"", ""display_address"": [""Piazza Napoli 25"", ""20146 Milan"", ""Italy""]}, ""phone"": ""+390248950269"", ""display_phone"": ""+39 02 4895 0269"", ""distance"": 3327.8357154258993}, {""id"": ""f22DR2UEDzvGsDmXMKu3sQ"", ""alias"": ""carmel-milano-2"", ""name"": ""Carmel"", ""image_url"": ""https://s3-media4.fl.yelpcdn.com/bphoto/w0efYiSYJX9sQHaUpSRKNA/o.jpg"", ""is_closed"": false, ""url"": ""https://www.yelp.com/biz/carmel-milano-2?adjust_creative=ULHW7ynqdXE8Z9Fnr4irFw&utm_campaign=yelp_api_v3&utm_medium=api_v3_business_search&utm_source=ULHW7ynqdXE8Z9Fnr4irFw"", ""review_count"": 2, ""categories"": [{""alias"": ""pizza"", ""title"": ""Pizza""}, {""alias"": ""mideastern"", ""title"": ""Middle Eastern""}, {""alias"": ""kosher"", ""title"": ""Kosher""}], ""rating"": 2.0, ""coordinates"": {""latitude"": 45.45577, ""longitude"": 9.13669}, ""transactions"": [], ""price"": ""\u20ac\u20ac"", ""location"": {""address1"": ""Viale San Gimignano 10"", ""address2"": null, ""address3"": null, ""city"": ""Milan"", ""zip_code"": ""20146"", ""country"": ""IT"", ""state"": ""MI"", ""display_address"": [""Viale San Gimignano 10"", ""20146 Milan"", ""Italy""]}, ""phone"": ""+3902416368"", ""display_phone"": ""+39 02 416368"", ""distance"": 4398.578902109214}, {""id"": ""U_rEHkjG942SE_wWn2ZVow"", ""alias"": ""dominos-milano-7"", ""name"": ""Domino's"", ""image_url"": ""https://s3-media2.fl.yelpcdn.com/bphoto/xlArjNGrp8ewtoFZVX76cw/o.jpg"", ""is_closed"": false, ""url"": ""https://www.yelp.com/biz/dominos-milano-7?adjust_creative=ULHW7ynqdXE8Z9Fnr4irFw&utm_campaign=yelp_api_v3&utm_medium=api_v3_business_search&utm_source=ULHW7ynqdXE8Z9Fnr4irFw"", ""review_count"": 1, ""categories"": [{""alias"": ""pizza"", ""title"": ""Pizza""}], ""rating"": 3.0, ""coordinates"": {""latitude"": 45.4542491024686, ""longitude"": 9.150453}, ""transactions"": [], ""price"": ""\u20ac\u20ac"", ""location"": {""address1"": ""Via Lorenteggio 31"", ""address2"": """", ""address3"": null, ""city"": ""Milan"", ""zip_code"": ""20146"", ""country"": ""IT"", ""state"": ""MI"", ""display_address"": [""Via Lorenteggio 31"", ""20146 Milan"", ""Italy""]}, ""phone"": ""+390235923700"", ""display_phone"": ""+39 02 3592 3700"", ""distance"": 3508.240659668406}, {""id"": ""hbmfeNeesD-gDKFQU0Svrw"", ""alias"": ""al-ponte-corsico"", ""name"": ""Al Ponte"", ""image_url"": ""https://s3-media4.fl.yelpcdn.com/bphoto/_P_wp8FVbrhiYuKLq9ru_g/o.jpg"", ""is_closed"": false, ""url"": ""https://www.yelp.com/biz/al-ponte-corsico?adjust_creative=ULHW7ynqdXE8Z9Fnr4irFw&utm_campaign=yelp_api_v3&utm_medium=api_v3_business_search&utm_source=ULHW7ynqdXE8Z9Fnr4irFw"", ""review_count"": 1, ""categories"": [{""alias"": ""pizza"", ""title"": ""Pizza""}], ""rating"": 3.0, ""coordinates"": {""latitude"": 45.43367, ""longitude"": 9.10893}, ""transactions"": [], ""price"": ""\u20ac\u20ac"", ""location"": {""address1"": ""Via Vittorio Emanuele 39"", ""address2"": """", ""address3"": """", ""city"": ""Corsico"", ""zip_code"": ""20094"", ""country"": ""IT"", ""state"": ""MI"", ""display_address"": [""Via Vittorio Emanuele 39"", ""20094 Corsico"", ""Italy""]}, ""phone"": ""+39024402600"", ""display_phone"": ""+39 02 440 2600"", ""distance"": 7465.901773179211}, {""id"": ""kUoFRNoVSPX-bOKtKUYWww"", ""alias"": ""sotto-sopra-milano"", ""name"": ""Sotto Sopra"", ""image_url"": ""https://s3-media1.fl.yelpcdn.com/bphoto/lSuvEfAo-8Xm6Ie3FNtrng/o.jpg"", ""is_closed"": false, ""url"": ""https://www.yelp.com/biz/sotto-sopra-milano?adjust_creative=ULHW7ynqdXE8Z9Fnr4irFw&utm_campaign=yelp_api_v3&utm_medium=api_v3_business_search&utm_source=ULHW7ynqdXE8Z9Fnr4irFw"", ""review_count"": 4, ""categories"": [{""alias"": ""italian"", ""title"": ""Italian""}, {""alias"": ""seafood"", ""title"": ""Seafood""}, {""alias"": ""pizza"", ""title"": ""Pizza""}], ""rating"": 3.5, ""coordinates"": {""latitude"": 45.5146182429179, ""longitude"": 9.21068306756232}, ""transactions"": [], ""price"": ""\u20ac\u20ac"", ""location"": {""address1"": ""Viale Piero e Alberto Pirelli 16"", ""address2"": """", ""address3"": """", ""city"": ""Milan"", ""zip_code"": ""20126"", ""country"": ""IT"", ""state"": ""MI"", ""display_address"": [""Viale Piero e Alberto Pirelli 16"", ""20126 Milan"", ""Italy""]}, ""phone"": ""+39026473909"", ""display_phone"": ""+39 02 647 3909"", ""distance"": 5348.431475707738}, {""id"": ""-ShxOlP7ngSKBuU4-GaOtQ"", ""alias"": ""laguna-blu-milano"", ""name"": ""Laguna Blu"", ""image_url"": """", ""is_closed"": false, ""url"": ""https://www.yelp.com/biz/laguna-blu-milano?adjust_creative=ULHW7ynqdXE8Z9Fnr4irFw&utm_campaign=yelp_api_v3&utm_medium=api_v3_business_search&utm_source=ULHW7ynqdXE8Z9Fnr4irFw"", ""review_count"": 2, ""categories"": [{""alias"": ""pizza"", ""title"": ""Pizza""}], ""rating"": 2.5, ""coordinates"": {""latitude"": 45.44974, ""longitude"": 9.14993}, ""transactions"": [], ""price"": ""\u20ac\u20ac"", ""location"": {""address1"": ""Via Savona, 108"", ""address2"": null, ""address3"": null, ""city"": ""Milan"", ""zip_code"": ""20144"", ""country"": ""IT"", ""state"": ""MI"", ""display_address"": [""Via Savona, 108"", ""20144 Milan"", ""Italy""]}, ""phone"": ""+390242296324"", ""display_phone"": ""+39 02 4229 6324"", ""distance"": 3814.2797297817706}, {""id"": ""_oPJHjBU932fiWzvPmR25g"", ""alias"": ""anselmos-buccinasco"", ""name"": ""Anselmo's"", ""image_url"": ""https://s3-media2.fl.yelpcdn.com/bphoto/KbGd_DQ-UdpQCGocPUWKKQ/o.jpg"", ""is_closed"": false, ""url"": ""https://www.yelp.com/biz/anselmos-buccinasco?adjust_creative=ULHW7ynqdXE8Z9Fnr4irFw&utm_campaign=yelp_api_v3&utm_medium=api_v3_business_search&utm_source=ULHW7ynqdXE8Z9Fnr4irFw"", ""review_count"": 5, ""categories"": [{""alias"": ""pizza"", ""title"": ""Pizza""}, {""alias"": ""seafood"", ""title"": ""Seafood""}], ""rating"": 4.0, ""coordinates"": {""latitude"": 45.424142, ""longitude"": 9.127753}, ""transactions"": [], ""price"": ""\u20ac\u20ac"", ""location"": {""address1"": ""Via Indipendenza 3"", ""address2"": """", ""address3"": """", ""city"": ""Buccinasco"", ""zip_code"": ""20090"", ""country"": ""IT"", ""state"": ""MI"", ""display_address"": [""Via Indipendenza 3"", ""20090 Buccinasco"", ""Italy""]}, ""phone"": ""+390245708315"", ""display_phone"": ""+39 02 4570 8315"", ""distance"": 7028.077947073605}, {""id"": ""gFWKez1Wh-4nY4ki518QXg"", ""alias"": ""gastone-sesto-san-giovanni"", ""name"": ""Gastone"", ""image_url"": """", ""is_closed"": false, ""url"": ""https://www.yelp.com/biz/gastone-sesto-san-giovanni?adjust_creative=ULHW7ynqdXE8Z9Fnr4irFw&utm_campaign=yelp_api_v3&utm_medium=api_v3_business_search&utm_source=ULHW7ynqdXE8Z9Fnr4irFw"", ""review_count"": 1, ""categories"": [{""alias"": ""italian"", ""title"": ""Italian""}, {""alias"": ""baguettes"", ""title"": ""Baguettes""}, {""alias"": ""pizza"", ""title"": ""Pizza""}], ""rating"": 3.0, ""coordinates"": {""latitude"": 45.5369301, ""longitude"": 9.2462101}, ""transactions"": [], ""price"": ""\u20ac\u20ac"", ""location"": {""address1"": ""Via Alberto Falck, 15"", ""address2"": """", ""address3"": """", ""city"": ""Sesto San Giovanni"", ""zip_code"": ""20099"", ""country"": ""IT"", ""state"": ""MI"", ""display_address"": [""Via Alberto Falck, 15"", ""20099 Sesto San Giovanni"", ""Italy""]}, ""phone"": ""+390287128918"", ""display_phone"": ""+39 02 8712 8918"", ""distance"": 8645.252806504075}, {""id"": ""3acnNHvCeTcqP1c_Jhc3rA"", ""alias"": ""legend-club-milano"", ""name"": ""Legend Club"", ""image_url"": ""https://s3-media4.fl.yelpcdn.com/bphoto/2RQkvVRZw5HHJR2v9GR_Jg/o.jpg"", ""is_closed"": false, ""url"": ""https://www.yelp.com/biz/legend-club-milano?adjust_creative=ULHW7ynqdXE8Z9Fnr4irFw&utm_campaign=yelp_api_v3&utm_medium=api_v3_business_search&utm_source=ULHW7ynqdXE8Z9Fnr4irFw"", ""review_count"": 9, ""categories"": [{""alias"": ""pubs"", ""title"": ""Pubs""}, {""alias"": ""pizza"", ""title"": ""Pizza""}, {""alias"": ""danceclubs"", ""title"": ""Dance Clubs""}], ""rating"": 3.5, ""coordinates"": {""latitude"": 45.5161564777298, ""longitude"": 9.17951309054542}, ""transactions"": [], ""price"": ""\u20ac\u20ac"", ""location"": {""address1"": ""Viale Enrico Fermi 98"", ""address2"": null, ""address3"": null, ""city"": ""Milan"", ""zip_code"": ""20159"", ""country"": ""IT"", ""state"": ""MI"", ""display_address"": [""Viale Enrico Fermi 98"", ""20159 Milan"", ""Italy""]}, ""phone"": ""+390269901251"", ""display_phone"": ""+39 02 6990 1251"", ""distance"": 5133.6967512501}, {""id"": ""0laIF1N6OMJebxADtHmxnw"", ""alias"": ""la-tenda-rosa-milano"", ""name"": ""La Tenda Rosa"", ""image_url"": """", ""is_closed"": false, ""url"": ""https://www.yelp.com/biz/la-tenda-rosa-milano?adjust_creative=ULHW7ynqdXE8Z9Fnr4irFw&utm_campaign=yelp_api_v3&utm_medium=api_v3_business_search&utm_source=ULHW7ynqdXE8Z9Fnr4irFw"", ""review_count"": 2, ""categories"": [{""alias"": ""pizza"", ""title"": ""Pizza""}], ""rating"": 3.5, ""coordinates"": {""latitude"": 45.51077, ""longitude"": 9.23514}, ""transactions"": [], ""price"": ""\u20ac\u20ac"", ""location"": {""address1"": ""Via Ponte Nuovo, 87"", ""address2"": null, ""address3"": null, ""city"": ""Milan"", ""zip_code"": ""20128"", ""country"": ""IT"", ""state"": ""MI"", ""display_address"": [""Via Ponte Nuovo, 87"", ""20128 Milan"", ""Italy""]}, ""phone"": ""+39022575817"", ""display_phone"": ""+39 02 257 5817"", ""distance"": 5767.892206026948}, {""id"": ""D9aiwwQYjbB0PuBi3ykUjw"", ""alias"": ""da-massimo-milano"", ""name"": ""Da Massimo"", ""image_url"": ""https://s3-media4.fl.yelpcdn.com/bphoto/qieRDD-Yje0pctbF9CWOOg/o.jpg"", ""is_closed"": false, ""url"": ""https://www.yelp.com/biz/da-massimo-milano?adjust_creative=ULHW7ynqdXE8Z9Fnr4irFw&utm_campaign=yelp_api_v3&utm_medium=api_v3_business_search&utm_source=ULHW7ynqdXE8Z9Fnr4irFw"", ""review_count"": 2, ""categories"": [{""alias"": ""italian"", ""title"": ""Italian""}, {""alias"": ""pizza"", ""title"": ""Pizza""}], ""rating"": 3.0, ""coordinates"": {""latitude"": 45.49569, ""longitude"": 9.23687}, ""transactions"": [], ""price"": ""\u20ac\u20ac"", ""location"": {""address1"": ""Via Boves 1"", ""address2"": null, ""address3"": null, ""city"": ""Milan"", ""zip_code"": ""20132"", ""country"": ""IT"", ""state"": ""MI"", ""display_address"": [""Via Boves 1"", ""20132 Milan"", ""Italy""]}, ""phone"": ""+390226821876"", ""display_phone"": ""+39 02 2682 1876"", ""distance"": 4670.649190580713}, {""id"": ""PM1RuDyoAtdwOGsYwgJS4w"", ""alias"": ""moto-pizza-milano"", ""name"": ""Moto Pizza"", ""image_url"": """", ""is_closed"": false, ""url"": ""https://www.yelp.com/biz/moto-pizza-milano?adjust_creative=ULHW7ynqdXE8Z9Fnr4irFw&utm_campaign=yelp_api_v3&utm_medium=api_v3_business_search&utm_source=ULHW7ynqdXE8Z9Fnr4irFw"", ""review_count"": 1, ""categories"": [{""alias"": ""pizza"", ""title"": ""Pizza""}], ""rating"": 3.0, ""coordinates"": {""latitude"": 45.45638, ""longitude"": 9.14224}, ""transactions"": [], ""price"": ""\u20ac\u20ac"", ""location"": {""address1"": ""Via Luigi Soderini 25"", ""address2"": null, ""address3"": null, ""city"": ""Milan"", ""zip_code"": ""20146"", ""country"": ""IT"", ""state"": ""MI"", ""display_address"": [""Via Luigi Soderini 25"", ""20146 Milan"", ""Italy""]}, ""phone"": ""+390247711328"", ""display_phone"": ""+39 02 4771 1328"", ""distance"": 3969.4973287882885}, {""id"": ""RETgjGvOO-UVzkAtYQquXA"", ""alias"": ""la-coppa-d-oro-sesto-san-giovanni"", ""name"": ""La Coppa d'Oro"", ""image_url"": """", ""is_closed"": false, ""url"": ""https://www.yelp.com/biz/la-coppa-d-oro-sesto-san-giovanni?adjust_creative=ULHW7ynqdXE8Z9Fnr4irFw&utm_campaign=yelp_api_v3&utm_medium=api_v3_business_search&utm_source=ULHW7ynqdXE8Z9Fnr4irFw"", ""review_count"": 3, ""categories"": [{""alias"": ""italian"", ""title"": ""Italian""}, {""alias"": ""chinese"", ""title"": ""Chinese""}, {""alias"": ""pizza"", ""title"": ""Pizza""}], ""rating"": 2.5, ""coordinates"": {""latitude"": 45.52552, ""longitude"": 9.22836}, ""transactions"": [], ""price"": ""\u20ac\u20ac"", ""location"": {""address1"": ""Viale Marelli 290"", ""address2"": null, ""address3"": null, ""city"": ""Sesto San Giovanni"", ""zip_code"": ""20099"", ""country"": ""IT"", ""state"": ""MI"", ""display_address"": [""Viale Marelli 290"", ""20099 Sesto San Giovanni"", ""Italy""]}, ""phone"": ""+390222470250"", ""display_phone"": ""+39 02 2247 0250"", ""distance"": 6845.136964485848}, {""id"": ""i9hlhxGev9Q1gkglKEJKtw"", ""alias"": ""via-vai-milano"", ""name"": ""Via Vai"", ""image_url"": ""https://s3-media2.fl.yelpcdn.com/bphoto/heICUylfHVDnIYfdjvBsfg/o.jpg"", ""is_closed"": false, ""url"": ""https://www.yelp.com/biz/via-vai-milano?adjust_creative=ULHW7ynqdXE8Z9Fnr4irFw&utm_campaign=yelp_api_v3&utm_medium=api_v3_business_search&utm_source=ULHW7ynqdXE8Z9Fnr4irFw"", ""review_count"": 1, ""categories"": [{""alias"": ""pizza"", ""title"": ""Pizza""}, {""alias"": ""lumbard"", ""title"": ""Lumbard""}], ""rating"": 3.0, ""coordinates"": {""latitude"": 45.4315987, ""longitude"": 9.2449536}, ""transactions"": [], ""price"": ""\u20ac\u20ac"", ""location"": {""address1"": ""Via Freik\u00f6fel 15"", ""address2"": null, ""address3"": null, ""city"": ""Milan"", ""zip_code"": ""20138"", ""country"": ""IT"", ""state"": ""MI"", ""display_address"": [""Via Freik\u00f6fel 15"", ""20138 Milan"", ""Italy""]}, ""phone"": ""+3902512937"", ""display_phone"": ""+39 02 512937"", ""distance"": 6141.048996889007}], ""total"": 340, ""region"": {""center"": {""longitude"": 9.189033508300781, ""latitude"": 45.47047287954827}}}",application/json,false,"OAS disconformity: [Path '/businesses/[item]/price'] Instance value ("""") not found in enum (possible values: [""$"";""$$"";""$$$"";""$$$$""])"
test_1k25l8553cmr6_getBusinesses,400,"{""error"": {""code"": ""VALIDATION_ERROR"", ""description"": ""Please specify a location or a latitude and longitude""}}",application/json,true,none
test_qdpyid0ebdx3_getBusinesses,400,"{""error"": {""code"": ""OPEN_AT_AND_NOW_PROVIDED"", ""description"": ""You must specify either open_at or open_now, not both.""}}",application/json,true,none
test_qhnamiayuv6p_getBusinesses,400,"{""error"": {""code"": ""VALIDATION_ERROR"", ""description"": ""Please specify a location or a latitude and longitude""}}",application/json,true,none
test_qhvlvnbo03e9_getBusinesses,400,"{""error"": {""code"": ""VALIDATION_ERROR"", ""description"": ""The open_at provided is too long ago, the timestamp must be within the last two weeks.""}}",application/json,true,none
test_qxlkm5k732gj_getBusinesses,400,"{""error"": {""code"": ""VALIDATION_ERROR"", ""description"": ""Please specify a location or a latitude and longitude""}}",application/json,true,none
test_rl8ddhy249k5_getBusinesses,400,"{""error"": {""code"": ""VALIDATION_ERROR"", ""description"": ""Please specify a location or a latitude and longitude""}}",application/json,true,none
test_rlan80qcmgkm_getBusinesses,400,"{""error"": {""code"": ""VALIDATION_ERROR"", ""description"": ""Please specify a location or a latitude and longitude""}}",application/json,true,none
test_s18bgoysy52r_getBusinesses,400,"{""error"": {""code"": ""VALIDATION_ERROR"", ""description"": ""Please specify a location or a latitude and longitude""}}",application/json,true,none
test_s1efl4t85r91_getBusinesses,400,"{""error"": {""code"": ""VALIDATION_ERROR"", ""description"": ""Please specify a location or a latitude and longitude""}}",application/json,true,none
test_s4rvtg1zsi8y_getBusinesses,200,"{""businesses"": [], ""total"": 0, ""region"": {""center"": {""longitude"": -88.26107025146484, ""latitude"": 44.75855738140011}}}",application/json,true,none
test_skv1wk2o6ey8_getBusinesses,200,"{""businesses"": [], ""total"": 0, ""region"": {""center"": {""longitude"": -73.97918701171875, ""latitude"": 40.706977710584276}}}",application/json,true,none
test_skxtohhblsv8_getBusinesses,200,"{""businesses"": [], ""total"": 0, ""region"": {""center"": {""longitude"": -88.26107025146484, ""latitude"": 44.75855738140011}}}",application/json,true,none
test_sl3gcg0uhco5_getBusinesses,200,"{""businesses"": [], ""total"": 0, ""region"": {""center"": {""longitude"": 139.76669311523438, ""latitude"": 35.685011526354074}}}",application/json,true,none
test_sopnso335h7l_getBusinesses,400,"{""error"": {""code"": ""OPEN_AT_AND_NOW_PROVIDED"", ""description"": ""You must specify either open_at or open_now, not both.""}}",application/json,true,none
test_t4fkicgokilx_getBusinesses,400,"{""error"": {""code"": ""VALIDATION_ERROR"", ""description"": ""Please specify a location or a latitude and longitude""}}",application/json,true,none
test_t4kmlbb42nua_getBusinesses,200,"{""businesses"": [], ""total"": 0, ""region"": {""center"": {""longitude"": -95.59476, ""latitude"": 37.2754}}}",application/json,true,none
test_t4q5d0e0e14k_getBusinesses,200,"{""businesses"": [], ""total"": 0, ""region"": {""center"": {""longitude"": 2.3421478271484375, ""latitude"": 48.86195860677958}}}",application/json,true,none
test_t81twq2hc3fm_getBusinesses,200,"{""businesses"": [], ""total"": 0, ""region"": {""center"": {""longitude"": -106.44927978515625, ""latitude"": 31.653215982221013}}}",application/json,true,none
test_t8cgprrh7eia_getBusinesses,200,"{""businesses"": [], ""total"": 0, ""region"": {""center"": {""longitude"": -122.43644714355469, ""latitude"": 37.76089938976322}}}",application/json,true,none
test_toie6touazw0_getBusinesses,200,"{""businesses"": [], ""total"": 0, ""region"": {""center"": {""longitude"": 9.189033508300781, ""latitude"": 45.47047287954827}}}",application/json,true,none
test_ts2el9fdhpo0_getBusinesses,200,"{""businesses"": [], ""total"": 0, ""region"": {""center"": {""longitude"": -82.2769, ""latitude"": 40.617355}}}",application/json,true,none
test_urgu4emt70af_getBusinesses,200,"{""businesses"": [], ""total"": 0, ""region"": {""center"": {""longitude"": -105.98304748535156, ""latitude"": 35.68235448011593}}}",application/json,true,none
test_urhcrpaok7xy_getBusinesses,400,"{""error"": {""code"": ""LOCATION_NOT_FOUND"", ""description"": ""Could not execute search, try specifying a more exact location.""}}",application/json,true,none
test_urpnoxif31v4_getBusinesses,200,"{""businesses"": [], ""total"": 0, ""region"": {""center"": {""longitude"": -93.34663, ""latitude"": 44.384914}}}",application/json,true,none
test_urv78p36igdf_getBusinesses,200,"{""businesses"": [], ""total"": 0, ""region"": {""center"": {""longitude"": -88.35524, ""latitude"": 34.786747}}}",application/json,true,none
test_uv8mm00lhjjr_getBusinesses,200,"{""businesses"": [], ""total"": 0, ""region"": {""center"": {""longitude"": 2.3421478271484375, ""latitude"": 48.86195860677958}}}",application/json,true,none
test_uve4ojrgez4y_getBusinesses,400,"{""error"": {""code"": ""VALIDATION_ERROR"", ""description"": ""Please specify a location or a latitude and longitude""}}",application/json,true,none
test_uve52dcil5r5_getBusinesses,400,"{""error"": {""code"": ""VALIDATION_ERROR"", ""description"": ""Please specify a location or a latitude and longitude""}}",application/json,true,none
test_vf6f2byfmgrm_getBusinesses,200,"{""businesses"": [], ""total"": 0, ""region"": {""center"": {""longitude"": -84.9173, ""latitude"": 34.291534}}}",application/json,true,none
