testResultId,statusCode,responseBody,outputContentType,passed,failReason
test_1h7fx7qo2fpko_getBusinesses,400,"{""error"": {""code"": ""VALIDATION_ERROR"", ""description"": ""Please specify a location or a latitude and longitude""}}",application/json,true,none
test_1h7geotpn2xit_getBusinesses,400,"{""error"": {""code"": ""VALIDATION_ERROR"", ""description"": ""Please specify a location or a latitude and longitude""}}",application/json,true,none
test_1hb87pdq2le7q_getBusinesses,400,"{""error"": {""code"": ""VALIDATION_ERROR"", ""description"": ""Please specify a location or a latitude and longitude""}}",application/json,true,none
test_1hr5dhc3h9j5f_getBusinesses,400,"{""error"": {""code"": ""LOCATION_NOT_FOUND"", ""description"": ""Could not execute search, try specifying a more exact location.""}}",application/json,true,none
test_1hrben1xzbktz_getBusinesses,400,"{""error"": {""code"": ""LOCATION_NOT_FOUND"", ""description"": ""Could not execute search, try specifying a more exact location.""}}",application/json,true,none
test_1hrggyqixff3n_getBusinesses,400,"{""error"": {""code"": ""OPEN_AT_AND_NOW_PROVIDED"", ""description"": ""You must specify either open_at or open_now, not both.""}}",application/json,true,none
test_1hruao0bk838h_getBusinesses,200,"{""businesses"": [], ""total"": 0, ""region"": {""center"": {""longitude"": -98.74693, ""latitude"": 35.482357}}}",application/json,true,none
test_1hrud0ghzehyc_getBusinesses,400,"{""error"": {""code"": ""VALIDATION_ERROR"", ""description"": ""Please specify a location or a latitude and longitude""}}",application/json,true,none
test_1hruuk2nsoxut_getBusinesses,400,"{""error"": {""code"": ""OPEN_AT_AND_NOW_PROVIDED"", ""description"": ""You must specify either open_at or open_now, not both.""}}",application/json,true,none
test_1iauvrfuy2otz_getBusinesses,200,"{""businesses"": [], ""total"": 0, ""region"": {""center"": {""longitude"": -88.75026, ""latitude"": 46.70115}}}",application/json,true,none
test_1ib3pvgs4s410_getBusinesses,400,"{""error"": {""code"": ""VALIDATION_ERROR"", ""description"": ""Please specify a location or a latitude and longitude""}}",application/json,true,none
test_1ib6ged22den5_getBusinesses,400,"{""error"": {""code"": ""VALIDATION_ERROR"", ""description"": ""Please specify a location or a latitude and longitude""}}",application/json,true,none
test_1iukwdl3czmeo_getBusinesses,400,"{""error"": {""code"": ""VALIDATION_ERROR"", ""description"": ""Please specify a location or a latitude and longitude""}}",application/json,true,none
test_1iv73f0rqp06p_getBusinesses,400,"{""error"": {""code"": ""VALIDATION_ERROR"", ""description"": ""Please specify a location or a latitude and longitude""}}",application/json,true,none
test_1iyqjhm0b2lv5_getBusinesses,200,"{""businesses"": [], ""total"": 0, ""region"": {""center"": {""longitude"": -105.96038818359375, ""latitude"": 35.665062782072155}}}",application/json,true,none
test_1jed63ysd5wds_getBusinesses,400,"{""error"": {""code"": ""VALIDATION_ERROR"", ""description"": ""Please specify a location or a latitude and longitude""}}",application/json,true,none
test_1jew256o2pgti_getBusinesses,400,"{""error"": {""code"": ""VALIDATION_ERROR"", ""description"": ""Please specify a location or a latitude and longitude""}}",application/json,true,none
test_1ji4hgl5ips1i_getBusinesses,400,"{""error"": {""code"": ""LOCATION_NOT_FOUND"", ""description"": ""Could not execute search, try specifying a more exact location.""}}",application/json,true,none
test_1k254gxf9ny3n_getBusinesses,400,"{""error"": {""code"": ""OPEN_AT_AND_NOW_PROVIDED"", ""description"": ""You must specify either open_at or open_now, not both.""}}",application/json,true,none
test_qdya58k1wlko_getBusinesses,400,"{""error"": {""code"": ""VALIDATION_ERROR"", ""description"": ""Please specify a location or a latitude and longitude""}}",application/json,true,none
test_qdytbjw6z4fq_getBusinesses,400,"{""error"": {""code"": ""VALIDATION_ERROR"", ""description"": ""Please specify a location or a latitude and longitude""}}",application/json,true,none
test_qe3u3fht1xyo_getBusinesses,200,"{""businesses"": [{""id"": ""pbetG9LlTLeN5MbU06BGHg"", ""alias"": ""lula-belles-cafe-gillette"", ""name"": ""Lula Belle's Cafe"", ""image_url"": ""https://s3-media2.fl.yelpcdn.com/bphoto/l_5BOSPqtOwrdBhlMD5MJw/o.jpg"", ""is_closed"": false, ""url"": ""https://www.yelp.at/biz/lula-belles-cafe-gillette?adjust_creative=ULHW7ynqdXE8Z9Fnr4irFw&utm_campaign=yelp_api_v3&utm_medium=api_v3_business_search&utm_source=ULHW7ynqdXE8Z9Fnr4irFw"", ""review_count"": 33, ""categories"": [{""alias"": ""breakfast_brunch"", ""title"": ""Fr\u00fchst\u00fcck & Brunch""}, {""alias"": ""coffee"", ""title"": ""Coffee Shop""}], ""rating"": 4.0, ""coordinates"": {""latitude"": 44.294289761705166, ""longitude"": -105.504275}, ""transactions"": [], ""price"": ""$"", ""location"": {""address1"": ""101 N Gillette Ave"", ""address2"": null, ""address3"": """", ""city"": ""Gillette"", ""zip_code"": ""82716"", ""country"": ""US"", ""state"": ""WY"", ""display_address"": [""101 N Gillette Ave"", ""Gillette, WY 82716"", ""Vereinigte Staaten""]}, ""phone"": ""+13076829798"", ""display_phone"": ""+1 307-682-9798"", ""distance"": 17673.487496760932}, {""id"": ""0Z4QG0y-kkiu-7T7LzQ1Ug"", ""alias"": ""ks-koffee-and-deli-gillette"", ""name"": ""K's Koffee & Deli"", ""image_url"": ""https://s3-media3.fl.yelpcdn.com/bphoto/nBdcbusg59NoR0o4k8grFQ/o.jpg"", ""is_closed"": false, ""url"": ""https://www.yelp.at/biz/ks-koffee-and-deli-gillette?adjust_creative=ULHW7ynqdXE8Z9Fnr4irFw&utm_campaign=yelp_api_v3&utm_medium=api_v3_business_search&utm_source=ULHW7ynqdXE8Z9Fnr4irFw"", ""review_count"": 17, ""categories"": [{""alias"": ""delis"", ""title"": ""Deli""}, {""alias"": ""coffee"", ""title"": ""Coffee Shop""}, {""alias"": ""breakfast_brunch"", ""title"": ""Fr\u00fchst\u00fcck & Brunch""}], ""rating"": 5.0, ""coordinates"": {""latitude"": 44.26999870494146, ""longitude"": -105.49706976860762}, ""transactions"": [], ""price"": ""$"", ""location"": {""address1"": ""2701 Powder Basin Ave"", ""address2"": ""Unit A"", ""address3"": null, ""city"": ""Gillette"", ""zip_code"": ""82718"", ""country"": ""US"", ""state"": ""WY"", ""display_address"": [""2701 Powder Basin Ave"", ""Unit A"", ""Gillette, WY 82718"", ""Vereinigte Staaten""]}, ""phone"": ""+13076966196"", ""display_phone"": ""+1 307-696-6196"", ""distance"": 14920.576908280824}, {""id"": ""qS-hGgbtVu0mnIMI0Jtx2A"", ""alias"": ""kfc-gillette"", ""name"": ""KFC"", ""image_url"": ""https://s3-media2.fl.yelpcdn.com/bphoto/ohCPM9zijGGtf4YVUnE-2g/o.jpg"", ""is_closed"": false, ""url"": ""https://www.yelp.at/biz/kfc-gillette?adjust_creative=ULHW7ynqdXE8Z9Fnr4irFw&utm_campaign=yelp_api_v3&utm_medium=api_v3_business_search&utm_source=ULHW7ynqdXE8Z9Fnr4irFw"", ""review_count"": 15, ""categories"": [{""alias"": ""hotdogs"", ""title"": ""Fast Food""}, {""alias"": ""chicken_wings"", ""title"": ""Chicken Wings""}, {""alias"": ""chickenshop"", ""title"": ""Brath\u00e4hnchen & Grillhendl""}], ""rating"": 2.0, ""coordinates"": {""latitude"": 44.2739276639834, ""longitude"": -105.495033668106}, ""transactions"": [""pickup""], ""price"": ""$"", ""location"": {""address1"": ""2250 S Douglas Hwy"", ""address2"": null, ""address3"": null, ""city"": ""Gillette"", ""zip_code"": ""82716"", ""country"": ""US"", ""state"": ""WY"", ""display_address"": [""2250 S Douglas Hwy"", ""Gillette, WY 82716"", ""Vereinigte Staaten""]}, ""phone"": ""+13076827676"", ""display_phone"": ""+1 307-682-7676"", ""distance"": 15294.35588535628}, {""id"": ""gMAmkrN5NpDQQ3lrfz9vnw"", ""alias"": ""hong-kong-restaurant-gillette"", ""name"": ""Hong Kong Restaurant"", ""image_url"": ""https://s3-media2.fl.yelpcdn.com/bphoto/ZvkkqyCgJmplBL3gNU0hoA/o.jpg"", ""is_closed"": false, ""url"": ""https://www.yelp.at/biz/hong-kong-restaurant-gillette?adjust_creative=ULHW7ynqdXE8Z9Fnr4irFw&utm_campaign=yelp_api_v3&utm_medium=api_v3_business_search&utm_source=ULHW7ynqdXE8Z9Fnr4irFw"", ""review_count"": 50, ""categories"": [{""alias"": ""chinese"", ""title"": ""Chinesisch""}], ""rating"": 3.5, ""coordinates"": {""latitude"": 44.293913, ""longitude"": -105.526156}, ""transactions"": [], ""price"": ""$"", ""location"": {""address1"": ""1612 W US Hwy 14-16"", ""address2"": null, ""address3"": null, ""city"": ""Gillette"", ""zip_code"": ""82716"", ""country"": ""US"", ""state"": ""WY"", ""display_address"": [""1612 W US Hwy 14-16"", ""Gillette, WY 82716"", ""Vereinigte Staaten""]}, ""phone"": ""+13076825829"", ""display_phone"": ""+1 307-682-5829"", ""distance"": 18194.220074540106}, {""id"": ""xxe9mOpTqPNhk9uY4sM3tg"", ""alias"": ""arbys-gillette"", ""name"": ""Arby's"", ""image_url"": ""https://s3-media3.fl.yelpcdn.com/bphoto/WdjTbTr-Rhi456IrrYY_ow/o.jpg"", ""is_closed"": false, ""url"": ""https://www.yelp.at/biz/arbys-gillette?adjust_creative=ULHW7ynqdXE8Z9Fnr4irFw&utm_campaign=yelp_api_v3&utm_medium=api_v3_business_search&utm_source=ULHW7ynqdXE8Z9Fnr4irFw"", ""review_count"": 8, ""categories"": [{""alias"": ""hotdogs"", ""title"": ""Fast Food""}, {""alias"": ""sandwiches"", ""title"": ""Sandwiches & Belegte Brote""}], ""rating"": 2.5, ""coordinates"": {""latitude"": 44.26945, ""longitude"": -105.4946}, ""transactions"": [], ""price"": ""$"", ""location"": {""address1"": ""2720 S Douglas Hwy"", ""address2"": null, ""address3"": null, ""city"": ""Gillette"", ""zip_code"": ""82718"", ""country"": ""US"", ""state"": ""WY"", ""display_address"": [""2720 S Douglas Hwy"", ""Gillette, WY 82718"", ""Vereinigte Staaten""]}, ""phone"": ""+13076867545"", ""display_phone"": ""+1 307-686-7545"", ""distance"": 14805.126166340197}, {""id"": ""Av0iJexKFVbQ4x9Fn3O3iA"", ""alias"": ""long-john-silvers-gillette"", ""name"": ""Long John Silver's"", ""image_url"": ""https://s3-media1.fl.yelpcdn.com/bphoto/NeFDUGu8xiAi6kA0-XEwqA/o.jpg"", ""is_closed"": false, ""url"": ""https://www.yelp.at/biz/long-john-silvers-gillette?adjust_creative=ULHW7ynqdXE8Z9Fnr4irFw&utm_campaign=yelp_api_v3&utm_medium=api_v3_business_search&utm_source=ULHW7ynqdXE8Z9Fnr4irFw"", ""review_count"": 5, ""categories"": [{""alias"": ""hotdogs"", ""title"": ""Fast Food""}, {""alias"": ""seafood"", ""title"": ""Fischrestaurant""}], ""rating"": 4.0, ""coordinates"": {""latitude"": 44.2769935, ""longitude"": -105.49003}, ""transactions"": [], ""price"": ""$"", ""location"": {""address1"": ""1920 Cliff Davis Dr"", ""address2"": """", ""address3"": """", ""city"": ""Gillette"", ""zip_code"": ""82718"", ""country"": ""US"", ""state"": ""WY"", ""display_address"": [""1920 Cliff Davis Dr"", ""Gillette, WY 82718"", ""Vereinigte Staaten""]}, ""phone"": ""+13076826280"", ""display_phone"": ""+1 307-682-6280"", ""distance"": 15521.370152109712}, {""id"": ""5YsW42glBL5o33O3Ggb7zQ"", ""alias"": ""dominos-pizza-gillette-3"", ""name"": ""Domino's Pizza"", ""image_url"": ""https://s3-media2.fl.yelpcdn.com/bphoto/d0awfKtNZsg0ZtFUT3uw1A/o.jpg"", ""is_closed"": false, ""url"": ""https://www.yelp.at/biz/dominos-pizza-gillette-3?adjust_creative=ULHW7ynqdXE8Z9Fnr4irFw&utm_campaign=yelp_api_v3&utm_medium=api_v3_business_search&utm_source=ULHW7ynqdXE8Z9Fnr4irFw"", ""review_count"": 4, ""categories"": [{""alias"": ""pizza"", ""title"": ""Pizza""}, {""alias"": ""chicken_wings"", ""title"": ""Chicken Wings""}, {""alias"": ""sandwiches"", ""title"": ""Sandwiches & Belegte Brote""}], ""rating"": 2.0, ""coordinates"": {""latitude"": 44.29294, ""longitude"": -105.5063799}, ""transactions"": [""pickup"", ""delivery""], ""price"": ""$"", ""location"": {""address1"": ""207 W 2nd St"", ""address2"": """", ""address3"": """", ""city"": ""Gillette"", ""zip_code"": ""82716"", ""country"": ""US"", ""state"": ""WY"", ""display_address"": [""207 W 2nd St"", ""Gillette, WY 82716"", ""Vereinigte Staaten""]}, ""phone"": ""+13076824999"", ""display_phone"": ""+1 307-682-4999"", ""distance"": 17567.42903635937}, {""id"": ""6UP0O3tYq-vR1hlAdJGDWA"", ""alias"": ""subway-gillette-11"", ""name"": ""Subway"", ""image_url"": ""https://s3-media2.fl.yelpcdn.com/bphoto/Afk-mc9QWhJ1RteNEUOEEQ/o.jpg"", ""is_closed"": false, ""url"": ""https://www.yelp.at/biz/subway-gillette-11?adjust_creative=ULHW7ynqdXE8Z9Fnr4irFw&utm_campaign=yelp_api_v3&utm_medium=api_v3_business_search&utm_source=ULHW7ynqdXE8Z9Fnr4irFw"", ""review_count"": 2, ""categories"": [{""alias"": ""sandwiches"", ""title"": ""Sandwiches & Belegte Brote""}], ""rating"": 1.0, ""coordinates"": {""latitude"": 44.2770355903153, ""longitude"": -105.485620480986}, ""transactions"": [], ""price"": ""$"", ""location"": {""address1"": ""1107 E Box Elder"", ""address2"": """", ""address3"": """", ""city"": ""Gillette"", ""zip_code"": ""82718"", ""country"": ""US"", ""state"": ""WY"", ""display_address"": [""1107 E Box Elder"", ""Gillette, WY 82718"", ""Vereinigte Staaten""]}, ""phone"": ""+13076863033"", ""display_phone"": ""+1 307-686-3033"", ""distance"": 15444.642166621119}, {""id"": ""b67S9vfJp9zb1SUCPSt5TQ"", ""alias"": ""papa-johns-pizza-gillette"", ""name"": ""Papa Johns Pizza"", ""image_url"": ""https://s3-media3.fl.yelpcdn.com/bphoto/T4cBfG62gWDZBmB-bNbCAw/o.jpg"", ""is_closed"": false, ""url"": ""https://www.yelp.at/biz/papa-johns-pizza-gillette?adjust_creative=ULHW7ynqdXE8Z9Fnr4irFw&utm_campaign=yelp_api_v3&utm_medium=api_v3_business_search&utm_source=ULHW7ynqdXE8Z9Fnr4irFw"", ""review_count"": 7, ""categories"": [{""alias"": ""pizza"", ""title"": ""Pizza""}, {""alias"": ""chicken_wings"", ""title"": ""Chicken Wings""}, {""alias"": ""hotdogs"", ""title"": ""Fast Food""}], ""rating"": 2.5, ""coordinates"": {""latitude"": 44.2927293990658, ""longitude"": -105.493473921461}, ""transactions"": [], ""price"": ""$"", ""location"": {""address1"": ""800 E 2nd St"", ""address2"": null, ""address3"": null, ""city"": ""Gillette"", ""zip_code"": ""82716"", ""country"": ""US"", ""state"": ""WY"", ""display_address"": [""800 E 2nd St"", ""Gillette, WY 82716"", ""Vereinigte Staaten""]}, ""phone"": ""+13076877272"", ""display_phone"": ""+1 307-687-7272"", ""distance"": 17286.124429877793}, {""id"": ""YyijU8qg8Yhq_6k6PDM1Ug"", ""alias"": ""little-caesars-pizza-gillette"", ""name"": ""Little Caesars Pizza"", ""image_url"": ""https://s3-media3.fl.yelpcdn.com/bphoto/F3xIRDy8Hiz2HAKyWk9R5Q/o.jpg"", ""is_closed"": false, ""url"": ""https://www.yelp.at/biz/little-caesars-pizza-gillette?adjust_creative=ULHW7ynqdXE8Z9Fnr4irFw&utm_campaign=yelp_api_v3&utm_medium=api_v3_business_search&utm_source=ULHW7ynqdXE8Z9Fnr4irFw"", ""review_count"": 9, ""categories"": [{""alias"": ""pizza"", ""title"": ""Pizza""}], ""rating"": 2.0, ""coordinates"": {""latitude"": 44.2818262, ""longitude"": -105.4912973}, ""transactions"": [], ""price"": ""$"", ""location"": {""address1"": ""811 Camel Dr"", ""address2"": """", ""address3"": """", ""city"": ""Gillette"", ""zip_code"": ""82716"", ""country"": ""US"", ""state"": ""WY"", ""display_address"": [""811 Camel Dr"", ""Gillette, WY 82716"", ""Vereinigte Staaten""]}, ""phone"": ""+13076828888"", ""display_phone"": ""+1 307-682-8888"", ""distance"": 16067.206079217613}, {""id"": ""0FNnBsvFgfH8iRq3KUAkBA"", ""alias"": ""homers-tex-mex-tamales-and-more-gillette"", ""name"": ""Homer's Tex-Mex Tamales & More"", ""image_url"": """", ""is_closed"": false, ""url"": ""https://www.yelp.at/biz/homers-tex-mex-tamales-and-more-gillette?adjust_creative=ULHW7ynqdXE8Z9Fnr4irFw&utm_campaign=yelp_api_v3&utm_medium=api_v3_business_search&utm_source=ULHW7ynqdXE8Z9Fnr4irFw"", ""review_count"": 1, ""categories"": [{""alias"": ""foodtrucks"", ""title"": ""Imbisswagen & Food Truck""}], ""rating"": 5.0, ""coordinates"": {""latitude"": 44.2433015741234, ""longitude"": -105.474442653358}, ""transactions"": [], ""price"": ""$"", ""location"": {""address1"": ""5600 Mohan Rd"", ""address2"": """", ""address3"": """", ""city"": ""Gillette"", ""zip_code"": ""82718"", ""country"": ""US"", ""state"": ""WY"", ""display_address"": [""5600 Mohan Rd"", ""Gillette, WY 82718"", ""Vereinigte Staaten""]}, ""phone"": ""+13076896769"", ""display_phone"": ""+1 307-689-6769"", ""distance"": 11589.706068008301}, {""id"": ""eqC0eZU-QqVspl5jnpLUCA"", ""alias"": ""sundance-lounge-gillette"", ""name"": ""Sundance Lounge"", ""image_url"": ""https://s3-media3.fl.yelpcdn.com/bphoto/3V5L0YeVyvAIJ83HR4e3Zg/o.jpg"", ""is_closed"": false, ""url"": ""https://www.yelp.at/biz/sundance-lounge-gillette?adjust_creative=ULHW7ynqdXE8Z9Fnr4irFw&utm_campaign=yelp_api_v3&utm_medium=api_v3_business_search&utm_source=ULHW7ynqdXE8Z9Fnr4irFw"", ""review_count"": 6, ""categories"": [{""alias"": ""danceclubs"", ""title"": ""Club & Disco""}, {""alias"": ""bars"", ""title"": ""Bar""}], ""rating"": 4.5, ""coordinates"": {""latitude"": 44.29173, ""longitude"": -105.48665}, ""transactions"": [], ""price"": ""$"", ""location"": {""address1"": ""1020 E US Highway 14-16"", ""address2"": null, ""address3"": null, ""city"": ""Gillette"", ""zip_code"": ""82716"", ""country"": ""US"", ""state"": ""WY"", ""display_address"": [""1020 E US Highway 14-16"", ""Gillette, WY 82716"", ""Vereinigte Staaten""]}, ""phone"": ""+13076852231"", ""display_phone"": ""+1 307-685-2231"", ""distance"": 17059.089637427052}, {""id"": ""jYqcCXgPbFmeHpxhQUV5ng"", ""alias"": ""ice-cream-cafe-gillette-2"", ""name"": ""Ice Cream Cafe"", ""image_url"": ""https://s3-media1.fl.yelpcdn.com/bphoto/mwlPxVtAJ2BIgYq5NorCdw/o.jpg"", ""is_closed"": false, ""url"": ""https://www.yelp.at/biz/ice-cream-cafe-gillette-2?adjust_creative=ULHW7ynqdXE8Z9Fnr4irFw&utm_campaign=yelp_api_v3&utm_medium=api_v3_business_search&utm_source=ULHW7ynqdXE8Z9Fnr4irFw"", ""review_count"": 19, ""categories"": [{""alias"": ""icecream"", ""title"": ""Eisdiele & Frozen Yogurt""}, {""alias"": ""coffee"", ""title"": ""Coffee Shop""}, {""alias"": ""juicebars"", ""title"": ""Smoothies & Saftbar""}], ""rating"": 4.5, ""coordinates"": {""latitude"": 44.292947, ""longitude"": -105.50432}, ""transactions"": [], ""price"": ""$"", ""location"": {""address1"": ""202 S Gillette Ave"", ""address2"": """", ""address3"": """", ""city"": ""Gillette"", ""zip_code"": ""82716"", ""country"": ""US"", ""state"": ""WY"", ""display_address"": [""202 S Gillette Ave"", ""Gillette, WY 82716"", ""Vereinigte Staaten""]}, ""phone"": ""+13076868110"", ""display_phone"": ""+1 307-686-8110"", ""distance"": 17531.076247761444}, {""id"": ""V0_fLXOuPeXHEpx2YEdVzw"", ""alias"": ""the-cafe-and-cakery-gillette"", ""name"": ""The Cafe & Cakery"", ""image_url"": ""https://s3-media4.fl.yelpcdn.com/bphoto/pTzfx4b3IFTHZMUAPm3Tng/o.jpg"", ""is_closed"": false, ""url"": ""https://www.yelp.at/biz/the-cafe-and-cakery-gillette?adjust_creative=ULHW7ynqdXE8Z9Fnr4irFw&utm_campaign=yelp_api_v3&utm_medium=api_v3_business_search&utm_source=ULHW7ynqdXE8Z9Fnr4irFw"", ""review_count"": 1, ""categories"": [{""alias"": ""desserts"", ""title"": ""Desserts & Mehlspeisen""}, {""alias"": ""bakeries"", ""title"": ""B\u00e4ckerei""}], ""rating"": 5.0, ""coordinates"": {""latitude"": 44.3487715, ""longitude"": -105.5328123}, ""transactions"": [], ""price"": ""$"", ""location"": {""address1"": ""2000 Airport Rd"", ""address2"": ""Ste 132"", ""address3"": """", ""city"": ""Gillette"", ""zip_code"": ""82716"", ""country"": ""US"", ""state"": ""WY"", ""display_address"": [""2000 Airport Rd"", ""Ste 132"", ""Gillette, WY 82716"", ""Vereinigte Staaten""]}, ""phone"": ""+13076822297"", ""display_phone"": ""+1 307-682-2297"", ""distance"": 24128.72114328928}, {""id"": ""CVjDRTTwrdeYcYOZgEsm1g"", ""alias"": ""ice-cream-land-gillette"", ""name"": ""Ice Cream Land"", ""image_url"": """", ""is_closed"": false, ""url"": ""https://www.yelp.at/biz/ice-cream-land-gillette?adjust_creative=ULHW7ynqdXE8Z9Fnr4irFw&utm_campaign=yelp_api_v3&utm_medium=api_v3_business_search&utm_source=ULHW7ynqdXE8Z9Fnr4irFw"", ""review_count"": 4, ""categories"": [{""alias"": ""icecream"", ""title"": ""Eisdiele & Frozen Yogurt""}], ""rating"": 4.5, ""coordinates"": {""latitude"": 44.29201, ""longitude"": -105.49297}, ""transactions"": [], ""price"": ""$"", ""location"": {""address1"": ""802 E 3rd St"", ""address2"": """", ""address3"": """", ""city"": ""Gillette"", ""zip_code"": ""82716"", ""country"": ""US"", ""state"": ""WY"", ""display_address"": [""802 E 3rd St"", ""Gillette, WY 82716"", ""Vereinigte Staaten""]}, ""phone"": ""+13076850550"", ""display_phone"": ""+1 307-685-0550"", ""distance"": 17211.218832245824}, {""id"": ""tY1e92x6-GdzO_WSFLBKGw"", ""alias"": ""back-to-the-rack-gillette"", ""name"": ""Back To the Rack"", ""image_url"": ""https://s3-media2.fl.yelpcdn.com/bphoto/EN2ujx04il-Aoq9X-9l5sg/o.jpg"", ""is_closed"": false, ""url"": ""https://www.yelp.at/biz/back-to-the-rack-gillette?adjust_creative=ULHW7ynqdXE8Z9Fnr4irFw&utm_campaign=yelp_api_v3&utm_medium=api_v3_business_search&utm_source=ULHW7ynqdXE8Z9Fnr4irFw"", ""review_count"": 3, ""categories"": [{""alias"": ""menscloth"", ""title"": ""Herrenmode""}, {""alias"": ""womenscloth"", ""title"": ""Damenmode""}, {""alias"": ""childcloth"", ""title"": ""Kindermode""}], ""rating"": 4.5, ""coordinates"": {""latitude"": 44.26839241396771, ""longitude"": -105.50406849138959}, ""transactions"": [], ""price"": ""$"", ""location"": {""address1"": ""2808 Dogwood Ave"", ""address2"": """", ""address3"": """", ""city"": ""Gillette"", ""zip_code"": ""82718"", ""country"": ""US"", ""state"": ""WY"", ""display_address"": [""2808 Dogwood Ave"", ""Gillette, WY 82718"", ""Vereinigte Staaten""]}, ""phone"": ""+13076852322"", ""display_phone"": ""+1 307-685-2322"", ""distance"": 14922.564601248103}, {""id"": ""5dbvNYppA9II9Ib4FAC_KQ"", ""alias"": ""jimmy-johns-gillette"", ""name"": ""Jimmy John's"", ""image_url"": """", ""is_closed"": false, ""url"": ""https://www.yelp.at/biz/jimmy-johns-gillette?adjust_creative=ULHW7ynqdXE8Z9Fnr4irFw&utm_campaign=yelp_api_v3&utm_medium=api_v3_business_search&utm_source=ULHW7ynqdXE8Z9Fnr4irFw"", ""review_count"": 7, ""categories"": [{""alias"": ""sandwiches"", ""title"": ""Sandwiches & Belegte Brote""}, {""alias"": ""hotdogs"", ""title"": ""Fast Food""}, {""alias"": ""delis"", ""title"": ""Deli""}], ""rating"": 3.5, ""coordinates"": {""latitude"": 44.274858, ""longitude"": -105.491081}, ""transactions"": [], ""price"": ""$"", ""location"": {""address1"": ""902 Country Club Rd"", ""address2"": ""Ste. 100"", ""address3"": """", ""city"": ""Gillette"", ""zip_code"": ""82718"", ""country"": ""US"", ""state"": ""WY"", ""display_address"": [""902 Country Club Rd"", ""Ste. 100"", ""Gillette, WY 82718"", ""Vereinigte Staaten""]}, ""phone"": ""+13076827090"", ""display_phone"": ""+1 307-682-7090"", ""distance"": 15311.892584801391}, {""id"": ""0IDoz6Aj3F2uVtChAHpGPg"", ""alias"": ""laundromat-gillette"", ""name"": ""laundromat"", ""image_url"": ""https://s3-media2.fl.yelpcdn.com/bphoto/F-XMLkvfSb4vplXwN-a0nQ/o.jpg"", ""is_closed"": false, ""url"": ""https://www.yelp.at/biz/laundromat-gillette?adjust_creative=ULHW7ynqdXE8Z9Fnr4irFw&utm_campaign=yelp_api_v3&utm_medium=api_v3_business_search&utm_source=ULHW7ynqdXE8Z9Fnr4irFw"", ""review_count"": 3, ""categories"": [{""alias"": ""laundromat"", ""title"": ""SB-Waschsalon""}], ""rating"": 5.0, ""coordinates"": {""latitude"": 44.2918378722111, ""longitude"": -105.485171983199}, ""transactions"": [], ""price"": ""$"", ""location"": {""address1"": ""1020 US 14"", ""address2"": """", ""address3"": """", ""city"": ""Gillette"", ""zip_code"": ""82716"", ""country"": ""US"", ""state"": ""WY"", ""display_address"": [""1020 US 14"", ""Gillette, WY 82716"", ""Vereinigte Staaten""]}, ""phone"": """", ""display_phone"": """", ""distance"": 17046.756555666394}, {""id"": ""-WxR1KTrndlZ0aePB0CqdQ"", ""alias"": ""mcdonalds-gillette"", ""name"": ""McDonald's"", ""image_url"": ""https://s3-media2.fl.yelpcdn.com/bphoto/mSkRxs_114Cn7MGLcqSOlA/o.jpg"", ""is_closed"": false, ""url"": ""https://www.yelp.at/biz/mcdonalds-gillette?adjust_creative=ULHW7ynqdXE8Z9Fnr4irFw&utm_campaign=yelp_api_v3&utm_medium=api_v3_business_search&utm_source=ULHW7ynqdXE8Z9Fnr4irFw"", ""review_count"": 18, ""categories"": [{""alias"": ""coffee"", ""title"": ""Coffee Shop""}, {""alias"": ""burgers"", ""title"": ""Burger""}, {""alias"": ""hotdogs"", ""title"": ""Fast Food""}], ""rating"": 2.0, ""coordinates"": {""latitude"": 44.2813597135078, ""longitude"": -105.493368812604}, ""transactions"": [], ""price"": ""$"", ""location"": {""address1"": ""806 Camel Dr"", ""address2"": """", ""address3"": """", ""city"": ""Gillette"", ""zip_code"": ""82716"", ""country"": ""US"", ""state"": ""WY"", ""display_address"": [""806 Camel Dr"", ""Gillette, WY 82716"", ""Vereinigte Staaten""]}, ""phone"": ""+13076860606"", ""display_phone"": ""+1 307-686-0606"", ""distance"": 16057.421577879486}, {""id"": ""g8tgzaXwyesBKn6LhZ2TVg"", ""alias"": ""taco-johns-gillette-2"", ""name"": ""Taco John's"", ""image_url"": ""https://s3-media3.fl.yelpcdn.com/bphoto/idc1HHqDZhfafcUNkN_aFA/o.jpg"", ""is_closed"": false, ""url"": ""https://www.yelp.at/biz/taco-johns-gillette-2?adjust_creative=ULHW7ynqdXE8Z9Fnr4irFw&utm_campaign=yelp_api_v3&utm_medium=api_v3_business_search&utm_source=ULHW7ynqdXE8Z9Fnr4irFw"", ""review_count"": 9, ""categories"": [{""alias"": ""mexican"", ""title"": ""Mexikanisch""}, {""alias"": ""hotdogs"", ""title"": ""Fast Food""}], ""rating"": 3.0, ""coordinates"": {""latitude"": 44.27596, ""longitude"": -105.49642}, ""transactions"": [], ""price"": ""$"", ""location"": {""address1"": ""610 E Box Elder Rd"", ""address2"": """", ""address3"": """", ""city"": ""Gillette"", ""zip_code"": ""82718"", ""country"": ""US"", ""state"": ""WY"", ""display_address"": [""610 E Box Elder Rd"", ""Gillette, WY 82718"", ""Vereinigte Staaten""]}, ""phone"": ""+13076856950"", ""display_phone"": ""+1 307-685-6950"", ""distance"": 15541.907064503703}], ""total"": 44, ""region"": {""center"": {""longitude"": -105.4429, ""latitude"": 44.141556}}}",application/json,true,none
test_qhq4qesuib02_getBusinesses,400,"{""error"": {""code"": ""VALIDATION_ERROR"", ""description"": ""Please specify a location or a latitude and longitude""}}",application/json,true,none
test_qhtdnnrjyteu_getBusinesses,400,"{""error"": {""code"": ""VALIDATION_ERROR"", ""description"": ""Please specify a location or a latitude and longitude""}}",application/json,true,none
test_qxfgc6tkkv39_getBusinesses,400,"{""error"": {""code"": ""VALIDATION_ERROR"", ""description"": ""Please specify a location or a latitude and longitude""}}",application/json,true,none
test_qxl0qd5nu2cl_getBusinesses,200,"{""businesses"": [], ""total"": 0, ""region"": {""center"": {""longitude"": -73.97918701171875, ""latitude"": 40.706977710584276}}}",application/json,true,none
test_r17bmeeg13z6_getBusinesses,400,"{""error"": {""code"": ""VALIDATION_ERROR"", ""description"": ""Please specify a location or a latitude and longitude""}}",application/json,true,none
test_r1iec2h1dg11_getBusinesses,400,"{""error"": {""code"": ""VALIDATION_ERROR"", ""description"": ""Please specify a location or a latitude and longitude""}}",application/json,true,none
test_rh5091e6mnuf_getBusinesses,400,"{""error"": {""code"": ""VALIDATION_ERROR"", ""description"": ""Please specify a location or a latitude and longitude""}}",application/json,true,none
test_rkwup4grhrn9_getBusinesses,400,"{""error"": {""code"": ""LOCATION_NOT_FOUND"", ""description"": ""Could not execute search, try specifying a more exact location.""}}",application/json,true,none
test_s0ui2jpe2ng1_getBusinesses,400,"{""error"": {""code"": ""VALIDATION_ERROR"", ""description"": ""Please specify a location or a latitude and longitude""}}",application/json,true,none
test_s18dq8w8j701_getBusinesses,400,"{""error"": {""code"": ""VALIDATION_ERROR"", ""description"": ""Please specify a location or a latitude and longitude""}}",application/json,true,none
test_s1jgtk9inlf8_getBusinesses,400,"{""error"": {""code"": ""VALIDATION_ERROR"", ""description"": ""Please specify a location or a latitude and longitude""}}",application/json,true,none
test_s4p18s4j4ego_getBusinesses,400,"{""error"": {""code"": ""VALIDATION_ERROR"", ""description"": ""Please specify a location or a latitude and longitude""}}",application/json,true,none
test_sl16k830xe8x_getBusinesses,400,"{""error"": {""code"": ""VALIDATION_ERROR"", ""description"": ""Please specify a location or a latitude and longitude""}}",application/json,true,none
test_sl8zw1rucv38_getBusinesses,400,"{""error"": {""code"": ""VALIDATION_ERROR"", ""description"": ""Please specify a location or a latitude and longitude""}}",application/json,true,none
test_sof30ovvrfao_getBusinesses,200,"{""businesses"": [], ""total"": 0, ""region"": {""center"": {""longitude"": -104.744156, ""latitude"": 44.294937}}}",application/json,true,none
test_t4f0mpyn5hkj_getBusinesses,400,"{""error"": {""code"": ""VALIDATION_ERROR"", ""description"": ""Please specify a location or a latitude and longitude""}}",application/json,true,none
test_t4yhut3mty5t_getBusinesses,400,"{""error"": {""code"": ""LOCATION_NOT_FOUND"", ""description"": ""Could not execute search, try specifying a more exact location.""}}",application/json,true,none
test_trz4fgpwipnq_getBusinesses,400,"{""error"": {""code"": ""VALIDATION_ERROR"", ""description"": ""Please specify a location or a latitude and longitude""}}",application/json,true,none
test_u7xcxkoz23w4_getBusinesses,400,"{""error"": {""code"": ""VALIDATION_ERROR"", ""description"": ""Please specify a location or a latitude and longitude""}}",application/json,true,none
test_u8dzwdy6iat0_getBusinesses,400,"{""error"": {""code"": ""VALIDATION_ERROR"", ""description"": ""The open_at provided is too long ago, the timestamp must be within the last two weeks.""}}",application/json,true,none
test_ubgcmjj9m0km_getBusinesses,200,"{""businesses"": [{""id"": ""dkhKUSK6q0CTmvesJWItng"", ""alias"": ""cocusocial-new-york"", ""name"": ""CocuSocial"", ""image_url"": ""https://s3-media3.fl.yelpcdn.com/bphoto/00KiMneKhOX-fO6fewj-ZA/o.jpg"", ""is_closed"": false, ""url"": ""https://www.yelp.com/biz/cocusocial-new-york?adjust_creative=ULHW7ynqdXE8Z9Fnr4irFw&utm_campaign=yelp_api_v3&utm_medium=api_v3_business_search&utm_source=ULHW7ynqdXE8Z9Fnr4irFw"", ""review_count"": 213, ""categories"": [{""alias"": ""cookingclasses"", ""title"": ""Cooking Classes""}], ""rating"": 4.5, ""coordinates"": {""latitude"": 40.7345542907715, ""longitude"": -74.0062103271484}, ""transactions"": [], ""price"": ""$$"", ""location"": {""address1"": """", ""address2"": null, ""address3"": """", ""city"": ""New York"", ""zip_code"": ""10014"", ""country"": ""US"", ""state"": ""NY"", ""display_address"": [""New York, NY 10014""]}, ""phone"": ""+13323334864"", ""display_phone"": ""(332) 333-4864"", ""distance"": 4166.842622211366}, {""id"": ""eJwKlspmfinMrm-aq9KxEQ"", ""alias"": ""cozymeal-new-york-5"", ""name"": ""Cozymeal"", ""image_url"": ""https://s3-media3.fl.yelpcdn.com/bphoto/MnkAIIYMIhQeoM4hlvZc0A/o.jpg"", ""is_closed"": false, ""url"": ""https://www.yelp.com/biz/cozymeal-new-york-5?adjust_creative=ULHW7ynqdXE8Z9Fnr4irFw&utm_campaign=yelp_api_v3&utm_medium=api_v3_business_search&utm_source=ULHW7ynqdXE8Z9Fnr4irFw"", ""review_count"": 55, ""categories"": [{""alias"": ""cookingclasses"", ""title"": ""Cooking Classes""}, {""alias"": ""teambuilding"", ""title"": ""Team Building Activities""}, {""alias"": ""personalchefs"", ""title"": ""Personal Chefs""}], ""rating"": 5.0, ""coordinates"": {""latitude"": 40.74617, ""longitude"": -73.98431}, ""transactions"": [], ""price"": ""$$"", ""location"": {""address1"": ""136 Madison Ave"", ""address2"": null, ""address3"": """", ""city"": ""New York"", ""zip_code"": ""10016"", ""country"": ""US"", ""state"": ""NY"", ""display_address"": [""136 Madison Ave"", ""New York, NY 10016""]}, ""phone"": ""+19179795661"", ""display_phone"": ""(917) 979-5661"", ""distance"": 4386.634803097593}, {""id"": ""zePhpWKmGdTyWxWJNx8xYA"", ""alias"": ""jb-screen-printing-and-embroidery-new-york"", ""name"": ""JB Screen Printing & Embroidery"", ""image_url"": ""https://s3-media2.fl.yelpcdn.com/bphoto/F8UQUi8pdMvBiT9FfC8Xqg/o.jpg"", ""is_closed"": false, ""url"": ""https://www.yelp.com/biz/jb-screen-printing-and-embroidery-new-york?adjust_creative=ULHW7ynqdXE8Z9Fnr4irFw&utm_campaign=yelp_api_v3&utm_medium=api_v3_business_search&utm_source=ULHW7ynqdXE8Z9Fnr4irFw"", ""review_count"": 37, ""categories"": [{""alias"": ""embroideryandcrochet"", ""title"": ""Embroidery & Crochet""}, {""alias"": ""screen_printing_tshirt_printing"", ""title"": ""Screen Printing/T-Shirt Printing""}, {""alias"": ""graphicdesign"", ""title"": ""Graphic Design""}], ""rating"": 4.0, ""coordinates"": {""latitude"": 40.71913, ""longitude"": -73.98452}, ""transactions"": [], ""price"": ""$$"", ""location"": {""address1"": ""172 Rivington St"", ""address2"": null, ""address3"": """", ""city"": ""New York"", ""zip_code"": ""10002"", ""country"": ""US"", ""state"": ""NY"", ""display_address"": [""172 Rivington St"", ""New York, NY 10002""]}, ""phone"": ""+17187996765"", ""display_phone"": ""(718) 799-6765"", ""distance"": 1427.1873882237287}, {""id"": ""wmmBuZG7wmiayDhJ48HBZw"", ""alias"": ""jb-screen-printing-and-embroidery-new-york-2"", ""name"": ""JB Screen Printing & Embroidery"", ""image_url"": ""https://s3-media2.fl.yelpcdn.com/bphoto/0y6Nqy2IVNe6M_cGlp8dYA/o.jpg"", ""is_closed"": false, ""url"": ""https://www.yelp.com/biz/jb-screen-printing-and-embroidery-new-york-2?adjust_creative=ULHW7ynqdXE8Z9Fnr4irFw&utm_campaign=yelp_api_v3&utm_medium=api_v3_business_search&utm_source=ULHW7ynqdXE8Z9Fnr4irFw"", ""review_count"": 14, ""categories"": [{""alias"": ""embroideryandcrochet"", ""title"": ""Embroidery & Crochet""}, {""alias"": ""screen_printing_tshirt_printing"", ""title"": ""Screen Printing/T-Shirt Printing""}, {""alias"": ""graphicdesign"", ""title"": ""Graphic Design""}], ""rating"": 5.0, ""coordinates"": {""latitude"": 40.7120246887207, ""longitude"": -73.9951553344727}, ""transactions"": [], ""price"": ""$$"", ""location"": {""address1"": ""108 Madison St"", ""address2"": """", ""address3"": """", ""city"": ""New York"", ""zip_code"": ""10009"", ""country"": ""US"", ""state"": ""NY"", ""display_address"": [""108 Madison St"", ""New York, NY 10009""]}, ""phone"": ""+17187996765"", ""display_phone"": ""(718) 799-6765"", ""distance"": 1458.8362939714286}, {""id"": ""dhAEvh7wnQ7LXrGfAG60hA"", ""alias"": ""galeria-art-and-framing-new-york"", ""name"": ""Galeria Art & Framing"", ""image_url"": ""https://s3-media1.fl.yelpcdn.com/bphoto/tkorMKmf82eUT8qPbUaZNA/o.jpg"", ""is_closed"": false, ""url"": ""https://www.yelp.com/biz/galeria-art-and-framing-new-york?adjust_creative=ULHW7ynqdXE8Z9Fnr4irFw&utm_campaign=yelp_api_v3&utm_medium=api_v3_business_search&utm_source=ULHW7ynqdXE8Z9Fnr4irFw"", ""review_count"": 8, ""categories"": [{""alias"": ""framing"", ""title"": ""Framing""}], ""rating"": 4.5, ""coordinates"": {""latitude"": 40.760378, ""longitude"": -73.976678}, ""transactions"": [], ""price"": ""$$$"", ""location"": {""address1"": ""666 5th Ave"", ""address2"": """", ""address3"": """", ""city"": ""New York"", ""zip_code"": ""10103"", ""country"": ""US"", ""state"": ""NY"", ""display_address"": [""666 5th Ave"", ""New York, NY 10103""]}, ""phone"": ""+12122453504"", ""display_phone"": ""(212) 245-3504"", ""distance"": 5941.596789112886}], ""total"": 5, ""region"": {""center"": {""longitude"": -73.97918701171875, ""latitude"": 40.706977710584276}}}",application/json,true,none
test_us2xwm8wm4vp_getBusinesses,400,"{""error"": {""code"": ""VALIDATION_ERROR"", ""description"": ""Please specify a location or a latitude and longitude""}}",application/json,true,none
test_uvbdapf6xdgi_getBusinesses,200,"{""businesses"": [], ""total"": 0, ""region"": {""center"": {""longitude"": -95.9941, ""latitude"": 34.92356}}}",application/json,true,none
test_uvhgpvp5gxf6_getBusinesses,200,"{""businesses"": [], ""total"": 0, ""region"": {""center"": {""longitude"": -89.36084, ""latitude"": 39.815155}}}",application/json,true,none
test_vbnhav0xs3eh_getBusinesses,200,"{""businesses"": [{""id"": ""wuCdli0NzRVvoI4D_aJuGQ"", ""alias"": ""alcott-milano"", ""name"": ""Alcott"", ""image_url"": ""https://s3-media4.fl.yelpcdn.com/bphoto/niGs3b1ZVKs5VPRlg6iYWw/o.jpg"", ""is_closed"": false, ""url"": ""https://www.yelp.com/biz/alcott-milano?adjust_creative=ULHW7ynqdXE8Z9Fnr4irFw&utm_campaign=yelp_api_v3&utm_medium=api_v3_business_search&utm_source=ULHW7ynqdXE8Z9Fnr4irFw"", ""review_count"": 3, ""categories"": [{""alias"": ""womenscloth"", ""title"": ""Women's Clothing""}, {""alias"": ""menscloth"", ""title"": ""Men's Clothing""}, {""alias"": ""accessories"", ""title"": ""Accessories""}], ""rating"": 1.5, ""coordinates"": {""latitude"": 45.4648688896526, ""longitude"": 9.19382428339795}, ""transactions"": [], ""price"": ""\u20ac\u20ac"", ""location"": {""address1"": ""Corso Vittorio Emanuele II"", ""address2"": """", ""address3"": """", ""city"": ""Milan"", ""zip_code"": ""20122"", ""country"": ""IT"", ""state"": ""MI"", ""display_address"": [""Corso Vittorio Emanuele II"", ""20122 Milan"", ""Italy""]}, ""phone"": ""+390272095507"", ""display_phone"": ""+39 02 7209 5507"", ""distance"": 726.5466626677805}, {""id"": ""U1ebFnekkbOEXIsf78Oe0g"", ""alias"": ""wow-nail-milano"", ""name"": ""Wow Nail"", ""image_url"": ""https://s3-media2.fl.yelpcdn.com/bphoto/sM_51HDA3EbuHXV_QWCy-A/o.jpg"", ""is_closed"": false, ""url"": ""https://www.yelp.com/biz/wow-nail-milano?adjust_creative=ULHW7ynqdXE8Z9Fnr4irFw&utm_campaign=yelp_api_v3&utm_medium=api_v3_business_search&utm_source=ULHW7ynqdXE8Z9Fnr4irFw"", ""review_count"": 9, ""categories"": [{""alias"": ""othersalons"", ""title"": ""Nail Salons""}, {""alias"": ""hairremoval"", ""title"": ""Hair Removal""}], ""rating"": 5.0, ""coordinates"": {""latitude"": 45.4667251707088, ""longitude"": 9.18130800157167}, ""transactions"": [], ""price"": ""\u20ac\u20ac"", ""location"": {""address1"": ""Via San Giovanni sul Muro 15"", ""address2"": """", ""address3"": """", ""city"": ""Milan"", ""zip_code"": ""20121"", ""country"": ""IT"", ""state"": ""MI"", ""display_address"": [""Via San Giovanni sul Muro 15"", ""20121 Milan"", ""Italy""]}, ""phone"": ""+393311881115"", ""display_phone"": ""+39 331 188 1115"", ""distance"": 732.5277299687036}, {""id"": ""Sg9FctVLn9oXc7nPzt98wQ"", ""alias"": ""kilo-fascion-milano-2"", ""name"": ""Kilo Fascion"", ""image_url"": ""https://s3-media1.fl.yelpcdn.com/bphoto/tlTwMqt7kq8Sk50bz1AdMA/o.jpg"", ""is_closed"": false, ""url"": ""https://www.yelp.com/biz/kilo-fascion-milano-2?adjust_creative=ULHW7ynqdXE8Z9Fnr4irFw&utm_campaign=yelp_api_v3&utm_medium=api_v3_business_search&utm_source=ULHW7ynqdXE8Z9Fnr4irFw"", ""review_count"": 1, ""categories"": [{""alias"": ""womenscloth"", ""title"": ""Women's Clothing""}, {""alias"": ""menscloth"", ""title"": ""Men's Clothing""}, {""alias"": ""accessories"", ""title"": ""Accessories""}], ""rating"": 3.0, ""coordinates"": {""latitude"": 45.4672678987127, ""longitude"": 9.19725179672241}, ""transactions"": [], ""price"": ""\u20ac\u20ac"", ""location"": {""address1"": ""Via Bagutta 2"", ""address2"": ""Angolo Piazza San Babila"", ""address3"": """", ""city"": ""Milan"", ""zip_code"": ""20121"", ""country"": ""IT"", ""state"": ""MI"", ""display_address"": [""Via Bagutta 2"", ""Angolo Piazza San Babila"", ""20121 Milan"", ""Italy""]}, ""phone"": """", ""display_phone"": """", ""distance"": 733.2903546370671}, {""id"": ""2txb1XTFRiD_Rzdrhlqf-w"", ""alias"": ""tezenis-milano-4"", ""name"": ""Tezenis"", ""image_url"": ""https://s3-media3.fl.yelpcdn.com/bphoto/_s0HLXb1scBo5rKSWrbM_Q/o.jpg"", ""is_closed"": false, ""url"": ""https://www.yelp.com/biz/tezenis-milano-4?adjust_creative=ULHW7ynqdXE8Z9Fnr4irFw&utm_campaign=yelp_api_v3&utm_medium=api_v3_business_search&utm_source=ULHW7ynqdXE8Z9Fnr4irFw"", ""review_count"": 2, ""categories"": [{""alias"": ""lingerie"", ""title"": ""Lingerie""}], ""rating"": 4.0, ""coordinates"": {""latitude"": 45.4652914159183, ""longitude"": 9.1948797889674}, ""transactions"": [], ""price"": ""\u20ac"", ""location"": {""address1"": ""Corso Vittorio Emanuele"", ""address2"": """", ""address3"": """", ""city"": ""Milan"", ""zip_code"": ""20122"", ""country"": ""IT"", ""state"": ""MI"", ""display_address"": [""Corso Vittorio Emanuele"", ""20122 Milan"", ""Italy""]}, ""phone"": """", ""display_phone"": """", ""distance"": 734.7105056285748}, {""id"": ""3wqjoZIGUzbsUwSVS9mUIA"", ""alias"": ""mozzarella-e-basilico-milano"", ""name"": ""Mozzarella e Basilico"", ""image_url"": ""https://s3-media2.fl.yelpcdn.com/bphoto/IOCLOl8U3Dzr8UJOqhtGiA/o.jpg"", ""is_closed"": false, ""url"": ""https://www.yelp.com/biz/mozzarella-e-basilico-milano?adjust_creative=ULHW7ynqdXE8Z9Fnr4irFw&utm_campaign=yelp_api_v3&utm_medium=api_v3_business_search&utm_source=ULHW7ynqdXE8Z9Fnr4irFw"", ""review_count"": 12, ""categories"": [{""alias"": ""pizza"", ""title"": ""Pizza""}, {""alias"": ""cucinacampana"", ""title"": ""Cucina campana""}], ""rating"": 2.5, ""coordinates"": {""latitude"": 45.464657, ""longitude"": 9.193871}, ""transactions"": [], ""price"": ""\u20ac\u20ac"", ""location"": {""address1"": ""Piazzetta Pattari 11"", ""address2"": """", ""address3"": """", ""city"": ""Milan"", ""zip_code"": ""20122"", ""country"": ""IT"", ""state"": ""MI"", ""display_address"": [""Piazzetta Pattari 11"", ""20122 Milan"", ""Italy""]}, ""phone"": ""+390289092613"", ""display_phone"": ""+39 02 8909 2613"", ""distance"": 736.4435805904172}, {""id"": ""B-CYn5okWjeOz_pUS_SICw"", ""alias"": ""3dino-milano"", ""name"": ""3Dino"", ""image_url"": ""https://s3-media1.fl.yelpcdn.com/bphoto/gINW6or_rrwBtUFAzMG39g/o.jpg"", ""is_closed"": false, ""url"": ""https://www.yelp.com/biz/3dino-milano?adjust_creative=ULHW7ynqdXE8Z9Fnr4irFw&utm_campaign=yelp_api_v3&utm_medium=api_v3_business_search&utm_source=ULHW7ynqdXE8Z9Fnr4irFw"", ""review_count"": 2, ""categories"": [{""alias"": ""toys"", ""title"": ""Toy Stores""}], ""rating"": 4.0, ""coordinates"": {""latitude"": 45.4761722174064, ""longitude"": 9.1841471940279}, ""transactions"": [], ""price"": ""\u20ac\u20ac"", ""location"": {""address1"": ""Corso Garibaldi 81"", ""address2"": """", ""address3"": null, ""city"": ""Milan"", ""zip_code"": ""20121"", ""country"": ""IT"", ""state"": ""MI"", ""display_address"": [""Corso Garibaldi 81"", ""20121 Milan"", ""Italy""]}, ""phone"": """", ""display_phone"": """", ""distance"": 739.4517414032556}, {""id"": ""odA7YVd0znH4Bo8xqqNWPg"", ""alias"": ""signorvino-milano"", ""name"": ""Signorvino"", ""image_url"": ""https://s3-media3.fl.yelpcdn.com/bphoto/fWt7B9GbMkns-mcrq2_ZVw/o.jpg"", ""is_closed"": false, ""url"": ""https://www.yelp.com/biz/signorvino-milano?adjust_creative=ULHW7ynqdXE8Z9Fnr4irFw&utm_campaign=yelp_api_v3&utm_medium=api_v3_business_search&utm_source=ULHW7ynqdXE8Z9Fnr4irFw"", ""review_count"": 41, ""categories"": [{""alias"": ""beer_and_wine"", ""title"": ""Beer, Wine & Spirits""}, {""alias"": ""mediterranean"", ""title"": ""Mediterranean""}], ""rating"": 3.5, ""coordinates"": {""latitude"": 45.4644195503147, ""longitude"": 9.19300059337804}, ""transactions"": [], ""price"": ""\u20ac\u20ac"", ""location"": {""address1"": ""Piazza del Duomo  1"", ""address2"": """", ""address3"": """", ""city"": ""Milan"", ""zip_code"": ""20121"", ""country"": ""IT"", ""state"": ""MI"", ""display_address"": [""Piazza del Duomo  1"", ""20121 Milan"", ""Italy""]}, ""phone"": ""+390289092539"", ""display_phone"": ""+39 02 8909 2539"", ""distance"": 740.7884782767337}, {""id"": ""anPI4d-phmUpu0lF4g8VsA"", ""alias"": ""nano-bleu-milano"", ""name"": ""Nano Bleu"", ""image_url"": ""https://s3-media1.fl.yelpcdn.com/bphoto/w3Z1kAbKPMm8YpttPy-Epg/o.jpg"", ""is_closed"": false, ""url"": ""https://www.yelp.com/biz/nano-bleu-milano?adjust_creative=ULHW7ynqdXE8Z9Fnr4irFw&utm_campaign=yelp_api_v3&utm_medium=api_v3_business_search&utm_source=ULHW7ynqdXE8Z9Fnr4irFw"", ""review_count"": 3, ""categories"": [{""alias"": ""toys"", ""title"": ""Toy Stores""}, {""alias"": ""giftshops"", ""title"": ""Gift Shops""}], ""rating"": 4.5, ""coordinates"": {""latitude"": 45.4652791, ""longitude"": 9.1950009}, ""transactions"": [], ""price"": ""\u20ac"", ""location"": {""address1"": ""Corso Vittorio Emanuele II 15"", ""address2"": null, ""address3"": null, ""city"": ""Milan"", ""zip_code"": ""20122"", ""country"": ""IT"", ""state"": ""MI"", ""display_address"": [""Corso Vittorio Emanuele II 15"", ""20122 Milan"", ""Italy""]}, ""phone"": ""+390276020595"", ""display_phone"": ""+39 02 7602 0595"", ""distance"": 741.673941098152}, {""id"": ""bp6Kr2y8WYHJoSxCN9BfVA"", ""alias"": ""pandino-milano"", ""name"": ""Pandino"", ""image_url"": ""https://s3-media1.fl.yelpcdn.com/bphoto/vw3ndGExDPab-ZW1hXeVWw/o.jpg"", ""is_closed"": false, ""url"": ""https://www.yelp.com/biz/pandino-milano?adjust_creative=ULHW7ynqdXE8Z9Fnr4irFw&utm_campaign=yelp_api_v3&utm_medium=api_v3_business_search&utm_source=ULHW7ynqdXE8Z9Fnr4irFw"", ""review_count"": 14, ""categories"": [{""alias"": ""bakeries"", ""title"": ""Bakeries""}, {""alias"": ""italian"", ""title"": ""Italian""}, {""alias"": ""cafes"", ""title"": ""Cafes""}], ""rating"": 3.0, ""coordinates"": {""latitude"": 45.464552, ""longitude"": 9.193451}, ""transactions"": [], ""price"": ""\u20ac\u20ac"", ""location"": {""address1"": ""Via Pattari 2"", ""address2"": """", ""address3"": """", ""city"": ""Milan"", ""zip_code"": ""20122"", ""country"": ""IT"", ""state"": ""MI"", ""display_address"": [""Via Pattari 2"", ""20122 Milan"", ""Italy""]}, ""phone"": ""+390280583276"", ""display_phone"": ""+39 02 8058 3276"", ""distance"": 743.0501455306085}, {""id"": ""exl10FIpDPh7E934PWXhjQ"", ""alias"": ""hobby-fumo-milano"", ""name"": ""Hobby Fumo"", ""image_url"": ""https://s3-media4.fl.yelpcdn.com/bphoto/c4uOnK_qV836oLpYtcfYOA/o.jpg"", ""is_closed"": false, ""url"": ""https://www.yelp.com/biz/hobby-fumo-milano?adjust_creative=ULHW7ynqdXE8Z9Fnr4irFw&utm_campaign=yelp_api_v3&utm_medium=api_v3_business_search&utm_source=ULHW7ynqdXE8Z9Fnr4irFw"", ""review_count"": 1, ""categories"": [{""alias"": ""tobaccoshops"", ""title"": ""Tobacco Shops""}], ""rating"": 4.0, ""coordinates"": {""latitude"": 45.4643702, ""longitude"": 9.1876174}, ""transactions"": [], ""price"": ""\u20ac\u20ac"", ""location"": {""address1"": ""via Orefici, 12"", ""address2"": """", ""address3"": """", ""city"": ""Milan"", ""zip_code"": ""20123"", ""country"": ""IT"", ""state"": ""MI"", ""display_address"": [""via Orefici, 12"", ""20123 Milan"", ""Italy""]}, ""phone"": ""+390286461803"", ""display_phone"": ""+39 02 8646 1803"", ""distance"": 744.4385373288505}, {""id"": ""vuiXAKYH70WWN-XrEExbmQ"", ""alias"": ""mango-milano-4"", ""name"": ""Mango"", ""image_url"": ""https://s3-media1.fl.yelpcdn.com/bphoto/cSkvryn1CZivDvwiM5sP4A/o.jpg"", ""is_closed"": false, ""url"": ""https://www.yelp.com/biz/mango-milano-4?adjust_creative=ULHW7ynqdXE8Z9Fnr4irFw&utm_campaign=yelp_api_v3&utm_medium=api_v3_business_search&utm_source=ULHW7ynqdXE8Z9Fnr4irFw"", ""review_count"": 6, ""categories"": [{""alias"": ""womenscloth"", ""title"": ""Women's Clothing""}, {""alias"": ""accessories"", ""title"": ""Accessories""}, {""alias"": ""leather"", ""title"": ""Leather Goods""}], ""rating"": 3.5, ""coordinates"": {""latitude"": 45.4651180489936, ""longitude"": 9.19477572128513}, ""transactions"": [], ""price"": ""\u20ac\u20ac"", ""location"": {""address1"": ""Corso Vittorio Emanuele II 24"", ""address2"": null, ""address3"": null, ""city"": ""Milan"", ""zip_code"": ""20122"", ""country"": ""IT"", ""state"": ""MI"", ""display_address"": [""Corso Vittorio Emanuele II 24"", ""20122 Milan"", ""Italy""]}, ""phone"": ""+390276014530"", ""display_phone"": ""+39 02 7601 4530"", ""distance"": 745.0177676583143}, {""id"": ""PVYLz65s2O4-CfgvB548cQ"", ""alias"": ""e-other-stories-milano-2"", ""name"": ""& Other Stories"", ""image_url"": ""https://s3-media3.fl.yelpcdn.com/bphoto/RppMxMreNm_vnA6v0wvSqw/o.jpg"", ""is_closed"": false, ""url"": ""https://www.yelp.com/biz/e-other-stories-milano-2?adjust_creative=ULHW7ynqdXE8Z9Fnr4irFw&utm_campaign=yelp_api_v3&utm_medium=api_v3_business_search&utm_source=ULHW7ynqdXE8Z9Fnr4irFw"", ""review_count"": 2, ""categories"": [{""alias"": ""womenscloth"", ""title"": ""Women's Clothing""}, {""alias"": ""accessories"", ""title"": ""Accessories""}, {""alias"": ""shoes"", ""title"": ""Shoe Stores""}], ""rating"": 4.0, ""coordinates"": {""latitude"": 45.464859, ""longitude"": 9.1931}, ""transactions"": [], ""price"": ""\u20ac\u20ac"", ""location"": {""address1"": ""Corso Vittorio Emanuele 1"", ""address2"": """", ""address3"": """", ""city"": ""Milan"", ""zip_code"": ""20122"", ""country"": ""IT"", ""state"": ""MI"", ""display_address"": [""Corso Vittorio Emanuele 1"", ""20122 Milan"", ""Italy""]}, ""phone"": ""+390289096303"", ""display_phone"": ""+39 02 8909 6303"", ""distance"": 750.5233853030973}, {""id"": ""ixBna7O3nG1hkkoUpLXNug"", ""alias"": ""cisalfa-sport-milano"", ""name"": ""Cisalfa Sport"", ""image_url"": ""https://s3-media2.fl.yelpcdn.com/bphoto/43YHjlBuFt4RaI36jlci7A/o.jpg"", ""is_closed"": false, ""url"": ""https://www.yelp.com/biz/cisalfa-sport-milano?adjust_creative=ULHW7ynqdXE8Z9Fnr4irFw&utm_campaign=yelp_api_v3&utm_medium=api_v3_business_search&utm_source=ULHW7ynqdXE8Z9Fnr4irFw"", ""review_count"": 2, ""categories"": [{""alias"": ""sportswear"", ""title"": ""Sports Wear""}], ""rating"": 2.5, ""coordinates"": {""latitude"": 45.46467, ""longitude"": 9.19419}, ""transactions"": [], ""price"": ""\u20ac\u20ac"", ""location"": {""address1"": ""Via Beccaria 2"", ""address2"": """", ""address3"": """", ""city"": ""Milan"", ""zip_code"": ""20122"", ""country"": ""IT"", ""state"": ""MI"", ""display_address"": [""Via Beccaria 2"", ""20122 Milan"", ""Italy""]}, ""phone"": ""+39028051454"", ""display_phone"": ""+39 02 805 1454"", ""distance"": 753.8476543640959}, {""id"": ""GiW0-T6DRmCCwPcEbuKTUQ"", ""alias"": ""zara-milano-8"", ""name"": ""Zara"", ""image_url"": ""https://s3-media3.fl.yelpcdn.com/bphoto/5yRXZnhwxA7Vh9ROi-oBYg/o.jpg"", ""is_closed"": false, ""url"": ""https://www.yelp.com/biz/zara-milano-8?adjust_creative=ULHW7ynqdXE8Z9Fnr4irFw&utm_campaign=yelp_api_v3&utm_medium=api_v3_business_search&utm_source=ULHW7ynqdXE8Z9Fnr4irFw"", ""review_count"": 7, ""categories"": [{""alias"": ""womenscloth"", ""title"": ""Women's Clothing""}, {""alias"": ""menscloth"", ""title"": ""Men's Clothing""}, {""alias"": ""childcloth"", ""title"": ""Children's Clothing""}], ""rating"": 3.0, ""coordinates"": {""latitude"": 45.465425751756, ""longitude"": 9.19549916607884}, ""transactions"": [], ""price"": ""\u20ac\u20ac"", ""location"": {""address1"": ""Corso Vittorio Emanuele II 11"", ""address2"": """", ""address3"": """", ""city"": ""Milan"", ""zip_code"": ""20122"", ""country"": ""IT"", ""state"": ""MI"", ""display_address"": [""Corso Vittorio Emanuele II 11"", ""20122 Milan"", ""Italy""]}, ""phone"": ""+390276398177"", ""display_phone"": ""+39 02 7639 8177"", ""distance"": 754.4421905882143}, {""id"": ""mmQP1Q9JPqQjvS7B_i5MUw"", ""alias"": ""le-tre-gazzelle-milano"", ""name"": ""Le Tre Gazzelle"", ""image_url"": ""https://s3-media2.fl.yelpcdn.com/bphoto/KtdZLG1B4XxpxAnIe54A4Q/o.jpg"", ""is_closed"": false, ""url"": ""https://www.yelp.com/biz/le-tre-gazzelle-milano?adjust_creative=ULHW7ynqdXE8Z9Fnr4irFw&utm_campaign=yelp_api_v3&utm_medium=api_v3_business_search&utm_source=ULHW7ynqdXE8Z9Fnr4irFw"", ""review_count"": 12, ""categories"": [{""alias"": ""coffee"", ""title"": ""Coffee & Tea""}, {""alias"": ""icecream"", ""title"": ""Ice Cream & Frozen Yogurt""}, {""alias"": ""chocolate"", ""title"": ""Chocolatiers & Shops""}], ""rating"": 3.0, ""coordinates"": {""latitude"": 45.46529, ""longitude"": 9.19527}, ""transactions"": [], ""price"": ""\u20ac\u20ac"", ""location"": {""address1"": ""Corso Vittorio Emanuele II 22"", ""address2"": """", ""address3"": """", ""city"": ""Milan"", ""zip_code"": ""20122"", ""country"": ""IT"", ""state"": ""MI"", ""display_address"": [""Corso Vittorio Emanuele II 22"", ""20122 Milan"", ""Italy""]}, ""phone"": ""+390276023826"", ""display_phone"": ""+39 02 7602 3826"", ""distance"": 759.7911014815996}, {""id"": ""c43ebTweMQYnaBoyo6Nxgg"", ""alias"": ""prime-burger-milano"", ""name"": ""Prime Burger"", ""image_url"": ""https://s3-media3.fl.yelpcdn.com/bphoto/oyymeHl9JRhQnV7sWeib-w/o.jpg"", ""is_closed"": false, ""url"": ""https://www.yelp.com/biz/prime-burger-milano?adjust_creative=ULHW7ynqdXE8Z9Fnr4irFw&utm_campaign=yelp_api_v3&utm_medium=api_v3_business_search&utm_source=ULHW7ynqdXE8Z9Fnr4irFw"", ""review_count"": 7, ""categories"": [{""alias"": ""burgers"", ""title"": ""Burgers""}, {""alias"": ""tradamerican"", ""title"": ""American (Traditional)""}], ""rating"": 4.0, ""coordinates"": {""latitude"": 45.46481, ""longitude"": 9.19452}, ""transactions"": [], ""price"": ""\u20ac\u20ac"", ""location"": {""address1"": ""Via Privata della Passerella 4"", ""address2"": """", ""address3"": """", ""city"": ""Milan"", ""zip_code"": ""20122"", ""country"": ""IT"", ""state"": ""MI"", ""display_address"": [""Via Privata della Passerella 4"", ""20122 Milan"", ""Italy""]}, ""phone"": ""+3902780989"", ""display_phone"": ""+39 02 780989"", ""distance"": 760.0376461822287}, {""id"": ""AHw2Fj2QYSHFXCC70MfL_w"", ""alias"": ""l\u00f8v-organic-milano"", ""name"": ""L\u00f8v Organic"", ""image_url"": ""https://s3-media2.fl.yelpcdn.com/bphoto/8Dj_O4IJ-xAUhyXjceDv7Q/o.jpg"", ""is_closed"": false, ""url"": ""https://www.yelp.com/biz/l%C3%B8v-organic-milano?adjust_creative=ULHW7ynqdXE8Z9Fnr4irFw&utm_campaign=yelp_api_v3&utm_medium=api_v3_business_search&utm_source=ULHW7ynqdXE8Z9Fnr4irFw"", ""review_count"": 1, ""categories"": [{""alias"": ""coffee"", ""title"": ""Coffee & Tea""}], ""rating"": 4.0, ""coordinates"": {""latitude"": 45.4637687967102, ""longitude"": 9.187099894132}, ""transactions"": [], ""price"": ""\u20ac"", ""location"": {""address1"": ""Via Victor Hugo 4"", ""address2"": """", ""address3"": """", ""city"": ""Milan"", ""zip_code"": ""20123"", ""country"": ""IT"", ""state"": ""MI"", ""display_address"": [""Via Victor Hugo 4"", ""20123 Milan"", ""Italy""]}, ""phone"": ""+39028900646"", ""display_phone"": ""+39 02 890 0646"", ""distance"": 760.5568297379081}, {""id"": ""XL5CDMVZHK9UZuE_UAy-kg"", ""alias"": ""ciacco-milano"", ""name"": ""Ciacco"", ""image_url"": ""https://s3-media4.fl.yelpcdn.com/bphoto/QNc0MZ-EDElz3nkdsyH6lQ/o.jpg"", ""is_closed"": false, ""url"": ""https://www.yelp.com/biz/ciacco-milano?adjust_creative=ULHW7ynqdXE8Z9Fnr4irFw&utm_campaign=yelp_api_v3&utm_medium=api_v3_business_search&utm_source=ULHW7ynqdXE8Z9Fnr4irFw"", ""review_count"": 9, ""categories"": [{""alias"": ""icecream"", ""title"": ""Ice Cream & Frozen Yogurt""}], ""rating"": 3.5, ""coordinates"": {""latitude"": 45.4638344, ""longitude"": 9.1866393}, ""transactions"": [], ""price"": ""\u20ac\u20ac"", ""location"": {""address1"": ""Via Spadari 13"", ""address2"": """", ""address3"": """", ""city"": ""Milan"", ""zip_code"": ""20123"", ""country"": ""IT"", ""state"": ""MI"", ""display_address"": [""Via Spadari 13"", ""20123 Milan"", ""Italy""]}, ""phone"": ""+390239663592"", ""display_phone"": ""+39 02 3966 3592"", ""distance"": 761.4107693158805}, {""id"": ""6W-NkSQwcl5QYn63jPllbg"", ""alias"": ""swarovski-milano-4"", ""name"": ""Swarovski"", ""image_url"": ""https://s3-media4.fl.yelpcdn.com/bphoto/1gWHWZV_VpA1asD-wnXEmg/o.jpg"", ""is_closed"": false, ""url"": ""https://www.yelp.com/biz/swarovski-milano-4?adjust_creative=ULHW7ynqdXE8Z9Fnr4irFw&utm_campaign=yelp_api_v3&utm_medium=api_v3_business_search&utm_source=ULHW7ynqdXE8Z9Fnr4irFw"", ""review_count"": 1, ""categories"": [{""alias"": ""watches"", ""title"": ""Watches""}, {""alias"": ""jewelry"", ""title"": ""Jewelry""}], ""rating"": 5.0, ""coordinates"": {""latitude"": 45.4656755422163, ""longitude"": 9.19600917788698}, ""transactions"": [], ""price"": ""\u20ac\u20ac"", ""location"": {""address1"": ""Corso Vittorio Emanuele 15"", ""address2"": """", ""address3"": """", ""city"": ""Milan"", ""zip_code"": ""20122"", ""country"": ""IT"", ""state"": ""MI"", ""display_address"": [""Corso Vittorio Emanuele 15"", ""20122 Milan"", ""Italy""]}, ""phone"": ""+390272094386"", ""display_phone"": ""+39 02 7209 4386"", ""distance"": 761.8825933991495}, {""id"": ""t6ZVCgLMuSqjvvgFOdT3GA"", ""alias"": ""zara-milano-4"", ""name"": ""Zara"", ""image_url"": ""https://s3-media3.fl.yelpcdn.com/bphoto/-Oegm05FPSfQVOTyZnXN2g/o.jpg"", ""is_closed"": false, ""url"": ""https://www.yelp.com/biz/zara-milano-4?adjust_creative=ULHW7ynqdXE8Z9Fnr4irFw&utm_campaign=yelp_api_v3&utm_medium=api_v3_business_search&utm_source=ULHW7ynqdXE8Z9Fnr4irFw"", ""review_count"": 8, ""categories"": [{""alias"": ""menscloth"", ""title"": ""Men's Clothing""}, {""alias"": ""womenscloth"", ""title"": ""Women's Clothing""}, {""alias"": ""childcloth"", ""title"": ""Children's Clothing""}], ""rating"": 3.5, ""coordinates"": {""latitude"": 45.46349, ""longitude"": 9.18779}, ""transactions"": [], ""price"": ""\u20ac\u20ac"", ""location"": {""address1"": ""Via Torino 2"", ""address2"": null, ""address3"": null, ""city"": ""Milan"", ""zip_code"": ""20123"", ""country"": ""IT"", ""state"": ""MI"", ""display_address"": [""Via Torino 2"", ""20123 Milan"", ""Italy""]}, ""phone"": ""+390289095047"", ""display_phone"": ""+39 02 8909 5047"", ""distance"": 762.1142209097452}, {""id"": ""n0LIIn7IxweZkBPMhbJRTg"", ""alias"": ""oysho-milano-3"", ""name"": ""Oysho"", ""image_url"": ""https://s3-media2.fl.yelpcdn.com/bphoto/hSFVGN3Za5XVl_hnUdC0iw/o.jpg"", ""is_closed"": false, ""url"": ""https://www.yelp.com/biz/oysho-milano-3?adjust_creative=ULHW7ynqdXE8Z9Fnr4irFw&utm_campaign=yelp_api_v3&utm_medium=api_v3_business_search&utm_source=ULHW7ynqdXE8Z9Fnr4irFw"", ""review_count"": 1, ""categories"": [{""alias"": ""lingerie"", ""title"": ""Lingerie""}], ""rating"": 4.0, ""coordinates"": {""latitude"": 45.4636356789986, ""longitude"": 9.18809989413792}, ""transactions"": [], ""price"": ""\u20ac\u20ac"", ""location"": {""address1"": ""Via Torino 2"", ""address2"": """", ""address3"": """", ""city"": ""Milan"", ""zip_code"": ""20123"", ""country"": ""IT"", ""state"": ""MI"", ""display_address"": [""Via Torino 2"", ""20123 Milan"", ""Italy""]}, ""phone"": ""+390289012975"", ""display_phone"": ""+39 02 8901 2975"", ""distance"": 763.7393361807244}, {""id"": ""58n_8tvNP6o9hQgN47JKRw"", ""alias"": ""vanilla-gelati-italiani-milano"", ""name"": ""Vanilla Gelati Italiani"", ""image_url"": ""https://s3-media2.fl.yelpcdn.com/bphoto/rQRkqc-snOJTnU8s-NFl5w/o.jpg"", ""is_closed"": false, ""url"": ""https://www.yelp.com/biz/vanilla-gelati-italiani-milano?adjust_creative=ULHW7ynqdXE8Z9Fnr4irFw&utm_campaign=yelp_api_v3&utm_medium=api_v3_business_search&utm_source=ULHW7ynqdXE8Z9Fnr4irFw"", ""review_count"": 24, ""categories"": [{""alias"": ""icecream"", ""title"": ""Ice Cream & Frozen Yogurt""}], ""rating"": 4.5, ""coordinates"": {""latitude"": 45.46391, ""longitude"": 9.19351}, ""transactions"": [], ""price"": ""\u20ac"", ""location"": {""address1"": ""Via Pattari 2"", ""address2"": """", ""address3"": """", ""city"": ""Milan"", ""zip_code"": ""20122"", ""country"": ""IT"", ""state"": ""MI"", ""display_address"": [""Via Pattari 2"", ""20122 Milan"", ""Italy""]}, ""phone"": ""+390289092297"", ""display_phone"": ""+39 02 8909 2297"", ""distance"": 763.9129851215502}, {""id"": ""c4mj2wReW9PvGSbPfspgKA"", ""alias"": ""starhotels-rosa-grand-milano"", ""name"": ""Starhotels Rosa Grand"", ""image_url"": ""https://s3-media1.fl.yelpcdn.com/bphoto/Toqvd0JqU2hgElsmXpKlqQ/o.jpg"", ""is_closed"": false, ""url"": ""https://www.yelp.com/biz/starhotels-rosa-grand-milano?adjust_creative=ULHW7ynqdXE8Z9Fnr4irFw&utm_campaign=yelp_api_v3&utm_medium=api_v3_business_search&utm_source=ULHW7ynqdXE8Z9Fnr4irFw"", ""review_count"": 16, ""categories"": [{""alias"": ""hotels"", ""title"": ""Hotels""}], ""rating"": 3.0, ""coordinates"": {""latitude"": 45.4643803, ""longitude"": 9.1936027}, ""transactions"": [], ""price"": ""\u20ac\u20ac"", ""location"": {""address1"": ""Piazza Fontana 3"", ""address2"": null, ""address3"": null, ""city"": ""Milan"", ""zip_code"": ""20122"", ""country"": ""IT"", ""state"": ""MI"", ""display_address"": [""Piazza Fontana 3"", ""20122 Milan"", ""Italy""]}, ""phone"": ""+390288311"", ""display_phone"": ""+39 02 88311"", ""distance"": 765.4530078371291}, {""id"": ""zMwkHAUHAOF8FhUfeURbOQ"", ""alias"": ""scrofa-semilanuta-milano"", ""name"": ""Scrofa Semilanuta"", ""image_url"": ""https://s3-media4.fl.yelpcdn.com/bphoto/958VIYL-cjD3F3ergiBKrg/o.jpg"", ""is_closed"": false, ""url"": ""https://www.yelp.com/biz/scrofa-semilanuta-milano?adjust_creative=ULHW7ynqdXE8Z9Fnr4irFw&utm_campaign=yelp_api_v3&utm_medium=api_v3_business_search&utm_source=ULHW7ynqdXE8Z9Fnr4irFw"", ""review_count"": 2, ""categories"": [{""alias"": ""bars"", ""title"": ""Bars""}], ""rating"": 4.0, ""coordinates"": {""latitude"": 45.4656715, ""longitude"": 9.1819897}, ""transactions"": [], ""price"": ""\u20ac\u20ac"", ""location"": {""address1"": ""Via Meravigli 13"", ""address2"": """", ""address3"": """", ""city"": ""Milan"", ""zip_code"": ""20123"", ""country"": ""IT"", ""state"": ""MI"", ""display_address"": [""Via Meravigli 13"", ""20123 Milan"", ""Italy""]}, ""phone"": ""+390280506508"", ""display_phone"": ""+39 02 8050 6508"", ""distance"": 765.5725352631711}, {""id"": ""1NaOXNwGDyHJqFADg6wRiA"", ""alias"": ""kisen-milano-4"", ""name"": ""Kisen"", ""image_url"": ""https://s3-media1.fl.yelpcdn.com/bphoto/95DCe5JwUkbI4KRM0BhLNA/o.jpg"", ""is_closed"": false, ""url"": ""https://www.yelp.com/biz/kisen-milano-4?adjust_creative=ULHW7ynqdXE8Z9Fnr4irFw&utm_campaign=yelp_api_v3&utm_medium=api_v3_business_search&utm_source=ULHW7ynqdXE8Z9Fnr4irFw"", ""review_count"": 1, ""categories"": [{""alias"": ""japanese"", ""title"": ""Japanese""}, {""alias"": ""asianfusion"", ""title"": ""Asian Fusion""}], ""rating"": 5.0, ""coordinates"": {""latitude"": 45.4758347, ""longitude"": 9.1952209}, ""transactions"": [], ""price"": ""\u20ac\u20ac"", ""location"": {""address1"": ""Via Moscova 10"", ""address2"": """", ""address3"": null, ""city"": ""Milan"", ""zip_code"": ""20121"", ""country"": ""IT"", ""state"": ""MI"", ""display_address"": [""Via Moscova 10"", ""20121 Milan"", ""Italy""]}, ""phone"": ""+390262086978"", ""display_phone"": ""+39 02 6208 6978"", ""distance"": 766.9611855827594}, {""id"": ""SuHwOrdQ_UOIlIPhNlng_w"", ""alias"": ""ottimo-massimo-milano"", ""name"": ""Ottimo Massimo"", ""image_url"": ""https://s3-media4.fl.yelpcdn.com/bphoto/jk4M_J_Wce5u9UFv3k5-VA/o.jpg"", ""is_closed"": false, ""url"": ""https://www.yelp.com/biz/ottimo-massimo-milano?adjust_creative=ULHW7ynqdXE8Z9Fnr4irFw&utm_campaign=yelp_api_v3&utm_medium=api_v3_business_search&utm_source=ULHW7ynqdXE8Z9Fnr4irFw"", ""review_count"": 6, ""categories"": [{""alias"": ""wine_bars"", ""title"": ""Wine Bars""}, {""alias"": ""breakfast_brunch"", ""title"": ""Breakfast & Brunch""}], ""rating"": 3.0, ""coordinates"": {""latitude"": 45.463699586728, ""longitude"": 9.1871001613832}, ""transactions"": [], ""price"": ""\u20ac\u20ac"", ""location"": {""address1"": ""Via Victor Hugo 3"", ""address2"": """", ""address3"": """", ""city"": ""Milan"", ""zip_code"": ""20123"", ""country"": ""IT"", ""state"": ""MI"", ""display_address"": [""Via Victor Hugo 3"", ""20123 Milan"", ""Italy""]}, ""phone"": ""+390249457661"", ""display_phone"": ""+39 02 4945 7661"", ""distance"": 768.0972950213502}, {""id"": ""cb-M5s5J4upi95GHYu9dWQ"", ""alias"": ""san-carlo-borromeo-milano-3"", ""name"": ""San Carlo Borromeo"", ""image_url"": ""https://s3-media2.fl.yelpcdn.com/bphoto/xhodYbklY245F1SqstE-lg/o.jpg"", ""is_closed"": false, ""url"": ""https://www.yelp.com/biz/san-carlo-borromeo-milano-3?adjust_creative=ULHW7ynqdXE8Z9Fnr4irFw&utm_campaign=yelp_api_v3&utm_medium=api_v3_business_search&utm_source=ULHW7ynqdXE8Z9Fnr4irFw"", ""review_count"": 1, ""categories"": [{""alias"": ""italian"", ""title"": ""Italian""}, {""alias"": ""breakfast_brunch"", ""title"": ""Breakfast & Brunch""}, {""alias"": ""cafes"", ""title"": ""Cafes""}], ""rating"": 2.0, ""coordinates"": {""latitude"": 45.4655, ""longitude"": 9.19589}, ""transactions"": [], ""price"": ""\u20ac\u20ac"", ""location"": {""address1"": ""Corso Vittorio Emanuele II 15"", ""address2"": ""Piazza San Carlo"", ""address3"": null, ""city"": ""Milan"", ""zip_code"": ""20122"", ""country"": ""IT"", ""state"": ""MI"", ""display_address"": [""Corso Vittorio Emanuele II 15"", ""Piazza San Carlo"", ""20122 Milan"", ""Italy""]}, ""phone"": ""+390276021767"", ""display_phone"": ""+39 02 7602 1767"", ""distance"": 769.1859988860806}, {""id"": ""-Vat-vXMJk0uy3a_ZBeqOw"", ""alias"": ""odstore-duomo-milano-milano"", ""name"": ""ODStore Duomo Milano"", ""image_url"": ""https://s3-media2.fl.yelpcdn.com/bphoto/BWGvP07vN6HFmnkcKEqKdg/o.jpg"", ""is_closed"": false, ""url"": ""https://www.yelp.com/biz/odstore-duomo-milano-milano?adjust_creative=ULHW7ynqdXE8Z9Fnr4irFw&utm_campaign=yelp_api_v3&utm_medium=api_v3_business_search&utm_source=ULHW7ynqdXE8Z9Fnr4irFw"", ""review_count"": 1, ""categories"": [{""alias"": ""candy"", ""title"": ""Candy Stores""}], ""rating"": 5.0, ""coordinates"": {""latitude"": 45.46417, ""longitude"": 9.19291}, ""transactions"": [], ""price"": ""\u20ac\u20ac"", ""location"": {""address1"": ""Piazza del Duomo 18"", ""address2"": """", ""address3"": null, ""city"": ""Milan"", ""zip_code"": ""20122"", ""country"": ""IT"", ""state"": ""MI"", ""display_address"": [""Piazza del Duomo 18"", ""20122 Milan"", ""Italy""]}, ""phone"": ""+390286894478"", ""display_phone"": ""+39 02 8689 4478"", ""distance"": 769.1660842999596}, {""id"": ""Lpak4HSb105rU2ACJXTfzw"", ""alias"": ""izakaya-milano"", ""name"": ""Izakaya"", ""image_url"": ""https://s3-media2.fl.yelpcdn.com/bphoto/xIYDoreTZ0kvymlO42OBJw/o.jpg"", ""is_closed"": false, ""url"": ""https://www.yelp.com/biz/izakaya-milano?adjust_creative=ULHW7ynqdXE8Z9Fnr4irFw&utm_campaign=yelp_api_v3&utm_medium=api_v3_business_search&utm_source=ULHW7ynqdXE8Z9Fnr4irFw"", ""review_count"": 3, ""categories"": [{""alias"": ""japanese"", ""title"": ""Japanese""}], ""rating"": 3.5, ""coordinates"": {""latitude"": 45.47714889, ""longitude"": 9.1920054}, ""transactions"": [], ""price"": ""\u20ac\u20ac"", ""location"": {""address1"": ""Corso di Porta Nuova 34"", ""address2"": """", ""address3"": """", ""city"": ""Milan"", ""zip_code"": ""20121"", ""country"": ""IT"", ""state"": ""MI"", ""display_address"": [""Corso di Porta Nuova 34"", ""20121 Milan"", ""Italy""]}, ""phone"": ""+390262087517"", ""display_phone"": ""+39 02 6208 7517"", ""distance"": 769.5108383577898}, {""id"": ""tcvOXNwXCTCTlyofSJFHNA"", ""alias"": ""replay-milano-3"", ""name"": ""Replay"", ""image_url"": ""https://s3-media3.fl.yelpcdn.com/bphoto/2l9Stj5vGY8V67Kmjy_TrA/o.jpg"", ""is_closed"": false, ""url"": ""https://www.yelp.com/biz/replay-milano-3?adjust_creative=ULHW7ynqdXE8Z9Fnr4irFw&utm_campaign=yelp_api_v3&utm_medium=api_v3_business_search&utm_source=ULHW7ynqdXE8Z9Fnr4irFw"", ""review_count"": 12, ""categories"": [{""alias"": ""mediterranean"", ""title"": ""Mediterranean""}, {""alias"": ""lumbard"", ""title"": ""Lumbard""}, {""alias"": ""pizza"", ""title"": ""Pizza""}], ""rating"": 3.5, ""coordinates"": {""latitude"": 45.46458, ""longitude"": 9.19384}, ""transactions"": [], ""price"": ""\u20ac\u20ac"", ""location"": {""address1"": ""Piazzetta Pattari 2"", ""address2"": """", ""address3"": """", ""city"": ""Milan"", ""zip_code"": ""20122"", ""country"": ""IT"", ""state"": ""MI"", ""display_address"": [""Piazzetta Pattari 2"", ""20122 Milan"", ""Italy""]}, ""phone"": ""+390286463125"", ""display_phone"": ""+39 02 8646 3125"", ""distance"": 770.4957664996897}, {""id"": ""vhUq-DR2hFBr8C8RzjLKlA"", ""alias"": ""passerini-caff\u00e8-victor-hugo-milano"", ""name"": ""Passerini Caff\u00e8 Victor Hugo"", ""image_url"": ""https://s3-media4.fl.yelpcdn.com/bphoto/SFd5h07qfn4MaC05j-aEJQ/o.jpg"", ""is_closed"": false, ""url"": ""https://www.yelp.com/biz/passerini-caff%C3%A8-victor-hugo-milano?adjust_creative=ULHW7ynqdXE8Z9Fnr4irFw&utm_campaign=yelp_api_v3&utm_medium=api_v3_business_search&utm_source=ULHW7ynqdXE8Z9Fnr4irFw"", ""review_count"": 6, ""categories"": [{""alias"": ""desserts"", ""title"": ""Desserts""}, {""alias"": ""tea"", ""title"": ""Tea Rooms""}], ""rating"": 3.5, ""coordinates"": {""latitude"": 45.4636, ""longitude"": 9.18707}, ""transactions"": [], ""price"": ""\u20ac\u20ac"", ""location"": {""address1"": ""Via Spadari"", ""address2"": """", ""address3"": """", ""city"": ""Milan"", ""zip_code"": ""20123"", ""country"": ""IT"", ""state"": ""MI"", ""display_address"": [""Via Spadari"", ""20123 Milan"", ""Italy""]}, ""phone"": """", ""display_phone"": """", ""distance"": 770.685965247724}, {""id"": ""YYMLWrSGPWuiT-NoYy6cSA"", ""alias"": ""marco-milano-2"", ""name"": ""Marco"", ""image_url"": ""https://s3-media3.fl.yelpcdn.com/bphoto/IaWed7Sg-sixr0R9QDUfGg/o.jpg"", ""is_closed"": false, ""url"": ""https://www.yelp.com/biz/marco-milano-2?adjust_creative=ULHW7ynqdXE8Z9Fnr4irFw&utm_campaign=yelp_api_v3&utm_medium=api_v3_business_search&utm_source=ULHW7ynqdXE8Z9Fnr4irFw"", ""review_count"": 1, ""categories"": [{""alias"": ""shoes"", ""title"": ""Shoe Stores""}], ""rating"": 4.0, ""coordinates"": {""latitude"": 45.4656499, ""longitude"": 9.19602}, ""transactions"": [], ""price"": ""\u20ac\u20ac"", ""location"": {""address1"": ""Corso Vittorio Emanuele II, 15"", ""address2"": null, ""address3"": null, ""city"": ""Milan"", ""zip_code"": ""20122"", ""country"": ""IT"", ""state"": ""MI"", ""display_address"": [""Corso Vittorio Emanuele II, 15"", ""20122 Milan"", ""Italy""]}, ""phone"": ""+390276013872"", ""display_phone"": ""+39 02 7601 3872"", ""distance"": 773.089663554552}, {""id"": ""teU_T4fzlXRivTI0dguWEQ"", ""alias"": ""boggi-milano"", ""name"": ""Boggi"", ""image_url"": ""https://s3-media4.fl.yelpcdn.com/bphoto/UqgZENkANZe3V4gC7C79NA/o.jpg"", ""is_closed"": false, ""url"": ""https://www.yelp.com/biz/boggi-milano?adjust_creative=ULHW7ynqdXE8Z9Fnr4irFw&utm_campaign=yelp_api_v3&utm_medium=api_v3_business_search&utm_source=ULHW7ynqdXE8Z9Fnr4irFw"", ""review_count"": 2, ""categories"": [{""alias"": ""menscloth"", ""title"": ""Men's Clothing""}], ""rating"": 4.5, ""coordinates"": {""latitude"": 45.4664194912046, ""longitude"": 9.19711649650701}, ""transactions"": [], ""price"": ""\u20ac\u20ac"", ""location"": {""address1"": ""Piazza San Babila 3"", ""address2"": """", ""address3"": """", ""city"": ""Milan"", ""zip_code"": ""20122"", ""country"": ""IT"", ""state"": ""MI"", ""display_address"": [""Piazza San Babila 3"", ""20122 Milan"", ""Italy""]}, ""phone"": ""+390276000366"", ""display_phone"": ""+39 02 7600 0366"", ""distance"": 774.8862452814027}, {""id"": ""P6uyDxv384ecxDJL5v0RHw"", ""alias"": ""princi-milano-7"", ""name"": ""Princi"", ""image_url"": ""https://s3-media1.fl.yelpcdn.com/bphoto/z8n-fCCRuQ9hgfDhpMrC3A/o.jpg"", ""is_closed"": false, ""url"": ""https://www.yelp.com/biz/princi-milano-7?adjust_creative=ULHW7ynqdXE8Z9Fnr4irFw&utm_campaign=yelp_api_v3&utm_medium=api_v3_business_search&utm_source=ULHW7ynqdXE8Z9Fnr4irFw"", ""review_count"": 10, ""categories"": [{""alias"": ""bakeries"", ""title"": ""Bakeries""}, {""alias"": ""cafes"", ""title"": ""Cafes""}], ""rating"": 3.5, ""coordinates"": {""latitude"": 45.4687963383601, ""longitude"": 9.19868792296986}, ""transactions"": [], ""price"": ""\u20ac"", ""location"": {""address1"": ""Corso Venezia 21"", ""address2"": """", ""address3"": null, ""city"": ""Milan"", ""zip_code"": ""20121"", ""country"": ""IT"", ""state"": ""MI"", ""display_address"": [""Corso Venezia 21"", ""20121 Milan"", ""Italy""]}, ""phone"": ""+390276008210"", ""display_phone"": ""+39 02 7600 8210"", ""distance"": 775.5842939287032}, {""id"": ""fJcIpNZtN7Ob-_xuW433Mw"", ""alias"": ""gusto-milano-2"", ""name"": ""Gusto"", ""image_url"": """", ""is_closed"": false, ""url"": ""https://www.yelp.com/biz/gusto-milano-2?adjust_creative=ULHW7ynqdXE8Z9Fnr4irFw&utm_campaign=yelp_api_v3&utm_medium=api_v3_business_search&utm_source=ULHW7ynqdXE8Z9Fnr4irFw"", ""review_count"": 2, ""categories"": [{""alias"": ""cheese"", ""title"": ""Cheese Shops""}, {""alias"": ""bakeries"", ""title"": ""Bakeries""}], ""rating"": 4.0, ""coordinates"": {""latitude"": 45.4657576828855, ""longitude"": 9.18166232901123}, ""transactions"": [], ""price"": ""\u20ac\u20ac"", ""location"": {""address1"": ""Via Meravigli 16"", ""address2"": """", ""address3"": """", ""city"": ""Milan"", ""zip_code"": ""20121"", ""country"": ""IT"", ""state"": ""MI"", ""display_address"": [""Via Meravigli 16"", ""20121 Milan"", ""Italy""]}, ""phone"": ""+390286984573"", ""display_phone"": ""+39 02 8698 4573"", ""distance"": 778.016633117228}, {""id"": ""G-bqCrWtpgHZucuzvFVmaQ"", ""alias"": ""promod-milano"", ""name"": ""Promod"", ""image_url"": ""https://s3-media1.fl.yelpcdn.com/bphoto/ExK33u8--R_Q_IC3MUGSGg/o.jpg"", ""is_closed"": false, ""url"": ""https://www.yelp.com/biz/promod-milano?adjust_creative=ULHW7ynqdXE8Z9Fnr4irFw&utm_campaign=yelp_api_v3&utm_medium=api_v3_business_search&utm_source=ULHW7ynqdXE8Z9Fnr4irFw"", ""review_count"": 3, ""categories"": [{""alias"": ""womenscloth"", ""title"": ""Women's Clothing""}], ""rating"": 3.5, ""coordinates"": {""latitude"": 45.46338, ""longitude"": 9.1884}, ""transactions"": [], ""price"": ""\u20ac\u20ac"", ""location"": {""address1"": ""Via Giuseppe Mazzini, 2"", ""address2"": null, ""address3"": null, ""city"": ""Milan"", ""zip_code"": ""20123"", ""country"": ""IT"", ""state"": ""MI"", ""display_address"": [""Via Giuseppe Mazzini, 2"", ""20123 Milan"", ""Italy""]}, ""phone"": ""+3902801355"", ""display_phone"": ""+39 02 801355"", ""distance"": 779.2001961758223}, {""id"": ""8J2mNL4bdAuZZMrkFh3X5w"", ""alias"": ""da-cecco-milano"", ""name"": ""Da Cecco"", ""image_url"": ""https://s3-media3.fl.yelpcdn.com/bphoto/MXZzv0T1rXBhM8Ceh5-L_w/o.jpg"", ""is_closed"": false, ""url"": ""https://www.yelp.com/biz/da-cecco-milano?adjust_creative=ULHW7ynqdXE8Z9Fnr4irFw&utm_campaign=yelp_api_v3&utm_medium=api_v3_business_search&utm_source=ULHW7ynqdXE8Z9Fnr4irFw"", ""review_count"": 16, ""categories"": [{""alias"": ""pizza"", ""title"": ""Pizza""}, {""alias"": ""italian"", ""title"": ""Italian""}], ""rating"": 4.0, ""coordinates"": {""latitude"": 45.47745, ""longitude"": 9.18801}, ""transactions"": [], ""price"": ""\u20ac\u20ac"", ""location"": {""address1"": ""Via Solferino 34"", ""address2"": null, ""address3"": null, ""city"": ""Milan"", ""zip_code"": ""20121"", ""country"": ""IT"", ""state"": ""MI"", ""display_address"": [""Via Solferino 34"", ""20121 Milan"", ""Italy""]}, ""phone"": ""+39026552141"", ""display_phone"": ""+39 02 655 2141"", ""distance"": 781.138488018702}, {""id"": ""fSB-KADRA4OSXdcSBQrrGg"", ""alias"": ""mandara-milano"", ""name"": ""Mandara"", ""image_url"": ""https://s3-media2.fl.yelpcdn.com/bphoto/7nc5eee2Wz5ENUM3cSuJDA/o.jpg"", ""is_closed"": false, ""url"": ""https://www.yelp.com/biz/mandara-milano?adjust_creative=ULHW7ynqdXE8Z9Fnr4irFw&utm_campaign=yelp_api_v3&utm_medium=api_v3_business_search&utm_source=ULHW7ynqdXE8Z9Fnr4irFw"", ""review_count"": 3, ""categories"": [{""alias"": ""cheese"", ""title"": ""Cheese Shops""}, {""alias"": ""italian"", ""title"": ""Italian""}, {""alias"": ""sandwiches"", ""title"": ""Sandwiches""}], ""rating"": 4.5, ""coordinates"": {""latitude"": 45.46498, ""longitude"": 9.18568}, ""transactions"": [], ""location"": {""address1"": ""Via Cordusio 2"", ""address2"": null, ""address3"": null, ""city"": ""Milan"", ""zip_code"": ""20123"", ""country"": ""IT"", ""state"": ""MI"", ""display_address"": [""Via Cordusio 2"", ""20123 Milan"", ""Italy""]}, ""phone"": ""+390286463728"", ""display_phone"": ""+39 02 8646 3728"", ""distance"": 782.1432003705479}, {""id"": ""lurT-jmuuQ-MfV2Hzj8ewg"", ""alias"": ""ovs-milano-10"", ""name"": ""OVS"", ""image_url"": ""https://s3-media1.fl.yelpcdn.com/bphoto/pQYHyCOvHe1_DUp5zbAryA/o.jpg"", ""is_closed"": false, ""url"": ""https://www.yelp.com/biz/ovs-milano-10?adjust_creative=ULHW7ynqdXE8Z9Fnr4irFw&utm_campaign=yelp_api_v3&utm_medium=api_v3_business_search&utm_source=ULHW7ynqdXE8Z9Fnr4irFw"", ""review_count"": 1, ""categories"": [{""alias"": ""womenscloth"", ""title"": ""Women's Clothing""}, {""alias"": ""menscloth"", ""title"": ""Men's Clothing""}, {""alias"": ""accessories"", ""title"": ""Accessories""}], ""rating"": 3.0, ""coordinates"": {""latitude"": 45.4767342954389, ""longitude"": 9.18441239976629}, ""transactions"": [], ""price"": ""\u20ac\u20ac"", ""location"": {""address1"": ""Corso Garibaldi 72"", ""address2"": """", ""address3"": """", ""city"": ""Milan"", ""zip_code"": ""20121"", ""country"": ""IT"", ""state"": ""MI"", ""display_address"": [""Corso Garibaldi 72"", ""20121 Milan"", ""Italy""]}, ""phone"": ""+39026551649"", ""display_phone"": ""+39 02 655 1649"", ""distance"": 783.9520901263826}, {""id"": ""brxCmhaXsi0W9RKSEIyDfg"", ""alias"": ""gap-milano"", ""name"": ""GAP"", ""image_url"": ""https://s3-media4.fl.yelpcdn.com/bphoto/0h_shS4Lh4mJSfObMaizPA/o.jpg"", ""is_closed"": false, ""url"": ""https://www.yelp.com/biz/gap-milano?adjust_creative=ULHW7ynqdXE8Z9Fnr4irFw&utm_campaign=yelp_api_v3&utm_medium=api_v3_business_search&utm_source=ULHW7ynqdXE8Z9Fnr4irFw"", ""review_count"": 9, ""categories"": [{""alias"": ""accessories"", ""title"": ""Accessories""}, {""alias"": ""menscloth"", ""title"": ""Men's Clothing""}, {""alias"": ""womenscloth"", ""title"": ""Women's Clothing""}], ""rating"": 3.0, ""coordinates"": {""latitude"": 45.46553, ""longitude"": 9.19604}, ""transactions"": [], ""price"": ""\u20ac\u20ac"", ""location"": {""address1"": ""Corso Vittorio Emanuele II 24/28"", ""address2"": null, ""address3"": null, ""city"": ""Milan"", ""zip_code"": ""20122"", ""country"": ""IT"", ""state"": ""MI"", ""display_address"": [""Corso Vittorio Emanuele II 24/28"", ""20122 Milan"", ""Italy""]}, ""phone"": ""+390276023819"", ""display_phone"": ""+39 02 7602 3819"", ""distance"": 784.8941761317908}, {""id"": ""C-mT8PuHpBprkSLFyr3rkA"", ""alias"": ""sephora-milano-2"", ""name"": ""Sephora"", ""image_url"": ""https://s3-media1.fl.yelpcdn.com/bphoto/tQXU7M9reb2jLdBpbRNTTw/o.jpg"", ""is_closed"": false, ""url"": ""https://www.yelp.com/biz/sephora-milano-2?adjust_creative=ULHW7ynqdXE8Z9Fnr4irFw&utm_campaign=yelp_api_v3&utm_medium=api_v3_business_search&utm_source=ULHW7ynqdXE8Z9Fnr4irFw"", ""review_count"": 10, ""categories"": [{""alias"": ""cosmetics"", ""title"": ""Cosmetics & Beauty Supply""}], ""rating"": 4.0, ""coordinates"": {""latitude"": 45.4652405, ""longitude"": 9.1956501}, ""transactions"": [], ""price"": ""\u20ac\u20ac"", ""location"": {""address1"": ""Corso Vittorio Emanuele 24"", ""address2"": """", ""address3"": """", ""city"": ""Milan"", ""zip_code"": ""20122"", ""country"": ""IT"", ""state"": ""MI"", ""display_address"": [""Corso Vittorio Emanuele 24"", ""20122 Milan"", ""Italy""]}, ""phone"": ""+390276280495"", ""display_phone"": ""+39 02 7628 0495"", ""distance"": 785.569824479111}, {""id"": ""j2ewYelsjj9o1SH3lY8-Gg"", ""alias"": ""pull-e-bear-milano-2"", ""name"": ""Pull & Bear"", ""image_url"": ""https://s3-media2.fl.yelpcdn.com/bphoto/bVzYhRWCS1KLsZg1sIOG7Q/o.jpg"", ""is_closed"": false, ""url"": ""https://www.yelp.com/biz/pull-e-bear-milano-2?adjust_creative=ULHW7ynqdXE8Z9Fnr4irFw&utm_campaign=yelp_api_v3&utm_medium=api_v3_business_search&utm_source=ULHW7ynqdXE8Z9Fnr4irFw"", ""review_count"": 3, ""categories"": [{""alias"": ""womenscloth"", ""title"": ""Women's Clothing""}, {""alias"": ""menscloth"", ""title"": ""Men's Clothing""}, {""alias"": ""shoes"", ""title"": ""Shoe Stores""}], ""rating"": 3.5, ""coordinates"": {""latitude"": 45.46510142, ""longitude"": 9.19561214}, ""transactions"": [], ""price"": ""\u20ac\u20ac"", ""location"": {""address1"": ""Corso Vittorio Emanuele 24"", ""address2"": """", ""address3"": """", ""city"": ""Milan"", ""zip_code"": ""20122"", ""country"": ""IT"", ""state"": ""MI"", ""display_address"": [""Corso Vittorio Emanuele 24"", ""20122 Milan"", ""Italy""]}, ""phone"": ""+390276023775"", ""display_phone"": ""+39 02 7602 3775"", ""distance"": 787.3538082459002}, {""id"": ""SxLOcr8Bkc6LRq2LPWvn7Q"", ""alias"": ""cos-milano"", ""name"": ""Cos"", ""image_url"": ""https://s3-media2.fl.yelpcdn.com/bphoto/5NvOv8QriGJ6hNA7YUE2XQ/o.jpg"", ""is_closed"": false, ""url"": ""https://www.yelp.com/biz/cos-milano?adjust_creative=ULHW7ynqdXE8Z9Fnr4irFw&utm_campaign=yelp_api_v3&utm_medium=api_v3_business_search&utm_source=ULHW7ynqdXE8Z9Fnr4irFw"", ""review_count"": 2, ""categories"": [{""alias"": ""menscloth"", ""title"": ""Men's Clothing""}, {""alias"": ""womenscloth"", ""title"": ""Women's Clothing""}, {""alias"": ""childcloth"", ""title"": ""Children's Clothing""}], ""rating"": 4.5, ""coordinates"": {""latitude"": 45.4671500960971, ""longitude"": 9.19795654714108}, ""transactions"": [], ""price"": ""\u20ac\u20ac"", ""location"": {""address1"": ""Corso Venezia 5"", ""address2"": """", ""address3"": null, ""city"": ""Milan"", ""zip_code"": ""20121"", ""country"": ""IT"", ""state"": ""MI"", ""display_address"": [""Corso Venezia 5"", ""20121 Milan"", ""Italy""]}, ""phone"": ""+390276280649"", ""display_phone"": ""+39 02 7628 0649"", ""distance"": 787.8349937929681}, {""id"": ""cpj9HTpQmi5WSChZEsA9rA"", ""alias"": ""massimo-dutti-milano-2"", ""name"": ""Massimo Dutti"", ""image_url"": ""https://s3-media2.fl.yelpcdn.com/bphoto/mndP0i_fBF6upsmJeGGThg/o.jpg"", ""is_closed"": false, ""url"": ""https://www.yelp.com/biz/massimo-dutti-milano-2?adjust_creative=ULHW7ynqdXE8Z9Fnr4irFw&utm_campaign=yelp_api_v3&utm_medium=api_v3_business_search&utm_source=ULHW7ynqdXE8Z9Fnr4irFw"", ""review_count"": 4, ""categories"": [{""alias"": ""menscloth"", ""title"": ""Men's Clothing""}, {""alias"": ""womenscloth"", ""title"": ""Women's Clothing""}], ""rating"": 4.5, ""coordinates"": {""latitude"": 45.4659538, ""longitude"": 9.1965704}, ""transactions"": [], ""price"": ""\u20ac\u20ac"", ""location"": {""address1"": ""Corso Vittorio Emanuele II 29-37"", ""address2"": """", ""address3"": """", ""city"": ""Milan"", ""zip_code"": ""20122"", ""country"": ""IT"", ""state"": ""MI"", ""display_address"": [""Corso Vittorio Emanuele II 29-37"", ""20122 Milan"", ""Italy""]}, ""phone"": """", ""display_phone"": """", ""distance"": 790.3773853006138}, {""id"": ""ESnmi-gkEbF7In2NvLyfjg"", ""alias"": ""drogheria-milanese-milano-3"", ""name"": ""Drogheria Milanese"", ""image_url"": ""https://s3-media4.fl.yelpcdn.com/bphoto/KahkOChb3713CaXaPwiGUg/o.jpg"", ""is_closed"": false, ""url"": ""https://www.yelp.com/biz/drogheria-milanese-milano-3?adjust_creative=ULHW7ynqdXE8Z9Fnr4irFw&utm_campaign=yelp_api_v3&utm_medium=api_v3_business_search&utm_source=ULHW7ynqdXE8Z9Fnr4irFw"", ""review_count"": 4, ""categories"": [{""alias"": ""italian"", ""title"": ""Italian""}, {""alias"": ""tapas"", ""title"": ""Tapas Bars""}], ""rating"": 4.0, ""coordinates"": {""latitude"": 45.47754, ""longitude"": 9.18856}, ""transactions"": [], ""price"": ""\u20ac\u20ac"", ""location"": {""address1"": ""Via San Marco 29"", ""address2"": """", ""address3"": """", ""city"": ""Milan"", ""zip_code"": ""20121"", ""country"": ""IT"", ""state"": ""MI"", ""display_address"": [""Via San Marco 29"", ""20121 Milan"", ""Italy""]}, ""phone"": ""+390245488837"", ""display_phone"": ""+39 02 4548 8837"", ""distance"": 791.1405967524845}, {""id"": ""XRtA6CY9oaw-0Ymz4dXEUA"", ""alias"": ""calzedonia-milano-8"", ""name"": ""Calzedonia"", ""image_url"": ""https://s3-media3.fl.yelpcdn.com/bphoto/8hW5eqZKhWx7kc4OSFfbaQ/o.jpg"", ""is_closed"": false, ""url"": ""https://www.yelp.com/biz/calzedonia-milano-8?adjust_creative=ULHW7ynqdXE8Z9Fnr4irFw&utm_campaign=yelp_api_v3&utm_medium=api_v3_business_search&utm_source=ULHW7ynqdXE8Z9Fnr4irFw"", ""review_count"": 1, ""categories"": [{""alias"": ""lingerie"", ""title"": ""Lingerie""}], ""rating"": 5.0, ""coordinates"": {""latitude"": 45.4633755211985, ""longitude"": 9.18788293298104}, ""transactions"": [], ""price"": ""\u20ac"", ""location"": {""address1"": ""Via Torino 15"", ""address2"": """", ""address3"": """", ""city"": ""Milan"", ""zip_code"": ""20123"", ""country"": ""IT"", ""state"": ""MI"", ""display_address"": [""Via Torino 15"", ""20123 Milan"", ""Italy""]}, ""phone"": ""+390289096069"", ""display_phone"": ""+39 02 8909 6069"", ""distance"": 794.2735904692075}, {""id"": ""Wgu3tWNkUNtj0_0iOZXAxQ"", ""alias"": ""ovs-milano-5"", ""name"": ""OVS"", ""image_url"": ""https://s3-media1.fl.yelpcdn.com/bphoto/H_bVl73ir0JNcT7L2G2mCg/o.jpg"", ""is_closed"": false, ""url"": ""https://www.yelp.com/biz/ovs-milano-5?adjust_creative=ULHW7ynqdXE8Z9Fnr4irFw&utm_campaign=yelp_api_v3&utm_medium=api_v3_business_search&utm_source=ULHW7ynqdXE8Z9Fnr4irFw"", ""review_count"": 5, ""categories"": [{""alias"": ""menscloth"", ""title"": ""Men's Clothing""}, {""alias"": ""womenscloth"", ""title"": ""Women's Clothing""}, {""alias"": ""childcloth"", ""title"": ""Children's Clothing""}], ""rating"": 3.0, ""coordinates"": {""latitude"": 45.4633789, ""longitude"": 9.1874399}, ""transactions"": [], ""price"": ""\u20ac\u20ac"", ""location"": {""address1"": ""Via Spadari 2"", ""address2"": """", ""address3"": """", ""city"": ""Milan"", ""zip_code"": ""20123"", ""country"": ""IT"", ""state"": ""MI"", ""display_address"": [""Via Spadari 2"", ""20123 Milan"", ""Italy""]}, ""phone"": ""+390289010750"", ""display_phone"": ""+39 02 8901 0750"", ""distance"": 795.0800029826668}, {""id"": ""fWr8c34bie0JtD_Q6UDvvA"", ""alias"": ""brandy-melville-milano"", ""name"": ""Brandy Melville"", ""image_url"": ""https://s3-media1.fl.yelpcdn.com/bphoto/mlPJZ6jgcIF_nnTYzAoTdA/o.jpg"", ""is_closed"": false, ""url"": ""https://www.yelp.com/biz/brandy-melville-milano?adjust_creative=ULHW7ynqdXE8Z9Fnr4irFw&utm_campaign=yelp_api_v3&utm_medium=api_v3_business_search&utm_source=ULHW7ynqdXE8Z9Fnr4irFw"", ""review_count"": 3, ""categories"": [{""alias"": ""fashion"", ""title"": ""Fashion""}], ""rating"": 4.0, ""coordinates"": {""latitude"": 45.4769999, ""longitude"": 9.18539}, ""transactions"": [], ""price"": ""\u20ac\u20ac"", ""location"": {""address1"": ""Via Statuto, 16"", ""address2"": """", ""address3"": """", ""city"": ""Milan"", ""zip_code"": ""20121"", ""country"": ""IT"", ""state"": ""MI"", ""display_address"": [""Via Statuto, 16"", ""20121 Milan"", ""Italy""]}, ""phone"": ""+390229004294"", ""display_phone"": ""+39 02 2900 4294"", ""distance"": 796.8239699277638}], ""total"": 4400, ""region"": {""center"": {""longitude"": 9.189033508300781, ""latitude"": 45.47047287954827}}}",application/json,false,"OAS disconformity: [Path '/businesses/[item]/price'] Instance value ("""") not found in enum (possible values: [""$"";""$$"";""$$$"";""$$$$""]) --- [Path '/businesses/[item]/price'] Instance value ("""") not found in enum (possible values: [""$"";""$$"";""$$$"";""$$$$""])"
test_vevv4nhqatt2_getBusinesses,400,"{""error"": {""code"": ""VALIDATION_ERROR"", ""description"": ""The open_at provided is too long ago, the timestamp must be within the last two weeks.""}}",application/json,true,none
test_vf3mkqe4qu5z_getBusinesses,400,"{""error"": {""code"": ""VALIDATION_ERROR"", ""description"": ""Please specify a location or a latitude and longitude""}}",application/json,true,none
test_vf6g8ex30egp_getBusinesses,200,"{""businesses"": [], ""total"": 0, ""region"": {""center"": {""longitude"": -105.96038818359375, ""latitude"": 35.665062782072155}}}",application/json,true,none
