testResultId,statusCode,responseBody,outputContentType,passed,failReason
test_1h7j5qw70ogfo_getBusinesses,400,"{""error"": {""code"": ""LOCATION_NOT_FOUND"", ""description"": ""Could not execute search, try specifying a more exact location.""}}",application/json,true,none
test_1hbd9px1c2dyt_getBusinesses,200,"{""businesses"": [], ""total"": 0, ""region"": {""center"": {""longitude"": -100.57924, ""latitude"": 46.205704}}}",application/json,true,none
test_1hbdq39kob8e0_getBusinesses,400,"{""error"": {""code"": ""VALIDATION_ERROR"", ""description"": ""Please specify a location or a latitude and longitude""}}",application/json,true,none
test_1hbfyoues9qp1_getBusinesses,200,"{""businesses"": [], ""total"": 0, ""region"": {""center"": {""longitude"": -96.6942, ""latitude"": 47.088013}}}",application/json,true,none
test_1hrdoes54le7q_getBusinesses,200,"{""businesses"": [{""id"": ""k1kWJouDow9YmzWhTBlA3Q"", ""alias"": ""hungry-bear-cafe-and-catering-bonduel-2"", ""name"": ""Hungry Bear - Cafe & Catering"", ""image_url"": ""https://s3-media2.fl.yelpcdn.com/bphoto/BkcUUq3iQerlw-_GNYUfJA/o.jpg"", ""is_closed"": false, ""url"": ""https://www.yelp.com/biz/hungry-bear-cafe-and-catering-bonduel-2?adjust_creative=ULHW7ynqdXE8Z9Fnr4irFw&utm_campaign=yelp_api_v3&utm_medium=api_v3_business_search&utm_source=ULHW7ynqdXE8Z9Fnr4irFw"", ""review_count"": 21, ""categories"": [{""alias"": ""cafes"", ""title"": ""Cafes""}, {""alias"": ""burgers"", ""title"": ""Burgers""}, {""alias"": ""sandwiches"", ""title"": ""Sandwiches""}], ""rating"": 5.0, ""coordinates"": {""latitude"": 44.7402092, ""longitude"": -88.4473097}, ""transactions"": [], ""price"": ""$$"", ""location"": {""address1"": ""120 W Green Bay St"", ""address2"": """", ""address3"": """", ""city"": ""Bonduel"", ""zip_code"": ""54107"", ""country"": ""US"", ""state"": ""WI"", ""display_address"": [""120 W Green Bay St"", ""Bonduel, WI 54107""]}, ""phone"": ""+17157582727"", ""display_phone"": ""(715) 758-2727"", ""distance"": 14848.119623112509}, {""id"": ""Vdi6vySLYeHIu47CUmBiBw"", ""alias"": ""rockyz-cafe-green-bay-2"", ""name"": ""Rocky'Z Cafe"", ""image_url"": ""https://s3-media2.fl.yelpcdn.com/bphoto/ZkyknLnzar8fcYiGxwz1Ew/o.jpg"", ""is_closed"": false, ""url"": ""https://www.yelp.com/biz/rockyz-cafe-green-bay-2?adjust_creative=ULHW7ynqdXE8Z9Fnr4irFw&utm_campaign=yelp_api_v3&utm_medium=api_v3_business_search&utm_source=ULHW7ynqdXE8Z9Fnr4irFw"", ""review_count"": 4, ""categories"": [{""alias"": ""cafes"", ""title"": ""Cafes""}, {""alias"": ""salad"", ""title"": ""Salad""}, {""alias"": ""sandwiches"", ""title"": ""Sandwiches""}], ""rating"": 5.0, ""coordinates"": {""latitude"": 44.51472103591446, ""longitude"": -87.95836926225418}, ""transactions"": [""delivery""], ""location"": {""address1"": ""2475 University Ave"", ""address2"": """", ""address3"": null, ""city"": ""Green Bay"", ""zip_code"": ""54302"", ""country"": ""US"", ""state"": ""WI"", ""display_address"": [""2475 University Ave"", ""Green Bay, WI 54302""]}, ""phone"": ""+19203931475"", ""display_phone"": ""(920) 393-1475"", ""distance"": 36176.92700422566}, {""id"": ""HxhiB3bkwABHud7MLczBkQ"", ""alias"": ""corkis-cup-of-joy-oconto-falls"", ""name"": ""Corki's Cup Of Joy"", ""image_url"": ""https://s3-media1.fl.yelpcdn.com/bphoto/PetQru1PLvwh27l1dQ6tog/o.jpg"", ""is_closed"": false, ""url"": ""https://www.yelp.com/biz/corkis-cup-of-joy-oconto-falls?adjust_creative=ULHW7ynqdXE8Z9Fnr4irFw&utm_campaign=yelp_api_v3&utm_medium=api_v3_business_search&utm_source=ULHW7ynqdXE8Z9Fnr4irFw"", ""review_count"": 9, ""categories"": [{""alias"": ""coffee"", ""title"": ""Coffee & Tea""}, {""alias"": ""breakfast_brunch"", ""title"": ""Breakfast & Brunch""}], ""rating"": 4.5, ""coordinates"": {""latitude"": 44.88289, ""longitude"": -88.14006}, ""transactions"": [], ""location"": {""address1"": ""323 E Highland"", ""address2"": ""Ste 1"", ""address3"": """", ""city"": ""Oconto Falls"", ""zip_code"": ""54154"", ""country"": ""US"", ""state"": ""WI"", ""display_address"": [""323 E Highland"", ""Ste 1"", ""Oconto Falls, WI 54154""]}, ""phone"": ""+19208482445"", ""display_phone"": ""(920) 848-2445"", ""distance"": 16863.084963681107}, {""id"": ""7kDOaFscNTZ0lwxmjAG_QQ"", ""alias"": ""jo-jos-diner-lena"", ""name"": ""Jo Jo's Diner"", ""image_url"": ""https://s3-media1.fl.yelpcdn.com/bphoto/2uRYyjKaUE4PwPgA1ytLvg/o.jpg"", ""is_closed"": false, ""url"": ""https://www.yelp.com/biz/jo-jos-diner-lena?adjust_creative=ULHW7ynqdXE8Z9Fnr4irFw&utm_campaign=yelp_api_v3&utm_medium=api_v3_business_search&utm_source=ULHW7ynqdXE8Z9Fnr4irFw"", ""review_count"": 14, ""categories"": [{""alias"": ""coffee"", ""title"": ""Coffee & Tea""}, {""alias"": ""breakfast_brunch"", ""title"": ""Breakfast & Brunch""}, {""alias"": ""diners"", ""title"": ""Diners""}], ""rating"": 4.5, ""coordinates"": {""latitude"": 44.88303, ""longitude"": -88.04555}, ""transactions"": [], ""price"": ""$$"", ""location"": {""address1"": ""5774 Duame Rd"", ""address2"": null, ""address3"": null, ""city"": ""Lena"", ""zip_code"": ""54139"", ""country"": ""US"", ""state"": ""WI"", ""display_address"": [""5774 Duame Rd"", ""Lena, WI 54139""]}, ""phone"": ""+19208344100"", ""display_phone"": ""(920) 834-4100"", ""distance"": 21917.04550894664}, {""id"": ""sklpSdBzBkj5hIN-OBf5Qw"", ""alias"": ""the-shop-on-main-oconto"", ""name"": ""The Shop on Main"", ""image_url"": ""https://s3-media1.fl.yelpcdn.com/bphoto/TEHycBRd-PK9MqnsZkFA2g/o.jpg"", ""is_closed"": false, ""url"": ""https://www.yelp.com/biz/the-shop-on-main-oconto?adjust_creative=ULHW7ynqdXE8Z9Fnr4irFw&utm_campaign=yelp_api_v3&utm_medium=api_v3_business_search&utm_source=ULHW7ynqdXE8Z9Fnr4irFw"", ""review_count"": 5, ""categories"": [{""alias"": ""coffee"", ""title"": ""Coffee & Tea""}, {""alias"": ""icecream"", ""title"": ""Ice Cream & Frozen Yogurt""}], ""rating"": 3.5, ""coordinates"": {""latitude"": 44.88875, ""longitude"": -87.87111}, ""transactions"": [], ""location"": {""address1"": ""821 Main St"", ""address2"": null, ""address3"": """", ""city"": ""Oconto"", ""zip_code"": ""54153"", ""country"": ""US"", ""state"": ""WI"", ""display_address"": [""821 Main St"", ""Oconto, WI 54153""]}, ""phone"": """", ""display_phone"": """", ""distance"": 33990.827485659625}, {""id"": ""vykwM3pt4cC-U1Q6z0fFUg"", ""alias"": ""the-daily-grind-and-more-shawano"", ""name"": ""The Daily Grind & More"", ""image_url"": ""https://s3-media1.fl.yelpcdn.com/bphoto/T1F266DCaIuw7R6itfXiFQ/o.jpg"", ""is_closed"": false, ""url"": ""https://www.yelp.com/biz/the-daily-grind-and-more-shawano?adjust_creative=ULHW7ynqdXE8Z9Fnr4irFw&utm_campaign=yelp_api_v3&utm_medium=api_v3_business_search&utm_source=ULHW7ynqdXE8Z9Fnr4irFw"", ""review_count"": 1, ""categories"": [{""alias"": ""coffee"", ""title"": ""Coffee & Tea""}], ""rating"": 5.0, ""coordinates"": {""latitude"": 44.7809677124023, ""longitude"": -88.6088943481445}, ""transactions"": [], ""location"": {""address1"": ""130 S Main St"", ""address2"": """", ""address3"": """", ""city"": ""Shawano"", ""zip_code"": ""54166"", ""country"": ""US"", ""state"": ""WI"", ""display_address"": [""130 S Main St"", ""Shawano, WI 54166""]}, ""phone"": ""+17155245958"", ""display_phone"": ""(715) 524-5958"", ""distance"": 27570.923525837454}, {""id"": ""qG3D_TXUgqXHbYbyzT6onA"", ""alias"": ""spork-cafe-and-catering-suamico"", ""name"": ""Spork Cafe & Catering"", ""image_url"": ""https://s3-media2.fl.yelpcdn.com/bphoto/BXI0sXSyV83Wg1H_PJRYpw/o.jpg"", ""is_closed"": false, ""url"": ""https://www.yelp.com/biz/spork-cafe-and-catering-suamico?adjust_creative=ULHW7ynqdXE8Z9Fnr4irFw&utm_campaign=yelp_api_v3&utm_medium=api_v3_business_search&utm_source=ULHW7ynqdXE8Z9Fnr4irFw"", ""review_count"": 52, ""categories"": [{""alias"": ""coffee"", ""title"": ""Coffee & Tea""}, {""alias"": ""breakfast_brunch"", ""title"": ""Breakfast & Brunch""}], ""rating"": 5.0, ""coordinates"": {""latitude"": 44.63183, ""longitude"": -88.05274}, ""transactions"": [], ""price"": ""$$"", ""location"": {""address1"": ""1760 Riverside Dr"", ""address2"": """", ""address3"": null, ""city"": ""Suamico"", ""zip_code"": ""54173"", ""country"": ""US"", ""state"": ""WI"", ""display_address"": [""1760 Riverside Dr"", ""Suamico, WI 54173""]}, ""phone"": ""+19204892143"", ""display_phone"": ""(920) 489-2143"", ""distance"": 21674.10276740661}, {""id"": ""03tS4Do0iS8P34z9iVrhwg"", ""alias"": ""kavarna-coffeehouse-green-bay-2"", ""name"": ""Kavarna Coffeehouse"", ""image_url"": ""https://s3-media1.fl.yelpcdn.com/bphoto/AAtNHDaeUAiBuXdsEmi4Hg/o.jpg"", ""is_closed"": false, ""url"": ""https://www.yelp.com/biz/kavarna-coffeehouse-green-bay-2?adjust_creative=ULHW7ynqdXE8Z9Fnr4irFw&utm_campaign=yelp_api_v3&utm_medium=api_v3_business_search&utm_source=ULHW7ynqdXE8Z9Fnr4irFw"", ""review_count"": 270, ""categories"": [{""alias"": ""coffee"", ""title"": ""Coffee & Tea""}, {""alias"": ""sandwiches"", ""title"": ""Sandwiches""}, {""alias"": ""burgers"", ""title"": ""Burgers""}], ""rating"": 4.5, ""coordinates"": {""latitude"": 44.517522, ""longitude"": -88.021374}, ""transactions"": [""pickup"", ""delivery""], ""price"": ""$"", ""location"": {""address1"": ""143 N Broadway"", ""address2"": """", ""address3"": """", ""city"": ""Green Bay"", ""zip_code"": ""54303"", ""country"": ""US"", ""state"": ""WI"", ""display_address"": [""143 N Broadway"", ""Green Bay, WI 54303""]}, ""phone"": ""+19204303200"", ""display_phone"": ""(920) 430-3200"", ""distance"": 32833.16580054817}, {""id"": ""fHZBWvbhq6PAD6d-7ZPD0A"", ""alias"": ""voyageurs-bakehouse-green-bay"", ""name"": ""Voyageurs Bakehouse"", ""image_url"": ""https://s3-media3.fl.yelpcdn.com/bphoto/4ZkawL3cnHKBMwirO4-_PA/o.jpg"", ""is_closed"": false, ""url"": ""https://www.yelp.com/biz/voyageurs-bakehouse-green-bay?adjust_creative=ULHW7ynqdXE8Z9Fnr4irFw&utm_campaign=yelp_api_v3&utm_medium=api_v3_business_search&utm_source=ULHW7ynqdXE8Z9Fnr4irFw"", ""review_count"": 15, ""categories"": [{""alias"": ""bakeries"", ""title"": ""Bakeries""}, {""alias"": ""coffee"", ""title"": ""Coffee & Tea""}, {""alias"": ""desserts"", ""title"": ""Desserts""}], ""rating"": 5.0, ""coordinates"": {""latitude"": 44.52043, ""longitude"": -88.01871}, ""transactions"": [""pickup"", ""delivery""], ""location"": {""address1"": ""340 North Broadway"", ""address2"": ""Ste 110"", ""address3"": """", ""city"": ""Green Bay"", ""zip_code"": ""54303"", ""country"": ""US"", ""state"": ""WI"", ""display_address"": [""340 North Broadway"", ""Ste 110"", ""Green Bay, WI 54303""]}, ""phone"": ""+19202348060"", ""display_phone"": ""(920) 234-8060"", ""distance"": 32678.901426510263}, {""id"": ""EHoJdwk-eYH7pHzciEjD9w"", ""alias"": ""not-by-bread-alone-green-bay"", ""name"": ""Not By Bread Alone"", ""image_url"": ""https://s3-media3.fl.yelpcdn.com/bphoto/CFRBc62WIFMMLClObm4yfg/o.jpg"", ""is_closed"": false, ""url"": ""https://www.yelp.com/biz/not-by-bread-alone-green-bay?adjust_creative=ULHW7ynqdXE8Z9Fnr4irFw&utm_campaign=yelp_api_v3&utm_medium=api_v3_business_search&utm_source=ULHW7ynqdXE8Z9Fnr4irFw"", ""review_count"": 110, ""categories"": [{""alias"": ""bakeries"", ""title"": ""Bakeries""}, {""alias"": ""cafes"", ""title"": ""Cafes""}, {""alias"": ""sandwiches"", ""title"": ""Sandwiches""}], ""rating"": 4.5, ""coordinates"": {""latitude"": 44.4775599, ""longitude"": -88.07599}, ""transactions"": [""pickup"", ""delivery""], ""price"": ""$"", ""location"": {""address1"": ""940 Hansen Rd"", ""address2"": """", ""address3"": """", ""city"": ""Green Bay"", ""zip_code"": ""54304"", ""country"": ""US"", ""state"": ""WI"", ""display_address"": [""940 Hansen Rd"", ""Green Bay, WI 54304""]}, ""phone"": ""+19204299422"", ""display_phone"": ""(920) 429-9422"", ""distance"": 34493.06556140245}, {""id"": ""QKtawO8xA7II8qn0bi0TmQ"", ""alias"": ""bhava-coffee-green-bay"", ""name"": ""Bhava Coffee"", ""image_url"": ""https://s3-media2.fl.yelpcdn.com/bphoto/DKK9fVl8Tau8GmL582H8yw/o.jpg"", ""is_closed"": false, ""url"": ""https://www.yelp.com/biz/bhava-coffee-green-bay?adjust_creative=ULHW7ynqdXE8Z9Fnr4irFw&utm_campaign=yelp_api_v3&utm_medium=api_v3_business_search&utm_source=ULHW7ynqdXE8Z9Fnr4irFw"", ""review_count"": 3, ""categories"": [{""alias"": ""coffee"", ""title"": ""Coffee & Tea""}, {""alias"": ""sandwiches"", ""title"": ""Sandwiches""}], ""rating"": 4.5, ""coordinates"": {""latitude"": 44.52348, ""longitude"": -88.06231}, ""transactions"": [], ""location"": {""address1"": ""1538 W Mason St"", ""address2"": """", ""address3"": null, ""city"": ""Green Bay"", ""zip_code"": ""54303"", ""country"": ""US"", ""state"": ""WI"", ""display_address"": [""1538 W Mason St"", ""Green Bay, WI 54303""]}, ""phone"": ""+19205440003"", ""display_phone"": ""(920) 544-0003"", ""distance"": 30511.5313587154}, {""id"": ""Rd3jYvG9X9Des6n31m9fbg"", ""alias"": ""beans-and-books-shawano-2"", ""name"": ""Beans and Books"", ""image_url"": ""https://s3-media2.fl.yelpcdn.com/bphoto/xDvE-pjo1Ienh_v0TQjbrw/o.jpg"", ""is_closed"": false, ""url"": ""https://www.yelp.com/biz/beans-and-books-shawano-2?adjust_creative=ULHW7ynqdXE8Z9Fnr4irFw&utm_campaign=yelp_api_v3&utm_medium=api_v3_business_search&utm_source=ULHW7ynqdXE8Z9Fnr4irFw"", ""review_count"": 13, ""categories"": [{""alias"": ""coffee"", ""title"": ""Coffee & Tea""}, {""alias"": ""breakfast_brunch"", ""title"": ""Breakfast & Brunch""}, {""alias"": ""sandwiches"", ""title"": ""Sandwiches""}], ""rating"": 4.0, ""coordinates"": {""latitude"": 44.7824800839611, ""longitude"": -88.58180373516}, ""transactions"": [], ""price"": ""$"", ""location"": {""address1"": ""1235 E Green Bay St"", ""address2"": """", ""address3"": """", ""city"": ""Shawano"", ""zip_code"": ""54166"", ""country"": ""US"", ""state"": ""WI"", ""display_address"": [""1235 E Green Bay St"", ""Shawano, WI 54166""]}, ""phone"": ""+17155242233"", ""display_phone"": ""(715) 524-2233"", ""distance"": 25458.321616355843}, {""id"": ""h-5dNb5BqCsZbGQEohSHtw"", ""alias"": ""black-creek-cafe-black-creek"", ""name"": ""Black Creek Cafe"", ""image_url"": ""https://s3-media2.fl.yelpcdn.com/bphoto/IH8_Fyq7BHZ2XXHMStrWvw/o.jpg"", ""is_closed"": false, ""url"": ""https://www.yelp.com/biz/black-creek-cafe-black-creek?adjust_creative=ULHW7ynqdXE8Z9Fnr4irFw&utm_campaign=yelp_api_v3&utm_medium=api_v3_business_search&utm_source=ULHW7ynqdXE8Z9Fnr4irFw"", ""review_count"": 5, ""categories"": [{""alias"": ""cafes"", ""title"": ""Cafes""}, {""alias"": ""sandwiches"", ""title"": ""Sandwiches""}], ""rating"": 3.5, ""coordinates"": {""latitude"": 44.4755287, ""longitude"": -88.4512482}, ""transactions"": [], ""price"": ""$"", ""location"": {""address1"": ""201 N Main St"", ""address2"": """", ""address3"": """", ""city"": ""Black Creek"", ""zip_code"": ""54106"", ""country"": ""US"", ""state"": ""WI"", ""display_address"": [""201 N Main St"", ""Black Creek, WI 54106""]}, ""phone"": ""+19209843538"", ""display_phone"": ""(920) 984-3538"", ""distance"": 34884.13827958613}, {""id"": ""RGQL_niFsJgndEwEVAZCew"", ""alias"": ""grounded-caf\u00e9-green-bay"", ""name"": ""Grounded Caf\u00e9"", ""image_url"": ""https://s3-media1.fl.yelpcdn.com/bphoto/WykeTOdd5RFfe8TistyV4A/o.jpg"", ""is_closed"": false, ""url"": ""https://www.yelp.com/biz/grounded-caf%C3%A9-green-bay?adjust_creative=ULHW7ynqdXE8Z9Fnr4irFw&utm_campaign=yelp_api_v3&utm_medium=api_v3_business_search&utm_source=ULHW7ynqdXE8Z9Fnr4irFw"", ""review_count"": 14, ""categories"": [{""alias"": ""coffee"", ""title"": ""Coffee & Tea""}, {""alias"": ""breakfast_brunch"", ""title"": ""Breakfast & Brunch""}, {""alias"": ""soup"", ""title"": ""Soup""}], ""rating"": 5.0, ""coordinates"": {""latitude"": 44.51146, ""longitude"": -88.01657}, ""transactions"": [""delivery""], ""location"": {""address1"": ""300 S Adams St"", ""address2"": """", ""address3"": null, ""city"": ""Green Bay"", ""zip_code"": ""54301"", ""country"": ""US"", ""state"": ""WI"", ""display_address"": [""300 S Adams St"", ""Green Bay, WI 54301""]}, ""phone"": ""+19204484303"", ""display_phone"": ""(920) 448-4303"", ""distance"": 33604.70919163283}, {""id"": ""tiRh7zYWYU8PLccQTBZ1aQ"", ""alias"": ""glas-the-green-coffeehouse-shawano"", ""name"": ""Glas, The Green Coffeehouse"", ""image_url"": ""https://s3-media3.fl.yelpcdn.com/bphoto/i9v1Wtm9UsDwE1hcre5Jig/o.jpg"", ""is_closed"": false, ""url"": ""https://www.yelp.com/biz/glas-the-green-coffeehouse-shawano?adjust_creative=ULHW7ynqdXE8Z9Fnr4irFw&utm_campaign=yelp_api_v3&utm_medium=api_v3_business_search&utm_source=ULHW7ynqdXE8Z9Fnr4irFw"", ""review_count"": 16, ""categories"": [{""alias"": ""coffee"", ""title"": ""Coffee & Tea""}], ""rating"": 3.5, ""coordinates"": {""latitude"": 44.7876536378896, ""longitude"": -88.6099710171966}, ""transactions"": [], ""price"": ""$$"", ""location"": {""address1"": ""511 N Main St"", ""address2"": null, ""address3"": """", ""city"": ""Shawano"", ""zip_code"": ""54166"", ""country"": ""US"", ""state"": ""WI"", ""display_address"": [""511 N Main St"", ""Shawano, WI 54166""]}, ""phone"": ""+17158514527"", ""display_phone"": ""(715) 851-4527"", ""distance"": 27730.660754056767}, {""id"": ""Kmusq46pNCz-Og52jaDkTw"", ""alias"": ""crystal-coffee-cafe-and-beanery-green-bay"", ""name"": ""Crystal Coffee Cafe & Beanery"", ""image_url"": ""https://s3-media4.fl.yelpcdn.com/bphoto/WxyFRCe6H0TFoxEFztfxaQ/o.jpg"", ""is_closed"": false, ""url"": ""https://www.yelp.com/biz/crystal-coffee-cafe-and-beanery-green-bay?adjust_creative=ULHW7ynqdXE8Z9Fnr4irFw&utm_campaign=yelp_api_v3&utm_medium=api_v3_business_search&utm_source=ULHW7ynqdXE8Z9Fnr4irFw"", ""review_count"": 35, ""categories"": [{""alias"": ""coffee"", ""title"": ""Coffee & Tea""}, {""alias"": ""bakeries"", ""title"": ""Bakeries""}, {""alias"": ""breakfast_brunch"", ""title"": ""Breakfast & Brunch""}], ""rating"": 4.0, ""coordinates"": {""latitude"": 44.49114, ""longitude"": -88.10593}, ""transactions"": [""pickup"", ""delivery""], ""price"": ""$"", ""location"": {""address1"": ""2625 Packerland Dr"", ""address2"": null, ""address3"": """", ""city"": ""Green Bay"", ""zip_code"": ""54313"", ""country"": ""US"", ""state"": ""WI"", ""display_address"": [""2625 Packerland Dr"", ""Green Bay, WI 54313""]}, ""phone"": ""+19204905519"", ""display_phone"": ""(920) 490-5519"", ""distance"": 32120.262864311528}, {""id"": ""Ug-7jitngNvxD9HT9jQlYA"", ""alias"": ""old-29-cafe-pulaski"", ""name"": ""Old 29 Cafe"", ""image_url"": ""https://s3-media3.fl.yelpcdn.com/bphoto/t3JDDHIEzGk1eEA89q6ekw/o.jpg"", ""is_closed"": false, ""url"": ""https://www.yelp.com/biz/old-29-cafe-pulaski?adjust_creative=ULHW7ynqdXE8Z9Fnr4irFw&utm_campaign=yelp_api_v3&utm_medium=api_v3_business_search&utm_source=ULHW7ynqdXE8Z9Fnr4irFw"", ""review_count"": 4, ""categories"": [{""alias"": ""cafes"", ""title"": ""Cafes""}], ""rating"": 3.5, ""coordinates"": {""latitude"": 44.5887628999217, ""longitude"": -88.2161968994473}, ""transactions"": [], ""location"": {""address1"": ""5939 Old Wisconsin 29"", ""address2"": """", ""address3"": null, ""city"": ""Pulaski"", ""zip_code"": ""54162"", ""country"": ""US"", ""state"": ""WI"", ""display_address"": [""5939 Old Wisconsin 29"", ""Pulaski, WI 54162""]}, ""phone"": ""+19208652381"", ""display_phone"": ""(920) 865-2381"", ""distance"": 19210.79396234762}, {""id"": ""_5h664Pptknok2r6utDI4A"", ""alias"": ""the-creamery-downtown-green-bay-2"", ""name"": ""The Creamery Downtown"", ""image_url"": ""https://s3-media1.fl.yelpcdn.com/bphoto/TWpsHLpqLiFE_WZdjHTV9w/o.jpg"", ""is_closed"": false, ""url"": ""https://www.yelp.com/biz/the-creamery-downtown-green-bay-2?adjust_creative=ULHW7ynqdXE8Z9Fnr4irFw&utm_campaign=yelp_api_v3&utm_medium=api_v3_business_search&utm_source=ULHW7ynqdXE8Z9Fnr4irFw"", ""review_count"": 320, ""categories"": [{""alias"": ""cafes"", ""title"": ""Cafes""}, {""alias"": ""breakfast_brunch"", ""title"": ""Breakfast & Brunch""}], ""rating"": 4.0, ""coordinates"": {""latitude"": 44.51645769165145, ""longitude"": -88.01549104329935}, ""transactions"": [""pickup"", ""delivery""], ""price"": ""$$"", ""location"": {""address1"": ""114 Pine St"", ""address2"": """", ""address3"": null, ""city"": ""Green Bay"", ""zip_code"": ""54301"", ""country"": ""US"", ""state"": ""WI"", ""display_address"": [""114 Pine St"", ""Green Bay, WI 54301""]}, ""phone"": ""+19204898437"", ""display_phone"": ""(920) 489-8437"", ""distance"": 33200.202243444095}, {""id"": ""nGGvHp2LMsECTckfyy31EA"", ""alias"": ""leaps-and-bounds-caf\u00e9-ashwaubenon"", ""name"": ""Leaps & Bounds Caf\u00e9"", ""image_url"": ""https://s3-media1.fl.yelpcdn.com/bphoto/rZTgFh5SgxoE8r9AbvoU0A/o.jpg"", ""is_closed"": false, ""url"": ""https://www.yelp.com/biz/leaps-and-bounds-caf%C3%A9-ashwaubenon?adjust_creative=ULHW7ynqdXE8Z9Fnr4irFw&utm_campaign=yelp_api_v3&utm_medium=api_v3_business_search&utm_source=ULHW7ynqdXE8Z9Fnr4irFw"", ""review_count"": 13, ""categories"": [{""alias"": ""cafes"", ""title"": ""Cafes""}, {""alias"": ""wine_bars"", ""title"": ""Wine Bars""}, {""alias"": ""breakfast_brunch"", ""title"": ""Breakfast & Brunch""}], ""rating"": 3.5, ""coordinates"": {""latitude"": 44.5021143124359, ""longitude"": -88.0650005123032}, ""transactions"": [""delivery""], ""location"": {""address1"": ""1950 S Ridge Rd"", ""address2"": """", ""address3"": null, ""city"": ""Ashwaubenon"", ""zip_code"": ""54304"", ""country"": ""US"", ""state"": ""WI"", ""display_address"": [""1950 S Ridge Rd"", ""Ashwaubenon, WI 54304""]}, ""phone"": ""+19203274610"", ""display_phone"": ""(920) 327-4610"", ""distance"": 32462.904550638057}, {""id"": ""Z_EUnjAc_QFPa9TMBvgr3Q"", ""alias"": ""the-refinery-pulaski"", ""name"": ""The Refinery"", ""image_url"": ""https://s3-media4.fl.yelpcdn.com/bphoto/uyAwd0-yzzEnDAFC3oW1ZQ/o.jpg"", ""is_closed"": false, ""url"": ""https://www.yelp.com/biz/the-refinery-pulaski?adjust_creative=ULHW7ynqdXE8Z9Fnr4irFw&utm_campaign=yelp_api_v3&utm_medium=api_v3_business_search&utm_source=ULHW7ynqdXE8Z9Fnr4irFw"", ""review_count"": 1, ""categories"": [{""alias"": ""coffee"", ""title"": ""Coffee & Tea""}], ""rating"": 5.0, ""coordinates"": {""latitude"": 44.672537, ""longitude"": -88.2436215}, ""transactions"": [], ""location"": {""address1"": ""135 W Pulaski St"", ""address2"": """", ""address3"": null, ""city"": ""Pulaski"", ""zip_code"": ""54162"", ""country"": ""US"", ""state"": ""WI"", ""display_address"": [""135 W Pulaski St"", ""Pulaski, WI 54162""]}, ""phone"": ""+19208228479"", ""display_phone"": ""(920) 822-8479"", ""distance"": 9663.875597585713}], ""total"": 69, ""region"": {""center"": {""longitude"": -88.26107025146484, ""latitude"": 44.75855738140011}}}",application/json,true,none
test_1hv38rggr1zjo_getBusinesses,200,"{""businesses"": [], ""total"": 0, ""region"": {""center"": {""longitude"": -80.18414, ""latitude"": 46.398216}}}",application/json,true,none
test_1ib8s9s0mllk2_getBusinesses,400,"{""error"": {""code"": ""VALIDATION_ERROR"", ""description"": ""Please specify a location or a latitude and longitude""}}",application/json,true,none
test_1ibc1i7521dup_getBusinesses,200,"{""businesses"": [], ""total"": 0, ""region"": {""center"": {""longitude"": -97.99701, ""latitude"": 45.73339}}}",application/json,true,none
test_1ibjuz68w6ss7_getBusinesses,200,"{""businesses"": [], ""total"": 0, ""region"": {""center"": {""longitude"": 144.96734619140625, ""latitude"": -37.81787593178502}}}",application/json,true,none
test_1iemoee6zwj06_getBusinesses,400,"{""error"": {""code"": ""LOCATION_NOT_FOUND"", ""description"": ""Could not execute search, try specifying a more exact location.""}}",application/json,true,none
test_1iempyqwl6e79_getBusinesses,400,"{""error"": {""code"": ""VALIDATION_ERROR"", ""description"": ""Please specify a location or a latitude and longitude""}}",application/json,true,none
test_1iv4ah3x77lmh_getBusinesses,200,"{""businesses"": [{""id"": ""w32ZSjlEeuvFZMnZ8ops0A"", ""alias"": ""tkos-sports-bar-el-paso"", ""name"": ""Tko's Sports Bar"", ""image_url"": ""https://s3-media3.fl.yelpcdn.com/bphoto/4_PqjgqXsQsFolqKnGRVqg/o.jpg"", ""is_closed"": false, ""url"": ""https://www.yelp.com/biz/tkos-sports-bar-el-paso?adjust_creative=ULHW7ynqdXE8Z9Fnr4irFw&utm_campaign=yelp_api_v3&utm_medium=api_v3_business_search&utm_source=ULHW7ynqdXE8Z9Fnr4irFw"", ""review_count"": 4, ""categories"": [{""alias"": ""sportsbars"", ""title"": ""Sports Bars""}], ""rating"": 2.5, ""coordinates"": {""latitude"": 31.9041633605957, ""longitude"": -106.406455993652}, ""transactions"": [], ""price"": ""$"", ""location"": {""address1"": ""10108 McCombs St"", ""address2"": """", ""address3"": """", ""city"": ""El Paso"", ""zip_code"": ""79924"", ""country"": ""US"", ""state"": ""TX"", ""display_address"": [""10108 McCombs St"", ""El Paso, TX 79924""]}, ""phone"": ""+19157598365"", ""display_phone"": ""(915) 759-8365"", ""distance"": 28185.311256862635}, {""id"": ""-N9e8EssyqSdlOXV_1dVLA"", ""alias"": ""dennys-juarez-2"", ""name"": ""Denny's"", ""image_url"": ""https://s3-media1.fl.yelpcdn.com/bphoto/b0ZZal77HTEWOma_FbSgAQ/o.jpg"", ""is_closed"": false, ""url"": ""https://www.yelp.com/biz/dennys-juarez-2?adjust_creative=ULHW7ynqdXE8Z9Fnr4irFw&utm_campaign=yelp_api_v3&utm_medium=api_v3_business_search&utm_source=ULHW7ynqdXE8Z9Fnr4irFw"", ""review_count"": 4, ""categories"": [{""alias"": ""diners"", ""title"": ""Diners""}, {""alias"": ""breakfast_brunch"", ""title"": ""Breakfast & Brunch""}, {""alias"": ""tradamerican"", ""title"": ""American (Traditional)""}], ""rating"": 4.0, ""coordinates"": {""latitude"": 31.67039, ""longitude"": -106.4255}, ""transactions"": [], ""price"": ""$"", ""location"": {""address1"": ""Av Tecnologico"", ""address2"": null, ""address3"": null, ""city"": ""Juarez"", ""zip_code"": ""32460"", ""country"": ""MX"", ""state"": ""CHH"", ""display_address"": [""Av Tecnologico"", ""32460 Juarez, Chihuahua"", ""Mexico""]}, ""phone"": ""+16566183543"", ""display_phone"": ""+1 656-618-3543"", ""distance"": 2631.2694732240216}, {""id"": ""JeCDIL7bWYpt-RevSjccEw"", ""alias"": ""arbys-el-paso-4"", ""name"": ""Arby's"", ""image_url"": ""https://s3-media2.fl.yelpcdn.com/bphoto/3Ms2lBCE2iPKx7dgxIllxg/o.jpg"", ""is_closed"": false, ""url"": ""https://www.yelp.com/biz/arbys-el-paso-4?adjust_creative=ULHW7ynqdXE8Z9Fnr4irFw&utm_campaign=yelp_api_v3&utm_medium=api_v3_business_search&utm_source=ULHW7ynqdXE8Z9Fnr4irFw"", ""review_count"": 4, ""categories"": [{""alias"": ""hotdogs"", ""title"": ""Fast Food""}, {""alias"": ""sandwiches"", ""title"": ""Sandwiches""}], ""rating"": 3.0, ""coordinates"": {""latitude"": 31.88499, ""longitude"": -106.41858}, ""transactions"": [""pickup"", ""delivery""], ""price"": ""$"", ""location"": {""address1"": ""9575 Dyer St"", ""address2"": """", ""address3"": """", ""city"": ""El Paso"", ""zip_code"": ""79924"", ""country"": ""US"", ""state"": ""TX"", ""display_address"": [""9575 Dyer St"", ""El Paso, TX 79924""]}, ""phone"": ""+19157570361"", ""display_phone"": ""(915) 757-0361"", ""distance"": 25933.412476348974}, {""id"": ""f2cxkyeIrRCMCEsxyNRssQ"", ""alias"": ""subway-socorro-6"", ""name"": ""Subway"", ""image_url"": ""https://s3-media1.fl.yelpcdn.com/bphoto/U_BL2QHG8S55lIokEpoGbA/o.jpg"", ""is_closed"": false, ""url"": ""https://www.yelp.com/biz/subway-socorro-6?adjust_creative=ULHW7ynqdXE8Z9Fnr4irFw&utm_campaign=yelp_api_v3&utm_medium=api_v3_business_search&utm_source=ULHW7ynqdXE8Z9Fnr4irFw"", ""review_count"": 4, ""categories"": [{""alias"": ""sandwiches"", ""title"": ""Sandwiches""}, {""alias"": ""hotdogs"", ""title"": ""Fast Food""}], ""rating"": 3.0, ""coordinates"": {""latitude"": 31.6175819628015, ""longitude"": -106.285384298246}, ""transactions"": [""pickup"", ""delivery""], ""price"": ""$"", ""location"": {""address1"": ""11400 Socorro Rd"", ""address2"": """", ""address3"": """", ""city"": ""Socorro"", ""zip_code"": ""79927"", ""country"": ""US"", ""state"": ""TX"", ""display_address"": [""11400 Socorro Rd"", ""Socorro, TX 79927""]}, ""phone"": ""+19152335355"", ""display_phone"": ""(915) 233-5355"", ""distance"": 16014.1755341001}, {""id"": ""Day6EEUepSY3a6PWiDp_qg"", ""alias"": ""peter-piper-pizza-el-paso-9"", ""name"": ""Peter Piper Pizza"", ""image_url"": ""https://s3-media2.fl.yelpcdn.com/bphoto/O2RXAMif1EF16fV0wPstjA/o.jpg"", ""is_closed"": false, ""url"": ""https://www.yelp.com/biz/peter-piper-pizza-el-paso-9?adjust_creative=ULHW7ynqdXE8Z9Fnr4irFw&utm_campaign=yelp_api_v3&utm_medium=api_v3_business_search&utm_source=ULHW7ynqdXE8Z9Fnr4irFw"", ""review_count"": 4, ""categories"": [{""alias"": ""pizza"", ""title"": ""Pizza""}], ""rating"": 4.0, ""coordinates"": {""latitude"": 31.831325, ""longitude"": -106.529945}, ""transactions"": [], ""price"": ""$"", ""location"": {""address1"": ""6015 N Mesa St"", ""address2"": """", ""address3"": """", ""city"": ""El Paso"", ""zip_code"": ""79912"", ""country"": ""US"", ""state"": ""TX"", ""display_address"": [""6015 N Mesa St"", ""El Paso, TX 79912""]}, ""phone"": ""+19155814423"", ""display_phone"": ""(915) 581-4423"", ""distance"": 21222.982537799282}, {""id"": ""vv5c8qK29cZRgOvj6NE7yA"", ""alias"": ""subway-el-paso-82"", ""name"": ""Subway"", ""image_url"": ""https://s3-media2.fl.yelpcdn.com/bphoto/QIinWEg_4uqtwbZ2jafA5Q/o.jpg"", ""is_closed"": false, ""url"": ""https://www.yelp.com/biz/subway-el-paso-82?adjust_creative=ULHW7ynqdXE8Z9Fnr4irFw&utm_campaign=yelp_api_v3&utm_medium=api_v3_business_search&utm_source=ULHW7ynqdXE8Z9Fnr4irFw"", ""review_count"": 4, ""categories"": [{""alias"": ""sandwiches"", ""title"": ""Sandwiches""}], ""rating"": 1.0, ""coordinates"": {""latitude"": 31.7257148085787, ""longitude"": -106.258134732205}, ""transactions"": [""pickup"", ""delivery""], ""price"": ""$"", ""location"": {""address1"": ""12500 Pellicano"", ""address2"": ""Ste A"", ""address3"": null, ""city"": ""El Paso"", ""zip_code"": ""79928"", ""country"": ""US"", ""state"": ""TX"", ""display_address"": [""12500 Pellicano"", ""Ste A"", ""El Paso, TX 79928""]}, ""phone"": ""+19158581078"", ""display_phone"": ""(915) 858-1078"", ""distance"": 19800.808909604704}, {""id"": ""kdL3RqMipCxS1Z6netRGOw"", ""alias"": ""baskin-robbins-el-paso-13"", ""name"": ""Baskin-Robbins"", ""image_url"": ""https://s3-media1.fl.yelpcdn.com/bphoto/S2vAPSTLOeckoDY8NhRM3Q/o.jpg"", ""is_closed"": false, ""url"": ""https://www.yelp.com/biz/baskin-robbins-el-paso-13?adjust_creative=ULHW7ynqdXE8Z9Fnr4irFw&utm_campaign=yelp_api_v3&utm_medium=api_v3_business_search&utm_source=ULHW7ynqdXE8Z9Fnr4irFw"", ""review_count"": 4, ""categories"": [{""alias"": ""icecream"", ""title"": ""Ice Cream & Frozen Yogurt""}], ""rating"": 4.0, ""coordinates"": {""latitude"": 31.773835, ""longitude"": -106.371856}, ""transactions"": [""delivery""], ""price"": ""$"", ""location"": {""address1"": ""8900 Viscount Blvd"", ""address2"": ""Ste DB"", ""address3"": null, ""city"": ""El Paso"", ""zip_code"": ""79925"", ""country"": ""US"", ""state"": ""TX"", ""display_address"": [""8900 Viscount Blvd"", ""Ste DB"", ""El Paso, TX 79925""]}, ""phone"": ""+19155923131"", ""display_phone"": ""(915) 592-3131"", ""distance"": 15281.472609301993}, {""id"": ""KIOZpWENg-4igbL5C5o3qw"", ""alias"": ""wienerschnitzel-el-paso-6"", ""name"": ""Wienerschnitzel"", ""image_url"": ""https://s3-media3.fl.yelpcdn.com/bphoto/GaLGz6Ano0-11TK5vGyexA/o.jpg"", ""is_closed"": false, ""url"": ""https://www.yelp.com/biz/wienerschnitzel-el-paso-6?adjust_creative=ULHW7ynqdXE8Z9Fnr4irFw&utm_campaign=yelp_api_v3&utm_medium=api_v3_business_search&utm_source=ULHW7ynqdXE8Z9Fnr4irFw"", ""review_count"": 4, ""categories"": [{""alias"": ""hotdog"", ""title"": ""Hot Dogs""}, {""alias"": ""hotdogs"", ""title"": ""Fast Food""}, {""alias"": ""sandwiches"", ""title"": ""Sandwiches""}], ""rating"": 4.0, ""coordinates"": {""latitude"": 31.73584265941408, ""longitude"": -106.29407068835397}, ""transactions"": [""pickup"", ""delivery""], ""price"": ""$"", ""location"": {""address1"": ""1441 North Zaragosa Rd"", ""address2"": null, ""address3"": null, ""city"": ""El Paso"", ""zip_code"": ""79938"", ""country"": ""US"", ""state"": ""TX"", ""display_address"": [""1441 North Zaragosa Rd"", ""El Paso, TX 79938""]}, ""phone"": ""+19158494800"", ""display_phone"": ""(915) 849-4800"", ""distance"": 17321.914364147757}, {""id"": ""7Fx2jq1hD3PS1_nzx8Es-w"", ""alias"": ""los-jarrones-bakery-el-paso"", ""name"": ""Los Jarrones Bakery"", ""image_url"": """", ""is_closed"": false, ""url"": ""https://www.yelp.com/biz/los-jarrones-bakery-el-paso?adjust_creative=ULHW7ynqdXE8Z9Fnr4irFw&utm_campaign=yelp_api_v3&utm_medium=api_v3_business_search&utm_source=ULHW7ynqdXE8Z9Fnr4irFw"", ""review_count"": 4, ""categories"": [{""alias"": ""bakeries"", ""title"": ""Bakeries""}], ""rating"": 3.0, ""coordinates"": {""latitude"": 31.860069, ""longitude"": -106.585987}, ""transactions"": [], ""price"": ""$"", ""location"": {""address1"": ""120 E Redd Rd"", ""address2"": ""Ste G"", ""address3"": null, ""city"": ""El Paso"", ""zip_code"": ""79932"", ""country"": ""US"", ""state"": ""TX"", ""display_address"": [""120 E Redd Rd"", ""Ste G"", ""El Paso, TX 79932""]}, ""phone"": ""+19155879990"", ""display_phone"": ""(915) 587-9990"", ""distance"": 26383.903712035884}, {""id"": ""t3N-6PPG7QVxHjtCAaIDqA"", ""alias"": ""arbys-roast-beef-sandwich-el-paso-7"", ""name"": ""Arby's Roast Beef Sandwich"", ""image_url"": ""https://s3-media2.fl.yelpcdn.com/bphoto/jz-Ydw1I-3EW35PSN9rg3A/o.jpg"", ""is_closed"": false, ""url"": ""https://www.yelp.com/biz/arbys-roast-beef-sandwich-el-paso-7?adjust_creative=ULHW7ynqdXE8Z9Fnr4irFw&utm_campaign=yelp_api_v3&utm_medium=api_v3_business_search&utm_source=ULHW7ynqdXE8Z9Fnr4irFw"", ""review_count"": 4, ""categories"": [{""alias"": ""sandwiches"", ""title"": ""Sandwiches""}, {""alias"": ""hotdogs"", ""title"": ""Fast Food""}], ""rating"": 3.0, ""coordinates"": {""latitude"": 31.772974, ""longitude"": -106.375084}, ""transactions"": [], ""price"": ""$"", ""location"": {""address1"": ""1140 Hawkins Blvd"", ""address2"": null, ""address3"": null, ""city"": ""El Paso"", ""zip_code"": ""79925"", ""country"": ""US"", ""state"": ""TX"", ""display_address"": [""1140 Hawkins Blvd"", ""El Paso, TX 79925""]}, ""phone"": ""+19155992247"", ""display_phone"": ""(915) 599-2247"", ""distance"": 15052.762900547026}, {""id"": ""mPmdkey2NK0FH3RW5aJG2A"", ""alias"": ""taco-bell-el-paso-14"", ""name"": ""Taco Bell"", ""image_url"": ""https://s3-media2.fl.yelpcdn.com/bphoto/nNvjZbDs6Uq7UZ55S0ym8Q/o.jpg"", ""is_closed"": false, ""url"": ""https://www.yelp.com/biz/taco-bell-el-paso-14?adjust_creative=ULHW7ynqdXE8Z9Fnr4irFw&utm_campaign=yelp_api_v3&utm_medium=api_v3_business_search&utm_source=ULHW7ynqdXE8Z9Fnr4irFw"", ""review_count"": 4, ""categories"": [{""alias"": ""mexican"", ""title"": ""Mexican""}, {""alias"": ""hotdogs"", ""title"": ""Fast Food""}], ""rating"": 1.5, ""coordinates"": {""latitude"": 31.7059, ""longitude"": -106.3187}, ""transactions"": [""delivery""], ""price"": ""$"", ""location"": {""address1"": ""8830 North Loop Dr."", ""address2"": """", ""address3"": """", ""city"": ""El Paso"", ""zip_code"": ""79907"", ""country"": ""US"", ""state"": ""TX"", ""display_address"": [""8830 North Loop Dr."", ""El Paso, TX 79907""]}, ""phone"": ""+19152361647"", ""display_phone"": ""(915) 236-1647"", ""distance"": 13674.686650275537}, {""id"": ""ek5cnE2Whicb57eNeOgxTg"", ""alias"": ""peter-piper-pizza-el-paso-4"", ""name"": ""Peter Piper Pizza"", ""image_url"": ""https://s3-media2.fl.yelpcdn.com/bphoto/_Esp25Oo61HsW32hEiu_AA/o.jpg"", ""is_closed"": false, ""url"": ""https://www.yelp.com/biz/peter-piper-pizza-el-paso-4?adjust_creative=ULHW7ynqdXE8Z9Fnr4irFw&utm_campaign=yelp_api_v3&utm_medium=api_v3_business_search&utm_source=ULHW7ynqdXE8Z9Fnr4irFw"", ""review_count"": 4, ""categories"": [{""alias"": ""pizza"", ""title"": ""Pizza""}], ""rating"": 3.0, ""coordinates"": {""latitude"": 31.755395, ""longitude"": -106.344347}, ""transactions"": [], ""price"": ""$"", ""location"": {""address1"": ""Yarbrough & I 10"", ""address2"": """", ""address3"": """", ""city"": ""El Paso"", ""zip_code"": ""79901"", ""country"": ""US"", ""state"": ""TX"", ""display_address"": [""Yarbrough & I 10"", ""El Paso, TX 79901""]}, ""phone"": ""+19155933198"", ""display_phone"": ""(915) 593-3198"", ""distance"": 15087.444367526685}, {""id"": ""hQq5nAckeP9eQwJjq8Ilfw"", ""alias"": ""little-caesars-san-elizario"", ""name"": ""Little Caesars"", ""image_url"": ""https://s3-media2.fl.yelpcdn.com/bphoto/2GGkzoq2PpiYLUKI_KfVUw/o.jpg"", ""is_closed"": false, ""url"": ""https://www.yelp.com/biz/little-caesars-san-elizario?adjust_creative=ULHW7ynqdXE8Z9Fnr4irFw&utm_campaign=yelp_api_v3&utm_medium=api_v3_business_search&utm_source=ULHW7ynqdXE8Z9Fnr4irFw"", ""review_count"": 4, ""categories"": [{""alias"": ""pizza"", ""title"": ""Pizza""}], ""rating"": 2.5, ""coordinates"": {""latitude"": 31.59775, ""longitude"": -106.27428}, ""transactions"": [], ""price"": ""$"", ""location"": {""address1"": ""12040 Socorro Rd"", ""address2"": null, ""address3"": null, ""city"": ""San Elizario"", ""zip_code"": ""79849"", ""country"": ""US"", ""state"": ""TX"", ""display_address"": [""12040 Socorro Rd"", ""San Elizario, TX 79849""]}, ""phone"": ""+19158519999"", ""display_phone"": ""(915) 851-9999"", ""distance"": 17697.446485048164}, {""id"": ""YskRY0KC-Z0DuTxniNI3TQ"", ""alias"": ""dairy-queen-el-paso-4"", ""name"": ""Dairy Queen"", ""image_url"": ""https://s3-media2.fl.yelpcdn.com/bphoto/rFWb5pV-sDYwY_GrqT-eWQ/o.jpg"", ""is_closed"": false, ""url"": ""https://www.yelp.com/biz/dairy-queen-el-paso-4?adjust_creative=ULHW7ynqdXE8Z9Fnr4irFw&utm_campaign=yelp_api_v3&utm_medium=api_v3_business_search&utm_source=ULHW7ynqdXE8Z9Fnr4irFw"", ""review_count"": 4, ""categories"": [{""alias"": ""icecream"", ""title"": ""Ice Cream & Frozen Yogurt""}, {""alias"": ""burgers"", ""title"": ""Burgers""}, {""alias"": ""hotdogs"", ""title"": ""Fast Food""}], ""rating"": 4.0, ""coordinates"": {""latitude"": 31.738519, ""longitude"": -106.346206}, ""transactions"": [""pickup"", ""delivery""], ""price"": ""$"", ""location"": {""address1"": ""595 N Yarbrough Dr"", ""address2"": """", ""address3"": """", ""city"": ""El Paso"", ""zip_code"": ""79915"", ""country"": ""US"", ""state"": ""TX"", ""display_address"": [""595 N Yarbrough Dr"", ""El Paso, TX 79915""]}, ""phone"": ""+19155920722"", ""display_phone"": ""(915) 592-0722"", ""distance"": 13603.961049034655}, {""id"": ""KAR1Rmabh5xe0JTFmCgTwg"", ""alias"": ""little-caesars-pizza-el-paso-10"", ""name"": ""Little Caesars Pizza"", ""image_url"": ""https://s3-media3.fl.yelpcdn.com/bphoto/Tn_Atso8yE1O-RBabb3wQw/o.jpg"", ""is_closed"": false, ""url"": ""https://www.yelp.com/biz/little-caesars-pizza-el-paso-10?adjust_creative=ULHW7ynqdXE8Z9Fnr4irFw&utm_campaign=yelp_api_v3&utm_medium=api_v3_business_search&utm_source=ULHW7ynqdXE8Z9Fnr4irFw"", ""review_count"": 4, ""categories"": [{""alias"": ""pizza"", ""title"": ""Pizza""}], ""rating"": 2.0, ""coordinates"": {""latitude"": 31.9038401916233, ""longitude"": -106.421993174119}, ""transactions"": [], ""price"": ""$"", ""location"": {""address1"": ""10109 Rushing Rd"", ""address2"": """", ""address3"": """", ""city"": ""El Paso"", ""zip_code"": ""79924"", ""country"": ""US"", ""state"": ""TX"", ""display_address"": [""10109 Rushing Rd"", ""El Paso, TX 79924""]}, ""phone"": ""+19157552509"", ""display_phone"": ""(915) 755-2509"", ""distance"": 27987.215232024086}, {""id"": ""O85iBzD5naCGBtemmfi3BQ"", ""alias"": ""subway-el-paso-118"", ""name"": ""Subway"", ""image_url"": ""https://s3-media1.fl.yelpcdn.com/bphoto/l2HaR4V0pweBTpThLWfMew/o.jpg"", ""is_closed"": false, ""url"": ""https://www.yelp.com/biz/subway-el-paso-118?adjust_creative=ULHW7ynqdXE8Z9Fnr4irFw&utm_campaign=yelp_api_v3&utm_medium=api_v3_business_search&utm_source=ULHW7ynqdXE8Z9Fnr4irFw"", ""review_count"": 4, ""categories"": [{""alias"": ""sandwiches"", ""title"": ""Sandwiches""}], ""rating"": 2.5, ""coordinates"": {""latitude"": 31.7602805, ""longitude"": -106.2642405}, ""transactions"": [""pickup"", ""delivery""], ""price"": ""$"", ""location"": {""address1"": ""12210 Montwood Dr"", ""address2"": ""Ste 102"", ""address3"": null, ""city"": ""El Paso"", ""zip_code"": ""79936"", ""country"": ""US"", ""state"": ""TX"", ""display_address"": [""12210 Montwood Dr"", ""Ste 102"", ""El Paso, TX 79936""]}, ""phone"": ""+19158577450"", ""display_phone"": ""(915) 857-7450"", ""distance"": 21169.249001427852}, {""id"": ""STyF8pxqzwr5GPtjeomadQ"", ""alias"": ""little-caesars-pizza-el-paso-21"", ""name"": ""Little Caesars Pizza"", ""image_url"": """", ""is_closed"": false, ""url"": ""https://www.yelp.com/biz/little-caesars-pizza-el-paso-21?adjust_creative=ULHW7ynqdXE8Z9Fnr4irFw&utm_campaign=yelp_api_v3&utm_medium=api_v3_business_search&utm_source=ULHW7ynqdXE8Z9Fnr4irFw"", ""review_count"": 4, ""categories"": [{""alias"": ""pizza"", ""title"": ""Pizza""}], ""rating"": 2.5, ""coordinates"": {""latitude"": 31.648997420747737, ""longitude"": -106.27800536441778}, ""transactions"": [], ""price"": ""$"", ""location"": {""address1"": ""110 Horizon Blvd"", ""address2"": """", ""address3"": """", ""city"": ""EL Paso"", ""zip_code"": ""79927"", ""country"": ""US"", ""state"": ""TX"", ""display_address"": [""110 Horizon Blvd"", ""EL Paso, TX 79927""]}, ""phone"": ""+19158602137"", ""display_phone"": ""(915) 860-2137"", ""distance"": 16218.866285648954}, {""id"": ""v8UyxMuGU9VzPzKEtogGUg"", ""alias"": ""cinnabon-el-paso"", ""name"": ""Cinnabon"", ""image_url"": ""https://s3-media3.fl.yelpcdn.com/bphoto/LnjavS4vl8Fuol1zyM3mgw/o.jpg"", ""is_closed"": false, ""url"": ""https://www.yelp.com/biz/cinnabon-el-paso?adjust_creative=ULHW7ynqdXE8Z9Fnr4irFw&utm_campaign=yelp_api_v3&utm_medium=api_v3_business_search&utm_source=ULHW7ynqdXE8Z9Fnr4irFw"", ""review_count"": 4, ""categories"": [{""alias"": ""bakeries"", ""title"": ""Bakeries""}], ""rating"": 4.5, ""coordinates"": {""latitude"": 31.7737223, ""longitude"": -106.3810264}, ""transactions"": [""delivery""], ""price"": ""$"", ""location"": {""address1"": ""8401 Gateway Blvd W"", ""address2"": """", ""address3"": null, ""city"": ""El Paso"", ""zip_code"": ""79925"", ""country"": ""US"", ""state"": ""TX"", ""display_address"": [""8401 Gateway Blvd W"", ""El Paso, TX 79925""]}, ""phone"": ""+19157720145"", ""display_phone"": ""(915) 772-0145"", ""distance"": 14873.942085958091}, {""id"": ""KfJo6i8EUlL9aMsKhq-KnQ"", ""alias"": ""big-boy-concessions-el-paso"", ""name"": ""Big Boy Concessions"", ""image_url"": ""https://s3-media3.fl.yelpcdn.com/bphoto/tNoAa5kITeKM0LRMeadxoQ/o.jpg"", ""is_closed"": false, ""url"": ""https://www.yelp.com/biz/big-boy-concessions-el-paso?adjust_creative=ULHW7ynqdXE8Z9Fnr4irFw&utm_campaign=yelp_api_v3&utm_medium=api_v3_business_search&utm_source=ULHW7ynqdXE8Z9Fnr4irFw"", ""review_count"": 4, ""categories"": [{""alias"": ""icecream"", ""title"": ""Ice Cream & Frozen Yogurt""}], ""rating"": 4.5, ""coordinates"": {""latitude"": 31.77236, ""longitude"": -106.46313}, ""transactions"": [], ""price"": ""$"", ""location"": {""address1"": ""2309 Bassett Ave"", ""address2"": """", ""address3"": """", ""city"": ""El Paso"", ""zip_code"": ""79901"", ""country"": ""US"", ""state"": ""TX"", ""display_address"": [""2309 Bassett Ave"", ""El Paso, TX 79901""]}, ""phone"": ""+19155327534"", ""display_phone"": ""(915) 532-7534"", ""distance"": 13311.991696506291}, {""id"": ""HGojLvTaYkWYa5t3frhfJA"", ""alias"": ""mcdonalds-el-paso-30"", ""name"": ""McDonald's"", ""image_url"": ""https://s3-media4.fl.yelpcdn.com/bphoto/yePXFyCBIongE1ROJ6xwOg/o.jpg"", ""is_closed"": false, ""url"": ""https://www.yelp.com/biz/mcdonalds-el-paso-30?adjust_creative=ULHW7ynqdXE8Z9Fnr4irFw&utm_campaign=yelp_api_v3&utm_medium=api_v3_business_search&utm_source=ULHW7ynqdXE8Z9Fnr4irFw"", ""review_count"": 4, ""categories"": [{""alias"": ""burgers"", ""title"": ""Burgers""}, {""alias"": ""hotdogs"", ""title"": ""Fast Food""}, {""alias"": ""coffee"", ""title"": ""Coffee & Tea""}], ""rating"": 2.0, ""coordinates"": {""latitude"": 31.70016, ""longitude"": -106.3394}, ""transactions"": [""delivery""], ""price"": ""$"", ""location"": {""address1"": ""8675 Alameda Ave"", ""address2"": """", ""address3"": """", ""city"": ""El Paso"", ""zip_code"": ""79907"", ""country"": ""US"", ""state"": ""TX"", ""display_address"": [""8675 Alameda Ave"", ""El Paso, TX 79907""]}, ""phone"": ""+19158599108"", ""display_phone"": ""(915) 859-9108"", ""distance"": 11635.221350637066}], ""total"": 882, ""region"": {""center"": {""longitude"": -106.44927978515625, ""latitude"": 31.653215982221013}}}",application/json,true,none
test_1jelgz3zi3kfk_getBusinesses,400,"{""error"": {""code"": ""VALIDATION_ERROR"", ""description"": ""Please specify a location or a latitude and longitude""}}",application/json,true,none
test_1ji7rxmd7miih_getBusinesses,200,"{""businesses"": [], ""total"": 0, ""region"": {""center"": {""longitude"": -101.89728, ""latitude"": 36.030087}}}",application/json,true,none
test_1jicrm0zzhhkh_getBusinesses,400,"{""error"": {""code"": ""VALIDATION_ERROR"", ""description"": ""Please specify a location or a latitude and longitude""}}",application/json,true,none
test_1jxzxq54nj1pe_getBusinesses,200,"{""businesses"": [], ""total"": 0, ""region"": {""center"": {""longitude"": -73.97918701171875, ""latitude"": 40.706977710584276}}}",application/json,true,none
test_1jylj9izdh646_getBusinesses,200,"{""businesses"": [], ""total"": 0, ""region"": {""center"": {""longitude"": -100.92767, ""latitude"": 45.89331}}}",application/json,true,none
test_1jyodd99m1cv7_getBusinesses,400,"{""error"": {""code"": ""VALIDATION_ERROR"", ""description"": ""Please specify a location or a latitude and longitude""}}",application/json,true,none
test_qdssxpy06hpv_getBusinesses,200,"{""businesses"": [], ""total"": 0, ""region"": {""center"": {""longitude"": 2.3421478271484375, ""latitude"": 48.86195860677958}}}",application/json,true,none
test_qdychr3xhp2v_getBusinesses,400,"{""error"": {""code"": ""VALIDATION_ERROR"", ""description"": ""Too many results requested, limit+offset must be <= 1000.""}}",application/json,true,none
test_qeevp8u3suuw_getBusinesses,200,"{""businesses"": [], ""total"": 0, ""region"": {""center"": {""longitude"": -93.60079, ""latitude"": 41.166}}}",application/json,true,none
test_qxtba0q3o4mb_getBusinesses,400,"{""error"": {""code"": ""VALIDATION_ERROR"", ""description"": ""The open_at provided is too long ago, the timestamp must be within the last two weeks.""}}",application/json,true,none
test_qxze8p37eipk_getBusinesses,400,"{""error"": {""code"": ""OPEN_AT_AND_NOW_PROVIDED"", ""description"": ""You must specify either open_at or open_now, not both.""}}",application/json,true,none
test_r1ajufpibu5g_getBusinesses,400,"{""error"": {""code"": ""LOCATION_NOT_FOUND"", ""description"": ""Could not execute search, try specifying a more exact location.""}}",application/json,true,none
test_r1akmbm2xhrk_getBusinesses,200,"{""businesses"": [], ""total"": 0, ""region"": {""center"": {""longitude"": -122.43644714355469, ""latitude"": 37.76089938976322}}}",application/json,true,none
test_r1dc06pv94qc_getBusinesses,400,"{""error"": {""code"": ""VALIDATION_ERROR"", ""description"": ""Too many results requested, limit+offset must be <= 1000.""}}",application/json,true,none
test_rh4zs5oprtd1_getBusinesses,200,"{""businesses"": [], ""total"": 0, ""region"": {""center"": {""longitude"": -105.96038818359375, ""latitude"": 35.665062782072155}}}",application/json,true,none
test_rhb1npmin4mv_getBusinesses,200,"{""businesses"": [], ""total"": 0, ""region"": {""center"": {""longitude"": -104.43955, ""latitude"": 46.60103}}}",application/json,true,none
test_rhog8gixtnaw_getBusinesses,400,"{""error"": {""code"": ""VALIDATION_ERROR"", ""description"": ""Please specify a location or a latitude and longitude""}}",application/json,true,none
test_rl54x50ahmjm_getBusinesses,200,"{""businesses"": [], ""total"": 0, ""region"": {""center"": {""longitude"": -73.97918701171875, ""latitude"": 40.706977710584276}}}",application/json,true,none
test_s4xg2vhv9839_getBusinesses,200,"{""businesses"": [], ""total"": 0, ""region"": {""center"": {""longitude"": -118.491905, ""latitude"": 44.252655}}}",application/json,true,none
test_s4xvnxwp4ggx_getBusinesses,200,"{""businesses"": [], ""total"": 2, ""region"": {""center"": {""longitude"": -73.97918701171875, ""latitude"": 40.706977710584276}}}",application/json,true,none
test_skpjijkh8g1l_getBusinesses,200,"{""businesses"": [], ""total"": 24, ""region"": {""center"": {""longitude"": -98.59833, ""latitude"": 45.203186}}}",application/json,true,none
test_sksdp8r97z37_getBusinesses,200,"{""businesses"": [], ""total"": 0, ""region"": {""center"": {""longitude"": -84.883896, ""latitude"": 41.99418}}}",application/json,true,none
test_sl6664doy0qd_getBusinesses,400,"{""error"": {""code"": ""VALIDATION_ERROR"", ""description"": ""Please specify a location or a latitude and longitude""}}",application/json,true,none
test_sohbrnfkf778_getBusinesses,400,"{""error"": {""code"": ""VALIDATION_ERROR"", ""description"": ""Please specify a location or a latitude and longitude""}}",application/json,true,none
test_sokn0wsoabzr_getBusinesses,400,"{""error"": {""code"": ""VALIDATION_ERROR"", ""description"": ""The open_at provided is too long ago, the timestamp must be within the last two weeks.""}}",application/json,true,none
test_t4q3szvvc6k4_getBusinesses,200,"{""businesses"": [{""id"": ""ZFJaRC3fILG3IqxHCSJaWQ"", ""alias"": ""\u5927\u6c5f\u6238-\u4e2d\u592e\u533a-2"", ""name"": ""Ooedo"", ""image_url"": ""https://s3-media3.fl.yelpcdn.com/bphoto/eMY0jiww5duuJrsa2uFfYA/o.jpg"", ""is_closed"": false, ""url"": ""https://www.yelp.com/biz/%E5%A4%A7%E6%B1%9F%E6%88%B8-%E4%B8%AD%E5%A4%AE%E5%8C%BA-2?adjust_creative=ULHW7ynqdXE8Z9Fnr4irFw&utm_campaign=yelp_api_v3&utm_medium=api_v3_business_search&utm_source=ULHW7ynqdXE8Z9Fnr4irFw"", ""review_count"": 9, ""categories"": [{""alias"": ""unagi"", ""title"": ""Unagi""}], ""rating"": 4.5, ""coordinates"": {""latitude"": 35.6898944, ""longitude"": 139.7750587}, ""transactions"": [], ""price"": ""\uffe5"", ""location"": {""address1"": ""\u65e5\u672c\u6a4b\u672c\u753a4-7-10"", ""address2"": null, ""address3"": null, ""city"": ""Ch\u016b\u014d"", ""zip_code"": ""103-0023"", ""country"": ""JP"", ""state"": ""13"", ""display_address"": [""\u65e5\u672c\u6a4b\u672c\u753a4-7-10"", ""Ch\u016b\u014d, \u6771\u4eac\u90fd \u3012103-0023"", ""Japan""]}, ""phone"": ""+81332413838"", ""display_phone"": ""+81 3-3241-3838"", ""distance"": 930.3845947246936}, {""id"": ""VWLzouhRgjl_WS5wkZsZLg"", ""alias"": ""\u540d\u4ee3-\u5bcc\u58eb\u305d\u3070-\u795e\u7530\u5e97-\u5343\u4ee3\u7530\u533a"", ""name"": ""Nadai Fujisoba Kanda"", ""image_url"": ""https://s3-media4.fl.yelpcdn.com/bphoto/xdd96syb798bO4gp5rp6vw/o.jpg"", ""is_closed"": false, ""url"": ""https://www.yelp.com/biz/%E5%90%8D%E4%BB%A3-%E5%AF%8C%E5%A3%AB%E3%81%9D%E3%81%B0-%E7%A5%9E%E7%94%B0%E5%BA%97-%E5%8D%83%E4%BB%A3%E7%94%B0%E5%8C%BA?adjust_creative=ULHW7ynqdXE8Z9Fnr4irFw&utm_campaign=yelp_api_v3&utm_medium=api_v3_business_search&utm_source=ULHW7ynqdXE8Z9Fnr4irFw"", ""review_count"": 2, ""categories"": [{""alias"": ""udon"", ""title"": ""Udon""}, {""alias"": ""donburi"", ""title"": ""Donburi""}, {""alias"": ""soba"", ""title"": ""Soba""}], ""rating"": 4.0, ""coordinates"": {""latitude"": 35.692659, ""longitude"": 139.7709247}, ""transactions"": [], ""price"": ""\uffe5"", ""location"": {""address1"": ""\u5185\u795e\u75303-20-1"", ""address2"": """", ""address3"": """", ""city"": ""Chiyoda"", ""zip_code"": ""101-0047"", ""country"": ""JP"", ""state"": ""13"", ""display_address"": [""\u5185\u795e\u75303-20-1"", ""Chiyoda, \u6771\u4eac\u90fd \u3012101-0047"", ""Japan""]}, ""phone"": ""+81366860107"", ""display_phone"": ""+81 3-6686-0107"", ""distance"": 932.287408510891}, {""id"": ""hhj4DqdyIzbycY7hedbDww"", ""alias"": ""\u9ce5\u3088\u3057-\u9280\u5ea7\u5e97-\u4e2d\u592e\u533a"", ""name"": ""Toriyoshi Ginza"", ""image_url"": ""https://s3-media4.fl.yelpcdn.com/bphoto/18y1Q9rayjpQmCAQpZImfQ/o.jpg"", ""is_closed"": false, ""url"": ""https://www.yelp.com/biz/%E9%B3%A5%E3%82%88%E3%81%97-%E9%8A%80%E5%BA%A7%E5%BA%97-%E4%B8%AD%E5%A4%AE%E5%8C%BA?adjust_creative=ULHW7ynqdXE8Z9Fnr4irFw&utm_campaign=yelp_api_v3&utm_medium=api_v3_business_search&utm_source=ULHW7ynqdXE8Z9Fnr4irFw"", ""review_count"": 2, ""categories"": [{""alias"": ""yakitori"", ""title"": ""Yakitori""}], ""rating"": 5.0, ""coordinates"": {""latitude"": 35.6765720260252, ""longitude"": 139.766534357898}, ""transactions"": [], ""price"": ""\uffe5"", ""location"": {""address1"": ""\u9280\u5ea77-2"", ""address2"": ""\u9280\u5ea7\u30b3\u30ea\u30c9\u30fc \u8857 1F"", ""address3"": null, ""city"": ""Ch\u016b\u014d"", ""zip_code"": ""104-0061"", ""country"": ""JP"", ""state"": ""13"", ""display_address"": [""\u9280\u5ea77-2"", ""\u9280\u5ea7\u30b3\u30ea\u30c9\u30fc \u8857 1F"", ""Ch\u016b\u014d, \u6771\u4eac\u90fd \u3012104-0061"", ""Japan""]}, ""phone"": ""+81355373222"", ""display_phone"": ""+81 3-5537-3222"", ""distance"": 938.5381236770604}, {""id"": ""EQRIXIV5ueSClB_hlMr0Sg"", ""alias"": ""\u304b\u3081\u3084-\u795e\u7530\u6771\u53e3\u5e97-\u5343\u4ee3\u7530\u533a"", ""name"": ""Kameya Kanda Higashiguchi"", ""image_url"": ""https://s3-media1.fl.yelpcdn.com/bphoto/ZBJ--KYGUFhE4x5mcAjS2Q/o.jpg"", ""is_closed"": false, ""url"": ""https://www.yelp.com/biz/%E3%81%8B%E3%82%81%E3%82%84-%E7%A5%9E%E7%94%B0%E6%9D%B1%E5%8F%A3%E5%BA%97-%E5%8D%83%E4%BB%A3%E7%94%B0%E5%8C%BA?adjust_creative=ULHW7ynqdXE8Z9Fnr4irFw&utm_campaign=yelp_api_v3&utm_medium=api_v3_business_search&utm_source=ULHW7ynqdXE8Z9Fnr4irFw"", ""review_count"": 2, ""categories"": [{""alias"": ""soba"", ""title"": ""Soba""}, {""alias"": ""udon"", ""title"": ""Udon""}], ""rating"": 4.0, ""coordinates"": {""latitude"": 35.6924579145764, ""longitude"": 139.771706151934}, ""transactions"": [], ""price"": ""\uffe5"", ""location"": {""address1"": ""\u935b\u51b6\u753a2\u4e01\u76ee7-3"", ""address2"": ""\u7b2c2\u9577\u8c37\u5ddd\u30d3\u30eb"", ""address3"": null, ""city"": ""Chiyoda"", ""zip_code"": ""101-0044"", ""country"": ""JP"", ""state"": ""13"", ""display_address"": [""\u935b\u51b6\u753a2\u4e01\u76ee7-3"", ""\u7b2c2\u9577\u8c37\u5ddd\u30d3\u30eb"", ""Chiyoda, \u6771\u4eac\u90fd \u3012101-0044"", ""Japan""]}, ""phone"": ""+81332540285"", ""display_phone"": ""+81 3-3254-0285"", ""distance"": 943.6925361705954}, {""id"": ""DO0n9rWfEbRWibMebF8Vzw"", ""alias"": ""\u30ed\u30fc\u30b9\u30c8\u30c1\u30ad\u30f3\u30cf\u30a6\u30b9-\u4e38\u306e\u5185\u5e97-\u5343\u4ee3\u7530\u533a"", ""name"": ""\u30ed\u30fc\u30b9\u30c8\u30c1\u30ad\u30f3\u30cf\u30a6\u30b9 \u4e38\u306e\u5185\u5e97"", ""image_url"": ""https://s3-media3.fl.yelpcdn.com/bphoto/m9GjoZ5jscYQmWnPS4icuw/o.jpg"", ""is_closed"": false, ""url"": ""https://www.yelp.com/biz/%E3%83%AD%E3%83%BC%E3%82%B9%E3%83%88%E3%83%81%E3%82%AD%E3%83%B3%E3%83%8F%E3%82%A6%E3%82%B9-%E4%B8%B8%E3%81%AE%E5%86%85%E5%BA%97-%E5%8D%83%E4%BB%A3%E7%94%B0%E5%8C%BA?adjust_creative=ULHW7ynqdXE8Z9Fnr4irFw&utm_campaign=yelp_api_v3&utm_medium=api_v3_business_search&utm_source=ULHW7ynqdXE8Z9Fnr4irFw"", ""review_count"": 1, ""categories"": [{""alias"": ""chickenshop"", ""title"": ""Chicken Shop""}, {""alias"": ""gastropubs"", ""title"": ""Gastropubs""}], ""rating"": 4.0, ""coordinates"": {""latitude"": 35.677225, ""longitude"": 139.762123}, ""transactions"": [], ""price"": ""\uffe5"", ""location"": {""address1"": ""\u4e38\u306e\u51853-3-1"", ""address2"": ""\u65b0\u6771\u4eac\u30d3\u30eb B1F"", ""address3"": null, ""city"": ""Chiyoda"", ""zip_code"": ""100-0005"", ""country"": ""JP"", ""state"": ""13"", ""display_address"": [""\u4e38\u306e\u51853-3-1"", ""\u65b0\u6771\u4eac\u30d3\u30eb B1F"", ""Chiyoda, \u6771\u4eac\u90fd \u3012100-0005"", ""Japan""]}, ""phone"": ""+81352205588"", ""display_phone"": ""+81 3-5220-5588"", ""distance"": 959.1824901510818}, {""id"": ""u25_5hWiiEFED8Xqj5zZ4A"", ""alias"": ""\u30d1\u30eb\u30b3-\u30c7\u30a3-\u30b8\u30e7\u30a4\u30a2-\u4e2d\u592e\u533a"", ""name"": ""Parco di gioia"", ""image_url"": ""https://s3-media3.fl.yelpcdn.com/bphoto/iXv51mnZddzEbKQnNOP51A/o.jpg"", ""is_closed"": false, ""url"": ""https://www.yelp.com/biz/%E3%83%91%E3%83%AB%E3%82%B3-%E3%83%87%E3%82%A3-%E3%82%B8%E3%83%A7%E3%82%A4%E3%82%A2-%E4%B8%AD%E5%A4%AE%E5%8C%BA?adjust_creative=ULHW7ynqdXE8Z9Fnr4irFw&utm_campaign=yelp_api_v3&utm_medium=api_v3_business_search&utm_source=ULHW7ynqdXE8Z9Fnr4irFw"", ""review_count"": 1, ""categories"": [{""alias"": ""italian"", ""title"": ""Italian""}], ""rating"": 4.0, ""coordinates"": {""latitude"": 35.6755561828613, ""longitude"": 139.768203735352}, ""transactions"": [], ""price"": ""\uffe5"", ""location"": {""address1"": ""\u4eac\u6a4b3-3-12"", ""address2"": ""\u5c71\u4eac\u30d3\u30eb 2F"", ""address3"": """", ""city"": ""Ch\u016b\u014d"", ""zip_code"": ""104-0031"", ""country"": ""JP"", ""state"": ""13"", ""display_address"": [""\u4eac\u6a4b3-3-12"", ""\u5c71\u4eac\u30d3\u30eb 2F"", ""Ch\u016b\u014d, \u6771\u4eac\u90fd \u3012104-0031"", ""Japan""]}, ""phone"": ""+81362623933"", ""display_phone"": ""+81 3-6262-3933"", ""distance"": 967.1850295650053}, {""id"": ""xD6nKKbiHeAq8rj2ibeF8w"", ""alias"": ""\u30ec\u30b9\u30c8\u30e9\u30f3-\u30b5\u30ab\u30ad-\u4e2d\u592e\u533a-2"", ""name"": ""Restaurant SAKAKI"", ""image_url"": ""https://s3-media4.fl.yelpcdn.com/bphoto/thzskGipvzBj7l8XrHfDKg/o.jpg"", ""is_closed"": false, ""url"": ""https://www.yelp.com/biz/%E3%83%AC%E3%82%B9%E3%83%88%E3%83%A9%E3%83%B3-%E3%82%B5%E3%82%AB%E3%82%AD-%E4%B8%AD%E5%A4%AE%E5%8C%BA-2?adjust_creative=ULHW7ynqdXE8Z9Fnr4irFw&utm_campaign=yelp_api_v3&utm_medium=api_v3_business_search&utm_source=ULHW7ynqdXE8Z9Fnr4irFw"", ""review_count"": 5, ""categories"": [{""alias"": ""french"", ""title"": ""French""}], ""rating"": 3.5, ""coordinates"": {""latitude"": 35.6759834289551, ""longitude"": 139.771453857422}, ""transactions"": [], ""price"": ""\uffe5"", ""location"": {""address1"": ""\u4eac\u6a4b 2-12-12"", ""address2"": ""\u30b5\u30ab\u30ad\u30d3\u30eb1F"", ""address3"": """", ""city"": ""Ch\u016b\u014d"", ""zip_code"": ""104-0031"", ""country"": ""JP"", ""state"": ""13"", ""display_address"": [""\u4eac\u6a4b 2-12-12"", ""\u30b5\u30ab\u30ad\u30d3\u30eb1F"", ""Ch\u016b\u014d, \u6771\u4eac\u90fd \u3012104-0031"", ""Japan""]}, ""phone"": ""+81335619676"", ""display_phone"": ""+81 3-3561-9676"", ""distance"": 967.1850295650053}, {""id"": ""rLEfKKAp9gERMCzAfHROVQ"", ""alias"": ""nicos-coffee-shop-\u4e2d\u592e\u533a"", ""name"": ""Nicos Coffee Shop"", ""image_url"": ""https://s3-media1.fl.yelpcdn.com/bphoto/j_59w2Wgm_CXHsNvypsXAw/o.jpg"", ""is_closed"": false, ""url"": ""https://www.yelp.com/biz/nicos-coffee-shop-%E4%B8%AD%E5%A4%AE%E5%8C%BA?adjust_creative=ULHW7ynqdXE8Z9Fnr4irFw&utm_campaign=yelp_api_v3&utm_medium=api_v3_business_search&utm_source=ULHW7ynqdXE8Z9Fnr4irFw"", ""review_count"": 2, ""categories"": [{""alias"": ""cafes"", ""title"": ""Cafes""}, {""alias"": ""coffee"", ""title"": ""Coffee & Tea""}], ""rating"": 3.5, ""coordinates"": {""latitude"": 35.6774406433105, ""longitude"": 139.772369384766}, ""transactions"": [], ""price"": ""\uffe5"", ""location"": {""address1"": ""\u4eac\u6a4b1-14-10"", ""address2"": """", ""address3"": """", ""city"": ""Ch\u016b\u014d"", ""zip_code"": ""104-0031"", ""country"": ""JP"", ""state"": ""13"", ""display_address"": [""\u4eac\u6a4b1-14-10"", ""Ch\u016b\u014d, \u6771\u4eac\u90fd \u3012104-0031"", ""Japan""]}, ""phone"": """", ""display_phone"": """", ""distance"": 967.1850295650053}, {""id"": ""lvAzICCNxR1GGjS1Ew9EKg"", ""alias"": ""\u30b9\u30bf\u30fc\u30d0\u30c3\u30af\u30b9-\u4eac\u6a4b\u99c5\u524d\u5e97-\u4e2d\u592e\u533a"", ""name"": ""Starbucks Kyobashi Ekimae"", ""image_url"": ""https://s3-media2.fl.yelpcdn.com/bphoto/l-b8wj0DEAcJ2Xql4-reew/o.jpg"", ""is_closed"": false, ""url"": ""https://www.yelp.com/biz/%E3%82%B9%E3%82%BF%E3%83%BC%E3%83%90%E3%83%83%E3%82%AF%E3%82%B9-%E4%BA%AC%E6%A9%8B%E9%A7%85%E5%89%8D%E5%BA%97-%E4%B8%AD%E5%A4%AE%E5%8C%BA?adjust_creative=ULHW7ynqdXE8Z9Fnr4irFw&utm_campaign=yelp_api_v3&utm_medium=api_v3_business_search&utm_source=ULHW7ynqdXE8Z9Fnr4irFw"", ""review_count"": 2, ""categories"": [{""alias"": ""coffee"", ""title"": ""Coffee & Tea""}, {""alias"": ""cafes"", ""title"": ""Cafes""}], ""rating"": 3.5, ""coordinates"": {""latitude"": 35.6766382487368, ""longitude"": 139.769656964111}, ""transactions"": [], ""price"": ""\uffe5"", ""location"": {""address1"": ""\u4eac\u6a4b2-4-12"", ""address2"": ""\u4eac\u6a4b\u7b2c\u4e00\u751f\u547d\u30d3\u30eb\u30c7\u30a3\u30f3\u30b0 1F"", ""address3"": null, ""city"": ""Ch\u016b\u014d"", ""zip_code"": ""104-0031"", ""country"": ""JP"", ""state"": ""13"", ""display_address"": [""\u4eac\u6a4b2-4-12"", ""\u4eac\u6a4b\u7b2c\u4e00\u751f\u547d\u30d3\u30eb\u30c7\u30a3\u30f3\u30b0 1F"", ""Ch\u016b\u014d, \u6771\u4eac\u90fd \u3012104-0031"", ""Japan""]}, ""phone"": ""+81352028656"", ""display_phone"": ""+81 3-5202-8656"", ""distance"": 968.784985305976}, {""id"": ""I6R7ix0PvHeI6fOPQmpDJw"", ""alias"": ""\u5c0f\u8af8\u305d\u3070-\u5b9d\u753a\u5e97-\u4e2d\u592e\u533a"", ""name"": ""\u5c0f\u8af8\u305d\u3070 \u5b9d\u753a\u5e97"", ""image_url"": ""https://s3-media2.fl.yelpcdn.com/bphoto/v3CU_pOwrEmqn02uN0q5xQ/o.jpg"", ""is_closed"": false, ""url"": ""https://www.yelp.com/biz/%E5%B0%8F%E8%AB%B8%E3%81%9D%E3%81%B0-%E5%AE%9D%E7%94%BA%E5%BA%97-%E4%B8%AD%E5%A4%AE%E5%8C%BA?adjust_creative=ULHW7ynqdXE8Z9Fnr4irFw&utm_campaign=yelp_api_v3&utm_medium=api_v3_business_search&utm_source=ULHW7ynqdXE8Z9Fnr4irFw"", ""review_count"": 1, ""categories"": [{""alias"": ""soba"", ""title"": ""Soba""}, {""alias"": ""udon"", ""title"": ""Udon""}], ""rating"": 3.0, ""coordinates"": {""latitude"": 35.6774011547026, ""longitude"": 139.772069609319}, ""transactions"": [], ""price"": ""\uffe5"", ""location"": {""address1"": ""\u4eac\u6a4b1\u4e01\u76ee6\u221211"", ""address2"": ""\u30ab\u30f3\u30b1\u30f3\u4eac\u6a4b\u30d3\u30eb"", ""address3"": """", ""city"": ""Ch\u016b\u014d"", ""zip_code"": """", ""country"": ""JP"", ""state"": ""13"", ""display_address"": [""\u4eac\u6a4b1\u4e01\u76ee6\u221211"", ""\u30ab\u30f3\u30b1\u30f3\u4eac\u6a4b\u30d3\u30eb"", ""Ch\u016b\u014d, \u6771\u4eac\u90fd"", ""Japan""]}, ""phone"": ""+81351598399"", ""display_phone"": ""+81 3-5159-8399"", ""distance"": 975.6678074465185}, {""id"": ""I0guYnAEyZp5ykK03iKmMg"", ""alias"": ""\u30ed\u30fc\u30bd\u30f3-\u4eac\u6a4b\u99c5\u524d\u5e97-\u4e2d\u592e\u533a"", ""name"": ""LAWSON  Kyobashi Ekimae "", ""image_url"": ""https://s3-media3.fl.yelpcdn.com/bphoto/vRmSXGUb2xx3ud_u8pgmng/o.jpg"", ""is_closed"": false, ""url"": ""https://www.yelp.com/biz/%E3%83%AD%E3%83%BC%E3%82%BD%E3%83%B3-%E4%BA%AC%E6%A9%8B%E9%A7%85%E5%89%8D%E5%BA%97-%E4%B8%AD%E5%A4%AE%E5%8C%BA?adjust_creative=ULHW7ynqdXE8Z9Fnr4irFw&utm_campaign=yelp_api_v3&utm_medium=api_v3_business_search&utm_source=ULHW7ynqdXE8Z9Fnr4irFw"", ""review_count"": 1, ""categories"": [{""alias"": ""convenience"", ""title"": ""Convenience Stores""}], ""rating"": 4.0, ""coordinates"": {""latitude"": 35.676482, ""longitude"": 139.769674}, ""transactions"": [], ""price"": ""\uffe5"", ""location"": {""address1"": ""\u4eac\u6a4b2-4-12"", ""address2"": null, ""address3"": null, ""city"": ""Ch\u016b\u014d"", ""zip_code"": ""104-0031"", ""country"": ""JP"", ""state"": ""13"", ""display_address"": [""\u4eac\u6a4b2-4-12"", ""Ch\u016b\u014d, \u6771\u4eac\u90fd \u3012104-0031"", ""Japan""]}, ""phone"": ""+81332317007"", ""display_phone"": ""+81 3-3231-7007"", ""distance"": 985.9134161733526}, {""id"": ""LUOQ29Vw7nCzvSGw1RAPCw"", ""alias"": ""\u85a9\u6469\u9b5a\u9bae\u6c34\u7523-\u516b\u91cd\u6d32\u4e2d\u592e\u53e3\u5e97-\u5343\u4ee3\u7530\u533a"", ""name"": ""Satsuma Gyosen Suisan Yaesu Ch\u016b\u014dguchi"", ""image_url"": ""https://s3-media4.fl.yelpcdn.com/bphoto/fCAVhX3whCcqwmNEDI6ueA/o.jpg"", ""is_closed"": false, ""url"": ""https://www.yelp.com/biz/%E8%96%A9%E6%91%A9%E9%AD%9A%E9%AE%AE%E6%B0%B4%E7%94%A3-%E5%85%AB%E9%87%8D%E6%B4%B2%E4%B8%AD%E5%A4%AE%E5%8F%A3%E5%BA%97-%E5%8D%83%E4%BB%A3%E7%94%B0%E5%8C%BA?adjust_creative=ULHW7ynqdXE8Z9Fnr4irFw&utm_campaign=yelp_api_v3&utm_medium=api_v3_business_search&utm_source=ULHW7ynqdXE8Z9Fnr4irFw"", ""review_count"": 1, ""categories"": [{""alias"": ""izakaya"", ""title"": ""Izakaya""}, {""alias"": ""seafood"", ""title"": ""Seafood""}], ""rating"": 3.0, ""coordinates"": {""latitude"": 35.6819701038118, ""longitude"": 139.776975483884}, ""transactions"": [], ""price"": ""\uffe5"", ""location"": {""address1"": ""\u65e5\u672c\u6a4b3-4-15"", ""address2"": ""\u516b\u91cd\u6d32\u901a\u308a\u30d3\u30eb B1F"", ""address3"": """", ""city"": ""Chiyoda"", ""zip_code"": ""103-0027"", ""country"": ""JP"", ""state"": ""13"", ""display_address"": [""\u65e5\u672c\u6a4b3-4-15"", ""\u516b\u91cd\u6d32\u901a\u308a\u30d3\u30eb B1F"", ""Chiyoda, \u6771\u4eac\u90fd \u3012103-0027"", ""Japan""]}, ""phone"": ""+815075426064"", ""display_phone"": ""+81 50-7542-6064"", ""distance"": 988.3460247500932}, {""id"": ""G5LWOL-A5i_a9Y1mF6KN0w"", ""alias"": ""\u6b53\u8fce-\u6771\u4eac\u30b9\u30af\u30a8\u30a2\u30ac\u30fc\u30c7\u30f3\u5e97-\u4e2d\u592e\u533a"", ""name"": ""Huang Yong Tokyo Square Garden"", ""image_url"": ""https://s3-media3.fl.yelpcdn.com/bphoto/KB6bvsFDUxLzNgVHnZ_zSw/o.jpg"", ""is_closed"": false, ""url"": ""https://www.yelp.com/biz/%E6%AD%93%E8%BF%8E-%E6%9D%B1%E4%BA%AC%E3%82%B9%E3%82%AF%E3%82%A8%E3%82%A2%E3%82%AC%E3%83%BC%E3%83%87%E3%83%B3%E5%BA%97-%E4%B8%AD%E5%A4%AE%E5%8C%BA?adjust_creative=ULHW7ynqdXE8Z9Fnr4irFw&utm_campaign=yelp_api_v3&utm_medium=api_v3_business_search&utm_source=ULHW7ynqdXE8Z9Fnr4irFw"", ""review_count"": 5, ""categories"": [{""alias"": ""chinese"", ""title"": ""Chinese""}, {""alias"": ""dumplings"", ""title"": ""Dumplings""}], ""rating"": 4.0, ""coordinates"": {""latitude"": 35.676263, ""longitude"": 139.768696}, ""transactions"": [], ""price"": ""\uffe5"", ""location"": {""address1"": ""\u4eac\u6a4b3-1-1"", ""address2"": ""\u6771\u4eac\u30b9\u30af\u30a8\u30a2\u30ac\u30fc\u30c7\u30f3 B1F"", ""address3"": """", ""city"": ""Ch\u016b\u014d"", ""zip_code"": ""104-0031"", ""country"": ""JP"", ""state"": ""13"", ""display_address"": [""\u4eac\u6a4b3-1-1"", ""\u6771\u4eac\u30b9\u30af\u30a8\u30a2\u30ac\u30fc\u30c7\u30f3 B1F"", ""Ch\u016b\u014d, \u6771\u4eac\u90fd \u3012104-0031"", ""Japan""]}, ""phone"": ""+81362651920"", ""display_phone"": ""+81 3-6265-1920"", ""distance"": 989.4683925400772}, {""id"": ""qrzfmHKgF6KFwN-pJQEvRQ"", ""alias"": ""\u771e\u82b1-\u5343\u4ee3\u7530\u533a"", ""name"": ""Shinka"", ""image_url"": ""https://s3-media3.fl.yelpcdn.com/bphoto/snuEORuuQxpY_uS6jOGBtw/o.jpg"", ""is_closed"": false, ""url"": ""https://www.yelp.com/biz/%E7%9C%9E%E8%8A%B1-%E5%8D%83%E4%BB%A3%E7%94%B0%E5%8C%BA?adjust_creative=ULHW7ynqdXE8Z9Fnr4irFw&utm_campaign=yelp_api_v3&utm_medium=api_v3_business_search&utm_source=ULHW7ynqdXE8Z9Fnr4irFw"", ""review_count"": 2, ""categories"": [{""alias"": ""izakaya"", ""title"": ""Izakaya""}], ""rating"": 3.0, ""coordinates"": {""latitude"": 35.6762737477308, ""longitude"": 139.76455414075}, ""transactions"": [], ""price"": ""\uffe5"", ""location"": {""address1"": ""\u4e38\u306e\u51853-6-7"", ""address2"": """", ""address3"": """", ""city"": ""Chiyoda"", ""zip_code"": """", ""country"": ""JP"", ""state"": ""13"", ""display_address"": [""\u4e38\u306e\u51853-6-7"", ""Chiyoda, \u6771\u4eac\u90fd"", ""Japan""]}, ""phone"": ""+81362699737"", ""display_phone"": ""+81 3-6269-9737"", ""distance"": 990.6171426227102}, {""id"": ""XCEhTreM-Zr5VN6LhCMn5A"", ""alias"": ""\u30b7\u30e3\u30d2-\u30c0\u30ef\u30c3\u30c8-\u5343\u4ee3\u7530\u533a"", ""name"": ""Shahi Dawat"", ""image_url"": ""https://s3-media3.fl.yelpcdn.com/bphoto/g8gNOzNVT4W-WurpL4hDxA/o.jpg"", ""is_closed"": false, ""url"": ""https://www.yelp.com/biz/%E3%82%B7%E3%83%A3%E3%83%92-%E3%83%80%E3%83%AF%E3%83%83%E3%83%88-%E5%8D%83%E4%BB%A3%E7%94%B0%E5%8C%BA?adjust_creative=ULHW7ynqdXE8Z9Fnr4irFw&utm_campaign=yelp_api_v3&utm_medium=api_v3_business_search&utm_source=ULHW7ynqdXE8Z9Fnr4irFw"", ""review_count"": 2, ""categories"": [{""alias"": ""indpak"", ""title"": ""Indian""}], ""rating"": 4.5, ""coordinates"": {""latitude"": 35.6935961137597, ""longitude"": 139.763599100966}, ""transactions"": [], ""price"": ""\uffe5"", ""location"": {""address1"": ""\u795e\u7530\u9326\u753a2-2-11"", ""address2"": ""\u7530\u53e3\u30d3\u30ebB1F"", ""address3"": """", ""city"": ""Chiyoda"", ""zip_code"": """", ""country"": ""JP"", ""state"": ""13"", ""display_address"": [""\u795e\u7530\u9326\u753a2-2-11"", ""\u7530\u53e3\u30d3\u30ebB1F"", ""Chiyoda, \u6771\u4eac\u90fd"", ""Japan""]}, ""phone"": ""+81332935897"", ""display_phone"": ""+81 3-3293-5897"", ""distance"": 994.6186102632095}, {""id"": ""Oq-kWU65kNTz6RhZr7udPw"", ""alias"": ""\u306f\u306a\u307e\u308b\u3046\u3069\u3093-\u4eac\u6a4b\u5e97-\u4e2d\u592e\u533a"", ""name"": ""Sanuki Udon HANAMARU Kyobashi"", ""image_url"": ""https://s3-media4.fl.yelpcdn.com/bphoto/lBYLgK6WXKZlAfDbAXiYog/o.jpg"", ""is_closed"": false, ""url"": ""https://www.yelp.com/biz/%E3%81%AF%E3%81%AA%E3%81%BE%E3%82%8B%E3%81%86%E3%81%A9%E3%82%93-%E4%BA%AC%E6%A9%8B%E5%BA%97-%E4%B8%AD%E5%A4%AE%E5%8C%BA?adjust_creative=ULHW7ynqdXE8Z9Fnr4irFw&utm_campaign=yelp_api_v3&utm_medium=api_v3_business_search&utm_source=ULHW7ynqdXE8Z9Fnr4irFw"", ""review_count"": 5, ""categories"": [{""alias"": ""udon"", ""title"": ""Udon""}], ""rating"": 5.0, ""coordinates"": {""latitude"": 35.676502, ""longitude"": 139.770122}, ""transactions"": [], ""price"": ""\uffe5"", ""location"": {""address1"": ""\u4eac\u6a4b2-5-22"", ""address2"": """", ""address3"": null, ""city"": ""Ch\u016b\u014d"", ""zip_code"": ""104-0031"", ""country"": ""JP"", ""state"": ""13"", ""display_address"": [""\u4eac\u6a4b2-5-22"", ""Ch\u016b\u014d, \u6771\u4eac\u90fd \u3012104-0031"", ""Japan""]}, ""phone"": ""+81335382766"", ""display_phone"": ""+81 3-3538-2766"", ""distance"": 995.6092868058317}, {""id"": ""aAgOqF4lAemthExaQF6nfw"", ""alias"": ""\u30b7\u30a7\u30a4\u30af\u30b7\u30e3\u30c3\u30af-\u6771\u4eac\u56fd\u969b\u30d5\u30a9\u30fc\u30e9\u30e0\u5e97-\u5343\u4ee3\u7530\u533a"", ""name"": ""Shake Shack Tokyo International Forum"", ""image_url"": ""https://s3-media3.fl.yelpcdn.com/bphoto/tt1S2xcPFUKsD7CG3MQOAQ/o.jpg"", ""is_closed"": false, ""url"": ""https://www.yelp.com/biz/%E3%82%B7%E3%82%A7%E3%82%A4%E3%82%AF%E3%82%B7%E3%83%A3%E3%83%83%E3%82%AF-%E6%9D%B1%E4%BA%AC%E5%9B%BD%E9%9A%9B%E3%83%95%E3%82%A9%E3%83%BC%E3%83%A9%E3%83%A0%E5%BA%97-%E5%8D%83%E4%BB%A3%E7%94%B0%E5%8C%BA?adjust_creative=ULHW7ynqdXE8Z9Fnr4irFw&utm_campaign=yelp_api_v3&utm_medium=api_v3_business_search&utm_source=ULHW7ynqdXE8Z9Fnr4irFw"", ""review_count"": 20, ""categories"": [{""alias"": ""burgers"", ""title"": ""Burgers""}, {""alias"": ""hotdogs"", ""title"": ""Fast Food""}, {""alias"": ""hotdog"", ""title"": ""Hot Dogs""}], ""rating"": 4.0, ""coordinates"": {""latitude"": 35.676336, ""longitude"": 139.763487}, ""transactions"": [], ""price"": ""\uffe5"", ""location"": {""address1"": ""\u4e38\u306e\u51853-5-1"", ""address2"": ""\u6771\u4eac\u56fd\u969b\u30d5\u30a9\u30fc\u30e9\u30e0 1F"", ""address3"": null, ""city"": ""Chiyoda"", ""zip_code"": ""100-0005"", ""country"": ""JP"", ""state"": ""13"", ""display_address"": [""\u4e38\u306e\u51853-5-1"", ""\u6771\u4eac\u56fd\u969b\u30d5\u30a9\u30fc\u30e9\u30e0 1F"", ""Chiyoda, \u6771\u4eac\u90fd \u3012100-0005"", ""Japan""]}, ""phone"": ""+81362734071"", ""display_phone"": ""+81 3-6273-4071"", ""distance"": 1007.1999870854899}, {""id"": ""R_A-OuEY12s-_cWriMEt5w"", ""alias"": ""\u30b5\u30d6\u30a6\u30a7\u30a4-\u4eac\u6a4b\u5e97-\u4e2d\u592e\u533a"", ""name"": ""Subway Kyobashi"", ""image_url"": ""https://s3-media1.fl.yelpcdn.com/bphoto/AyZTym2QvfgkxXKw8R37iQ/o.jpg"", ""is_closed"": false, ""url"": ""https://www.yelp.com/biz/%E3%82%B5%E3%83%96%E3%82%A6%E3%82%A7%E3%82%A4-%E4%BA%AC%E6%A9%8B%E5%BA%97-%E4%B8%AD%E5%A4%AE%E5%8C%BA?adjust_creative=ULHW7ynqdXE8Z9Fnr4irFw&utm_campaign=yelp_api_v3&utm_medium=api_v3_business_search&utm_source=ULHW7ynqdXE8Z9Fnr4irFw"", ""review_count"": 2, ""categories"": [{""alias"": ""sandwiches"", ""title"": ""Sandwiches""}, {""alias"": ""hotdogs"", ""title"": ""Fast Food""}], ""rating"": 4.0, ""coordinates"": {""latitude"": 35.676395, ""longitude"": 139.770163}, ""transactions"": [], ""price"": ""\uffe5"", ""location"": {""address1"": ""\u4eac\u6a4b2-5-21"", ""address2"": ""\u4eac\u6a4bNS\u30d3\u30eb1F"", ""address3"": null, ""city"": ""Ch\u016b\u014d"", ""zip_code"": ""104-0031"", ""country"": ""JP"", ""state"": ""13"", ""display_address"": [""\u4eac\u6a4b2-5-21"", ""\u4eac\u6a4bNS\u30d3\u30eb1F"", ""Ch\u016b\u014d, \u6771\u4eac\u90fd \u3012104-0031"", ""Japan""]}, ""phone"": ""+81335615607"", ""display_phone"": ""+81 3-3561-5607"", ""distance"": 1008.0688708663977}, {""id"": ""k2qgKSeB8aKxOPe1zYq9uw"", ""alias"": ""\u3068\u3093\u304b\u3064\u7e41-\u5343\u4ee3\u7530\u533a"", ""name"": ""Tonkatsushigeru"", ""image_url"": ""https://s3-media2.fl.yelpcdn.com/bphoto/q5nd7UxrW6JCKiVmsm98kg/o.jpg"", ""is_closed"": false, ""url"": ""https://www.yelp.com/biz/%E3%81%A8%E3%82%93%E3%81%8B%E3%81%A4%E7%B9%81-%E5%8D%83%E4%BB%A3%E7%94%B0%E5%8C%BA?adjust_creative=ULHW7ynqdXE8Z9Fnr4irFw&utm_campaign=yelp_api_v3&utm_medium=api_v3_business_search&utm_source=ULHW7ynqdXE8Z9Fnr4irFw"", ""review_count"": 2, ""categories"": [{""alias"": ""tonkatsu"", ""title"": ""Tonkatsu""}], ""rating"": 4.5, ""coordinates"": {""latitude"": 35.6761372450125, ""longitude"": 139.764378257509}, ""transactions"": [], ""price"": ""\uffe5"", ""location"": {""address1"": ""\u4e38\u306e\u51853-6-10"", ""address2"": """", ""address3"": """", ""city"": ""Chiyoda"", ""zip_code"": """", ""country"": ""JP"", ""state"": ""13"", ""display_address"": [""\u4e38\u306e\u51853-6-10"", ""Chiyoda, \u6771\u4eac\u90fd"", ""Japan""]}, ""phone"": ""+81332314885"", ""display_phone"": ""+81 3-3231-4885"", ""distance"": 1008.681252330581}, {""id"": ""QvYiwX_TrC6EmZAhMRfr8w"", ""alias"": ""\u30c7\u30f3\u30de\u30fc\u30af-\u30b6-\u30ed\u30a4\u30e4\u30eb\u30ab\u30d5\u30a7\u30c6\u30e9\u30b9-\u4e2d\u592e\u533a-2"", ""name"": ""Denmark The Royal Cafe Terrace"", ""image_url"": ""https://s3-media2.fl.yelpcdn.com/bphoto/eUo7V3s3EJ1xAC7Jw__AaQ/o.jpg"", ""is_closed"": false, ""url"": ""https://www.yelp.com/biz/%E3%83%87%E3%83%B3%E3%83%9E%E3%83%BC%E3%82%AF-%E3%82%B6-%E3%83%AD%E3%82%A4%E3%83%A4%E3%83%AB%E3%82%AB%E3%83%95%E3%82%A7%E3%83%86%E3%83%A9%E3%82%B9-%E4%B8%AD%E5%A4%AE%E5%8C%BA-2?adjust_creative=ULHW7ynqdXE8Z9Fnr4irFw&utm_campaign=yelp_api_v3&utm_medium=api_v3_business_search&utm_source=ULHW7ynqdXE8Z9Fnr4irFw"", ""review_count"": 8, ""categories"": [{""alias"": ""scandinavian"", ""title"": ""Scandinavian""}, {""alias"": ""cafes"", ""title"": ""Cafes""}], ""rating"": 4.5, ""coordinates"": {""latitude"": 35.6761122217978, ""longitude"": 139.768899859079}, ""transactions"": [], ""price"": ""\uffe5"", ""location"": {""address1"": ""\u4eac\u6a4b3\u4e01\u76ee1-1"", ""address2"": ""\u6771\u4eac\u30b9\u30af\u30a8\u30a2\u30ac\u30fc\u30c7\u30f3B1F"", ""address3"": """", ""city"": ""Ch\u016b\u014d"", ""zip_code"": ""104-0032"", ""country"": ""JP"", ""state"": ""13"", ""display_address"": [""\u4eac\u6a4b3\u4e01\u76ee1-1"", ""\u6771\u4eac\u30b9\u30af\u30a8\u30a2\u30ac\u30fc\u30c7\u30f3B1F"", ""Ch\u016b\u014d, \u6771\u4eac\u90fd \u3012104-0032"", ""Japan""]}, ""phone"": ""+81362141185"", ""display_phone"": ""+81 3-6214-1185"", ""distance"": 1009.4299975057093}], ""total"": 9200, ""region"": {""center"": {""longitude"": 139.76669311523438, ""latitude"": 35.685011526354074}}}",application/json,false,"OAS disconformity: [Path '/businesses/[item]/price'] Instance value ("""") not found in enum (possible values: [""$"";""$$"";""$$$"";""$$$$""])"
test_t8f5osq6b9dk_getBusinesses,400,"{""error"": {""code"": ""VALIDATION_ERROR"", ""description"": ""Please specify a location or a latitude and longitude""}}",application/json,true,none
test_t8f6uy19sqwk_getBusinesses,200,"{""businesses"": [], ""total"": 0, ""region"": {""center"": {""longitude"": -108.5282, ""latitude"": 38.488487}}}",application/json,true,none
test_tnzkey8bkeux_getBusinesses,400,"{""error"": {""code"": ""OPEN_AT_AND_NOW_PROVIDED"", ""description"": ""You must specify either open_at or open_now, not both.""}}",application/json,true,none
test_tnzkf1t493qt_getBusinesses,400,"{""error"": {""code"": ""VALIDATION_ERROR"", ""description"": ""Please specify a location or a latitude and longitude""}}",application/json,true,none
test_to2abauqspwy_getBusinesses,400,"{""error"": {""code"": ""VALIDATION_ERROR"", ""description"": ""Please specify a location or a latitude and longitude""}}",application/json,true,none
test_trqsec5xjx2w_getBusinesses,200,"{""businesses"": [], ""total"": 0, ""region"": {""center"": {""longitude"": -92.11823, ""latitude"": 41.707504}}}",application/json,true,none
test_u87z6zbnl3l1_getBusinesses,400,"{""error"": {""code"": ""VALIDATION_ERROR"", ""description"": ""Please specify a location or a latitude and longitude""}}",application/json,true,none
test_urhb734l2cs0_getBusinesses,200,"{""businesses"": [], ""total"": 0, ""region"": {""center"": {""longitude"": -105.98304748535156, ""latitude"": 35.68235448011593}}}",application/json,true,none
test_urxz0ouolmwo_getBusinesses,200,"{""businesses"": [], ""total"": 0, ""region"": {""center"": {""longitude"": -73.97918701171875, ""latitude"": 40.706977710584276}}}",application/json,true,none
test_uvgwu8s6g50j_getBusinesses,200,"{""businesses"": [], ""total"": 0, ""region"": {""center"": {""longitude"": 9.189033508300781, ""latitude"": 45.47047287954827}}}",application/json,true,none
test_vf6huy7qyqn5_getBusinesses,200,"{""businesses"": [], ""total"": 0, ""region"": {""center"": {""longitude"": 2.3421478271484375, ""latitude"": 48.86195860677958}}}",application/json,true,none
test_vf6xrkxvukbn_getBusinesses,200,"{""businesses"": [], ""total"": 0, ""region"": {""center"": {""longitude"": -104.882774, ""latitude"": 41.794}}}",application/json,true,none
