testResultId,statusCode,responseBody,outputContentType,passed,failReason
test_1h7ilhcich1t1_getBusinesses,200,"{""businesses"": [], ""total"": 119, ""region"": {""center"": {""longitude"": -88.26107025146484, ""latitude"": 44.75855738140011}}}",application/json,true,none
test_1h7lx2dpsagxg_getBusinesses,200,"{""businesses"": [], ""total"": 0, ""region"": {""center"": {""longitude"": 139.76669311523438, ""latitude"": 35.685011526354074}}}",application/json,true,none
test_1h7o7rfuq1lr7_getBusinesses,200,"{""businesses"": [{""id"": ""QQwfq0YE3iRFG4aqx9HigQ"", ""alias"": ""cracker-barrel-old-country-store-layton-2"", ""name"": ""Cracker Barrel Old Country Store"", ""image_url"": ""https://s3-media4.fl.yelpcdn.com/bphoto/VAT9L-lCyGseDbFHIcvYQg/o.jpg"", ""is_closed"": false, ""url"": ""https://zh.yelp.com.hk/biz/cracker-barrel-old-country-store-layton-2?adjust_creative=ULHW7ynqdXE8Z9Fnr4irFw&utm_campaign=yelp_api_v3&utm_medium=api_v3_business_search&utm_source=ULHW7ynqdXE8Z9Fnr4irFw"", ""review_count"": 171, ""categories"": [{""alias"": ""southern"", ""title"": ""\u5357\u90e8\u83dc""}, {""alias"": ""breakfast_brunch"", ""title"": ""\u65e9\u9910\u53caBrunch""}, {""alias"": ""tradamerican"", ""title"": ""\u7f8e\u570b\u83dc\uff08\u50b3\u7d71\uff09""}], ""rating"": 3.0, ""coordinates"": {""latitude"": 41.0865872, ""longitude"": -111.9866}, ""transactions"": [""delivery"", ""pickup""], ""price"": ""$$"", ""location"": {""address1"": ""1792 N Heritage Park Blvd"", ""address2"": """", ""address3"": """", ""city"": ""Layton"", ""zip_code"": ""84041"", ""country"": ""US"", ""state"": ""UT"", ""display_address"": [""1792 N Heritage Park Blvd"", ""Layton, UT 84041"", ""\u7f8e\u570b""]}, ""phone"": ""+18017763527"", ""display_phone"": ""+1 801-776-3527"", ""distance"": 11755.939439405918}, {""id"": ""Xuyf6Zs8QbhbmkYNgQPrSA"", ""alias"": ""holy-smoke-bbq-and-grill-layton"", ""name"": ""Holy Smoke BBQ & Grill"", ""image_url"": ""https://s3-media3.fl.yelpcdn.com/bphoto/nP-HJNqyyfSasb52RnX3YA/o.jpg"", ""is_closed"": false, ""url"": ""https://zh.yelp.com.hk/biz/holy-smoke-bbq-and-grill-layton?adjust_creative=ULHW7ynqdXE8Z9Fnr4irFw&utm_campaign=yelp_api_v3&utm_medium=api_v3_business_search&utm_source=ULHW7ynqdXE8Z9Fnr4irFw"", ""review_count"": 417, ""categories"": [{""alias"": ""bbq"", ""title"": ""\u71d2\u70e4""}, {""alias"": ""salad"", ""title"": ""\u6c99\u5f8b""}, {""alias"": ""sandwiches"", ""title"": ""\u4e09\u6587\u6cbb""}], ""rating"": 4.0, ""coordinates"": {""latitude"": 41.083146, ""longitude"": -111.9818341}, ""transactions"": [""delivery""], ""price"": ""$$"", ""location"": {""address1"": ""855 Heritage Park Blvd"", ""address2"": ""Ste 2"", ""address3"": """", ""city"": ""Layton"", ""zip_code"": ""84041"", ""country"": ""US"", ""state"": ""UT"", ""display_address"": [""855 Heritage Park Blvd"", ""Ste 2"", ""Layton, UT 84041"", ""\u7f8e\u570b""]}, ""phone"": ""+18016145011"", ""display_phone"": ""+1 801-614-5011"", ""distance"": 11773.581659339365}, {""id"": ""8l0G8m60rRaRkxb8jZAqHA"", ""alias"": ""napolis-italian-restaurant-south-ogden"", ""name"": ""Napoli's Italian Restaurant"", ""image_url"": ""https://s3-media4.fl.yelpcdn.com/bphoto/wOma5eBoucbqoI7Gfvux4w/o.jpg"", ""is_closed"": false, ""url"": ""https://zh.yelp.com.hk/biz/napolis-italian-restaurant-south-ogden?adjust_creative=ULHW7ynqdXE8Z9Fnr4irFw&utm_campaign=yelp_api_v3&utm_medium=api_v3_business_search&utm_source=ULHW7ynqdXE8Z9Fnr4irFw"", ""review_count"": 62, ""categories"": [{""alias"": ""italian"", ""title"": ""\u610f\u5927\u5229\u83dc""}, {""alias"": ""seafood"", ""title"": ""\u6d77\u9bae""}], ""rating"": 4.5, ""coordinates"": {""latitude"": 41.19243, ""longitude"": -111.97983}, ""transactions"": [], ""price"": ""$$"", ""location"": {""address1"": ""4015 Riverdale Rd"", ""address2"": null, ""address3"": """", ""city"": ""South Ogden"", ""zip_code"": ""84405"", ""country"": ""US"", ""state"": ""UT"", ""display_address"": [""4015 Riverdale Rd"", ""South Ogden, UT 84405"", ""\u7f8e\u570b""]}, ""phone"": ""+13852441637"", ""display_phone"": ""+1 385-244-1637"", ""distance"": 8179.739731865972}, {""id"": ""CfCpSzEJpQNLKkIRyReuGA"", ""alias"": ""perfect-feet-ogden"", ""name"": ""Perfect Feet"", ""image_url"": ""https://s3-media2.fl.yelpcdn.com/bphoto/xdvT3H_RzAOodllV0mjMdg/o.jpg"", ""is_closed"": false, ""url"": ""https://zh.yelp.com.hk/biz/perfect-feet-ogden?adjust_creative=ULHW7ynqdXE8Z9Fnr4irFw&utm_campaign=yelp_api_v3&utm_medium=api_v3_business_search&utm_source=ULHW7ynqdXE8Z9Fnr4irFw"", ""review_count"": 2, ""categories"": [{""alias"": ""shoes"", ""title"": ""\u978b\u8216""}], ""rating"": 5.0, ""coordinates"": {""latitude"": 41.15915, ""longitude"": -111.942855}, ""transactions"": [], ""price"": ""$$"", ""location"": {""address1"": ""5728 S 1475th E"", ""address2"": ""Ste 102"", ""address3"": null, ""city"": ""Ogden"", ""zip_code"": ""84403"", ""country"": ""US"", ""state"": ""UT"", ""display_address"": [""5728 S 1475th E"", ""Ste 102"", ""Ogden, UT 84403"", ""\u7f8e\u570b""]}, ""phone"": ""+18014794910"", ""display_phone"": ""+1 801-479-4910"", ""distance"": 4425.341702244385}, {""id"": ""gmDeNTY7u8RGdLzCXG913Q"", ""alias"": ""lees-marketplace-north-ogden-north-ogden"", ""name"": ""Lee's Marketplace - North Ogden"", ""image_url"": ""https://s3-media4.fl.yelpcdn.com/bphoto/k7s1yNcIWRmoFh_KsM1z1Q/o.jpg"", ""is_closed"": false, ""url"": ""https://zh.yelp.com.hk/biz/lees-marketplace-north-ogden-north-ogden?adjust_creative=ULHW7ynqdXE8Z9Fnr4irFw&utm_campaign=yelp_api_v3&utm_medium=api_v3_business_search&utm_source=ULHW7ynqdXE8Z9Fnr4irFw"", ""review_count"": 20, ""categories"": [{""alias"": ""grocery"", ""title"": ""\u8d85\u7d1a\u5e02\u5834""}, {""alias"": ""drugstores"", ""title"": ""\u85e5\u623f""}], ""rating"": 4.5, ""coordinates"": {""latitude"": 41.3069173, ""longitude"": -111.968718}, ""transactions"": [], ""price"": ""$$"", ""location"": {""address1"": ""2645 N Washington Blvd"", ""address2"": """", ""address3"": """", ""city"": ""North Ogden"", ""zip_code"": ""84414"", ""country"": ""US"", ""state"": ""UT"", ""display_address"": [""2645 N Washington Blvd"", ""North Ogden, UT 84414"", ""\u7f8e\u570b""]}, ""phone"": ""+18017827800"", ""display_phone"": ""+1 801-782-7800"", ""distance"": 17241.82924517619}, {""id"": ""u_YusZGYxQ9Kteg-9wSNOw"", ""alias"": ""zhangs-chinese-kitchen-ogden-3"", ""name"": ""Zhang's Chinese Kitchen"", ""image_url"": ""https://s3-media1.fl.yelpcdn.com/bphoto/FOJuplifvfTcJ9uw8kYGiA/o.jpg"", ""is_closed"": false, ""url"": ""https://zh.yelp.com.hk/biz/zhangs-chinese-kitchen-ogden-3?adjust_creative=ULHW7ynqdXE8Z9Fnr4irFw&utm_campaign=yelp_api_v3&utm_medium=api_v3_business_search&utm_source=ULHW7ynqdXE8Z9Fnr4irFw"", ""review_count"": 62, ""categories"": [{""alias"": ""chinese"", ""title"": ""\u4e2d\u570b\u83dc""}], ""rating"": 3.0, ""coordinates"": {""latitude"": 41.3052563882327, ""longitude"": -111.967529757728}, ""transactions"": [""delivery""], ""price"": ""$"", ""location"": {""address1"": ""2586 N 400th E"", ""address2"": null, ""address3"": null, ""city"": ""Ogden"", ""zip_code"": ""84414"", ""country"": ""US"", ""state"": ""UT"", ""display_address"": [""2586 N 400th E"", ""Ogden, UT 84414"", ""\u7f8e\u570b""]}, ""phone"": ""+18017373393"", ""display_phone"": ""+1 801-737-3393"", ""distance"": 17033.28019072131}, {""id"": ""TULIfnAQUtSOted6tAQauQ"", ""alias"": ""hug-hes-cafe-north-ogden"", ""name"": ""Hug-Hes Cafe"", ""image_url"": ""https://s3-media2.fl.yelpcdn.com/bphoto/JJpDvXf4__rLLRdjlVan-g/o.jpg"", ""is_closed"": false, ""url"": ""https://zh.yelp.com.hk/biz/hug-hes-cafe-north-ogden?adjust_creative=ULHW7ynqdXE8Z9Fnr4irFw&utm_campaign=yelp_api_v3&utm_medium=api_v3_business_search&utm_source=ULHW7ynqdXE8Z9Fnr4irFw"", ""review_count"": 50, ""categories"": [{""alias"": ""newamerican"", ""title"": ""\u7f8e\u570b\u83dc\uff08\u65b0\u6d3e\uff09""}, {""alias"": ""cafes"", ""title"": ""\u5496\u5561\u5ba4""}], ""rating"": 4.0, ""coordinates"": {""latitude"": 41.306182, ""longitude"": -111.970266}, ""transactions"": [""delivery"", ""pickup""], ""price"": ""$$"", ""location"": {""address1"": ""360 E 2600th N"", ""address2"": """", ""address3"": null, ""city"": ""North Ogden"", ""zip_code"": ""84414"", ""country"": ""US"", ""state"": ""UT"", ""display_address"": [""360 E 2600th N"", ""North Ogden, UT 84414"", ""\u7f8e\u570b""]}, ""phone"": ""+18016053925"", ""display_phone"": ""+1 801-605-3925"", ""distance"": 17216.1074215742}, {""id"": ""BVhJPhA4wNoKLIyPKMaf8A"", ""alias"": ""mo-bettahs-hawaiian-style-food-bountiful"", ""name"": ""Mo' Bettahs Hawaiian Style Food"", ""image_url"": ""https://s3-media3.fl.yelpcdn.com/bphoto/r-m0B_cbvQseGIInSbNRRA/o.jpg"", ""is_closed"": false, ""url"": ""https://zh.yelp.com.hk/biz/mo-bettahs-hawaiian-style-food-bountiful?adjust_creative=ULHW7ynqdXE8Z9Fnr4irFw&utm_campaign=yelp_api_v3&utm_medium=api_v3_business_search&utm_source=ULHW7ynqdXE8Z9Fnr4irFw"", ""review_count"": 200, ""categories"": [{""alias"": ""hawaiian"", ""title"": ""\u590f\u5a01\u5937\u83dc""}], ""rating"": 4.0, ""coordinates"": {""latitude"": 40.88396855527056, ""longitude"": -111.88730564734216}, ""transactions"": [""delivery"", ""pickup""], ""price"": ""$"", ""location"": {""address1"": ""273 W 500th S"", ""address2"": ""Ste 3"", ""address3"": """", ""city"": ""Bountiful"", ""zip_code"": ""84010"", ""country"": ""US"", ""state"": ""UT"", ""display_address"": [""273 W 500th S"", ""Ste 3"", ""Bountiful, UT 84010"", ""\u7f8e\u570b""]}, ""phone"": ""+18012962928"", ""display_phone"": ""+1 801-296-2928"", ""distance"": 31084.132956772635}, {""id"": ""B_SLxV-OTmlA-aHy61GCoQ"", ""alias"": ""lucky-slice-pizza-clearfield-clearfield-2"", ""name"": ""Lucky Slice Pizza - Clearfield"", ""image_url"": ""https://s3-media2.fl.yelpcdn.com/bphoto/J4YjrNo00DPebyHdKI6j1g/o.jpg"", ""is_closed"": false, ""url"": ""https://zh.yelp.com.hk/biz/lucky-slice-pizza-clearfield-clearfield-2?adjust_creative=ULHW7ynqdXE8Z9Fnr4irFw&utm_campaign=yelp_api_v3&utm_medium=api_v3_business_search&utm_source=ULHW7ynqdXE8Z9Fnr4irFw"", ""review_count"": 161, ""categories"": [{""alias"": ""pizza"", ""title"": ""\u8584\u9905""}], ""rating"": 4.0, ""coordinates"": {""latitude"": 41.096187, ""longitude"": -111.9960002463831}, ""transactions"": [""delivery"", ""pickup""], ""price"": ""$"", ""location"": {""address1"": ""1246 S Legend Hills Dr"", ""address2"": """", ""address3"": """", ""city"": ""Clearfield"", ""zip_code"": ""84015"", ""country"": ""US"", ""state"": ""UT"", ""display_address"": [""1246 S Legend Hills Dr"", ""Clearfield, UT 84015"", ""\u7f8e\u570b""]}, ""phone"": ""+18018206992"", ""display_phone"": ""+1 801-820-6992"", ""distance"": 11592.714855383594}, {""id"": ""qp2GADBHmWTsLn9YjjO3Iw"", ""alias"": ""dylan-s-ogden-ogden"", ""name"": ""Dylan\u2019s Ogden"", ""image_url"": ""https://s3-media2.fl.yelpcdn.com/bphoto/hGetKBYdOKojQHJkd3flig/o.jpg"", ""is_closed"": false, ""url"": ""https://zh.yelp.com.hk/biz/dylan-s-ogden-ogden?adjust_creative=ULHW7ynqdXE8Z9Fnr4irFw&utm_campaign=yelp_api_v3&utm_medium=api_v3_business_search&utm_source=ULHW7ynqdXE8Z9Fnr4irFw"", ""review_count"": 50, ""categories"": [{""alias"": ""burgers"", ""title"": ""\u6f22\u5821\u5305""}, {""alias"": ""breakfast_brunch"", ""title"": ""\u65e9\u9910\u53caBrunch""}, {""alias"": ""sandwiches"", ""title"": ""\u4e09\u6587\u6cbb""}], ""rating"": 4.0, ""coordinates"": {""latitude"": 41.2436485290527, ""longitude"": -111.953941345215}, ""transactions"": [""delivery""], ""price"": ""$"", ""location"": {""address1"": ""981 12th St"", ""address2"": """", ""address3"": """", ""city"": ""Ogden"", ""zip_code"": ""84404"", ""country"": ""US"", ""state"": ""UT"", ""display_address"": [""981 12th St"", ""Ogden, UT 84404"", ""\u7f8e\u570b""]}, ""phone"": ""+18013934545"", ""display_phone"": ""+1 801-393-4545"", ""distance"": 10386.516126163811}, {""id"": ""0wQHTdctzaLvoKcI836fpQ"", ""alias"": ""dakine-grindz-restaurant-sunset-2"", ""name"": ""Dakine Grindz Restaurant"", ""image_url"": ""https://s3-media1.fl.yelpcdn.com/bphoto/gfGNGHqyxTgrrmf7OvUU5Q/o.jpg"", ""is_closed"": false, ""url"": ""https://zh.yelp.com.hk/biz/dakine-grindz-restaurant-sunset-2?adjust_creative=ULHW7ynqdXE8Z9Fnr4irFw&utm_campaign=yelp_api_v3&utm_medium=api_v3_business_search&utm_source=ULHW7ynqdXE8Z9Fnr4irFw"", ""review_count"": 175, ""categories"": [{""alias"": ""filipino"", ""title"": ""\u83f2\u5f8b\u8cd3\u83dc""}, {""alias"": ""hawaiian"", ""title"": ""\u590f\u5a01\u5937\u83dc""}], ""rating"": 4.5, ""coordinates"": {""latitude"": 41.1505, ""longitude"": -112.026876}, ""transactions"": [""delivery"", ""pickup""], ""price"": ""$$"", ""location"": {""address1"": ""2465 N Main St"", ""address2"": ""Ste 11A"", ""address3"": """", ""city"": ""Sunset"", ""zip_code"": ""84051"", ""country"": ""US"", ""state"": ""UT"", ""display_address"": [""2465 N Main St"", ""Ste 11A"", ""Sunset, UT 84051"", ""\u7f8e\u570b""]}, ""phone"": ""+18084955932"", ""display_phone"": ""+1 808-495-5932"", ""distance"": 11523.56686000781}, {""id"": ""ww4u6OuPGxgzUQETATrpJQ"", ""alias"": ""the-lotus-cafe-ogden"", ""name"": ""The Lotus Cafe"", ""image_url"": ""https://s3-media2.fl.yelpcdn.com/bphoto/M7N2RBEUuexltdmTUK2ZAA/o.jpg"", ""is_closed"": false, ""url"": ""https://zh.yelp.com.hk/biz/the-lotus-cafe-ogden?adjust_creative=ULHW7ynqdXE8Z9Fnr4irFw&utm_campaign=yelp_api_v3&utm_medium=api_v3_business_search&utm_source=ULHW7ynqdXE8Z9Fnr4irFw"", ""review_count"": 43, ""categories"": [{""alias"": ""cafes"", ""title"": ""\u5496\u5561\u5ba4""}, {""alias"": ""gourmet"", ""title"": ""\u7279\u8272\u98df\u54c1""}, {""alias"": ""gluten_free"", ""title"": ""\u4e0d\u542b\u9ea9\u8cea""}], ""rating"": 5.0, ""coordinates"": {""latitude"": 41.220298, ""longitude"": -111.966664}, ""transactions"": [], ""price"": ""$"", ""location"": {""address1"": ""529 25th St"", ""address2"": ""Ste 104"", ""address3"": """", ""city"": ""Ogden"", ""zip_code"": ""84401"", ""country"": ""US"", ""state"": ""UT"", ""display_address"": [""529 25th St"", ""Ste 104"", ""Ogden, UT 84401"", ""\u7f8e\u570b""]}, ""phone"": ""+18013922282"", ""display_phone"": ""+1 801-392-2282"", ""distance"": 8982.960564871353}, {""id"": ""qULqKzNcEIK8On566r4s8w"", ""alias"": ""nikko-sushi-and-ramen-kaysville"", ""name"": ""Nikko Sushi & Ramen"", ""image_url"": ""https://s3-media3.fl.yelpcdn.com/bphoto/OLdKhJf7jtdbz2XI85dnSg/o.jpg"", ""is_closed"": false, ""url"": ""https://zh.yelp.com.hk/biz/nikko-sushi-and-ramen-kaysville?adjust_creative=ULHW7ynqdXE8Z9Fnr4irFw&utm_campaign=yelp_api_v3&utm_medium=api_v3_business_search&utm_source=ULHW7ynqdXE8Z9Fnr4irFw"", ""review_count"": 125, ""categories"": [{""alias"": ""sushi"", ""title"": ""\u58fd\u53f8\u5e97""}, {""alias"": ""ramen"", ""title"": ""\u62c9\u9eb5""}], ""rating"": 4.5, ""coordinates"": {""latitude"": 41.038797, ""longitude"": -111.943752}, ""transactions"": [""delivery""], ""price"": ""$$"", ""location"": {""address1"": ""242 N 300 W"", ""address2"": null, ""address3"": """", ""city"": ""Kaysville"", ""zip_code"": ""84037"", ""country"": ""US"", ""state"": ""UT"", ""display_address"": [""242 N 300 W"", ""Kaysville, UT 84037"", ""\u7f8e\u570b""]}, ""phone"": ""+18015135596"", ""display_phone"": ""+1 801-513-5596"", ""distance"": 14567.195635847129}, {""id"": ""xFVhKU0gVVkIGRbFQ9pNUg"", ""alias"": ""808-hawaiian-eatery-south-ogden"", ""name"": ""808 Hawaiian Eatery"", ""image_url"": ""https://s3-media1.fl.yelpcdn.com/bphoto/Z6fPV7cOmpjQgD58PiTesA/o.jpg"", ""is_closed"": false, ""url"": ""https://zh.yelp.com.hk/biz/808-hawaiian-eatery-south-ogden?adjust_creative=ULHW7ynqdXE8Z9Fnr4irFw&utm_campaign=yelp_api_v3&utm_medium=api_v3_business_search&utm_source=ULHW7ynqdXE8Z9Fnr4irFw"", ""review_count"": 88, ""categories"": [{""alias"": ""asianfusion"", ""title"": ""\u4e9e\u6d32\u878d\u5408""}, {""alias"": ""hawaiian"", ""title"": ""\u590f\u5a01\u5937\u83dc""}], ""rating"": 4.0, ""coordinates"": {""latitude"": 41.15103, ""longitude"": -111.93755}, ""transactions"": [""delivery"", ""pickup""], ""price"": ""$"", ""location"": {""address1"": ""1657 E Skyline Dr"", ""address2"": ""Ste 3"", ""address3"": """", ""city"": ""South Ogden"", ""zip_code"": ""84405"", ""country"": ""US"", ""state"": ""UT"", ""display_address"": [""1657 E Skyline Dr"", ""Ste 3"", ""South Ogden, UT 84405"", ""\u7f8e\u570b""]}, ""phone"": ""+13852068883"", ""display_phone"": ""+1 385-206-8883"", ""distance"": 4200.072816778249}, {""id"": ""9VJSUGkEW_02SumgOq1Dig"", ""alias"": ""aroy-d-thai-cuisine-ogden"", ""name"": ""Aroy-D Thai Cuisine"", ""image_url"": ""https://s3-media1.fl.yelpcdn.com/bphoto/XuCaiPS1qllhNlUiyUJs5w/o.jpg"", ""is_closed"": false, ""url"": ""https://zh.yelp.com.hk/biz/aroy-d-thai-cuisine-ogden?adjust_creative=ULHW7ynqdXE8Z9Fnr4irFw&utm_campaign=yelp_api_v3&utm_medium=api_v3_business_search&utm_source=ULHW7ynqdXE8Z9Fnr4irFw"", ""review_count"": 297, ""categories"": [{""alias"": ""thai"", ""title"": ""\u6cf0\u570b\u83dc""}], ""rating"": 4.5, ""coordinates"": {""latitude"": 41.24423, ""longitude"": -112.00823}, ""transactions"": [""delivery""], ""price"": ""$$"", ""location"": {""address1"": ""1167 W 12th St"", ""address2"": ""Ste 5"", ""address3"": """", ""city"": ""Ogden"", ""zip_code"": ""84404"", ""country"": ""US"", ""state"": ""UT"", ""display_address"": [""1167 W 12th St"", ""Ste 5"", ""Ogden, UT 84404"", ""\u7f8e\u570b""]}, ""phone"": ""+18013932828"", ""display_phone"": ""+1 801-393-2828"", ""distance"": 13334.935932223607}, {""id"": ""JDLx29yYjl_SYqNSCN48Sg"", ""alias"": ""even-stevens-sandwiches-ogden"", ""name"": ""Even Stevens Sandwiches"", ""image_url"": ""https://s3-media3.fl.yelpcdn.com/bphoto/78Ebt4r6qKBFO9OpfHU6aA/o.jpg"", ""is_closed"": false, ""url"": ""https://zh.yelp.com.hk/biz/even-stevens-sandwiches-ogden?adjust_creative=ULHW7ynqdXE8Z9Fnr4irFw&utm_campaign=yelp_api_v3&utm_medium=api_v3_business_search&utm_source=ULHW7ynqdXE8Z9Fnr4irFw"", ""review_count"": 185, ""categories"": [{""alias"": ""sandwiches"", ""title"": ""\u4e09\u6587\u6cbb""}, {""alias"": ""breakfast_brunch"", ""title"": ""\u65e9\u9910\u53caBrunch""}, {""alias"": ""salad"", ""title"": ""\u6c99\u5f8b""}], ""rating"": 4.5, ""coordinates"": {""latitude"": 41.2265118767372, ""longitude"": -111.970085687935}, ""transactions"": [], ""price"": ""$"", ""location"": {""address1"": ""2214 Washington Blvd"", ""address2"": """", ""address3"": """", ""city"": ""Ogden"", ""zip_code"": ""84401"", ""country"": ""US"", ""state"": ""UT"", ""display_address"": [""2214 Washington Blvd"", ""Ogden, UT 84401"", ""\u7f8e\u570b""]}, ""phone"": ""+13853334194"", ""display_phone"": ""+1 385-333-4194"", ""distance"": 9676.643791664577}, {""id"": ""DceOJYwrP4a19-7iVwkmVg"", ""alias"": ""thai-rod-dee-layton-layton"", ""name"": ""Thai Rod Dee Layton "", ""image_url"": ""https://s3-media2.fl.yelpcdn.com/bphoto/bNEY6myb5R6FSb7gcaTxtQ/o.jpg"", ""is_closed"": false, ""url"": ""https://zh.yelp.com.hk/biz/thai-rod-dee-layton-layton?adjust_creative=ULHW7ynqdXE8Z9Fnr4irFw&utm_campaign=yelp_api_v3&utm_medium=api_v3_business_search&utm_source=ULHW7ynqdXE8Z9Fnr4irFw"", ""review_count"": 128, ""categories"": [{""alias"": ""thai"", ""title"": ""\u6cf0\u570b\u83dc""}, {""alias"": ""noodles"", ""title"": ""\u7c89\u9eb5""}], ""rating"": 4.0, ""coordinates"": {""latitude"": 41.0654044, ""longitude"": -111.97056088220887}, ""transactions"": [""delivery"", ""pickup""], ""price"": ""$"", ""location"": {""address1"": ""350 Main St"", ""address2"": null, ""address3"": """", ""city"": ""Layton "", ""zip_code"": ""84041"", ""country"": ""US"", ""state"": ""UT"", ""display_address"": [""350 Main St"", ""Layton , UT 84041"", ""\u7f8e\u570b""]}, ""phone"": ""+18015463735"", ""display_phone"": ""+1 801-546-3735"", ""distance"": 12813.690308717505}, {""id"": ""10Lq9JXiFWjU9AEhYLY5aQ"", ""alias"": ""ogden-valley-pizza-eden"", ""name"": ""Ogden Valley Pizza"", ""image_url"": ""https://s3-media1.fl.yelpcdn.com/bphoto/GFE1kRMAdnGzVEFw5m7jiQ/o.jpg"", ""is_closed"": false, ""url"": ""https://zh.yelp.com.hk/biz/ogden-valley-pizza-eden?adjust_creative=ULHW7ynqdXE8Z9Fnr4irFw&utm_campaign=yelp_api_v3&utm_medium=api_v3_business_search&utm_source=ULHW7ynqdXE8Z9Fnr4irFw"", ""review_count"": 47, ""categories"": [{""alias"": ""pizza"", ""title"": ""\u8584\u9905""}, {""alias"": ""salad"", ""title"": ""\u6c99\u5f8b""}, {""alias"": ""bbq"", ""title"": ""\u71d2\u70e4""}], ""rating"": 4.5, ""coordinates"": {""latitude"": 41.30631, ""longitude"": -111.82819}, ""transactions"": [], ""price"": ""$$"", ""location"": {""address1"": ""2612 S Hwy 162"", ""address2"": ""Unit 2"", ""address3"": """", ""city"": ""Eden"", ""zip_code"": ""84310"", ""country"": ""US"", ""state"": ""UT"", ""display_address"": [""2612 S Hwy 162"", ""Unit 2"", ""Eden, UT 84310"", ""\u7f8e\u570b""]}, ""phone"": ""+13852056130"", ""display_phone"": ""+1 385-205-6130"", ""distance"": 16707.098536062247}, {""id"": ""ehIlZxjI-RCRvtsESMAVbQ"", ""alias"": ""ohana-sushi-and-asian-cuisine-ogden"", ""name"": ""Ohana Sushi & Asian Cuisine"", ""image_url"": ""https://s3-media2.fl.yelpcdn.com/bphoto/yQJ4rNdtRWKi2Ul1hkO-Hw/o.jpg"", ""is_closed"": false, ""url"": ""https://zh.yelp.com.hk/biz/ohana-sushi-and-asian-cuisine-ogden?adjust_creative=ULHW7ynqdXE8Z9Fnr4irFw&utm_campaign=yelp_api_v3&utm_medium=api_v3_business_search&utm_source=ULHW7ynqdXE8Z9Fnr4irFw"", ""review_count"": 157, ""categories"": [{""alias"": ""sushi"", ""title"": ""\u58fd\u53f8\u5e97""}, {""alias"": ""asianfusion"", ""title"": ""\u4e9e\u6d32\u878d\u5408""}], ""rating"": 4.5, ""coordinates"": {""latitude"": 41.2444249, ""longitude"": -111.9677314}, ""transactions"": [""delivery""], ""price"": ""$$"", ""location"": {""address1"": ""476 12th St"", ""address2"": """", ""address3"": """", ""city"": ""Ogden"", ""zip_code"": ""84404"", ""country"": ""US"", ""state"": ""UT"", ""display_address"": [""476 12th St"", ""Ogden, UT 84404"", ""\u7f8e\u570b""]}, ""phone"": ""+18016212595"", ""display_phone"": ""+1 801-621-2595"", ""distance"": 11110.505855814108}, {""id"": ""Hhla0kTT1x0Snn6hLgRsNw"", ""alias"": ""the-angry-goat-pub-and-kitchen-ogden"", ""name"": ""The Angry Goat Pub & Kitchen"", ""image_url"": ""https://s3-media2.fl.yelpcdn.com/bphoto/jzSY8A_yQBYnesyqYjX3xg/o.jpg"", ""is_closed"": false, ""url"": ""https://zh.yelp.com.hk/biz/the-angry-goat-pub-and-kitchen-ogden?adjust_creative=ULHW7ynqdXE8Z9Fnr4irFw&utm_campaign=yelp_api_v3&utm_medium=api_v3_business_search&utm_source=ULHW7ynqdXE8Z9Fnr4irFw"", ""review_count"": 165, ""categories"": [{""alias"": ""pubs"", ""title"": ""\u82f1\u5f0f\u9152\u5427""}, {""alias"": ""salad"", ""title"": ""\u6c99\u5f8b""}, {""alias"": ""tradamerican"", ""title"": ""\u7f8e\u570b\u83dc\uff08\u50b3\u7d71\uff09""}], ""rating"": 4.0, ""coordinates"": {""latitude"": 41.2189724788461, ""longitude"": -111.969818137586}, ""transactions"": [""delivery""], ""price"": ""$$"", ""location"": {""address1"": ""2570 Washington Blvd"", ""address2"": """", ""address3"": null, ""city"": ""Ogden"", ""zip_code"": ""84401"", ""country"": ""US"", ""state"": ""UT"", ""display_address"": [""2570 Washington Blvd"", ""Ogden, UT 84401"", ""\u7f8e\u570b""]}, ""phone"": ""+18016755757"", ""display_phone"": ""+1 801-675-5757"", ""distance"": 9071.950161307563}], ""total"": 281, ""region"": {""center"": {""longitude"": -111.89031, ""latitude"": 41.163506}}}",application/json,true,none
test_1hrrlmlral2ec_getBusinesses,200,"{""businesses"": [], ""total"": 0, ""region"": {""center"": {""longitude"": 144.96734619140625, ""latitude"": -37.81787593178502}}}",application/json,true,none
test_1ibh1kezq3ujn_getBusinesses,200,"{""businesses"": [], ""total"": 0, ""region"": {""center"": {""longitude"": -73.97918701171875, ""latitude"": 40.706977710584276}}}",application/json,true,none
test_1ibjuz5v0rc4w_getBusinesses,200,"{""businesses"": [{""id"": ""26Ts-2XRSeqiweSwLuyv6Q"", ""alias"": ""grenouilles-paris"", ""name"": ""Grenouilles"", ""image_url"": ""https://s3-media3.fl.yelpcdn.com/bphoto/_WLFmWoNorriT4iZMsqLhw/o.jpg"", ""is_closed"": false, ""url"": ""https://www.yelp.co.jp/biz/grenouilles-paris?adjust_creative=ULHW7ynqdXE8Z9Fnr4irFw&utm_campaign=yelp_api_v3&utm_medium=api_v3_business_search&utm_source=ULHW7ynqdXE8Z9Fnr4irFw"", ""review_count"": 46, ""categories"": [{""alias"": ""sandwiches"", ""title"": ""\u30b5\u30f3\u30c9\u30a4\u30c3\u30c1""}, {""alias"": ""delicatessen"", ""title"": ""\u30c7\u30ea\u30ab\u30c6\u30c3\u30bb\u30f3""}], ""rating"": 5.0, ""coordinates"": {""latitude"": 48.8871061857917, ""longitude"": 2.34178242552619}, ""transactions"": [], ""price"": ""\u20ac"", ""location"": {""address1"": ""55 rue du Chevalier de la Barre"", ""address2"": """", ""address3"": null, ""city"": ""\u30d1\u30ea"", ""zip_code"": ""75018"", ""country"": ""FR"", ""state"": ""75"", ""display_address"": [""55 rue du Chevalier de la Barre"", ""75018 \u30d1\u30ea"", ""\u30d5\u30e9\u30f3\u30b9""]}, ""phone"": ""+33608695116"", ""display_phone"": ""+33 6 08 69 51 16"", ""distance"": 2796.4077926191967}, {""id"": ""AzmLFVuOHT3QbfGcoLe4qg"", ""alias"": ""happy-caff\u00e9-paris-2"", ""name"": ""Happy Caff\u00e9"", ""image_url"": ""https://s3-media2.fl.yelpcdn.com/bphoto/p0mqr1w0C6d0SSQwPWCBnQ/o.jpg"", ""is_closed"": false, ""url"": ""https://www.yelp.co.jp/biz/happy-caff%C3%A9-paris-2?adjust_creative=ULHW7ynqdXE8Z9Fnr4irFw&utm_campaign=yelp_api_v3&utm_medium=api_v3_business_search&utm_source=ULHW7ynqdXE8Z9Fnr4irFw"", ""review_count"": 80, ""categories"": [{""alias"": ""creperies"", ""title"": ""\u30af\u30ec\u30fc\u30d7\u5c4b""}, {""alias"": ""sandwiches"", ""title"": ""\u30b5\u30f3\u30c9\u30a4\u30c3\u30c1""}], ""rating"": 5.0, ""coordinates"": {""latitude"": 48.86476, ""longitude"": 2.329615}, ""transactions"": [], ""price"": ""\u20ac"", ""location"": {""address1"": ""214 rue de Rivoli"", ""address2"": """", ""address3"": null, ""city"": ""\u30d1\u30ea"", ""zip_code"": ""75001"", ""country"": ""FR"", ""state"": ""75"", ""display_address"": [""214 rue de Rivoli"", ""75001 \u30d1\u30ea"", ""\u30d5\u30e9\u30f3\u30b9""]}, ""phone"": ""+33953529691"", ""display_phone"": ""+33 9 53 52 96 91"", ""distance"": 968.2549973645454}, {""id"": ""98LviFs0Q9iFKrSRvAg6XQ"", ""alias"": ""mich-sandwiches-paris"", ""name"": ""Mich Sandwiches"", ""image_url"": ""https://s3-media3.fl.yelpcdn.com/bphoto/gtNR0a2KPWlAS1DodQp4Sg/o.jpg"", ""is_closed"": false, ""url"": ""https://www.yelp.co.jp/biz/mich-sandwiches-paris?adjust_creative=ULHW7ynqdXE8Z9Fnr4irFw&utm_campaign=yelp_api_v3&utm_medium=api_v3_business_search&utm_source=ULHW7ynqdXE8Z9Fnr4irFw"", ""review_count"": 74, ""categories"": [{""alias"": ""creperies"", ""title"": ""\u30af\u30ec\u30fc\u30d7\u5c4b""}, {""alias"": ""sandwiches"", ""title"": ""\u30b5\u30f3\u30c9\u30a4\u30c3\u30c1""}, {""alias"": ""foodstands"", ""title"": ""\u30d5\u30fc\u30c9\u30b9\u30bf\u30f3\u30c9""}], ""rating"": 4.0, ""coordinates"": {""latitude"": 48.8533, ""longitude"": 2.34312}, ""transactions"": [], ""price"": ""\u20ac"", ""location"": {""address1"": ""10 place St Michel"", ""address2"": """", ""address3"": """", ""city"": ""\u30d1\u30ea"", ""zip_code"": ""75006"", ""country"": ""FR"", ""state"": ""75"", ""display_address"": [""10 place St Michel"", ""75006 \u30d1\u30ea"", ""\u30d5\u30e9\u30f3\u30b9""]}, ""phone"": ""+33606060606"", ""display_phone"": ""+33 6 06 06 06 06"", ""distance"": 956.9885416308182}, {""id"": ""GVvrOfdyTPBFJeQbJwc6Eg"", ""alias"": ""mcdonalds-paris-81"", ""name"": ""McDonald's"", ""image_url"": ""https://s3-media2.fl.yelpcdn.com/bphoto/PRNGCsAREIK7t2lKBuzimg/o.jpg"", ""is_closed"": false, ""url"": ""https://www.yelp.co.jp/biz/mcdonalds-paris-81?adjust_creative=ULHW7ynqdXE8Z9Fnr4irFw&utm_campaign=yelp_api_v3&utm_medium=api_v3_business_search&utm_source=ULHW7ynqdXE8Z9Fnr4irFw"", ""review_count"": 6, ""categories"": [{""alias"": ""hotdogs"", ""title"": ""\u30d5\u30a1\u30fc\u30b9\u30c8\u30d5\u30fc\u30c9""}, {""alias"": ""burgers"", ""title"": ""\u30cf\u30f3\u30d0\u30fc\u30ac\u30fc""}], ""rating"": 2.5, ""coordinates"": {""latitude"": 48.87597, ""longitude"": 2.34414}, ""transactions"": [], ""price"": ""\u20ac"", ""location"": {""address1"": ""65 rue la Fayette"", ""address2"": """", ""address3"": """", ""city"": ""\u30d1\u30ea"", ""zip_code"": ""75009"", ""country"": ""FR"", ""state"": ""75"", ""display_address"": [""65 rue la Fayette"", ""75009 \u30d1\u30ea"", ""\u30d5\u30e9\u30f3\u30b9""]}, ""phone"": ""+33145266778"", ""display_phone"": ""+33 1 45 26 67 78"", ""distance"": 1564.7931337383504}, {""id"": ""iuuAbuOeayVwqhxYWHuGRA"", ""alias"": ""la-maison-d-isabelle-paris"", ""name"": ""La Maison d'Isabelle"", ""image_url"": ""https://s3-media3.fl.yelpcdn.com/bphoto/EtUeLd18mv3kL2I-A-FNBw/o.jpg"", ""is_closed"": false, ""url"": ""https://www.yelp.co.jp/biz/la-maison-d-isabelle-paris?adjust_creative=ULHW7ynqdXE8Z9Fnr4irFw&utm_campaign=yelp_api_v3&utm_medium=api_v3_business_search&utm_source=ULHW7ynqdXE8Z9Fnr4irFw"", ""review_count"": 70, ""categories"": [{""alias"": ""bakeries"", ""title"": ""\u30d1\u30f3\u5c4b""}], ""rating"": 5.0, ""coordinates"": {""latitude"": 48.849847, ""longitude"": 2.348264}, ""transactions"": [], ""price"": ""\u20ac"", ""location"": {""address1"": ""47ter boulevard Saint-Germain"", ""address2"": """", ""address3"": null, ""city"": ""\u30d1\u30ea"", ""zip_code"": ""75005"", ""country"": ""FR"", ""state"": ""75"", ""display_address"": [""47ter boulevard Saint-Germain"", ""75005 \u30d1\u30ea"", ""\u30d5\u30e9\u30f3\u30b9""]}, ""phone"": ""+33143540414"", ""display_phone"": ""+33 1 43 54 04 14"", ""distance"": 1419.1390529615662}, {""id"": ""q_nTTN1Sm0oiiFxAH4HSlg"", ""alias"": ""gosselin-paris-2"", ""name"": ""Gosselin"", ""image_url"": ""https://s3-media1.fl.yelpcdn.com/bphoto/lGQ1yOIclQ4OelwavJQzqA/o.jpg"", ""is_closed"": false, ""url"": ""https://www.yelp.co.jp/biz/gosselin-paris-2?adjust_creative=ULHW7ynqdXE8Z9Fnr4irFw&utm_campaign=yelp_api_v3&utm_medium=api_v3_business_search&utm_source=ULHW7ynqdXE8Z9Fnr4irFw"", ""review_count"": 43, ""categories"": [{""alias"": ""bakeries"", ""title"": ""\u30d1\u30f3\u5c4b""}], ""rating"": 4.5, ""coordinates"": {""latitude"": 48.86163, ""longitude"": 2.34157}, ""transactions"": [], ""price"": ""\u20ac"", ""location"": {""address1"": ""123 rue Saint Honor\u00e9"", ""address2"": null, ""address3"": null, ""city"": ""\u30d1\u30ea"", ""zip_code"": ""75001"", ""country"": ""FR"", ""state"": ""75"", ""display_address"": [""123 rue Saint Honor\u00e9"", ""75001 \u30d1\u30ea"", ""\u30d5\u30e9\u30f3\u30b9""]}, ""phone"": ""+33145080359"", ""display_phone"": ""+33 1 45 08 03 59"", ""distance"": 55.87342231074043}, {""id"": ""XZX3qBgUAcCYGNoIhHGq-g"", ""alias"": ""chez-le-libanais-paris"", ""name"": ""Chez le Libanais"", ""image_url"": ""https://s3-media4.fl.yelpcdn.com/bphoto/Uk2TVXj-01LN2jTFvVfayw/o.jpg"", ""is_closed"": false, ""url"": ""https://www.yelp.co.jp/biz/chez-le-libanais-paris?adjust_creative=ULHW7ynqdXE8Z9Fnr4irFw&utm_campaign=yelp_api_v3&utm_medium=api_v3_business_search&utm_source=ULHW7ynqdXE8Z9Fnr4irFw"", ""review_count"": 188, ""categories"": [{""alias"": ""lebanese"", ""title"": ""\u30ec\u30d0\u30ce\u30f3\u6599\u7406""}], ""rating"": 4.5, ""coordinates"": {""latitude"": 48.85331, ""longitude"": 2.34166}, ""transactions"": [], ""price"": ""\u20ac"", ""location"": {""address1"": ""35 et 36 rue Saint-Andr\u00e9-des-Arts"", ""address2"": """", ""address3"": """", ""city"": ""\u30d1\u30ea"", ""zip_code"": ""75006"", ""country"": ""FR"", ""state"": ""75"", ""display_address"": [""35 et 36 rue Saint-Andr\u00e9-des-Arts"", ""75006 \u30d1\u30ea"", ""\u30d5\u30e9\u30f3\u30b9""]}, ""phone"": ""+33140460739"", ""display_phone"": ""+33 1 40 46 07 39"", ""distance"": 948.2304427156123}, {""id"": ""vCy73lpmXz0Pa4BuEyPzUg"", ""alias"": ""maison-rouge-paris"", ""name"": ""Maison Rouge"", ""image_url"": ""https://s3-media2.fl.yelpcdn.com/bphoto/0j5THO-PPH4-HV_yWHP2vQ/o.jpg"", ""is_closed"": false, ""url"": ""https://www.yelp.co.jp/biz/maison-rouge-paris?adjust_creative=ULHW7ynqdXE8Z9Fnr4irFw&utm_campaign=yelp_api_v3&utm_medium=api_v3_business_search&utm_source=ULHW7ynqdXE8Z9Fnr4irFw"", ""review_count"": 29, ""categories"": [{""alias"": ""brasseries"", ""title"": ""\u30d3\u30a2\u30db\u30fc\u30eb""}], ""rating"": 4.0, ""coordinates"": {""latitude"": 48.8604393, ""longitude"": 2.346665}, ""transactions"": [], ""price"": ""\u20ac"", ""location"": {""address1"": ""12-14 rue de la Ferronnerie"", ""address2"": """", ""address3"": null, ""city"": ""\u30d1\u30ea"", ""zip_code"": ""75001"", ""country"": ""FR"", ""state"": ""75"", ""display_address"": [""12-14 rue de la Ferronnerie"", ""75001 \u30d1\u30ea"", ""\u30d5\u30e9\u30f3\u30b9""]}, ""phone"": ""+33142211933"", ""display_phone"": ""+33 1 42 21 19 33"", ""distance"": 371.1272458340162}, {""id"": ""dUNwD0iqTBO5NThUvlk2dQ"", ""alias"": ""bulliz-paris"", ""name"": ""Bulliz"", ""image_url"": ""https://s3-media3.fl.yelpcdn.com/bphoto/Q6TZc0MX1JtP84_7p8z0Kg/o.jpg"", ""is_closed"": false, ""url"": ""https://www.yelp.co.jp/biz/bulliz-paris?adjust_creative=ULHW7ynqdXE8Z9Fnr4irFw&utm_campaign=yelp_api_v3&utm_medium=api_v3_business_search&utm_source=ULHW7ynqdXE8Z9Fnr4irFw"", ""review_count"": 20, ""categories"": [{""alias"": ""gourmet"", ""title"": ""\u5c02\u9580\u98df\u6599\u54c1\u5e97""}, {""alias"": ""french"", ""title"": ""\u30d5\u30ec\u30f3\u30c1""}], ""rating"": 4.5, ""coordinates"": {""latitude"": 48.87144, ""longitude"": 2.34994}, ""transactions"": [], ""price"": ""\u20ac"", ""location"": {""address1"": ""14 rue d'Hauteville"", ""address2"": """", ""address3"": """", ""city"": ""\u30d1\u30ea"", ""zip_code"": ""75010"", ""country"": ""FR"", ""state"": ""75"", ""display_address"": [""14 rue d'Hauteville"", ""75010 \u30d1\u30ea"", ""\u30d5\u30e9\u30f3\u30b9""]}, ""phone"": ""+33148783172"", ""display_phone"": ""+33 1 48 78 31 72"", ""distance"": 1204.0355413746984}, {""id"": ""PbneZ84bQ1f_eSncaTiU2Q"", ""alias"": ""au-p-tit-grec-paris-2"", ""name"": ""Au P'tit Grec"", ""image_url"": ""https://s3-media4.fl.yelpcdn.com/bphoto/PfQAK4G-uEt9tTMfbL5xFw/o.jpg"", ""is_closed"": false, ""url"": ""https://www.yelp.co.jp/biz/au-p-tit-grec-paris-2?adjust_creative=ULHW7ynqdXE8Z9Fnr4irFw&utm_campaign=yelp_api_v3&utm_medium=api_v3_business_search&utm_source=ULHW7ynqdXE8Z9Fnr4irFw"", ""review_count"": 219, ""categories"": [{""alias"": ""creperies"", ""title"": ""\u30af\u30ec\u30fc\u30d7\u5c4b""}, {""alias"": ""sandwiches"", ""title"": ""\u30b5\u30f3\u30c9\u30a4\u30c3\u30c1""}], ""rating"": 4.5, ""coordinates"": {""latitude"": 48.84278, ""longitude"": 2.3496}, ""transactions"": [], ""price"": ""\u20ac"", ""location"": {""address1"": ""68 rue Mouffetard"", ""address2"": """", ""address3"": """", ""city"": ""\u30d1\u30ea"", ""zip_code"": ""75005"", ""country"": ""FR"", ""state"": ""75"", ""display_address"": [""68 rue Mouffetard"", ""75005 \u30d1\u30ea"", ""\u30d5\u30e9\u30f3\u30b9""]}, ""phone"": ""+33143364506"", ""display_phone"": ""+33 1 43 36 45 06"", ""distance"": 2201.3851941124076}, {""id"": ""Cf6IYyG9WeWrCDmpmuP9pQ"", ""alias"": ""eric-kayser-paris-32"", ""name"": ""Eric Kayser"", ""image_url"": ""https://s3-media2.fl.yelpcdn.com/bphoto/rar24PwnGp37XvSViZcbyQ/o.jpg"", ""is_closed"": false, ""url"": ""https://www.yelp.co.jp/biz/eric-kayser-paris-32?adjust_creative=ULHW7ynqdXE8Z9Fnr4irFw&utm_campaign=yelp_api_v3&utm_medium=api_v3_business_search&utm_source=ULHW7ynqdXE8Z9Fnr4irFw"", ""review_count"": 134, ""categories"": [{""alias"": ""bakeries"", ""title"": ""\u30d1\u30f3\u5c4b""}, {""alias"": ""sandwiches"", ""title"": ""\u30b5\u30f3\u30c9\u30a4\u30c3\u30c1""}, {""alias"": ""delicatessen"", ""title"": ""\u30c7\u30ea\u30ab\u30c6\u30c3\u30bb\u30f3""}], ""rating"": 4.5, ""coordinates"": {""latitude"": 48.848938, ""longitude"": 2.349609}, ""transactions"": [], ""price"": ""\u20ac"", ""location"": {""address1"": ""8 rue Monge"", ""address2"": null, ""address3"": null, ""city"": ""\u30d1\u30ea"", ""zip_code"": ""75005"", ""country"": ""FR"", ""state"": ""75"", ""display_address"": [""8 rue Monge"", ""75005 \u30d1\u30ea"", ""\u30d5\u30e9\u30f3\u30b9""]}, ""phone"": ""+33144070142"", ""display_phone"": ""+33 1 44 07 01 42"", ""distance"": 1547.310986097426}, {""id"": ""GoHY7N5IkIHyKbP4zemw6Q"", ""alias"": ""la-maison-du-hot-dog-paris"", ""name"": ""La Maison du Hot Dog"", ""image_url"": ""https://s3-media2.fl.yelpcdn.com/bphoto/sEuqwm0--N4L0FYgYpRSRQ/o.jpg"", ""is_closed"": false, ""url"": ""https://www.yelp.co.jp/biz/la-maison-du-hot-dog-paris?adjust_creative=ULHW7ynqdXE8Z9Fnr4irFw&utm_campaign=yelp_api_v3&utm_medium=api_v3_business_search&utm_source=ULHW7ynqdXE8Z9Fnr4irFw"", ""review_count"": 2, ""categories"": [{""alias"": ""hotdog"", ""title"": ""\u30db\u30c3\u30c8\u30c9\u30c3\u30b0""}], ""rating"": 5.0, ""coordinates"": {""latitude"": 48.87178, ""longitude"": 2.37171}, ""transactions"": [], ""price"": ""\u20ac"", ""location"": {""address1"": ""37 rue Jacques Louvel-Tessier"", ""address2"": """", ""address3"": null, ""city"": ""\u30d1\u30ea"", ""zip_code"": ""75010"", ""country"": ""FR"", ""state"": ""75"", ""display_address"": [""37 rue Jacques Louvel-Tessier"", ""75010 \u30d1\u30ea"", ""\u30d5\u30e9\u30f3\u30b9""]}, ""phone"": ""+33954258762"", ""display_phone"": ""+33 9 54 25 87 62"", ""distance"": 2426.023817450244}, {""id"": ""Dc7Vi2yvPtusZCW5cndalg"", ""alias"": ""rotisserie-de-paris-paris-3"", ""name"": ""Rotisserie de Paris"", ""image_url"": ""https://s3-media1.fl.yelpcdn.com/bphoto/WctyUxQwljxIrtpN4DWykA/o.jpg"", ""is_closed"": false, ""url"": ""https://www.yelp.co.jp/biz/rotisserie-de-paris-paris-3?adjust_creative=ULHW7ynqdXE8Z9Fnr4irFw&utm_campaign=yelp_api_v3&utm_medium=api_v3_business_search&utm_source=ULHW7ynqdXE8Z9Fnr4irFw"", ""review_count"": 11, ""categories"": [{""alias"": ""gourmet"", ""title"": ""\u5c02\u9580\u98df\u6599\u54c1\u5e97""}, {""alias"": ""streetvendors"", ""title"": ""\u9732\u5929\u5546\u4eba""}], ""rating"": 4.5, ""coordinates"": {""latitude"": 48.88044, ""longitude"": 2.36414}, ""transactions"": [], ""price"": ""\u20ac"", ""location"": {""address1"": ""209 rue du faubourg Saint-Martin"", ""address2"": """", ""address3"": """", ""city"": ""\u30d1\u30ea"", ""zip_code"": ""75010"", ""country"": ""FR"", ""state"": ""75"", ""display_address"": [""209 rue du faubourg Saint-Martin"", ""75010 \u30d1\u30ea"", ""\u30d5\u30e9\u30f3\u30b9""]}, ""phone"": ""+33146075563"", ""display_phone"": ""+33 1 46 07 55 63"", ""distance"": 2609.5485022378784}, {""id"": ""TNCbWu4OqdsG0NsTVaVj4g"", ""alias"": ""chez-cl\u00e9opatre-paris-2"", ""name"": ""Chez Cl\u00e9opatre"", ""image_url"": ""https://s3-media4.fl.yelpcdn.com/bphoto/fnII6Mf3LAN_w3fRxgaQcQ/o.jpg"", ""is_closed"": false, ""url"": ""https://www.yelp.co.jp/biz/chez-cl%C3%A9opatre-paris-2?adjust_creative=ULHW7ynqdXE8Z9Fnr4irFw&utm_campaign=yelp_api_v3&utm_medium=api_v3_business_search&utm_source=ULHW7ynqdXE8Z9Fnr4irFw"", ""review_count"": 11, ""categories"": [{""alias"": ""greek"", ""title"": ""\u30ae\u30ea\u30b7\u30e3\u6599\u7406""}, {""alias"": ""sandwiches"", ""title"": ""\u30b5\u30f3\u30c9\u30a4\u30c3\u30c1""}, {""alias"": ""kebab"", ""title"": ""\u30b1\u30d0\u30d6""}], ""rating"": 4.5, ""coordinates"": {""latitude"": 48.8802499, ""longitude"": 2.34356}, ""transactions"": [], ""price"": ""\u20ac"", ""location"": {""address1"": ""46 rue Condorcet"", ""address2"": """", ""address3"": """", ""city"": ""\u30d1\u30ea"", ""zip_code"": ""75009"", ""country"": ""FR"", ""state"": ""75"", ""display_address"": [""46 rue Condorcet"", ""75009 \u30d1\u30ea"", ""\u30d5\u30e9\u30f3\u30b9""]}, ""phone"": ""+33612648609"", ""display_phone"": ""+33 6 12 64 86 09"", ""distance"": 2039.3470254416854}, {""id"": ""u7Wkc99XvvjaowPSUcMLsg"", ""alias"": ""open-air-market-paris"", ""name"": ""Open Air Market"", ""image_url"": ""https://s3-media4.fl.yelpcdn.com/bphoto/-xPbuSGG84sajeBNl2wk9g/o.jpg"", ""is_closed"": false, ""url"": ""https://www.yelp.co.jp/biz/open-air-market-paris?adjust_creative=ULHW7ynqdXE8Z9Fnr4irFw&utm_campaign=yelp_api_v3&utm_medium=api_v3_business_search&utm_source=ULHW7ynqdXE8Z9Fnr4irFw"", ""review_count"": 2, ""categories"": [{""alias"": ""farmersmarket"", ""title"": ""\u30d5\u30a1\u30fc\u30de\u30fc\u30ba\u30de\u30fc\u30b1\u30c3\u30c8""}], ""rating"": 4.5, ""coordinates"": {""latitude"": 48.85795, ""longitude"": 2.31554}, ""transactions"": [], ""price"": ""\u20ac"", ""location"": {""address1"": ""Rue de Grenelle"", ""address2"": """", ""address3"": """", ""city"": ""\u30d1\u30ea"", ""zip_code"": ""75015"", ""country"": ""FR"", ""state"": ""75"", ""display_address"": [""Rue de Grenelle"", ""75015 \u30d1\u30ea"", ""\u30d5\u30e9\u30f3\u30b9""]}, ""phone"": """", ""display_phone"": """", ""distance"": 2054.258186858497}, {""id"": ""0ywhA79RdU_uwPsmXJcYKw"", ""alias"": ""bl\u00e9-sucr\u00e9-paris-2"", ""name"": ""Bl\u00e9 Sucr\u00e9"", ""image_url"": ""https://s3-media4.fl.yelpcdn.com/bphoto/UCLo1AyBriC800FEFntmOg/o.jpg"", ""is_closed"": false, ""url"": ""https://www.yelp.co.jp/biz/bl%C3%A9-sucr%C3%A9-paris-2?adjust_creative=ULHW7ynqdXE8Z9Fnr4irFw&utm_campaign=yelp_api_v3&utm_medium=api_v3_business_search&utm_source=ULHW7ynqdXE8Z9Fnr4irFw"", ""review_count"": 314, ""categories"": [{""alias"": ""bakeries"", ""title"": ""\u30d1\u30f3\u5c4b""}], ""rating"": 4.5, ""coordinates"": {""latitude"": 48.850565, ""longitude"": 2.376759}, ""transactions"": [], ""price"": ""\u20ac"", ""location"": {""address1"": ""7 rue Antoine Vollon"", ""address2"": """", ""address3"": """", ""city"": ""\u30d1\u30ea"", ""zip_code"": ""75012"", ""country"": ""FR"", ""state"": ""75"", ""display_address"": [""7 rue Antoine Vollon"", ""75012 \u30d1\u30ea"", ""\u30d5\u30e9\u30f3\u30b9""]}, ""phone"": ""+33143407773"", ""display_phone"": ""+33 1 43 40 77 73"", ""distance"": 2831.426504410104}, {""id"": ""dS0a-gY3sMn6pT8FrjY_-g"", ""alias"": ""de-clercq-les-rois-de-la-frite-paris-4"", ""name"": ""De Clercq les Rois de la Frite"", ""image_url"": ""https://s3-media2.fl.yelpcdn.com/bphoto/5D4PtBwYnSkhcyX0y3GcxA/o.jpg"", ""is_closed"": false, ""url"": ""https://www.yelp.co.jp/biz/de-clercq-les-rois-de-la-frite-paris-4?adjust_creative=ULHW7ynqdXE8Z9Fnr4irFw&utm_campaign=yelp_api_v3&utm_medium=api_v3_business_search&utm_source=ULHW7ynqdXE8Z9Fnr4irFw"", ""review_count"": 45, ""categories"": [{""alias"": ""belgian"", ""title"": ""\u30d9\u30eb\u30ae\u30fc\u6599\u7406""}, {""alias"": ""hotdogs"", ""title"": ""\u30d5\u30a1\u30fc\u30b9\u30c8\u30d5\u30fc\u30c9""}], ""rating"": 3.5, ""coordinates"": {""latitude"": 48.87148, ""longitude"": 2.34304}, ""transactions"": [], ""price"": ""\u20ac"", ""location"": {""address1"": ""169 Rue Montmartre"", ""address2"": """", ""address3"": """", ""city"": ""\u30d1\u30ea"", ""zip_code"": ""75002"", ""country"": ""FR"", ""state"": ""75"", ""display_address"": [""169 Rue Montmartre"", ""75002 \u30d1\u30ea"", ""\u30d5\u30e9\u30f3\u30b9""]}, ""phone"": ""+33142214957"", ""display_phone"": ""+33 1 42 21 49 57"", ""distance"": 1060.738746459719}, {""id"": ""aEQTW9f3_Kzi2G183OFj5Q"", ""alias"": ""anticaf\u00e9-paris-21"", ""name"": ""Anticaf\u00e9"", ""image_url"": ""https://s3-media1.fl.yelpcdn.com/bphoto/55odQNq1W0xfgSBFLHK-0g/o.jpg"", ""is_closed"": false, ""url"": ""https://www.yelp.co.jp/biz/anticaf%C3%A9-paris-21?adjust_creative=ULHW7ynqdXE8Z9Fnr4irFw&utm_campaign=yelp_api_v3&utm_medium=api_v3_business_search&utm_source=ULHW7ynqdXE8Z9Fnr4irFw"", ""review_count"": 41, ""categories"": [{""alias"": ""cafes"", ""title"": ""\u30ab\u30d5\u30a7""}], ""rating"": 4.5, ""coordinates"": {""latitude"": 48.864178, ""longitude"": 2.336246}, ""transactions"": [], ""price"": ""\u20ac"", ""location"": {""address1"": ""10 rue de Richelieu"", ""address2"": """", ""address3"": """", ""city"": ""\u30d1\u30ea"", ""zip_code"": ""75001"", ""country"": ""FR"", ""state"": ""75"", ""display_address"": [""10 rue de Richelieu"", ""75001 \u30d1\u30ea"", ""\u30d5\u30e9\u30f3\u30b9""]}, ""phone"": ""+33173717286"", ""display_phone"": ""+33 1 73 71 72 86"", ""distance"": 497.2800338467179}, {""id"": ""LKL0SAmDehOuuwmhPtpWTA"", ""alias"": ""nicks-pizza-paris"", ""name"": ""Nick's Pizza"", ""image_url"": ""https://s3-media2.fl.yelpcdn.com/bphoto/vdhU9NtO9COAJhzcKektLw/o.jpg"", ""is_closed"": false, ""url"": ""https://www.yelp.co.jp/biz/nicks-pizza-paris?adjust_creative=ULHW7ynqdXE8Z9Fnr4irFw&utm_campaign=yelp_api_v3&utm_medium=api_v3_business_search&utm_source=ULHW7ynqdXE8Z9Fnr4irFw"", ""review_count"": 25, ""categories"": [{""alias"": ""pizza"", ""title"": ""\u30d4\u30b6""}, {""alias"": ""tradamerican"", ""title"": ""\u30a2\u30e1\u30ea\u30ab\u30f3""}], ""rating"": 4.0, ""coordinates"": {""latitude"": 48.873439037863, ""longitude"": 2.34297077273891}, ""transactions"": [], ""price"": ""\u20ac"", ""location"": {""address1"": ""24 rue du Faubourg Montmartre"", ""address2"": """", ""address3"": """", ""city"": ""\u30d1\u30ea"", ""zip_code"": ""75009"", ""country"": ""FR"", ""state"": ""75"", ""display_address"": [""24 rue du Faubourg Montmartre"", ""75009 \u30d1\u30ea"", ""\u30d5\u30e9\u30f3\u30b9""]}, ""phone"": ""+33148241194"", ""display_phone"": ""+33 1 48 24 11 94"", ""distance"": 1277.982631638904}, {""id"": ""fqubHKy6fX5PdyuM_nodng"", ""alias"": ""boulangerie-julien-paris-3"", ""name"": ""Boulangerie Julien"", ""image_url"": ""https://s3-media2.fl.yelpcdn.com/bphoto/BsKszxuY5Qr-AcoI2fS1yg/o.jpg"", ""is_closed"": false, ""url"": ""https://www.yelp.co.jp/biz/boulangerie-julien-paris-3?adjust_creative=ULHW7ynqdXE8Z9Fnr4irFw&utm_campaign=yelp_api_v3&utm_medium=api_v3_business_search&utm_source=ULHW7ynqdXE8Z9Fnr4irFw"", ""review_count"": 157, ""categories"": [{""alias"": ""bakeries"", ""title"": ""\u30d1\u30f3\u5c4b""}], ""rating"": 4.5, ""coordinates"": {""latitude"": 48.86109, ""longitude"": 2.344109}, ""transactions"": [], ""price"": ""\u20ac"", ""location"": {""address1"": ""75 rue Saint-Honor\u00e9"", ""address2"": """", ""address3"": """", ""city"": ""\u30d1\u30ea"", ""zip_code"": ""75001"", ""country"": ""FR"", ""state"": ""75"", ""display_address"": [""75 rue Saint-Honor\u00e9"", ""75001 \u30d1\u30ea"", ""\u30d5\u30e9\u30f3\u30b9""]}, ""phone"": ""+33142362483"", ""display_phone"": ""+33 1 42 36 24 83"", ""distance"": 172.94784579730944}, {""id"": ""Ru3X7QX1QmntfjfDzgmnDw"", ""alias"": ""cot-cot-paris"", ""name"": ""Cot Cot"", ""image_url"": ""https://s3-media3.fl.yelpcdn.com/bphoto/EZGySmIcBGgKPjPpD778lQ/o.jpg"", ""is_closed"": false, ""url"": ""https://www.yelp.co.jp/biz/cot-cot-paris?adjust_creative=ULHW7ynqdXE8Z9Fnr4irFw&utm_campaign=yelp_api_v3&utm_medium=api_v3_business_search&utm_source=ULHW7ynqdXE8Z9Fnr4irFw"", ""review_count"": 18, ""categories"": [{""alias"": ""chickenshop"", ""title"": ""\u9d8f\u8089\u5c02\u9580\u5e97""}], ""rating"": 4.0, ""coordinates"": {""latitude"": 48.88308, ""longitude"": 2.34653}, ""transactions"": [], ""price"": ""\u20ac"", ""location"": {""address1"": ""21 rue G\u00e9rando"", ""address2"": null, ""address3"": """", ""city"": ""\u30d1\u30ea"", ""zip_code"": ""75009"", ""country"": ""FR"", ""state"": ""75"", ""display_address"": [""21 rue G\u00e9rando"", ""75009 \u30d1\u30ea"", ""\u30d5\u30e9\u30f3\u30b9""]}, ""phone"": ""+33142407262"", ""display_phone"": ""+33 1 42 40 72 62"", ""distance"": 2366.272234090432}, {""id"": ""YRMHyCvqMz_lLgpqjNj_tw"", ""alias"": ""la-droguerie-du-marais-paris"", ""name"": ""La Droguerie du Marais"", ""image_url"": ""https://s3-media2.fl.yelpcdn.com/bphoto/YwUvdUKseG8-X8P-vVBPKw/o.jpg"", ""is_closed"": false, ""url"": ""https://www.yelp.co.jp/biz/la-droguerie-du-marais-paris?adjust_creative=ULHW7ynqdXE8Z9Fnr4irFw&utm_campaign=yelp_api_v3&utm_medium=api_v3_business_search&utm_source=ULHW7ynqdXE8Z9Fnr4irFw"", ""review_count"": 218, ""categories"": [{""alias"": ""creperies"", ""title"": ""\u30af\u30ec\u30fc\u30d7\u5c4b""}], ""rating"": 4.5, ""coordinates"": {""latitude"": 48.85789, ""longitude"": 2.35797}, ""transactions"": [], ""price"": ""\u20ac"", ""location"": {""address1"": ""56 rue des Rosiers"", ""address2"": """", ""address3"": """", ""city"": ""\u30d1\u30ea"", ""zip_code"": ""75004"", ""country"": ""FR"", ""state"": ""75"", ""display_address"": [""56 rue des Rosiers"", ""75004 \u30d1\u30ea"", ""\u30d5\u30e9\u30f3\u30b9""]}, ""phone"": """", ""display_phone"": """", ""distance"": 1248.4868955927175}, {""id"": ""4FGPXW79jYx_8iZuQPEQuQ"", ""alias"": ""le-pain-au-naturel-paris"", ""name"": ""Le Pain au Naturel"", ""image_url"": ""https://s3-media3.fl.yelpcdn.com/bphoto/ai1hkgliUutKQOHkD6y_9A/o.jpg"", ""is_closed"": false, ""url"": ""https://www.yelp.co.jp/biz/le-pain-au-naturel-paris?adjust_creative=ULHW7ynqdXE8Z9Fnr4irFw&utm_campaign=yelp_api_v3&utm_medium=api_v3_business_search&utm_source=ULHW7ynqdXE8Z9Fnr4irFw"", ""review_count"": 16, ""categories"": [{""alias"": ""bakeries"", ""title"": ""\u30d1\u30f3\u5c4b""}, {""alias"": ""sandwiches"", ""title"": ""\u30b5\u30f3\u30c9\u30a4\u30c3\u30c1""}], ""rating"": 4.0, ""coordinates"": {""latitude"": 48.833315, ""longitude"": 2.331368}, ""transactions"": [], ""price"": ""\u20ac"", ""location"": {""address1"": ""4 ave du G\u00e9n\u00e9ral Leclerc"", ""address2"": null, ""address3"": null, ""city"": ""\u30d1\u30ea"", ""zip_code"": ""75014"", ""country"": ""FR"", ""state"": ""75"", ""display_address"": [""4 ave du G\u00e9n\u00e9ral Leclerc"", ""75014 \u30d1\u30ea"", ""\u30d5\u30e9\u30f3\u30b9""]}, ""phone"": ""+33149581048"", ""display_phone"": ""+33 1 49 58 10 48"", ""distance"": 3281.242362302503}, {""id"": ""5PPRzntCCI_2wIp0g3SWwQ"", ""alias"": ""banh-mi-paris"", ""name"": ""Banh Mi"", ""image_url"": ""https://s3-media2.fl.yelpcdn.com/bphoto/1Np8wGZm1-of8MdzobgUCQ/o.jpg"", ""is_closed"": false, ""url"": ""https://www.yelp.co.jp/biz/banh-mi-paris?adjust_creative=ULHW7ynqdXE8Z9Fnr4irFw&utm_campaign=yelp_api_v3&utm_medium=api_v3_business_search&utm_source=ULHW7ynqdXE8Z9Fnr4irFw"", ""review_count"": 162, ""categories"": [{""alias"": ""vietnamese"", ""title"": ""\u30d9\u30c8\u30ca\u30e0\u6599\u7406""}, {""alias"": ""sandwiches"", ""title"": ""\u30b5\u30f3\u30c9\u30a4\u30c3\u30c1""}], ""rating"": 4.5, ""coordinates"": {""latitude"": 48.86662, ""longitude"": 2.36071}, ""transactions"": [], ""price"": ""\u20ac"", ""location"": {""address1"": ""81 rue de Turbigo"", ""address2"": """", ""address3"": """", ""city"": ""\u30d1\u30ea"", ""zip_code"": ""75003"", ""country"": ""FR"", ""state"": ""75"", ""display_address"": [""81 rue de Turbigo"", ""75003 \u30d1\u30ea"", ""\u30d5\u30e9\u30f3\u30b9""]}, ""phone"": ""+33148049890"", ""display_phone"": ""+33 1 48 04 98 90"", ""distance"": 1455.5584340271134}, {""id"": ""lvjKab-mIsgu0ibcdNlWww"", ""alias"": ""les-caves-du-louvre-paris"", ""name"": ""Les Caves du Louvre"", ""image_url"": ""https://s3-media2.fl.yelpcdn.com/bphoto/rvjPtQIyFyeO6RpM6lAAOQ/o.jpg"", ""is_closed"": false, ""url"": ""https://www.yelp.co.jp/biz/les-caves-du-louvre-paris?adjust_creative=ULHW7ynqdXE8Z9Fnr4irFw&utm_campaign=yelp_api_v3&utm_medium=api_v3_business_search&utm_source=ULHW7ynqdXE8Z9Fnr4irFw"", ""review_count"": 41, ""categories"": [{""alias"": ""winetastingroom"", ""title"": ""\u30ef\u30a4\u30f3\u30c6\u30a4\u30b9\u30c6\u30a3\u30f3\u30b0\u30eb\u30fc\u30e0""}, {""alias"": ""beer_and_wine"", ""title"": ""\u30d3\u30fc\u30eb\u3001\u30ef\u30a4\u30f3&\u30b9\u30d4\u30ea\u30c3\u30c4""}], ""rating"": 4.5, ""coordinates"": {""latitude"": 48.86092, ""longitude"": 2.34259}, ""transactions"": [], ""price"": ""\u20ac"", ""location"": {""address1"": ""52 rue de l'Arbre Sec"", ""address2"": """", ""address3"": """", ""city"": ""\u30d1\u30ea"", ""zip_code"": ""75001"", ""country"": ""FR"", ""state"": ""75"", ""display_address"": [""52 rue de l'Arbre Sec"", ""75001 \u30d1\u30ea"", ""\u30d5\u30e9\u30f3\u30b9""]}, ""phone"": ""+33140281311"", ""display_phone"": ""+33 1 40 28 13 11"", ""distance"": 122.05126813819737}, {""id"": ""usq5iWjjdFTeEFbpHjfRXQ"", ""alias"": ""strada-caf\u00e9-paris"", ""name"": ""Strada Caf\u00e9"", ""image_url"": ""https://s3-media2.fl.yelpcdn.com/bphoto/lsrHlZT3vKl_UrcW4xv-bQ/o.jpg"", ""is_closed"": false, ""url"": ""https://www.yelp.co.jp/biz/strada-caf%C3%A9-paris?adjust_creative=ULHW7ynqdXE8Z9Fnr4irFw&utm_campaign=yelp_api_v3&utm_medium=api_v3_business_search&utm_source=ULHW7ynqdXE8Z9Fnr4irFw"", ""review_count"": 69, ""categories"": [{""alias"": ""coffee"", ""title"": ""\u30b3\u30fc\u30d2\u30fc&\u30c6\u30a3\u30fc""}, {""alias"": ""breakfast_brunch"", ""title"": ""\u671d\u98df&\u30d6\u30e9\u30f3\u30c1""}], ""rating"": 4.5, ""coordinates"": {""latitude"": 48.863188, ""longitude"": 2.357273}, ""transactions"": [], ""price"": ""\u20ac"", ""location"": {""address1"": ""94 rue du Temple"", ""address2"": """", ""address3"": """", ""city"": ""\u30d1\u30ea"", ""zip_code"": ""75003"", ""country"": ""FR"", ""state"": ""75"", ""display_address"": [""94 rue du Temple"", ""75003 \u30d1\u30ea"", ""\u30d5\u30e9\u30f3\u30b9""]}, ""phone"": ""+33144610928"", ""display_phone"": ""+33 1 44 61 09 28"", ""distance"": 1114.8409980333793}, {""id"": ""rLaCI8irVRUEPAiQsqrUcg"", ""alias"": ""happy-nouilles-paris-2"", ""name"": ""Happy Nouilles"", ""image_url"": ""https://s3-media2.fl.yelpcdn.com/bphoto/qJN0PdHUVFX4DGCb9XQzfQ/o.jpg"", ""is_closed"": false, ""url"": ""https://www.yelp.co.jp/biz/happy-nouilles-paris-2?adjust_creative=ULHW7ynqdXE8Z9Fnr4irFw&utm_campaign=yelp_api_v3&utm_medium=api_v3_business_search&utm_source=ULHW7ynqdXE8Z9Fnr4irFw"", ""review_count"": 152, ""categories"": [{""alias"": ""chinese"", ""title"": ""\u4e2d\u83ef\u6599\u7406""}], ""rating"": 4.0, ""coordinates"": {""latitude"": 48.864524, ""longitude"": 2.355095}, ""transactions"": [], ""price"": ""\u20ac"", ""location"": {""address1"": ""95 rue Beaubourg"", ""address2"": null, ""address3"": null, ""city"": ""\u30d1\u30ea"", ""zip_code"": ""75003"", ""country"": ""FR"", ""state"": ""75"", ""display_address"": [""95 rue Beaubourg"", ""75003 \u30d1\u30ea"", ""\u30d5\u30e9\u30f3\u30b9""]}, ""phone"": ""+33144593122"", ""display_phone"": ""+33 1 44 59 31 22"", ""distance"": 989.1181898381853}, {""id"": ""b0X_Tvg38ch_m8OL9DoYkg"", ""alias"": ""cloud-cakes-paris"", ""name"": ""Cloud Cakes"", ""image_url"": ""https://s3-media2.fl.yelpcdn.com/bphoto/X31YXRNGIkRfcaGuRY9yWw/o.jpg"", ""is_closed"": false, ""url"": ""https://www.yelp.co.jp/biz/cloud-cakes-paris?adjust_creative=ULHW7ynqdXE8Z9Fnr4irFw&utm_campaign=yelp_api_v3&utm_medium=api_v3_business_search&utm_source=ULHW7ynqdXE8Z9Fnr4irFw"", ""review_count"": 83, ""categories"": [{""alias"": ""cakeshop"", ""title"": ""\u30d1\u30c6\u30a3\u30b9\u30ea\u30fc/\u30b1\u30fc\u30ad\u30b7\u30e7\u30c3\u30d7""}, {""alias"": ""coffee"", ""title"": ""\u30b3\u30fc\u30d2\u30fc&\u30c6\u30a3\u30fc""}, {""alias"": ""vegan"", ""title"": ""\u30f4\u30a3\u30fc\u30ac\u30f3""}], ""rating"": 4.5, ""coordinates"": {""latitude"": 48.86592, ""longitude"": 2.346318}, ""transactions"": [], ""price"": ""\u20ac"", ""location"": {""address1"": ""6 rue Mandar"", ""address2"": """", ""address3"": null, ""city"": ""\u30d1\u30ea"", ""zip_code"": ""75002"", ""country"": ""FR"", ""state"": ""75"", ""display_address"": [""6 rue Mandar"", ""75002 \u30d1\u30ea"", ""\u30d5\u30e9\u30f3\u30b9""]}, ""phone"": ""+33142339545"", ""display_phone"": ""+33 1 42 33 95 45"", ""distance"": 535.7995380959593}, {""id"": ""GiABHb3dOxuMBx2Gk7RFOQ"", ""alias"": ""maison-landemaine-paris-10"", ""name"": ""Maison Landemaine"", ""image_url"": ""https://s3-media1.fl.yelpcdn.com/bphoto/olF7MHUrK_UUtccWGxXWHg/o.jpg"", ""is_closed"": false, ""url"": ""https://www.yelp.co.jp/biz/maison-landemaine-paris-10?adjust_creative=ULHW7ynqdXE8Z9Fnr4irFw&utm_campaign=yelp_api_v3&utm_medium=api_v3_business_search&utm_source=ULHW7ynqdXE8Z9Fnr4irFw"", ""review_count"": 27, ""categories"": [{""alias"": ""bakeries"", ""title"": ""\u30d1\u30f3\u5c4b""}, {""alias"": ""salad"", ""title"": ""\u30b5\u30e9\u30c0""}, {""alias"": ""sandwiches"", ""title"": ""\u30b5\u30f3\u30c9\u30a4\u30c3\u30c1""}], ""rating"": 4.5, ""coordinates"": {""latitude"": 48.85601, ""longitude"": 2.36871}, ""transactions"": [], ""price"": ""\u20ac"", ""location"": {""address1"": ""28 boulevard Beaumarchais"", ""address2"": """", ""address3"": """", ""city"": ""\u30d1\u30ea"", ""zip_code"": ""75011"", ""country"": ""FR"", ""state"": ""75"", ""display_address"": [""28 boulevard Beaumarchais"", ""75011 \u30d1\u30ea"", ""\u30d5\u30e9\u30f3\u30b9""]}, ""phone"": ""+33148062243"", ""display_phone"": ""+33 1 48 06 22 43"", ""distance"": 2055.5249187408417}, {""id"": ""WYlal50JWBfCCzGFPN57lg"", ""alias"": ""chez-cay-paris"", ""name"": ""Chez Cay"", ""image_url"": ""https://s3-media1.fl.yelpcdn.com/bphoto/JEG6mPT5s6QGwuS6sISw5g/o.jpg"", ""is_closed"": false, ""url"": ""https://www.yelp.co.jp/biz/chez-cay-paris?adjust_creative=ULHW7ynqdXE8Z9Fnr4irFw&utm_campaign=yelp_api_v3&utm_medium=api_v3_business_search&utm_source=ULHW7ynqdXE8Z9Fnr4irFw"", ""review_count"": 28, ""categories"": [{""alias"": ""chinese"", ""title"": ""\u4e2d\u83ef\u6599\u7406""}, {""alias"": ""vietnamese"", ""title"": ""\u30d9\u30c8\u30ca\u30e0\u6599\u7406""}, {""alias"": ""thai"", ""title"": ""\u30bf\u30a4\u6599\u7406""}], ""rating"": 4.5, ""coordinates"": {""latitude"": 48.86178, ""longitude"": 2.35394}, ""transactions"": [], ""price"": ""\u20ac"", ""location"": {""address1"": ""26 rue beaubourg"", ""address2"": null, ""address3"": """", ""city"": ""\u30d1\u30ea"", ""zip_code"": ""75003"", ""country"": ""FR"", ""state"": ""75"", ""display_address"": [""26 rue beaubourg"", ""75003 \u30d1\u30ea"", ""\u30d5\u30e9\u30f3\u30b9""]}, ""phone"": ""+33170699487"", ""display_phone"": ""+33 1 70 69 94 87"", ""distance"": 869.795955810984}, {""id"": ""2dv9Bthx_GJeX8fKqmJbeA"", ""alias"": ""anticaf\u00e9-paris-23"", ""name"": ""Anticaf\u00e9"", ""image_url"": ""https://s3-media4.fl.yelpcdn.com/bphoto/HvpqmWEO3MLh2cfYmq31Vg/o.jpg"", ""is_closed"": false, ""url"": ""https://www.yelp.co.jp/biz/anticaf%C3%A9-paris-23?adjust_creative=ULHW7ynqdXE8Z9Fnr4irFw&utm_campaign=yelp_api_v3&utm_medium=api_v3_business_search&utm_source=ULHW7ynqdXE8Z9Fnr4irFw"", ""review_count"": 44, ""categories"": [{""alias"": ""cafes"", ""title"": ""\u30ab\u30d5\u30a7""}, {""alias"": ""breakfast_brunch"", ""title"": ""\u671d\u98df&\u30d6\u30e9\u30f3\u30c1""}], ""rating"": 4.0, ""coordinates"": {""latitude"": 48.8622837149234, ""longitude"": 2.35109936445951}, ""transactions"": [], ""price"": ""\u20ac"", ""location"": {""address1"": ""79 rue Quincampoix"", ""address2"": """", ""address3"": """", ""city"": ""\u30d1\u30ea"", ""zip_code"": ""75003"", ""country"": ""FR"", ""state"": ""75"", ""display_address"": [""79 rue Quincampoix"", ""75003 \u30d1\u30ea"", ""\u30d5\u30e9\u30f3\u30b9""]}, ""phone"": ""+33173731074"", ""display_phone"": ""+33 1 73 73 10 74"", ""distance"": 655.8207755861135}, {""id"": ""aYMXcHm5uinrKpBxSql5KA"", ""alias"": ""4-pat-paris-2"", ""name"": ""4 Pat"", ""image_url"": ""https://s3-media2.fl.yelpcdn.com/bphoto/YoXKmcGdfqRmzSmAQ2GGkg/o.jpg"", ""is_closed"": false, ""url"": ""https://www.yelp.co.jp/biz/4-pat-paris-2?adjust_creative=ULHW7ynqdXE8Z9Fnr4irFw&utm_campaign=yelp_api_v3&utm_medium=api_v3_business_search&utm_source=ULHW7ynqdXE8Z9Fnr4irFw"", ""review_count"": 26, ""categories"": [{""alias"": ""french"", ""title"": ""\u30d5\u30ec\u30f3\u30c1""}], ""rating"": 4.0, ""coordinates"": {""latitude"": 48.85912, ""longitude"": 2.35359}, ""transactions"": [], ""price"": ""\u20ac"", ""location"": {""address1"": ""4 rue Saint-Merri"", ""address2"": """", ""address3"": """", ""city"": ""\u30d1\u30ea"", ""zip_code"": ""75004"", ""country"": ""FR"", ""state"": ""75"", ""display_address"": [""4 rue Saint-Merri"", ""75004 \u30d1\u30ea"", ""\u30d5\u30e9\u30f3\u30b9""]}, ""phone"": ""+33142772545"", ""display_phone"": ""+33 1 42 77 25 45"", ""distance"": 895.6778110046221}, {""id"": ""KBvc0C1wcbmafqcjAr0I4g"", ""alias"": ""le-grenier-\u00e0-pain-paris-8"", ""name"": ""Le Grenier \u00e0 Pain"", ""image_url"": ""https://s3-media4.fl.yelpcdn.com/bphoto/dK7UMC5ogpI2P2tGm1zezQ/o.jpg"", ""is_closed"": false, ""url"": ""https://www.yelp.co.jp/biz/le-grenier-%C3%A0-pain-paris-8?adjust_creative=ULHW7ynqdXE8Z9Fnr4irFw&utm_campaign=yelp_api_v3&utm_medium=api_v3_business_search&utm_source=ULHW7ynqdXE8Z9Fnr4irFw"", ""review_count"": 139, ""categories"": [{""alias"": ""bakeries"", ""title"": ""\u30d1\u30f3\u5c4b""}], ""rating"": 4.5, ""coordinates"": {""latitude"": 48.88518, ""longitude"": 2.33664}, ""transactions"": [], ""price"": ""\u20ac"", ""location"": {""address1"": ""38 rue des Abbesses"", ""address2"": null, ""address3"": null, ""city"": ""\u30d1\u30ea"", ""zip_code"": ""75018"", ""country"": ""FR"", ""state"": ""75"", ""display_address"": [""38 rue des Abbesses"", ""75018 \u30d1\u30ea"", ""\u30d5\u30e9\u30f3\u30b9""]}, ""phone"": ""+33146064181"", ""display_phone"": ""+33 1 46 06 41 81"", ""distance"": 2613.329835740553}, {""id"": ""SqSeqLzaBV_i8-Oo1X0vIw"", ""alias"": ""la-parisienne-paris-14"", ""name"": ""La Parisienne"", ""image_url"": ""https://s3-media2.fl.yelpcdn.com/bphoto/sMv7XzZMiVNUOmSdCIfoIQ/o.jpg"", ""is_closed"": false, ""url"": ""https://www.yelp.co.jp/biz/la-parisienne-paris-14?adjust_creative=ULHW7ynqdXE8Z9Fnr4irFw&utm_campaign=yelp_api_v3&utm_medium=api_v3_business_search&utm_source=ULHW7ynqdXE8Z9Fnr4irFw"", ""review_count"": 21, ""categories"": [{""alias"": ""bakeries"", ""title"": ""\u30d1\u30f3\u5c4b""}], ""rating"": 4.5, ""coordinates"": {""latitude"": 48.84819, ""longitude"": 2.33155}, ""transactions"": [], ""price"": ""\u20ac"", ""location"": {""address1"": ""48 rue Madame"", ""address2"": """", ""address3"": """", ""city"": ""\u30d1\u30ea"", ""zip_code"": ""75006"", ""country"": ""FR"", ""state"": ""75"", ""display_address"": [""48 rue Madame"", ""75006 \u30d1\u30ea"", ""\u30d5\u30e9\u30f3\u30b9""]}, ""phone"": ""+33951575035"", ""display_phone"": ""+33 9 51 57 50 35"", ""distance"": 1710.9139988736526}, {""id"": ""yqOc7we50Vs9RdFYc2mdfw"", ""alias"": ""cr\u00eaperie-elo-paris-3"", ""name"": ""Cr\u00eaperie Elo"", ""image_url"": ""https://s3-media2.fl.yelpcdn.com/bphoto/wY-oQOyGqX-4pZ6cVGd-gw/o.jpg"", ""is_closed"": false, ""url"": ""https://www.yelp.co.jp/biz/cr%C3%AAperie-elo-paris-3?adjust_creative=ULHW7ynqdXE8Z9Fnr4irFw&utm_campaign=yelp_api_v3&utm_medium=api_v3_business_search&utm_source=ULHW7ynqdXE8Z9Fnr4irFw"", ""review_count"": 23, ""categories"": [{""alias"": ""creperies"", ""title"": ""\u30af\u30ec\u30fc\u30d7\u5c4b""}], ""rating"": 4.5, ""coordinates"": {""latitude"": 48.85329, ""longitude"": 2.36729}, ""transactions"": [], ""price"": ""\u20ac"", ""location"": {""address1"": ""7 rue Saint-Antoine"", ""address2"": null, ""address3"": """", ""city"": ""\u30d1\u30ea"", ""zip_code"": ""75004"", ""country"": ""FR"", ""state"": ""75"", ""display_address"": [""7 rue Saint-Antoine"", ""75004 \u30d1\u30ea"", ""\u30d5\u30e9\u30f3\u30b9""]}, ""phone"": ""+33143482147"", ""display_phone"": ""+33 1 43 48 21 47"", ""distance"": 2076.510563138631}, {""id"": ""HaM_EGTCG0UoWGLyCAJSsQ"", ""alias"": ""clasico-argentino-paris-3"", ""name"": ""Clasico Argentino"", ""image_url"": ""https://s3-media3.fl.yelpcdn.com/bphoto/7aL9gl1PPJqYFtNzQReiuA/o.jpg"", ""is_closed"": false, ""url"": ""https://www.yelp.co.jp/biz/clasico-argentino-paris-3?adjust_creative=ULHW7ynqdXE8Z9Fnr4irFw&utm_campaign=yelp_api_v3&utm_medium=api_v3_business_search&utm_source=ULHW7ynqdXE8Z9Fnr4irFw"", ""review_count"": 9, ""categories"": [{""alias"": ""argentine"", ""title"": ""\u30a2\u30eb\u30bc\u30f3\u30c1\u30f3""}], ""rating"": 4.5, ""coordinates"": {""latitude"": 48.8560805, ""longitude"": 2.3669208}, ""transactions"": [], ""price"": ""\u20ac"", ""location"": {""address1"": ""8 rue du pas de la Mule"", ""address2"": """", ""address3"": """", ""city"": ""\u30d1\u30ea"", ""zip_code"": ""75003"", ""country"": ""FR"", ""state"": ""75"", ""display_address"": [""8 rue du pas de la Mule"", ""75003 \u30d1\u30ea"", ""\u30d5\u30e9\u30f3\u30b9""]}, ""phone"": ""+33171289326"", ""display_phone"": ""+33 1 71 28 93 26"", ""distance"": 1926.5693204546496}, {""id"": ""Dw0OT1FCNuzE-ee9Nttz7g"", ""alias"": ""march\u00e9-bastille-paris-3"", ""name"": ""March\u00e9 Bastille"", ""image_url"": ""https://s3-media4.fl.yelpcdn.com/bphoto/64SvMKgYE9yZGFxmdiclow/o.jpg"", ""is_closed"": false, ""url"": ""https://www.yelp.co.jp/biz/march%C3%A9-bastille-paris-3?adjust_creative=ULHW7ynqdXE8Z9Fnr4irFw&utm_campaign=yelp_api_v3&utm_medium=api_v3_business_search&utm_source=ULHW7ynqdXE8Z9Fnr4irFw"", ""review_count"": 50, ""categories"": [{""alias"": ""farmersmarket"", ""title"": ""\u30d5\u30a1\u30fc\u30de\u30fc\u30ba\u30de\u30fc\u30b1\u30c3\u30c8""}], ""rating"": 4.5, ""coordinates"": {""latitude"": 48.854683, ""longitude"": 2.369828}, ""transactions"": [], ""price"": ""\u20ac"", ""location"": {""address1"": ""Boulevard Richard Lenoir"", ""address2"": """", ""address3"": """", ""city"": ""\u30d1\u30ea"", ""zip_code"": ""75011"", ""country"": ""FR"", ""state"": ""75"", ""display_address"": [""Boulevard Richard Lenoir"", ""75011 \u30d1\u30ea"", ""\u30d5\u30e9\u30f3\u30b9""]}, ""phone"": ""+33143247439"", ""display_phone"": ""+33 1 43 24 74 39"", ""distance"": 2180.639238179572}, {""id"": ""Or6ej7Qgu_sMPH11hyklxw"", ""alias"": ""le-fournil-paris-2"", ""name"": ""Le Fournil"", ""image_url"": ""https://s3-media1.fl.yelpcdn.com/bphoto/QPCH6qUjuv6K9bj4-OBpyQ/o.jpg"", ""is_closed"": false, ""url"": ""https://www.yelp.co.jp/biz/le-fournil-paris-2?adjust_creative=ULHW7ynqdXE8Z9Fnr4irFw&utm_campaign=yelp_api_v3&utm_medium=api_v3_business_search&utm_source=ULHW7ynqdXE8Z9Fnr4irFw"", ""review_count"": 26, ""categories"": [{""alias"": ""creperies"", ""title"": ""\u30af\u30ec\u30fc\u30d7\u5c4b""}], ""rating"": 4.5, ""coordinates"": {""latitude"": 48.84801, ""longitude"": 2.34075}, ""transactions"": [], ""price"": ""\u20ac"", ""location"": {""address1"": ""62 rue Monsieur le Prince"", ""address2"": """", ""address3"": """", ""city"": ""\u30d1\u30ea"", ""zip_code"": ""75006"", ""country"": ""FR"", ""state"": ""75"", ""display_address"": [""62 rue Monsieur le Prince"", ""75006 \u30d1\u30ea"", ""\u30d5\u30e9\u30f3\u30b9""]}, ""phone"": """", ""display_phone"": """", ""distance"": 1560.6307503562864}, {""id"": ""UfnpdDlg8a4BzIbhoDvdZA"", ""alias"": ""boulangerie-utopie-paris"", ""name"": ""Boulangerie Utopie"", ""image_url"": ""https://s3-media1.fl.yelpcdn.com/bphoto/jR19FRpsWYcRdmq2AV9axw/o.jpg"", ""is_closed"": false, ""url"": ""https://www.yelp.co.jp/biz/boulangerie-utopie-paris?adjust_creative=ULHW7ynqdXE8Z9Fnr4irFw&utm_campaign=yelp_api_v3&utm_medium=api_v3_business_search&utm_source=ULHW7ynqdXE8Z9Fnr4irFw"", ""review_count"": 42, ""categories"": [{""alias"": ""bakeries"", ""title"": ""\u30d1\u30f3\u5c4b""}], ""rating"": 4.5, ""coordinates"": {""latitude"": 48.86535, ""longitude"": 2.36866}, ""transactions"": [], ""price"": ""\u20ac"", ""location"": {""address1"": ""20 rue Jean-Pierre Timbaud"", ""address2"": """", ""address3"": """", ""city"": ""\u30d1\u30ea"", ""zip_code"": ""75011"", ""country"": ""FR"", ""state"": ""75"", ""display_address"": [""20 rue Jean-Pierre Timbaud"", ""75011 \u30d1\u30ea"", ""\u30d5\u30e9\u30f3\u30b9""]}, ""phone"": ""+33982507448"", ""display_phone"": ""+33 9 82 50 74 48"", ""distance"": 1975.838408696203}, {""id"": ""n12hXeR1QhoAbhirc7DMBw"", ""alias"": ""saigon-sandwich-paris"", ""name"": ""Saigon Sandwich"", ""image_url"": ""https://s3-media3.fl.yelpcdn.com/bphoto/xJCay2hmBb6vkmWfT7du8Q/o.jpg"", ""is_closed"": false, ""url"": ""https://www.yelp.co.jp/biz/saigon-sandwich-paris?adjust_creative=ULHW7ynqdXE8Z9Fnr4irFw&utm_campaign=yelp_api_v3&utm_medium=api_v3_business_search&utm_source=ULHW7ynqdXE8Z9Fnr4irFw"", ""review_count"": 20, ""categories"": [{""alias"": ""vietnamese"", ""title"": ""\u30d9\u30c8\u30ca\u30e0\u6599\u7406""}, {""alias"": ""sandwiches"", ""title"": ""\u30b5\u30f3\u30c9\u30a4\u30c3\u30c1""}], ""rating"": 4.5, ""coordinates"": {""latitude"": 48.8714299, ""longitude"": 2.37636}, ""transactions"": [], ""price"": ""\u20ac"", ""location"": {""address1"": ""8 rue de la Pr\u00e9sentation"", ""address2"": """", ""address3"": """", ""city"": ""\u30d1\u30ea"", ""zip_code"": ""75011"", ""country"": ""FR"", ""state"": ""75"", ""display_address"": [""8 rue de la Pr\u00e9sentation"", ""75011 \u30d1\u30ea"", ""\u30d5\u30e9\u30f3\u30b9""]}, ""phone"": ""+33143383038"", ""display_phone"": ""+33 1 43 38 30 38"", ""distance"": 2719.3206777089586}, {""id"": ""yL2J2QnKXzYq2yBgPBYzSw"", ""alias"": ""le-daily-syrien-paris"", ""name"": ""Le Daily Syrien"", ""image_url"": ""https://s3-media4.fl.yelpcdn.com/bphoto/iwo9VE4MO62a4dSyHMzfug/o.jpg"", ""is_closed"": false, ""url"": ""https://www.yelp.co.jp/biz/le-daily-syrien-paris?adjust_creative=ULHW7ynqdXE8Z9Fnr4irFw&utm_campaign=yelp_api_v3&utm_medium=api_v3_business_search&utm_source=ULHW7ynqdXE8Z9Fnr4irFw"", ""review_count"": 38, ""categories"": [{""alias"": ""mideastern"", ""title"": ""\u4e2d\u6771\u6599\u7406""}], ""rating"": 4.5, ""coordinates"": {""latitude"": 48.871891, ""longitude"": 2.3537099}, ""transactions"": [], ""price"": ""\u20ac"", ""location"": {""address1"": ""55 rue du faubourg Saint-Denis"", ""address2"": """", ""address3"": """", ""city"": ""\u30d1\u30ea"", ""zip_code"": ""75010"", ""country"": ""FR"", ""state"": ""75"", ""display_address"": [""55 rue du faubourg Saint-Denis"", ""75010 \u30d1\u30ea"", ""\u30d5\u30e9\u30f3\u30b9""]}, ""phone"": ""+33954117535"", ""display_phone"": ""+33 9 54 11 75 35"", ""distance"": 1387.4229435941218}, {""id"": ""AxP-tajnHY4Dg4_y0CE14Q"", ""alias"": ""nabab-kebab-paris"", ""name"": ""Nabab Kebab"", ""image_url"": ""https://s3-media1.fl.yelpcdn.com/bphoto/Mn-1CaVK-Yjedp0D-bAiZQ/o.jpg"", ""is_closed"": false, ""url"": ""https://www.yelp.co.jp/biz/nabab-kebab-paris?adjust_creative=ULHW7ynqdXE8Z9Fnr4irFw&utm_campaign=yelp_api_v3&utm_medium=api_v3_business_search&utm_source=ULHW7ynqdXE8Z9Fnr4irFw"", ""review_count"": 4, ""categories"": [{""alias"": ""burgers"", ""title"": ""\u30cf\u30f3\u30d0\u30fc\u30ac\u30fc""}, {""alias"": ""hotdogs"", ""title"": ""\u30d5\u30a1\u30fc\u30b9\u30c8\u30d5\u30fc\u30c9""}, {""alias"": ""kebab"", ""title"": ""\u30b1\u30d0\u30d6""}], ""rating"": 4.5, ""coordinates"": {""latitude"": 48.8716698, ""longitude"": 2.34093}, ""transactions"": [], ""price"": ""\u20ac"", ""location"": {""address1"": ""17 bd Montmatre"", ""address2"": """", ""address3"": """", ""city"": ""\u30d1\u30ea"", ""zip_code"": ""75002"", ""country"": ""FR"", ""state"": ""75"", ""display_address"": [""17 bd Montmatre"", ""75002 \u30d1\u30ea"", ""\u30d5\u30e9\u30f3\u30b9""]}, ""phone"": ""+33142615343"", ""display_phone"": ""+33 1 42 61 53 43"", ""distance"": 1073.3377056874112}, {""id"": ""mSIJcsBrx8cM1Q_IcTvY5g"", ""alias"": ""maoz-paris"", ""name"": ""Maoz"", ""image_url"": ""https://s3-media2.fl.yelpcdn.com/bphoto/jVwBgH-QZx72iGjGtvp95g/o.jpg"", ""is_closed"": false, ""url"": ""https://www.yelp.co.jp/biz/maoz-paris?adjust_creative=ULHW7ynqdXE8Z9Fnr4irFw&utm_campaign=yelp_api_v3&utm_medium=api_v3_business_search&utm_source=ULHW7ynqdXE8Z9Fnr4irFw"", ""review_count"": 70, ""categories"": [{""alias"": ""falafel"", ""title"": ""\u30d5\u30a1\u30e9\u30d5\u30a7\u30eb""}], ""rating"": 4.5, ""coordinates"": {""latitude"": 48.85339, ""longitude"": 2.34169}, ""transactions"": [], ""price"": ""\u20ac"", ""location"": {""address1"": ""36 rue Saint-Andr\u00e9 des Arts"", ""address2"": """", ""address3"": """", ""city"": ""\u30d1\u30ea"", ""zip_code"": ""75006"", ""country"": ""FR"", ""state"": ""75"", ""display_address"": [""36 rue Saint-Andr\u00e9 des Arts"", ""75006 \u30d1\u30ea"", ""\u30d5\u30e9\u30f3\u30b9""]}, ""phone"": ""+33143263600"", ""display_phone"": ""+33 1 43 26 36 00"", ""distance"": 948.2304427156123}, {""id"": ""7OMxRtWo-xp3P86EyyyhdQ"", ""alias"": ""chez-nicos-paris"", ""name"": ""Chez Nicos"", ""image_url"": ""https://s3-media2.fl.yelpcdn.com/bphoto/7dluVRlDrLb1-VbWvDXiKw/o.jpg"", ""is_closed"": false, ""url"": ""https://www.yelp.co.jp/biz/chez-nicos-paris?adjust_creative=ULHW7ynqdXE8Z9Fnr4irFw&utm_campaign=yelp_api_v3&utm_medium=api_v3_business_search&utm_source=ULHW7ynqdXE8Z9Fnr4irFw"", ""review_count"": 31, ""categories"": [{""alias"": ""hotdogs"", ""title"": ""\u30d5\u30a1\u30fc\u30b9\u30c8\u30d5\u30fc\u30c9""}, {""alias"": ""creperies"", ""title"": ""\u30af\u30ec\u30fc\u30d7\u5c4b""}], ""rating"": 4.5, ""coordinates"": {""latitude"": 48.843136499531, ""longitude"": 2.3493767461919}, ""transactions"": [], ""price"": ""\u20ac"", ""location"": {""address1"": ""44 rue Mouffetard"", ""address2"": null, ""address3"": null, ""city"": ""\u30d1\u30ea"", ""zip_code"": ""75005"", ""country"": ""FR"", ""state"": ""75"", ""display_address"": [""44 rue Mouffetard"", ""75005 \u30d1\u30ea"", ""\u30d5\u30e9\u30f3\u30b9""]}, ""phone"": ""+33145872813"", ""display_phone"": ""+33 1 45 87 28 13"", ""distance"": 2158.718101120287}, {""id"": ""vC1dvV0wPjG8XToTUJyj2w"", ""alias"": ""raviolis-chinois-nord-est-paris"", ""name"": ""Raviolis Chinois Nord-Est"", ""image_url"": ""https://s3-media3.fl.yelpcdn.com/bphoto/r9s2mYzdhplIKsgz3TrOZg/o.jpg"", ""is_closed"": false, ""url"": ""https://www.yelp.co.jp/biz/raviolis-chinois-nord-est-paris?adjust_creative=ULHW7ynqdXE8Z9Fnr4irFw&utm_campaign=yelp_api_v3&utm_medium=api_v3_business_search&utm_source=ULHW7ynqdXE8Z9Fnr4irFw"", ""review_count"": 106, ""categories"": [{""alias"": ""dimsum"", ""title"": ""\u70b9\u5fc3""}, {""alias"": ""panasian"", ""title"": ""\u30a2\u30b8\u30a2\u6599\u7406""}], ""rating"": 4.0, ""coordinates"": {""latitude"": 48.87291, ""longitude"": 2.37535}, ""transactions"": [], ""price"": ""\u20ac"", ""location"": {""address1"": ""11 rue Civiale"", ""address2"": """", ""address3"": """", ""city"": ""\u30d1\u30ea"", ""zip_code"": ""75010"", ""country"": ""FR"", ""state"": ""75"", ""display_address"": [""11 rue Civiale"", ""75010 \u30d1\u30ea"", ""\u30d5\u30e9\u30f3\u30b9""]}, ""phone"": ""+33175508803"", ""display_phone"": ""+33 1 75 50 88 03"", ""distance"": 2716.7523531290467}, {""id"": ""mi10ZY8Jq1k7aFPG75H6ZA"", ""alias"": ""republique-of-coffee-paris"", ""name"": ""Republique of Coffee"", ""image_url"": ""https://s3-media4.fl.yelpcdn.com/bphoto/ND4K18mNjx9KjAXOoOeDYQ/o.jpg"", ""is_closed"": false, ""url"": ""https://www.yelp.co.jp/biz/republique-of-coffee-paris?adjust_creative=ULHW7ynqdXE8Z9Fnr4irFw&utm_campaign=yelp_api_v3&utm_medium=api_v3_business_search&utm_source=ULHW7ynqdXE8Z9Fnr4irFw"", ""review_count"": 65, ""categories"": [{""alias"": ""coffee"", ""title"": ""\u30b3\u30fc\u30d2\u30fc&\u30c6\u30a3\u30fc""}, {""alias"": ""breakfast_brunch"", ""title"": ""\u671d\u98df&\u30d6\u30e9\u30f3\u30c1""}], ""rating"": 4.5, ""coordinates"": {""latitude"": 48.86817, ""longitude"": 2.36204}, ""transactions"": [], ""price"": ""\u20ac"", ""location"": {""address1"": ""2 boulevard Saint-Martin"", ""address2"": """", ""address3"": null, ""city"": ""\u30d1\u30ea"", ""zip_code"": ""75010"", ""country"": ""FR"", ""state"": ""75"", ""display_address"": [""2 boulevard Saint-Martin"", ""75010 \u30d1\u30ea"", ""\u30d5\u30e9\u30f3\u30b9""]}, ""phone"": ""+33983353813"", ""display_phone"": ""+33 9 83 35 38 13"", ""distance"": 1602.8280686219393}, {""id"": ""40uDYAIjOKnfOhexA62wUg"", ""alias"": ""thieng-heng-paris"", ""name"": ""Thieng Heng"", ""image_url"": ""https://s3-media4.fl.yelpcdn.com/bphoto/W6P7yUJKq02dbuMxTYZdnA/o.jpg"", ""is_closed"": false, ""url"": ""https://www.yelp.co.jp/biz/thieng-heng-paris?adjust_creative=ULHW7ynqdXE8Z9Fnr4irFw&utm_campaign=yelp_api_v3&utm_medium=api_v3_business_search&utm_source=ULHW7ynqdXE8Z9Fnr4irFw"", ""review_count"": 57, ""categories"": [{""alias"": ""sandwiches"", ""title"": ""\u30b5\u30f3\u30c9\u30a4\u30c3\u30c1""}, {""alias"": ""vietnamese"", ""title"": ""\u30d9\u30c8\u30ca\u30e0\u6599\u7406""}], ""rating"": 4.0, ""coordinates"": {""latitude"": 48.82357, ""longitude"": 2.36513}, ""transactions"": [], ""price"": ""\u20ac"", ""location"": {""address1"": ""50 avenue d'Ivry"", ""address2"": null, ""address3"": null, ""city"": ""\u30d1\u30ea"", ""zip_code"": ""75013"", ""country"": ""FR"", ""state"": ""75"", ""display_address"": [""50 avenue d'Ivry"", ""75013 \u30d1\u30ea"", ""\u30d5\u30e9\u30f3\u30b9""]}, ""phone"": ""+33145829295"", ""display_phone"": ""+33 1 45 82 92 95"", ""distance"": 4587.990955777741}], ""total"": 1800, ""region"": {""center"": {""longitude"": 2.3421478271484375, ""latitude"": 48.86195860677958}}}",application/json,false,"OAS disconformity: [Path '/businesses/[item]/price'] Instance value ("""") not found in enum (possible values: [""$"";""$$"";""$$$"";""$$$$""])"
test_1ien6bv6rnp68_getBusinesses,200,"{""businesses"": [], ""total"": 0, ""region"": {""center"": {""longitude"": 2.3421478271484375, ""latitude"": 48.86195860677958}}}",application/json,true,none
test_1iepznvesqm9l_getBusinesses,200,"{""businesses"": [], ""total"": 0, ""region"": {""center"": {""longitude"": -105.96038818359375, ""latitude"": 35.665062782072155}}}",application/json,true,none
test_1iev1zzgufn09_getBusinesses,400,"{""error"": {""code"": ""OPEN_AT_AND_NOW_PROVIDED"", ""description"": ""You must specify either open_at or open_now, not both.""}}",application/json,true,none
test_1iut8v6birof5_getBusinesses,400,"{""error"": {""code"": ""VALIDATION_ERROR"", ""description"": ""Please specify a location or a latitude and longitude""}}",application/json,true,none
test_1jeaf1ihs0hgj_getBusinesses,200,"{""businesses"": [], ""total"": 0, ""region"": {""center"": {""longitude"": 139.76669311523438, ""latitude"": 35.685011526354074}}}",application/json,true,none
test_1jeaftw68lfsi_getBusinesses,200,"{""businesses"": [], ""total"": 0, ""region"": {""center"": {""longitude"": -109.50717, ""latitude"": 40.95876}}}",application/json,true,none
test_1jei6k849klkj_getBusinesses,200,"{""businesses"": [], ""total"": 0, ""region"": {""center"": {""longitude"": 139.76669311523438, ""latitude"": 35.685011526354074}}}",application/json,true,none
test_1jei6y97ujdiq_getBusinesses,400,"{""error"": {""code"": ""VALIDATION_ERROR"", ""description"": ""The open_at provided is too long ago, the timestamp must be within the last two weeks.""}}",application/json,true,none
test_1jensrifexkrn_getBusinesses,200,"{""businesses"": [{""id"": ""2EjEkq3ncBZ1-czM8YEvLw"", ""alias"": ""ashley-homestore-santa-fe-4"", ""name"": ""Ashley Homestore"", ""image_url"": ""https://s3-media3.fl.yelpcdn.com/bphoto/HEk7Y75qAid1mxwFmq_LWg/o.jpg"", ""is_closed"": false, ""url"": ""https://www.yelp.com/biz/ashley-homestore-santa-fe-4?adjust_creative=ULHW7ynqdXE8Z9Fnr4irFw&utm_campaign=yelp_api_v3&utm_medium=api_v3_business_search&utm_source=ULHW7ynqdXE8Z9Fnr4irFw"", ""review_count"": 28, ""categories"": [{""alias"": ""furniture"", ""title"": ""Furniture Stores""}, {""alias"": ""mattresses"", ""title"": ""Mattresses""}, {""alias"": ""homedecor"", ""title"": ""Home Decor""}], ""rating"": 2.0, ""coordinates"": {""latitude"": 35.632226, ""longitude"": -106.020315}, ""transactions"": [], ""price"": ""$$"", ""location"": {""address1"": ""4440 Cerrillos Rd"", ""address2"": """", ""address3"": """", ""city"": ""Santa Fe"", ""zip_code"": ""87507"", ""country"": ""US"", ""state"": ""NM"", ""display_address"": [""4440 Cerrillos Rd"", ""Santa Fe, NM 87507""]}, ""phone"": ""+15057808720"", ""display_phone"": ""(505) 780-8720"", ""distance"": 6530.877554449792}, {""id"": ""ZhP6UxD7Jcv27Anpai6xEw"", ""alias"": ""xanadu-santa-fe"", ""name"": ""Xanadu"", ""image_url"": ""https://s3-media1.fl.yelpcdn.com/bphoto/ehpz6p0t174R7CInwzjrCA/o.jpg"", ""is_closed"": false, ""url"": ""https://www.yelp.com/biz/xanadu-santa-fe?adjust_creative=ULHW7ynqdXE8Z9Fnr4irFw&utm_campaign=yelp_api_v3&utm_medium=api_v3_business_search&utm_source=ULHW7ynqdXE8Z9Fnr4irFw"", ""review_count"": 13, ""categories"": [{""alias"": ""homedecor"", ""title"": ""Home Decor""}, {""alias"": ""furniture"", ""title"": ""Furniture Stores""}, {""alias"": ""gemstonesandminerals"", ""title"": ""Gemstones & Minerals""}], ""rating"": 3.5, ""coordinates"": {""latitude"": 35.6884857, ""longitude"": -105.9402377}, ""transactions"": [], ""price"": ""$$"", ""location"": {""address1"": ""135 W Palace Ave"", ""address2"": """", ""address3"": """", ""city"": ""Santa Fe"", ""zip_code"": ""87501"", ""country"": ""US"", ""state"": ""NM"", ""display_address"": [""135 W Palace Ave"", ""Santa Fe, NM 87501""]}, ""phone"": ""+15059821001"", ""display_phone"": ""(505) 982-1001"", ""distance"": 3177.4593236773035}, {""id"": ""M6JplA3XVrf1s9rPSgiXXQ"", ""alias"": ""metamorphosis-santa-fe-4"", ""name"": ""Metamorphosis"", ""image_url"": ""https://s3-media4.fl.yelpcdn.com/bphoto/QpULjf9GRv_0JpcSQ5YTLA/o.jpg"", ""is_closed"": false, ""url"": ""https://www.yelp.com/biz/metamorphosis-santa-fe-4?adjust_creative=ULHW7ynqdXE8Z9Fnr4irFw&utm_campaign=yelp_api_v3&utm_medium=api_v3_business_search&utm_source=ULHW7ynqdXE8Z9Fnr4irFw"", ""review_count"": 4, ""categories"": [{""alias"": ""interiordesign"", ""title"": ""Interior Design""}, {""alias"": ""homestaging"", ""title"": ""Home Staging""}, {""alias"": ""furniture"", ""title"": ""Furniture Stores""}], ""rating"": 5.0, ""coordinates"": {""latitude"": 35.6458648, ""longitude"": -105.9546288}, ""transactions"": [], ""location"": {""address1"": ""3005 S St Francis Dr"", ""address2"": ""Unit 2A"", ""address3"": null, ""city"": ""Santa Fe"", ""zip_code"": ""87505"", ""country"": ""US"", ""state"": ""NM"", ""display_address"": [""3005 S St Francis Dr"", ""Unit 2A"", ""Santa Fe, NM 87505""]}, ""phone"": ""+15059202281"", ""display_phone"": ""(505) 920-2281"", ""distance"": 2197.222298499222}], ""total"": 3, ""region"": {""center"": {""longitude"": -105.96038818359375, ""latitude"": 35.665062782072155}}}",application/json,true,none
test_1jyouzc59s4dx_getBusinesses,400,"{""error"": {""code"": ""LOCATION_NOT_FOUND"", ""description"": ""Could not execute search, try specifying a more exact location.""}}",application/json,true,none
test_1k1ziyw9i3o0y_getBusinesses,200,"{""businesses"": [], ""total"": 0, ""region"": {""center"": {""longitude"": -122.43644714355469, ""latitude"": 37.76089938976322}}}",application/json,true,none
test_qe74yrc8zk8k_getBusinesses,400,"{""error"": {""code"": ""VALIDATION_ERROR"", ""description"": ""Please specify a location or a latitude and longitude""}}",application/json,true,none
test_qe9dprjv0up1_getBusinesses,400,"{""error"": {""code"": ""VALIDATION_ERROR"", ""description"": ""Please specify a location or a latitude and longitude""}}",application/json,true,none
test_qxl2lvyckwmv_getBusinesses,200,"{""businesses"": [], ""total"": 40, ""region"": {""center"": {""longitude"": -5.985832214355469, ""latitude"": 37.38897024983557}}}",application/json,true,none
test_qxqkzsjv9v8m_getBusinesses,400,"{""error"": {""code"": ""LOCATION_NOT_FOUND"", ""description"": ""Could not execute search, try specifying a more exact location.""}}",application/json,true,none
test_qxw3rnwgaq1u_getBusinesses,200,"{""businesses"": [], ""total"": 0, ""region"": {""center"": {""longitude"": 9.189033508300781, ""latitude"": 45.47047287954827}}}",application/json,true,none
test_r17a4x07rplw_getBusinesses,200,"{""businesses"": [], ""total"": 0, ""region"": {""center"": {""longitude"": 9.189033508300781, ""latitude"": 45.47047287954827}}}",application/json,true,none
test_rhlm1pcko1up_getBusinesses,200,"{""businesses"": [], ""total"": 0, ""region"": {""center"": {""longitude"": -91.91576, ""latitude"": 35.57679}}}",application/json,true,none
test_rhr75fha71h1_getBusinesses,400,"{""error"": {""code"": ""VALIDATION_ERROR"", ""description"": ""Please specify a location or a latitude and longitude""}}",application/json,true,none
test_rl2dj0tfn41l_getBusinesses,400,"{""error"": {""code"": ""VALIDATION_ERROR"", ""description"": ""The open_at provided is too long ago, the timestamp must be within the last two weeks.""}}",application/json,true,none
test_s1bo9ye8kunm_getBusinesses,400,"{""error"": {""code"": ""VALIDATION_ERROR"", ""description"": ""Please specify a location or a latitude and longitude""}}",application/json,true,none
test_skk155gnb4v5_getBusinesses,200,"{""businesses"": [], ""total"": 0, ""region"": {""center"": {""longitude"": -88.26107025146484, ""latitude"": 44.75855738140011}}}",application/json,true,none
test_skna4qk295pu_getBusinesses,400,"{""error"": {""code"": ""VALIDATION_ERROR"", ""description"": ""Please specify a location or a latitude and longitude""}}",application/json,true,none
test_skv5ew0enq5s_getBusinesses,400,"{""error"": {""code"": ""VALIDATION_ERROR"", ""description"": ""The open_at provided is too long ago, the timestamp must be within the last two weeks.""}}",application/json,true,none
test_skyeskk2z77b_getBusinesses,200,"{""businesses"": [], ""total"": 0, ""region"": {""center"": {""longitude"": -117.64421, ""latitude"": 36.719093}}}",application/json,true,none
test_sl0o8rzregdg_getBusinesses,200,"{""businesses"": [], ""total"": 0, ""region"": {""center"": {""longitude"": -88.26107025146484, ""latitude"": 44.75855738140011}}}",application/json,true,none
test_sl9h14nhk27p_getBusinesses,200,"{""businesses"": [], ""total"": 0, ""region"": {""center"": {""longitude"": -105.96038818359375, ""latitude"": 35.665062782072155}}}",application/json,true,none
test_sohet9a01d2a_getBusinesses,200,"{""businesses"": [], ""total"": 0, ""region"": {""center"": {""longitude"": 144.96734619140625, ""latitude"": -37.81787593178502}}}",application/json,true,none
test_t49in6npc4s1_getBusinesses,200,"{""businesses"": [], ""total"": 0, ""region"": {""center"": {""longitude"": -86.21185, ""latitude"": 46.50205}}}",application/json,true,none
test_t4htkyxwruwo_getBusinesses,200,"{""businesses"": [], ""total"": 0, ""region"": {""center"": {""longitude"": -84.55442, ""latitude"": 45.57406}}}",application/json,true,none
test_t4hur2bd2yxu_getBusinesses,400,"{""error"": {""code"": ""VALIDATION_ERROR"", ""description"": ""Please specify a location or a latitude and longitude""}}",application/json,true,none
test_t4vog07n3fp3_getBusinesses,200,"{""businesses"": [], ""total"": 0, ""region"": {""center"": {""longitude"": -90.21867, ""latitude"": 33.97484}}}",application/json,true,none
test_t4w78afji9nl_getBusinesses,200,"{""businesses"": [], ""total"": 0, ""region"": {""center"": {""longitude"": -104.91678, ""latitude"": 38.020164}}}",application/json,true,none
test_t8ceoz4sgncp_getBusinesses,400,"{""error"": {""code"": ""VALIDATION_ERROR"", ""description"": ""Please specify a location or a latitude and longitude""}}",application/json,true,none
test_t8fosizdiypk_getBusinesses,400,"{""error"": {""code"": ""VALIDATION_ERROR"", ""description"": ""Please specify a location or a latitude and longitude""}}",application/json,true,none
test_to1r5fpi17w5_getBusinesses,400,"{""error"": {""code"": ""VALIDATION_ERROR"", ""description"": ""Please specify a location or a latitude and longitude""}}",application/json,true,none
test_tocw74ir6lib_getBusinesses,200,"{""businesses"": [], ""total"": 0, ""region"": {""center"": {""longitude"": -87.72686, ""latitude"": 43.47131}}}",application/json,true,none
test_too02rzkfqzl_getBusinesses,400,"{""error"": {""code"": ""VALIDATION_ERROR"", ""description"": ""Please specify a location or a latitude and longitude""}}",application/json,true,none
test_u7r9tmlaw3sg_getBusinesses,400,"{""error"": {""code"": ""VALIDATION_ERROR"", ""description"": ""The open_at provided is too long ago, the timestamp must be within the last two weeks.""}}",application/json,true,none
test_u82wh43o9e7n_getBusinesses,400,"{""error"": {""code"": ""VALIDATION_ERROR"", ""description"": ""Please specify a location or a latitude and longitude""}}",application/json,true,none
test_ure2o35gc9wy_getBusinesses,200,"{""businesses"": [], ""total"": 0, ""region"": {""center"": {""longitude"": -91.03658, ""latitude"": 33.849796}}}",application/json,true,none
test_urejhvz3q985_getBusinesses,400,"{""error"": {""code"": ""VALIDATION_ERROR"", ""description"": ""Please specify a location or a latitude and longitude""}}",application/json,true,none
test_urmvxdjc7w4l_getBusinesses,400,"{""error"": {""code"": ""VALIDATION_ERROR"", ""description"": ""Please specify a location or a latitude and longitude""}}",application/json,true,none
test_vbsg6xwq3wwy_getBusinesses,200,"{""businesses"": [], ""total"": 0, ""region"": {""center"": {""longitude"": -84.82865, ""latitude"": 39.02417}}}",application/json,true,none
