testResultId,statusCode,responseBody,outputContentType,passed,failReason
test_1h7zbmz07o1td_getBusinesses,200,"{""businesses"": [{""id"": ""MUsHl4mdVXVvvK_lb4OSYA"", ""alias"": ""boochmania-san-francisco"", ""name"": ""Boochmania"", ""image_url"": ""https://s3-media4.fl.yelpcdn.com/bphoto/kuxI7dXdb1mMwgeCOC6MOQ/o.jpg"", ""is_closed"": false, ""url"": ""https://www.yelp.com/biz/boochmania-san-francisco?adjust_creative=ULHW7ynqdXE8Z9Fnr4irFw&utm_campaign=yelp_api_v3&utm_medium=api_v3_business_search&utm_source=ULHW7ynqdXE8Z9Fnr4irFw"", ""review_count"": 7, ""categories"": [{""alias"": ""kombucha"", ""title"": ""Kombucha""}, {""alias"": ""vegan"", ""title"": ""Vegan""}, {""alias"": ""mediterranean"", ""title"": ""Mediterranean""}], ""rating"": 5.0, ""coordinates"": {""latitude"": 37.78269, ""longitude"": -122.3968}, ""transactions"": [], ""location"": {""address1"": ""685 Harrison St"", ""address2"": null, ""address3"": """", ""city"": ""San Francisco"", ""zip_code"": ""94107"", ""country"": ""US"", ""state"": ""CA"", ""display_address"": [""685 Harrison St"", ""San Francisco, CA 94107""]}, ""phone"": ""+14158007527"", ""display_phone"": ""(415) 800-7527"", ""distance"": 4244.330402043683}, {""id"": ""amyteTseYTGbk_7nd4EoDA"", ""alias"": ""hed-verythai-san-francisco"", ""name"": ""Hed verythai"", ""image_url"": ""https://s3-media3.fl.yelpcdn.com/bphoto/P_3idhJbHAK72S5YEd__Fg/o.jpg"", ""is_closed"": false, ""url"": ""https://www.yelp.com/biz/hed-verythai-san-francisco?adjust_creative=ULHW7ynqdXE8Z9Fnr4irFw&utm_campaign=yelp_api_v3&utm_medium=api_v3_business_search&utm_source=ULHW7ynqdXE8Z9Fnr4irFw"", ""review_count"": 5, ""categories"": [{""alias"": ""thai"", ""title"": ""Thai""}], ""rating"": 5.0, ""coordinates"": {""latitude"": 37.79041710774593, ""longitude"": -122.4034643}, ""transactions"": [], ""location"": {""address1"": ""88 Hardie Pl"", ""address2"": null, ""address3"": """", ""city"": ""San Francisco"", ""zip_code"": ""94108"", ""country"": ""US"", ""state"": ""CA"", ""display_address"": [""88 Hardie Pl"", ""San Francisco, CA 94108""]}, ""phone"": ""+14157963944"", ""display_phone"": ""(415) 796-3944"", ""distance"": 4379.082458103467}, {""id"": ""XGgIiAxLHKTl64Ltdt73kw"", ""alias"": ""cantoo-latin-asian-rotisserie-san-francisco"", ""name"": ""Cantoo Latin Asian Rotisserie"", ""image_url"": ""https://s3-media2.fl.yelpcdn.com/bphoto/e_egTIePaluI9z64_xEDzQ/o.jpg"", ""is_closed"": false, ""url"": ""https://www.yelp.com/biz/cantoo-latin-asian-rotisserie-san-francisco?adjust_creative=ULHW7ynqdXE8Z9Fnr4irFw&utm_campaign=yelp_api_v3&utm_medium=api_v3_business_search&utm_source=ULHW7ynqdXE8Z9Fnr4irFw"", ""review_count"": 23, ""categories"": [{""alias"": ""chinese"", ""title"": ""Chinese""}, {""alias"": ""venezuelan"", ""title"": ""Venezuelan""}, {""alias"": ""asianfusion"", ""title"": ""Asian Fusion""}], ""rating"": 5.0, ""coordinates"": {""latitude"": 37.785838368891106, ""longitude"": -122.4141616}, ""transactions"": [], ""location"": {""address1"": ""572 O'Farrell St"", ""address2"": null, ""address3"": """", ""city"": ""San Francisco"", ""zip_code"": ""94102"", ""country"": ""US"", ""state"": ""CA"", ""display_address"": [""572 O'Farrell St"", ""San Francisco, CA 94102""]}, ""phone"": ""+14154005399"", ""display_phone"": ""(415) 400-5399"", ""distance"": 3395.0931109689104}, {""id"": ""ZfrZG62H90wZqg3vxNSGtg"", ""alias"": ""broadway-kebab-and-gyros-burlingame"", ""name"": ""Broadway Kebab and Gyros"", ""image_url"": ""https://s3-media3.fl.yelpcdn.com/bphoto/I3Rok3FEQgMep3RmDEVJBA/o.jpg"", ""is_closed"": false, ""url"": ""https://www.yelp.com/biz/broadway-kebab-and-gyros-burlingame?adjust_creative=ULHW7ynqdXE8Z9Fnr4irFw&utm_campaign=yelp_api_v3&utm_medium=api_v3_business_search&utm_source=ULHW7ynqdXE8Z9Fnr4irFw"", ""review_count"": 14, ""categories"": [{""alias"": ""mediterranean"", ""title"": ""Mediterranean""}, {""alias"": ""kebab"", ""title"": ""Kebab""}, {""alias"": ""turkish"", ""title"": ""Turkish""}], ""rating"": 5.0, ""coordinates"": {""latitude"": 37.585925, ""longitude"": -122.365206}, ""transactions"": [""delivery"", ""pickup""], ""location"": {""address1"": ""1232 Broadway"", ""address2"": null, ""address3"": """", ""city"": ""Burlingame"", ""zip_code"": ""94010"", ""country"": ""US"", ""state"": ""CA"", ""display_address"": [""1232 Broadway"", ""Burlingame, CA 94010""]}, ""phone"": ""+16503897173"", ""display_phone"": ""(650) 389-7173"", ""distance"": 20445.87054953016}, {""id"": ""29T0l-SaSX4i8m-FBEGN4A"", ""alias"": ""salmon-bar-san-francisco-2"", ""name"": ""Salmon Bar"", ""image_url"": ""https://s3-media1.fl.yelpcdn.com/bphoto/lARCZTdWvoERSaKkJkhILQ/o.jpg"", ""is_closed"": false, ""url"": ""https://www.yelp.com/biz/salmon-bar-san-francisco-2?adjust_creative=ULHW7ynqdXE8Z9Fnr4irFw&utm_campaign=yelp_api_v3&utm_medium=api_v3_business_search&utm_source=ULHW7ynqdXE8Z9Fnr4irFw"", ""review_count"": 37, ""categories"": [{""alias"": ""seafood"", ""title"": ""Seafood""}, {""alias"": ""japanese"", ""title"": ""Japanese""}], ""rating"": 5.0, ""coordinates"": {""latitude"": 37.764972, ""longitude"": -122.424479}, ""transactions"": [""delivery"", ""restaurant_reservation"", ""pickup""], ""location"": {""address1"": ""3214 16th St"", ""address2"": null, ""address3"": """", ""city"": ""San Francisco"", ""zip_code"": ""94103"", ""country"": ""US"", ""state"": ""CA"", ""display_address"": [""3214 16th St"", ""San Francisco, CA 94103""]}, ""phone"": ""+16282134221"", ""display_phone"": ""(628) 213-4221"", ""distance"": 1139.0684179311227}, {""id"": ""kmfnIDqqfNDQSjSFtWS66w"", ""alias"": ""gyros-and-tzatziki-san-francisco-3"", ""name"": ""Gyros And Tzatziki"", ""image_url"": ""https://s3-media2.fl.yelpcdn.com/bphoto/Y7Iom1ynYx_mdDocBwpkPA/o.jpg"", ""is_closed"": false, ""url"": ""https://www.yelp.com/biz/gyros-and-tzatziki-san-francisco-3?adjust_creative=ULHW7ynqdXE8Z9Fnr4irFw&utm_campaign=yelp_api_v3&utm_medium=api_v3_business_search&utm_source=ULHW7ynqdXE8Z9Fnr4irFw"", ""review_count"": 12, ""categories"": [{""alias"": ""mediterranean"", ""title"": ""Mediterranean""}, {""alias"": ""greek"", ""title"": ""Greek""}, {""alias"": ""wraps"", ""title"": ""Wraps""}], ""rating"": 5.0, ""coordinates"": {""latitude"": 37.75225, ""longitude"": -122.41445}, ""transactions"": [""delivery"", ""pickup""], ""location"": {""address1"": ""3111 24th St"", ""address2"": null, ""address3"": """", ""city"": ""San Francisco"", ""zip_code"": ""94110"", ""country"": ""US"", ""state"": ""CA"", ""display_address"": [""3111 24th St"", ""San Francisco, CA 94110""]}, ""phone"": ""+14154004962"", ""display_phone"": ""(415) 400-4962"", ""distance"": 2156.748282989268}, {""id"": ""YJhy12quTnSYXSKmZuXaPA"", ""alias"": ""saltbreaker-alameda"", ""name"": ""Saltbreaker"", ""image_url"": ""https://s3-media4.fl.yelpcdn.com/bphoto/7mOy-eBINcF39cnXffXETg/o.jpg"", ""is_closed"": false, ""url"": ""https://www.yelp.com/biz/saltbreaker-alameda?adjust_creative=ULHW7ynqdXE8Z9Fnr4irFw&utm_campaign=yelp_api_v3&utm_medium=api_v3_business_search&utm_source=ULHW7ynqdXE8Z9Fnr4irFw"", ""review_count"": 17, ""categories"": [{""alias"": ""restaurants"", ""title"": ""Restaurants""}, {""alias"": ""cocktailbars"", ""title"": ""Cocktail Bars""}], ""rating"": 5.0, ""coordinates"": {""latitude"": 37.784147, ""longitude"": -122.3011849}, ""transactions"": [], ""location"": {""address1"": ""2350 Saratoga St"", ""address2"": null, ""address3"": """", ""city"": ""Alameda"", ""zip_code"": ""94501"", ""country"": ""US"", ""state"": ""CA"", ""display_address"": [""2350 Saratoga St"", ""Alameda, CA 94501""]}, ""phone"": ""+15102638232"", ""display_phone"": ""(510) 263-8232"", ""distance"": 12175.366058460253}, {""id"": ""QhUakEq9jq8Sz4UKQCQlsQ"", ""alias"": ""chaska-restaurant-san-francisco"", ""name"": ""Chaska Restaurant"", ""image_url"": ""https://s3-media2.fl.yelpcdn.com/bphoto/PezZ0AU3owyLidsD0z84DA/o.jpg"", ""is_closed"": false, ""url"": ""https://www.yelp.com/biz/chaska-restaurant-san-francisco?adjust_creative=ULHW7ynqdXE8Z9Fnr4irFw&utm_campaign=yelp_api_v3&utm_medium=api_v3_business_search&utm_source=ULHW7ynqdXE8Z9Fnr4irFw"", ""review_count"": 23, ""categories"": [{""alias"": ""indpak"", ""title"": ""Indian""}, {""alias"": ""pakistani"", ""title"": ""Pakistani""}, {""alias"": ""halal"", ""title"": ""Halal""}], ""rating"": 5.0, ""coordinates"": {""latitude"": 37.78083, ""longitude"": -122.47442}, ""transactions"": [""delivery"", ""pickup""], ""price"": ""$$"", ""location"": {""address1"": ""5120 Geary Blvd"", ""address2"": null, ""address3"": """", ""city"": ""San Francisco"", ""zip_code"": ""94118"", ""country"": ""US"", ""state"": ""CA"", ""display_address"": [""5120 Geary Blvd"", ""San Francisco, CA 94118""]}, ""phone"": ""+14157424166"", ""display_phone"": ""(415) 742-4166"", ""distance"": 4007.1086951271}, {""id"": ""S6ZW7VR3-sy-Zc5zLaEx9w"", ""alias"": ""pink-cloud-tea-and-more-berkeley"", ""name"": ""Pink Cloud Tea & More"", ""image_url"": ""https://s3-media4.fl.yelpcdn.com/bphoto/8qTUwtHMn_ip7X14VpCIEw/o.jpg"", ""is_closed"": false, ""url"": ""https://www.yelp.com/biz/pink-cloud-tea-and-more-berkeley?adjust_creative=ULHW7ynqdXE8Z9Fnr4irFw&utm_campaign=yelp_api_v3&utm_medium=api_v3_business_search&utm_source=ULHW7ynqdXE8Z9Fnr4irFw"", ""review_count"": 25, ""categories"": [{""alias"": ""bubbletea"", ""title"": ""Bubble Tea""}, {""alias"": ""sandwiches"", ""title"": ""Sandwiches""}, {""alias"": ""creperies"", ""title"": ""Creperies""}], ""rating"": 5.0, ""coordinates"": {""latitude"": 37.87139, ""longitude"": -122.267339}, ""transactions"": [], ""location"": {""address1"": ""2107 Addison St"", ""address2"": null, ""address3"": """", ""city"": ""Berkeley"", ""zip_code"": ""94704"", ""country"": ""US"", ""state"": ""CA"", ""display_address"": [""2107 Addison St"", ""Berkeley, CA 94704""]}, ""phone"": ""+15106479818"", ""display_phone"": ""(510) 647-9818"", ""distance"": 19277.02115101929}, {""id"": ""tblyNXdBnW2oDUNUseEsOA"", ""alias"": ""the-coffee-movement-san-francisco-4"", ""name"": ""The coffee movement"", ""image_url"": ""https://s3-media1.fl.yelpcdn.com/bphoto/etgl2rj_5OqNbEIf-rSoBQ/o.jpg"", ""is_closed"": false, ""url"": ""https://www.yelp.com/biz/the-coffee-movement-san-francisco-4?adjust_creative=ULHW7ynqdXE8Z9Fnr4irFw&utm_campaign=yelp_api_v3&utm_medium=api_v3_business_search&utm_source=ULHW7ynqdXE8Z9Fnr4irFw"", ""review_count"": 35, ""categories"": [{""alias"": ""coffee"", ""title"": ""Coffee & Tea""}], ""rating"": 5.0, ""coordinates"": {""latitude"": 37.776475, ""longitude"": -122.477736}, ""transactions"": [], ""location"": {""address1"": ""1737 Balboa"", ""address2"": null, ""address3"": """", ""city"": ""San Francisco"", ""zip_code"": ""94121"", ""country"": ""US"", ""state"": ""CA"", ""display_address"": [""1737 Balboa"", ""San Francisco, CA 94121""]}, ""phone"": """", ""display_phone"": """", ""distance"": 4028.0216516700816}, {""id"": ""kvPQylcijrRiUKhDxA_4eA"", ""alias"": ""towns-end-brunch-san-francisco-2"", ""name"": ""Town's End Brunch"", ""image_url"": ""https://s3-media3.fl.yelpcdn.com/bphoto/xA_Vvnv3EY44MxW0VBQTPQ/o.jpg"", ""is_closed"": false, ""url"": ""https://www.yelp.com/biz/towns-end-brunch-san-francisco-2?adjust_creative=ULHW7ynqdXE8Z9Fnr4irFw&utm_campaign=yelp_api_v3&utm_medium=api_v3_business_search&utm_source=ULHW7ynqdXE8Z9Fnr4irFw"", ""review_count"": 10, ""categories"": [{""alias"": ""breakfast_brunch"", ""title"": ""Breakfast & Brunch""}, {""alias"": ""burgers"", ""title"": ""Burgers""}, {""alias"": ""tradamerican"", ""title"": ""American (Traditional)""}], ""rating"": 5.0, ""coordinates"": {""latitude"": 37.782418849159, ""longitude"": -122.38859474110438}, ""transactions"": [""delivery"", ""pickup""], ""location"": {""address1"": ""2 Townsend St"", ""address2"": """", ""address3"": null, ""city"": ""San Francisco"", ""zip_code"": ""94107"", ""country"": ""US"", ""state"": ""CA"", ""display_address"": [""2 Townsend St"", ""San Francisco, CA 94107""]}, ""phone"": ""+14158759984"", ""display_phone"": ""(415) 875-9984"", ""distance"": 4839.007955920808}, {""id"": ""THpTY0X_xwRzUL7wYD6dDg"", ""alias"": ""sisterita-san-francisco"", ""name"": ""Sisterita"", ""image_url"": ""https://s3-media4.fl.yelpcdn.com/bphoto/8lKxi9lub276i3fGsFJSrw/o.jpg"", ""is_closed"": false, ""url"": ""https://www.yelp.com/biz/sisterita-san-francisco?adjust_creative=ULHW7ynqdXE8Z9Fnr4irFw&utm_campaign=yelp_api_v3&utm_medium=api_v3_business_search&utm_source=ULHW7ynqdXE8Z9Fnr4irFw"", ""review_count"": 14, ""categories"": [{""alias"": ""breakfast_brunch"", ""title"": ""Breakfast & Brunch""}, {""alias"": ""newamerican"", ""title"": ""American (New)""}, {""alias"": ""asianfusion"", ""title"": ""Asian Fusion""}], ""rating"": 5.0, ""coordinates"": {""latitude"": 37.79394, ""longitude"": -122.40413}, ""transactions"": [], ""location"": {""address1"": ""669 Commercial St"", ""address2"": null, ""address3"": """", ""city"": ""San Francisco"", ""zip_code"": ""94111"", ""country"": ""US"", ""state"": ""CA"", ""display_address"": [""669 Commercial St"", ""San Francisco, CA 94111""]}, ""phone"": ""+14156491919"", ""display_phone"": ""(415) 649-1919"", ""distance"": 4646.057762123511}, {""id"": ""phnu6vSLQM4bYGmAhFgbUQ"", ""alias"": ""society-eatery-burlingame"", ""name"": ""Society Eatery"", ""image_url"": ""https://s3-media1.fl.yelpcdn.com/bphoto/ASgx99X0K8D-OEkjQaWTaw/o.jpg"", ""is_closed"": false, ""url"": ""https://www.yelp.com/biz/society-eatery-burlingame?adjust_creative=ULHW7ynqdXE8Z9Fnr4irFw&utm_campaign=yelp_api_v3&utm_medium=api_v3_business_search&utm_source=ULHW7ynqdXE8Z9Fnr4irFw"", ""review_count"": 9, ""categories"": [{""alias"": ""tapasmallplates"", ""title"": ""Tapas/Small Plates""}, {""alias"": ""newamerican"", ""title"": ""American (New)""}, {""alias"": ""lounges"", ""title"": ""Lounges""}], ""rating"": 5.0, ""coordinates"": {""latitude"": 37.58037, ""longitude"": -122.35093}, ""transactions"": [], ""location"": {""address1"": ""1130 Bdwy"", ""address2"": """", ""address3"": null, ""city"": ""Burlingame"", ""zip_code"": ""94010"", ""country"": ""US"", ""state"": ""CA"", ""display_address"": [""1130 Bdwy"", ""Burlingame, CA 94010""]}, ""phone"": ""+16505811569"", ""display_phone"": ""(650) 581-1569"", ""distance"": 20339.411304020363}, {""id"": ""qiRB0kcuGSlGlPApzbulhg"", ""alias"": ""bige-burgers-oakland"", ""name"": ""BigE Burgers"", ""image_url"": ""https://s3-media3.fl.yelpcdn.com/bphoto/1DUEIyv26A5MKhxlur_jWA/o.jpg"", ""is_closed"": false, ""url"": ""https://www.yelp.com/biz/bige-burgers-oakland?adjust_creative=ULHW7ynqdXE8Z9Fnr4irFw&utm_campaign=yelp_api_v3&utm_medium=api_v3_business_search&utm_source=ULHW7ynqdXE8Z9Fnr4irFw"", ""review_count"": 4, ""categories"": [{""alias"": ""burgers"", ""title"": ""Burgers""}], ""rating"": 5.0, ""coordinates"": {""latitude"": 37.803846, ""longitude"": -122.271125}, ""transactions"": [], ""location"": {""address1"": ""1312 Broadway"", ""address2"": null, ""address3"": """", ""city"": ""Oakland"", ""zip_code"": ""94612"", ""country"": ""US"", ""state"": ""CA"", ""display_address"": [""1312 Broadway"", ""Oakland, CA 94612""]}, ""phone"": ""+15108174047"", ""display_phone"": ""(510) 817-4047"", ""distance"": 15280.973579691346}, {""id"": ""_lwr00ppYEuSxUP3yZX7uA"", ""alias"": ""lounge-chinatown-oakland"", ""name"": ""Lounge Chinatown"", ""image_url"": ""https://s3-media4.fl.yelpcdn.com/bphoto/pawiQangPm_YMBeSzEIDpg/o.jpg"", ""is_closed"": false, ""url"": ""https://www.yelp.com/biz/lounge-chinatown-oakland?adjust_creative=ULHW7ynqdXE8Z9Fnr4irFw&utm_campaign=yelp_api_v3&utm_medium=api_v3_business_search&utm_source=ULHW7ynqdXE8Z9Fnr4irFw"", ""review_count"": 12, ""categories"": [{""alias"": ""taiwanese"", ""title"": ""Taiwanese""}, {""alias"": ""lounges"", ""title"": ""Lounges""}], ""rating"": 5.0, ""coordinates"": {""latitude"": 37.79969, ""longitude"": -122.27177}, ""transactions"": [""delivery"", ""pickup""], ""location"": {""address1"": ""366 8th St"", ""address2"": """", ""address3"": null, ""city"": ""Oakland"", ""zip_code"": ""94607"", ""country"": ""US"", ""state"": ""CA"", ""display_address"": [""366 8th St"", ""Oakland, CA 94607""]}, ""phone"": ""+15108585971"", ""display_phone"": ""(510) 858-5971"", ""distance"": 15100.277241215033}, {""id"": ""OnlcTpYXRHFMHClXrIEngQ"", ""alias"": ""la-fromagerie-marina-san-francisco"", ""name"": ""La Fromagerie - Marina "", ""image_url"": ""https://s3-media4.fl.yelpcdn.com/bphoto/V9cFGEGSP76q40if-gLqMg/o.jpg"", ""is_closed"": false, ""url"": ""https://www.yelp.com/biz/la-fromagerie-marina-san-francisco?adjust_creative=ULHW7ynqdXE8Z9Fnr4irFw&utm_campaign=yelp_api_v3&utm_medium=api_v3_business_search&utm_source=ULHW7ynqdXE8Z9Fnr4irFw"", ""review_count"": 4, ""categories"": [{""alias"": ""cheese"", ""title"": ""Cheese Shops""}, {""alias"": ""salad"", ""title"": ""Salad""}, {""alias"": ""sandwiches"", ""title"": ""Sandwiches""}], ""rating"": 5.0, ""coordinates"": {""latitude"": 37.80043, ""longitude"": -122.44057}, ""transactions"": [""delivery"", ""pickup""], ""location"": {""address1"": ""2260 Chestnut St"", ""address2"": null, ""address3"": """", ""city"": ""San Francisco"", ""zip_code"": ""94123"", ""country"": ""US"", ""state"": ""CA"", ""display_address"": [""2260 Chestnut St"", ""San Francisco, CA 94123""]}, ""phone"": ""+14153747325"", ""display_phone"": ""(415) 374-7325"", ""distance"": 4414.421125075493}, {""id"": ""6woXHF4_h1EO4eZLtZbK-w"", ""alias"": ""yoma-cafe-san-francisco"", ""name"": ""Yoma Cafe"", ""image_url"": ""https://s3-media1.fl.yelpcdn.com/bphoto/OlTg4e-6aLt4ccAeugJMVQ/o.jpg"", ""is_closed"": false, ""url"": ""https://www.yelp.com/biz/yoma-cafe-san-francisco?adjust_creative=ULHW7ynqdXE8Z9Fnr4irFw&utm_campaign=yelp_api_v3&utm_medium=api_v3_business_search&utm_source=ULHW7ynqdXE8Z9Fnr4irFw"", ""review_count"": 39, ""categories"": [{""alias"": ""hotdogs"", ""title"": ""Fast Food""}, {""alias"": ""bubbletea"", ""title"": ""Bubble Tea""}, {""alias"": ""japacurry"", ""title"": ""Japanese Curry""}], ""rating"": 4.5, ""coordinates"": {""latitude"": 37.763876, ""longitude"": -122.474333}, ""transactions"": [], ""price"": ""$"", ""location"": {""address1"": ""1518 Irving St"", ""address2"": null, ""address3"": """", ""city"": ""San Francisco"", ""zip_code"": ""94122"", ""country"": ""US"", ""state"": ""CA"", ""display_address"": [""1518 Irving St"", ""San Francisco, CA 94122""]}, ""phone"": ""+14157424360"", ""display_phone"": ""(415) 742-4360"", ""distance"": 3347.2241125551527}, {""id"": ""s2R3RUJ09eBFvHVIUS4Shg"", ""alias"": ""kothai-republic-san-francisco"", ""name"": ""Kothai Republic"", ""image_url"": ""https://s3-media3.fl.yelpcdn.com/bphoto/9zVMgsspT6yDf1fUevHewQ/o.jpg"", ""is_closed"": false, ""url"": ""https://www.yelp.com/biz/kothai-republic-san-francisco?adjust_creative=ULHW7ynqdXE8Z9Fnr4irFw&utm_campaign=yelp_api_v3&utm_medium=api_v3_business_search&utm_source=ULHW7ynqdXE8Z9Fnr4irFw"", ""review_count"": 35, ""categories"": [{""alias"": ""korean"", ""title"": ""Korean""}, {""alias"": ""thai"", ""title"": ""Thai""}], ""rating"": 4.5, ""coordinates"": {""latitude"": 37.76219, ""longitude"": -122.46604}, ""transactions"": [], ""location"": {""address1"": ""1398 9th Ave"", ""address2"": null, ""address3"": """", ""city"": ""San Francisco"", ""zip_code"": ""94122"", ""country"": ""US"", ""state"": ""CA"", ""display_address"": [""1398 9th Ave"", ""San Francisco, CA 94122""]}, ""phone"": ""+14157424058"", ""display_phone"": ""(415) 742-4058"", ""distance"": 2606.5969287543485}, {""id"": ""0MHK2mkSdbHoBit_jry_iQ"", ""alias"": ""earth-tone-cafe-san-francisco"", ""name"": ""Earth Tone Cafe"", ""image_url"": ""https://s3-media3.fl.yelpcdn.com/bphoto/BhPYDNsDiT7Ay8eQKY72uA/o.jpg"", ""is_closed"": false, ""url"": ""https://www.yelp.com/biz/earth-tone-cafe-san-francisco?adjust_creative=ULHW7ynqdXE8Z9Fnr4irFw&utm_campaign=yelp_api_v3&utm_medium=api_v3_business_search&utm_source=ULHW7ynqdXE8Z9Fnr4irFw"", ""review_count"": 12, ""categories"": [{""alias"": ""cafes"", ""title"": ""Cafes""}], ""rating"": 4.5, ""coordinates"": {""latitude"": 37.76381648574873, ""longitude"": -122.46936106655068}, ""transactions"": [], ""location"": {""address1"": ""1097 Irving St"", ""address2"": """", ""address3"": null, ""city"": ""San Francisco"", ""zip_code"": ""94122"", ""country"": ""US"", ""state"": ""CA"", ""display_address"": [""1097 Irving St"", ""San Francisco, CA 94122""]}, ""phone"": ""+14157418384"", ""display_phone"": ""(415) 741-8384"", ""distance"": 2911.4528438195402}, {""id"": ""H268my0lQFdEWW6i8HigQA"", ""alias"": ""bloom-oakland-2"", ""name"": ""Bloom"", ""image_url"": ""https://s3-media3.fl.yelpcdn.com/bphoto/dxmQ0VgeOEnp6L40ekBUAQ/o.jpg"", ""is_closed"": false, ""url"": ""https://www.yelp.com/biz/bloom-oakland-2?adjust_creative=ULHW7ynqdXE8Z9Fnr4irFw&utm_campaign=yelp_api_v3&utm_medium=api_v3_business_search&utm_source=ULHW7ynqdXE8Z9Fnr4irFw"", ""review_count"": 24, ""categories"": [{""alias"": ""pizza"", ""title"": ""Pizza""}, {""alias"": ""salad"", ""title"": ""Salad""}], ""rating"": 4.5, ""coordinates"": {""latitude"": 37.809322, ""longitude"": -122.273244}, ""transactions"": [""delivery"", ""pickup""], ""location"": {""address1"": ""1917 San Pablo Ave"", ""address2"": null, ""address3"": """", ""city"": ""Oakland"", ""zip_code"": ""94612"", ""country"": ""US"", ""state"": ""CA"", ""display_address"": [""1917 San Pablo Ave"", ""Oakland, CA 94612""]}, ""phone"": ""+13414410849"", ""display_phone"": ""(341) 441-0849"", ""distance"": 15332.499112786352}], ""total"": 33, ""region"": {""center"": {""longitude"": -122.43644714355469, ""latitude"": 37.76089938976322}}}",application/json,true,none
test_1hb85oxb9dir7_getBusinesses,200,"{""businesses"": [], ""total"": 0, ""region"": {""center"": {""longitude"": -105.96038818359375, ""latitude"": 35.665062782072155}}}",application/json,true,none
test_1hbir969x8rxh_getBusinesses,400,"{""error"": {""code"": ""VALIDATION_ERROR"", ""description"": ""Please specify a location or a latitude and longitude""}}",application/json,true,none
test_1hrm0wovjciet_getBusinesses,200,"{""businesses"": [], ""total"": 0, ""region"": {""center"": {""longitude"": -105.96038818359375, ""latitude"": 35.665062782072155}}}",application/json,true,none
test_1ib8q8vhl64bl_getBusinesses,200,"{""businesses"": [], ""total"": 0, ""region"": {""center"": {""longitude"": 139.76669311523438, ""latitude"": 35.685011526354074}}}",application/json,true,none
test_1ibbkd9s4s9q0_getBusinesses,200,"{""businesses"": [], ""total"": 0, ""region"": {""center"": {""longitude"": -105.96038818359375, ""latitude"": 35.665062782072155}}}",application/json,true,none
test_1ibkcua10apgj_getBusinesses,400,"{""error"": {""code"": ""VALIDATION_ERROR"", ""description"": ""Too many results requested, limit+offset must be <= 1000.""}}",application/json,true,none
test_1ievj4wsfpbom_getBusinesses,400,"{""error"": {""code"": ""OPEN_AT_AND_NOW_PROVIDED"", ""description"": ""You must specify either open_at or open_now, not both.""}}",application/json,true,none
test_1iey9fir9vol4_getBusinesses,400,"{""error"": {""code"": ""VALIDATION_ERROR"", ""description"": ""Please specify a location or a latitude and longitude""}}",application/json,true,none
test_1ieybard5vnsm_getBusinesses,400,"{""error"": {""code"": ""VALIDATION_ERROR"", ""description"": ""Please specify a location or a latitude and longitude""}}",application/json,true,none
test_1iunnfrxqfupf_getBusinesses,400,"{""error"": {""code"": ""VALIDATION_ERROR"", ""description"": ""The open_at provided is too long ago, the timestamp must be within the last two weeks.""}}",application/json,true,none
test_1iyc6zyelir04_getBusinesses,200,"{""businesses"": [], ""total"": 0, ""region"": {""center"": {""longitude"": -106.44927978515625, ""latitude"": 31.653215982221013}}}",application/json,true,none
test_1jefh1y7qqxk2_getBusinesses,200,"{""businesses"": [], ""total"": 0, ""region"": {""center"": {""longitude"": 2.3421478271484375, ""latitude"": 48.86195860677958}}}",application/json,true,none
test_1ji78u5n6jhwl_getBusinesses,200,"{""businesses"": [], ""total"": 0, ""region"": {""center"": {""longitude"": -105.0644, ""latitude"": 46.347343}}}",application/json,true,none
test_1jics02h7qer6_getBusinesses,400,"{""error"": {""code"": ""VALIDATION_ERROR"", ""description"": ""Please specify a location or a latitude and longitude""}}",application/json,true,none
test_1jicu0segogu1_getBusinesses,400,"{""error"": {""code"": ""VALIDATION_ERROR"", ""description"": ""Please specify a location or a latitude and longitude""}}",application/json,true,none
test_1jiflc6o4tffl_getBusinesses,400,"{""error"": {""code"": ""OPEN_AT_AND_NOW_PROVIDED"", ""description"": ""You must specify either open_at or open_now, not both.""}}",application/json,true,none
test_1jym3wtjprnfl_getBusinesses,200,"{""businesses"": [], ""total"": 0, ""region"": {""center"": {""longitude"": -96.32808, ""latitude"": 45.17286}}}",application/json,true,none
test_qhnaxr4gf810_getBusinesses,200,"{""businesses"": [], ""total"": 0, ""region"": {""center"": {""longitude"": 9.189033508300781, ""latitude"": 45.47047287954827}}}",application/json,true,none
test_qxi8i5bkvzue_getBusinesses,200,"{""businesses"": [], ""total"": 0, ""region"": {""center"": {""longitude"": -88.26107025146484, ""latitude"": 44.75855738140011}}}",application/json,true,none
test_qxw3dawwxa9h_getBusinesses,200,"{""businesses"": [], ""total"": 0, ""region"": {""center"": {""longitude"": 139.76669311523438, ""latitude"": 35.685011526354074}}}",application/json,true,none
test_qxze8yx8xum1_getBusinesses,200,"{""businesses"": [], ""total"": 0, ""region"": {""center"": {""longitude"": 139.76669311523438, ""latitude"": 35.685011526354074}}}",application/json,true,none
test_qxzfem5d1c9t_getBusinesses,400,"{""error"": {""code"": ""LOCATION_NOT_FOUND"", ""description"": ""Could not execute search, try specifying a more exact location.""}}",application/json,true,none
test_r17t8iw3808l_getBusinesses,400,"{""error"": {""code"": ""VALIDATION_ERROR"", ""description"": ""Please specify a location or a latitude and longitude""}}",application/json,true,none
test_r1g4679mf034_getBusinesses,200,"{""businesses"": [], ""total"": 0, ""region"": {""center"": {""longitude"": -105.560585, ""latitude"": 39.798134}}}",application/json,true,none
test_rh7s0v7tgh10_getBusinesses,200,"{""businesses"": [], ""total"": 0, ""region"": {""center"": {""longitude"": -113.57572, ""latitude"": 33.553543}}}",application/json,true,none
test_rhiv4cwma06e_getBusinesses,200,"{""businesses"": [], ""total"": 0, ""region"": {""center"": {""longitude"": -88.26107025146484, ""latitude"": 44.75855738140011}}}",application/json,true,none
test_s4xfr6vsqesj_getBusinesses,400,"{""error"": {""code"": ""OPEN_AT_AND_NOW_PROVIDED"", ""description"": ""You must specify either open_at or open_now, not both.""}}",application/json,true,none
test_skmu2sedf6sy_getBusinesses,200,"{""businesses"": [], ""total"": 0, ""region"": {""center"": {""longitude"": 144.96734619140625, ""latitude"": -37.81787593178502}}}",application/json,true,none
test_sksa4e1tncqa_getBusinesses,400,"{""error"": {""code"": ""OPEN_AT_AND_NOW_PROVIDED"", ""description"": ""You must specify either open_at or open_now, not both.""}}",application/json,true,none
test_sohet7mkp1lu_getBusinesses,200,"{""businesses"": [{""id"": ""xmQz_hZWq2poLHwHw7ZybQ"", ""alias"": ""hav-and-mar-new-york"", ""name"": ""Hav & Mar"", ""image_url"": ""https://s3-media2.fl.yelpcdn.com/bphoto/y9z7ZzeQypH9-BP5DUyVJg/o.jpg"", ""is_closed"": false, ""url"": ""https://www.yelp.pl/biz/hav-and-mar-new-york?adjust_creative=ULHW7ynqdXE8Z9Fnr4irFw&utm_campaign=yelp_api_v3&utm_medium=api_v3_business_search&utm_source=ULHW7ynqdXE8Z9Fnr4irFw"", ""review_count"": 36, ""categories"": [{""alias"": ""seafood"", ""title"": ""Owoce morza""}, {""alias"": ""cocktailbars"", ""title"": ""Cocktail bary""}], ""rating"": 4.0, ""coordinates"": {""latitude"": 40.7513774, ""longitude"": -74.0054229}, ""transactions"": [], ""location"": {""address1"": ""245 11th Ave"", ""address2"": """", ""address3"": null, ""city"": ""Nowy Jork"", ""zip_code"": ""10001"", ""country"": ""US"", ""state"": ""NY"", ""display_address"": [""245 11th Ave"", ""Nowy Jork, NY 10001"", ""Stany Zjednoczone""]}, ""phone"": ""+12123288041"", ""display_phone"": ""+1 212-328-8041"", ""distance"": 5409.385338013243}, {""id"": ""zYOfH79e0ESqO7LSA6GpPA"", ""alias"": ""the-dickens-new-york"", ""name"": ""The Dickens"", ""image_url"": ""https://s3-media3.fl.yelpcdn.com/bphoto/ivTJg66uWzd0KUuMkpTEOw/o.jpg"", ""is_closed"": false, ""url"": ""https://www.yelp.pl/biz/the-dickens-new-york?adjust_creative=ULHW7ynqdXE8Z9Fnr4irFw&utm_campaign=yelp_api_v3&utm_medium=api_v3_business_search&utm_source=ULHW7ynqdXE8Z9Fnr4irFw"", ""review_count"": 14, ""categories"": [{""alias"": ""gaybars"", ""title"": ""Kluby gejowskie""}], ""rating"": 4.5, ""coordinates"": {""latitude"": 40.76094916900605, ""longitude"": -73.9875069}, ""transactions"": [], ""location"": {""address1"": ""783 8th Ave"", ""address2"": null, ""address3"": """", ""city"": ""Nowy Jork"", ""zip_code"": ""10036"", ""country"": ""US"", ""state"": ""NY"", ""display_address"": [""783 8th Ave"", ""Nowy Jork, NY 10036"", ""Stany Zjednoczone""]}, ""phone"": """", ""display_phone"": """", ""distance"": 6042.149496180598}, {""id"": ""AKWo1tSjYDJ7yisj5YGANQ"", ""alias"": ""the-purple-tongue-new-york-2"", ""name"": ""The Purple Tongue"", ""image_url"": ""https://s3-media2.fl.yelpcdn.com/bphoto/YfpdHH6TeAAOnWb4jsIyWw/o.jpg"", ""is_closed"": false, ""url"": ""https://www.yelp.pl/biz/the-purple-tongue-new-york-2?adjust_creative=ULHW7ynqdXE8Z9Fnr4irFw&utm_campaign=yelp_api_v3&utm_medium=api_v3_business_search&utm_source=ULHW7ynqdXE8Z9Fnr4irFw"", ""review_count"": 11, ""categories"": [{""alias"": ""wine_bars"", ""title"": ""Wine bary""}, {""alias"": ""breakfast_brunch"", ""title"": ""\u015aniadanie i brunch""}, {""alias"": ""tapasmallplates"", ""title"": ""Przystawki/przek\u0105ski""}], ""rating"": 4.5, ""coordinates"": {""latitude"": 40.759318461874514, ""longitude"": -73.99300614743821}, ""transactions"": [], ""location"": {""address1"": ""410 W 43rd St"", ""address2"": """", ""address3"": null, ""city"": ""Nowy Jork"", ""zip_code"": ""10036"", ""country"": ""US"", ""state"": ""NY"", ""display_address"": [""410 W 43rd St"", ""Nowy Jork, NY 10036"", ""Stany Zjednoczone""]}, ""phone"": ""+16464298277"", ""display_phone"": ""+1 646-429-8277"", ""distance"": 5935.352683691971}, {""id"": ""cPhCdxpaMp41po8j8NN65g"", ""alias"": ""bourke-street-bakery-jersey-city"", ""name"": ""Bourke Street Bakery"", ""image_url"": ""https://s3-media2.fl.yelpcdn.com/bphoto/oU1gsn_N9JUMqjy1BBdP-A/o.jpg"", ""is_closed"": false, ""url"": ""https://www.yelp.pl/biz/bourke-street-bakery-jersey-city?adjust_creative=ULHW7ynqdXE8Z9Fnr4irFw&utm_campaign=yelp_api_v3&utm_medium=api_v3_business_search&utm_source=ULHW7ynqdXE8Z9Fnr4irFw"", ""review_count"": 6, ""categories"": [{""alias"": ""bakeries"", ""title"": ""Piekarnie""}, {""alias"": ""australian"", ""title"": ""Australijska""}, {""alias"": ""cafes"", ""title"": ""Kawiarnie""}], ""rating"": 4.0, ""coordinates"": {""latitude"": 40.7202239, ""longitude"": -74.0413817}, ""transactions"": [""delivery"", ""pickup""], ""location"": {""address1"": ""180 Morgan St"", ""address2"": """", ""address3"": null, ""city"": ""Jersey City"", ""zip_code"": ""07302"", ""country"": ""US"", ""state"": ""NJ"", ""display_address"": [""180 Morgan St"", ""Jersey City, NJ 07302"", ""Stany Zjednoczone""]}, ""phone"": ""+16464571902"", ""display_phone"": ""+1 646-457-1902"", ""distance"": 5444.978993388415}, {""id"": ""M_F6J04haemWdMYGFIn3ig"", ""alias"": ""east-hudson-cafe-jersey-city"", ""name"": ""East Hudson Cafe"", ""image_url"": ""https://s3-media2.fl.yelpcdn.com/bphoto/V-v-pr3CmCU3PR_s5z_5uA/o.jpg"", ""is_closed"": false, ""url"": ""https://www.yelp.pl/biz/east-hudson-cafe-jersey-city?adjust_creative=ULHW7ynqdXE8Z9Fnr4irFw&utm_campaign=yelp_api_v3&utm_medium=api_v3_business_search&utm_source=ULHW7ynqdXE8Z9Fnr4irFw"", ""review_count"": 6, ""categories"": [{""alias"": ""japacurry"", ""title"": ""Japo\u0144skie curry ""}, {""alias"": ""ramen"", ""title"": ""Ramen""}, {""alias"": ""comfortfood"", ""title"": ""Comfort food""}], ""rating"": 4.5, ""coordinates"": {""latitude"": 40.713124, ""longitude"": -74.033757}, ""transactions"": [""delivery"", ""pickup""], ""location"": {""address1"": ""30 Hudson St"", ""address2"": null, ""address3"": """", ""city"": ""Jersey City"", ""zip_code"": ""07302"", ""country"": ""US"", ""state"": ""NJ"", ""display_address"": [""30 Hudson St"", ""Jersey City, NJ 07302"", ""Stany Zjednoczone""]}, ""phone"": ""+12017215386"", ""display_phone"": ""+1 201-721-5386"", ""distance"": 4651.33984592421}, {""id"": ""lOSNPsFO9ov-i0fNt5A9BQ"", ""alias"": ""just-salad-hoboken"", ""name"": ""Just Salad"", ""image_url"": ""https://s3-media3.fl.yelpcdn.com/bphoto/R3Xy8vDR2lpC4g1P3nrrDQ/o.jpg"", ""is_closed"": false, ""url"": ""https://www.yelp.pl/biz/just-salad-hoboken?adjust_creative=ULHW7ynqdXE8Z9Fnr4irFw&utm_campaign=yelp_api_v3&utm_medium=api_v3_business_search&utm_source=ULHW7ynqdXE8Z9Fnr4irFw"", ""review_count"": 8, ""categories"": [{""alias"": ""salad"", ""title"": ""Sa\u0142atka""}, {""alias"": ""vegetarian"", ""title"": ""Wegetaria\u0144ska""}], ""rating"": 4.0, ""coordinates"": {""latitude"": 40.73807, ""longitude"": -74.03104}, ""transactions"": [""delivery"", ""pickup""], ""location"": {""address1"": ""114 Washington St"", ""address2"": """", ""address3"": null, ""city"": ""Hoboken"", ""zip_code"": ""07030"", ""country"": ""US"", ""state"": ""NJ"", ""display_address"": [""114 Washington St"", ""Hoboken, NJ 07030"", ""Stany Zjednoczone""]}, ""phone"": ""+18666733757"", ""display_phone"": ""+1 866-673-3757"", ""distance"": 5570.4599738276}, {""id"": ""zd9rFHwl_1x60Z9GY62SRQ"", ""alias"": ""cellar-42-brooklyn"", ""name"": ""Cellar@42"", ""image_url"": ""https://s3-media4.fl.yelpcdn.com/bphoto/Tc3Emv-UOi-4RVp_8Lf3Sw/o.jpg"", ""is_closed"": false, ""url"": ""https://www.yelp.pl/biz/cellar-42-brooklyn?adjust_creative=ULHW7ynqdXE8Z9Fnr4irFw&utm_campaign=yelp_api_v3&utm_medium=api_v3_business_search&utm_source=ULHW7ynqdXE8Z9Fnr4irFw"", ""review_count"": 4, ""categories"": [{""alias"": ""tapasmallplates"", ""title"": ""Przystawki/przek\u0105ski""}, {""alias"": ""tradamerican"", ""title"": ""Ameryka\u0144ska""}, {""alias"": ""beerbar"", ""title"": ""Bar piwny""}], ""rating"": 4.0, ""coordinates"": {""latitude"": 40.70698, ""longitude"": -73.95205}, ""transactions"": [], ""location"": {""address1"": ""426 S 5th St"", ""address2"": null, ""address3"": """", ""city"": ""Brooklyn"", ""zip_code"": ""11211"", ""country"": ""US"", ""state"": ""NY"", ""display_address"": [""426 S 5th St"", ""Brooklyn, NY 11211"", ""Stany Zjednoczone""]}, ""phone"": ""+17184934242"", ""display_phone"": ""+1 718-493-4242"", ""distance"": 2300.3419306168807}], ""total"": 7, ""region"": {""center"": {""longitude"": -73.97918701171875, ""latitude"": 40.706977710584276}}}",application/json,true,none
test_sok4n3tvik3d_getBusinesses,400,"{""error"": {""code"": ""VALIDATION_ERROR"", ""description"": ""Please specify a location or a latitude and longitude""}}",application/json,true,none
test_soko6w56ujap_getBusinesses,400,"{""error"": {""code"": ""OPEN_AT_AND_NOW_PROVIDED"", ""description"": ""You must specify either open_at or open_now, not both.""}}",application/json,true,none
test_t4f3fihb252x_getBusinesses,400,"{""error"": {""code"": ""OPEN_AT_AND_NOW_PROVIDED"", ""description"": ""You must specify either open_at or open_now, not both.""}}",application/json,true,none
test_t4hvj4v29yk1_getBusinesses,400,"{""error"": {""code"": ""VALIDATION_ERROR"", ""description"": ""Please specify a location or a latitude and longitude""}}",application/json,true,none
test_t4ibi2gzzl29_getBusinesses,200,"{""businesses"": [], ""total"": 0, ""region"": {""center"": {""longitude"": -97.279335, ""latitude"": 45.418198}}}",application/json,true,none
test_t4ncqlwa850l_getBusinesses,400,"{""error"": {""code"": ""VALIDATION_ERROR"", ""description"": ""Please specify a location or a latitude and longitude""}}",application/json,true,none
test_t81a1jow8s36_getBusinesses,400,"{""error"": {""code"": ""VALIDATION_ERROR"", ""description"": ""Please specify a location or a latitude and longitude""}}",application/json,true,none
test_trz3pvc4w1f4_getBusinesses,200,"{""businesses"": [], ""total"": 0, ""region"": {""center"": {""longitude"": -88.26107025146484, ""latitude"": 44.75855738140011}}}",application/json,true,none
test_trz5zf7wryns_getBusinesses,400,"{""error"": {""code"": ""VALIDATION_ERROR"", ""description"": ""Please specify a location or a latitude and longitude""}}",application/json,true,none
test_u7rsixv3pe7l_getBusinesses,400,"{""error"": {""code"": ""OPEN_AT_AND_NOW_PROVIDED"", ""description"": ""You must specify either open_at or open_now, not both.""}}",application/json,true,none
test_u87w2qh8ocvt_getBusinesses,400,"{""error"": {""code"": ""VALIDATION_ERROR"", ""description"": ""The open_at provided is too long ago, the timestamp must be within the last two weeks.""}}",application/json,true,none
test_u8b843xjpg85_getBusinesses,200,"{""businesses"": [], ""total"": 0, ""region"": {""center"": {""longitude"": -102.4397, ""latitude"": 45.716087}}}",application/json,true,none
test_ubjlhexumuee_getBusinesses,400,"{""error"": {""code"": ""VALIDATION_ERROR"", ""description"": ""Please specify a location or a latitude and longitude""}}",application/json,true,none
test_urhbzetonqd2_getBusinesses,200,"{""businesses"": [{""id"": ""KNcvHk_Fc2j5B2L13OjNnA"", ""alias"": ""the-outpost-savannah"", ""name"": ""The Outpost"", ""image_url"": ""https://s3-media3.fl.yelpcdn.com/bphoto/Hz89_jhCQVsT9audnh88fw/o.jpg"", ""is_closed"": false, ""url"": ""https://fr.yelp.be/biz/the-outpost-savannah?adjust_creative=ULHW7ynqdXE8Z9Fnr4irFw&utm_campaign=yelp_api_v3&utm_medium=api_v3_business_search&utm_source=ULHW7ynqdXE8Z9Fnr4irFw"", ""review_count"": 78, ""categories"": [{""alias"": ""tradamerican"", ""title"": ""Am\u00e9ricain traditionnel ""}], ""rating"": 4.0, ""coordinates"": {""latitude"": 35.08191, ""longitude"": -88.25489}, ""transactions"": [], ""price"": ""$$"", ""location"": {""address1"": ""2175 Tennessee 128"", ""address2"": """", ""address3"": """", ""city"": ""Savannah"", ""zip_code"": ""38372"", ""country"": ""US"", ""state"": ""TN"", ""display_address"": [""2175 Tennessee 128"", ""Savannah, TN 38372"", ""\u00c9tats-Unis""]}, ""phone"": ""+17319256990"", ""display_phone"": ""+1 731-925-6990"", ""distance"": 23285.84740760328}, {""id"": ""l4_36FBguAGlsiB4DsSABQ"", ""alias"": ""the-southern-farm-table-restaurant-and-bakery-florence"", ""name"": ""The Southern Farm Table Restaurant and Bakery"", ""image_url"": ""https://s3-media1.fl.yelpcdn.com/bphoto/whT5hQXNTjU3E-Jcx0dr5g/o.jpg"", ""is_closed"": false, ""url"": ""https://fr.yelp.be/biz/the-southern-farm-table-restaurant-and-bakery-florence?adjust_creative=ULHW7ynqdXE8Z9Fnr4irFw&utm_campaign=yelp_api_v3&utm_medium=api_v3_business_search&utm_source=ULHW7ynqdXE8Z9Fnr4irFw"", ""review_count"": 19, ""categories"": [{""alias"": ""tradamerican"", ""title"": ""Am\u00e9ricain traditionnel ""}, {""alias"": ""bakeries"", ""title"": ""Boulangeries-p\u00e2tisseries""}, {""alias"": ""steak"", ""title"": ""Viandes""}], ""rating"": 4.5, ""coordinates"": {""latitude"": 34.9204295, ""longitude"": -87.8373714}, ""transactions"": [], ""price"": ""$$"", ""location"": {""address1"": ""4160 County Rd 200"", ""address2"": """", ""address3"": """", ""city"": ""Florence"", ""zip_code"": ""35633"", ""country"": ""US"", ""state"": ""AL"", ""display_address"": [""4160 County Rd 200"", ""Florence, AL 35633"", ""\u00c9tats-Unis""]}, ""phone"": ""+12565777009"", ""display_phone"": ""+1 256-577-7009"", ""distance"": 22163.67460923677}, {""id"": ""BZsAvEJb4QeYk0Av4l2RmQ"", ""alias"": ""the-dragonfly-collinwood"", ""name"": ""The Dragonfly"", ""image_url"": ""https://s3-media2.fl.yelpcdn.com/bphoto/oWQMRFqK1aerY8ku-IMKoQ/o.jpg"", ""is_closed"": false, ""url"": ""https://fr.yelp.be/biz/the-dragonfly-collinwood?adjust_creative=ULHW7ynqdXE8Z9Fnr4irFw&utm_campaign=yelp_api_v3&utm_medium=api_v3_business_search&utm_source=ULHW7ynqdXE8Z9Fnr4irFw"", ""review_count"": 9, ""categories"": [{""alias"": ""coffee"", ""title"": ""Caf\u00e9s et th\u00e9s""}, {""alias"": ""giftshops"", ""title"": ""Cadeaux""}, {""alias"": ""juicebars"", ""title"": ""Bars \u00e0 jus de fruits & smoothies""}], ""rating"": 5.0, ""coordinates"": {""latitude"": 35.1746826171875, ""longitude"": -87.7365036010742}, ""transactions"": [], ""price"": ""$$"", ""location"": {""address1"": ""100 Second Ave"", ""address2"": """", ""address3"": """", ""city"": ""Collinwood"", ""zip_code"": ""38450"", ""country"": ""US"", ""state"": ""TN"", ""display_address"": [""100 Second Ave"", ""Collinwood, TN 38450"", ""\u00c9tats-Unis""]}, ""phone"": ""+19317246400"", ""display_phone"": ""+1 931-724-6400"", ""distance"": 26646.432825449003}, {""id"": ""MHQcAcvUp4hOFLxPor_0ag"", ""alias"": ""mollie-mondays-savannah"", ""name"": ""Mollie Monday's"", ""image_url"": ""https://s3-media3.fl.yelpcdn.com/bphoto/IJ6cwvnHGcpxXvH1DBF1Jg/o.jpg"", ""is_closed"": false, ""url"": ""https://fr.yelp.be/biz/mollie-mondays-savannah?adjust_creative=ULHW7ynqdXE8Z9Fnr4irFw&utm_campaign=yelp_api_v3&utm_medium=api_v3_business_search&utm_source=ULHW7ynqdXE8Z9Fnr4irFw"", ""review_count"": 25, ""categories"": [{""alias"": ""tradamerican"", ""title"": ""Am\u00e9ricain traditionnel ""}], ""rating"": 4.5, ""coordinates"": {""latitude"": 35.20650276767558, ""longitude"": -88.24053121440014}, ""transactions"": [], ""price"": ""$"", ""location"": {""address1"": ""1240 Florence Rd"", ""address2"": """", ""address3"": """", ""city"": ""Savannah"", ""zip_code"": ""38372"", ""country"": ""US"", ""state"": ""TN"", ""display_address"": [""1240 Florence Rd"", ""Savannah, TN 38372"", ""\u00c9tats-Unis""]}, ""phone"": """", ""display_phone"": """", ""distance"": 26719.43025253651}, {""id"": ""dOieV7z8Uak7YayaOahUqQ"", ""alias"": ""fish-hut-savannah"", ""name"": ""Fish Hut"", ""image_url"": ""https://s3-media2.fl.yelpcdn.com/bphoto/dM9OBc8WwFr9mplNeHrjPw/o.jpg"", ""is_closed"": false, ""url"": ""https://fr.yelp.be/biz/fish-hut-savannah?adjust_creative=ULHW7ynqdXE8Z9Fnr4irFw&utm_campaign=yelp_api_v3&utm_medium=api_v3_business_search&utm_source=ULHW7ynqdXE8Z9Fnr4irFw"", ""review_count"": 12, ""categories"": [{""alias"": ""seafood"", ""title"": ""Fruits de mer""}, {""alias"": ""tradamerican"", ""title"": ""Am\u00e9ricain traditionnel ""}], ""rating"": 5.0, ""coordinates"": {""latitude"": 35.22372, ""longitude"": -88.247983}, ""transactions"": [], ""location"": {""address1"": ""95 Water St"", ""address2"": """", ""address3"": """", ""city"": ""Savannah"", ""zip_code"": ""38372"", ""country"": ""US"", ""state"": ""TN"", ""display_address"": [""95 Water St"", ""Savannah, TN 38372"", ""\u00c9tats-Unis""]}, ""phone"": ""+17319256571"", ""display_phone"": ""+1 731-925-6571"", ""distance"": 28393.13480585579}, {""id"": ""OUy1BIlASIXpyze4TbaVnA"", ""alias"": ""nuevo-vallarta-counce"", ""name"": ""Nuevo Vallarta"", ""image_url"": ""https://s3-media3.fl.yelpcdn.com/bphoto/6u0GQ07aOyYxlMiIS4aGQA/o.jpg"", ""is_closed"": false, ""url"": ""https://fr.yelp.be/biz/nuevo-vallarta-counce?adjust_creative=ULHW7ynqdXE8Z9Fnr4irFw&utm_campaign=yelp_api_v3&utm_medium=api_v3_business_search&utm_source=ULHW7ynqdXE8Z9Fnr4irFw"", ""review_count"": 27, ""categories"": [{""alias"": ""mexican"", ""title"": ""Mexicain""}], ""rating"": 3.5, ""coordinates"": {""latitude"": 35.028522996864, ""longitude"": -88.2333958738521}, ""transactions"": [], ""price"": ""$"", ""location"": {""address1"": ""10240 Highway 57"", ""address2"": """", ""address3"": """", ""city"": ""Counce"", ""zip_code"": ""38326"", ""country"": ""US"", ""state"": ""TN"", ""display_address"": [""10240 Highway 57"", ""Counce, TN 38326"", ""\u00c9tats-Unis""]}, ""phone"": ""+17316890272"", ""display_phone"": ""+1 731-689-0272"", ""distance"": 21761.44812056075}, {""id"": ""RINtAvaqJaLvFDnu128wYA"", ""alias"": ""mollie-mondays-steak-and-grill-savannah"", ""name"": ""Mollie Monday's Steak & Grill"", ""image_url"": ""https://s3-media1.fl.yelpcdn.com/bphoto/rgJAezxPIPxQCchOs7lhLQ/o.jpg"", ""is_closed"": false, ""url"": ""https://fr.yelp.be/biz/mollie-mondays-steak-and-grill-savannah?adjust_creative=ULHW7ynqdXE8Z9Fnr4irFw&utm_campaign=yelp_api_v3&utm_medium=api_v3_business_search&utm_source=ULHW7ynqdXE8Z9Fnr4irFw"", ""review_count"": 23, ""categories"": [{""alias"": ""newamerican"", ""title"": ""Am\u00e9ricain contemporain""}, {""alias"": ""steak"", ""title"": ""Viandes""}], ""rating"": 4.0, ""coordinates"": {""latitude"": 35.206246, ""longitude"": -88.240614}, ""transactions"": [], ""price"": ""$"", ""location"": {""address1"": ""295 Eureka St"", ""address2"": null, ""address3"": null, ""city"": ""Savannah"", ""zip_code"": ""38372"", ""country"": ""US"", ""state"": ""TN"", ""display_address"": [""295 Eureka St"", ""Savannah, TN 38372"", ""\u00c9tats-Unis""]}, ""phone"": ""+17319259334"", ""display_phone"": ""+1 731-925-9334"", ""distance"": 26709.314426072982}, {""id"": ""fLCayR23rSaB7hFdyZG5Bg"", ""alias"": ""pickwick-landing-state-park-counce-3"", ""name"": ""Pickwick Landing State Park"", ""image_url"": ""https://s3-media4.fl.yelpcdn.com/bphoto/9rMzGMm9WpmjmtLZu-3orQ/o.jpg"", ""is_closed"": false, ""url"": ""https://fr.yelp.be/biz/pickwick-landing-state-park-counce-3?adjust_creative=ULHW7ynqdXE8Z9Fnr4irFw&utm_campaign=yelp_api_v3&utm_medium=api_v3_business_search&utm_source=ULHW7ynqdXE8Z9Fnr4irFw"", ""review_count"": 17, ""categories"": [{""alias"": ""hiking"", ""title"": ""Randonn\u00e9e""}, {""alias"": ""parks"", ""title"": ""Parcs""}, {""alias"": ""campgrounds"", ""title"": ""Camping""}], ""rating"": 3.5, ""coordinates"": {""latitude"": 35.051248, ""longitude"": -88.239565}, ""transactions"": [], ""location"": {""address1"": ""116 State Park Ln"", ""address2"": null, ""address3"": null, ""city"": ""Counce"", ""zip_code"": ""38326"", ""country"": ""US"", ""state"": ""TN"", ""display_address"": [""116 State Park Ln"", ""Counce, TN 38326"", ""\u00c9tats-Unis""]}, ""phone"": ""+17316893129"", ""display_phone"": ""+1 731-689-3129"", ""distance"": 21937.906558106344}, {""id"": ""hgC3Shz7VnRVkamSfh3qwg"", ""alias"": ""yamato-sushi-steak-house-of-savannah-savannah"", ""name"": ""Yamato Sushi Steak House of Savannah"", ""image_url"": ""https://s3-media2.fl.yelpcdn.com/bphoto/mFKa-HJJQT3KLLT9Lkhd-g/o.jpg"", ""is_closed"": false, ""url"": ""https://fr.yelp.be/biz/yamato-sushi-steak-house-of-savannah-savannah?adjust_creative=ULHW7ynqdXE8Z9Fnr4irFw&utm_campaign=yelp_api_v3&utm_medium=api_v3_business_search&utm_source=ULHW7ynqdXE8Z9Fnr4irFw"", ""review_count"": 15, ""categories"": [{""alias"": ""japanese"", ""title"": ""Japonais""}], ""rating"": 4.5, ""coordinates"": {""latitude"": 35.22688, ""longitude"": -88.23137}, ""transactions"": [], ""location"": {""address1"": ""880 Wayne Rd"", ""address2"": """", ""address3"": null, ""city"": ""Savannah"", ""zip_code"": ""38372"", ""country"": ""US"", ""state"": ""TN"", ""display_address"": [""880 Wayne Rd"", ""Savannah, TN 38372"", ""\u00c9tats-Unis""]}, ""phone"": ""+17317278338"", ""display_phone"": ""+1 731-727-8338"", ""distance"": 27433.447314599078}, {""id"": ""yyojuTpQ5DTiPqlSbGpBhQ"", ""alias"": ""r-and-bs-bbq-and-restaurant-counce"", ""name"": ""R & B's BBQ & Restaurant"", ""image_url"": ""https://s3-media1.fl.yelpcdn.com/bphoto/X1l5d9LUYbHI1VTmO1MT0A/o.jpg"", ""is_closed"": false, ""url"": ""https://fr.yelp.be/biz/r-and-bs-bbq-and-restaurant-counce?adjust_creative=ULHW7ynqdXE8Z9Fnr4irFw&utm_campaign=yelp_api_v3&utm_medium=api_v3_business_search&utm_source=ULHW7ynqdXE8Z9Fnr4irFw"", ""review_count"": 36, ""categories"": [{""alias"": ""bbq"", ""title"": ""BBQ & Grillades""}, {""alias"": ""breakfast_brunch"", ""title"": ""Petit d\u00e9jeuner & brunch""}, {""alias"": ""burgers"", ""title"": ""Burger""}], ""rating"": 3.5, ""coordinates"": {""latitude"": 35.046718, ""longitude"": -88.255974}, ""transactions"": [], ""price"": ""$"", ""location"": {""address1"": ""7285 Hwy 57"", ""address2"": """", ""address3"": """", ""city"": ""Counce"", ""zip_code"": ""38326"", ""country"": ""US"", ""state"": ""TN"", ""display_address"": [""7285 Hwy 57"", ""Counce, TN 38326"", ""\u00c9tats-Unis""]}, ""phone"": ""+17316891999"", ""display_phone"": ""+1 731-689-1999"", ""distance"": 23474.279337794036}, {""id"": ""6T7cgGsXnGyhYEAhb4yUcQ"", ""alias"": ""rib-cage-counce"", ""name"": ""Rib Cage"", ""image_url"": ""https://s3-media1.fl.yelpcdn.com/bphoto/8u1s7bhk-drz3vrO2zw4Qg/o.jpg"", ""is_closed"": false, ""url"": ""https://fr.yelp.be/biz/rib-cage-counce?adjust_creative=ULHW7ynqdXE8Z9Fnr4irFw&utm_campaign=yelp_api_v3&utm_medium=api_v3_business_search&utm_source=ULHW7ynqdXE8Z9Fnr4irFw"", ""review_count"": 28, ""categories"": [{""alias"": ""steak"", ""title"": ""Viandes""}], ""rating"": 3.5, ""coordinates"": {""latitude"": 34.9992065429688, ""longitude"": -88.25}, ""transactions"": [], ""price"": ""$$"", ""location"": {""address1"": ""12840 Highway 57"", ""address2"": null, ""address3"": null, ""city"": ""Counce"", ""zip_code"": ""38326"", ""country"": ""US"", ""state"": ""TN"", ""display_address"": [""12840 Highway 57"", ""Counce, TN 38326"", ""\u00c9tats-Unis""]}, ""phone"": ""+18667204744"", ""display_phone"": ""+1 866-720-4744"", ""distance"": 24087.041842474137}, {""id"": ""Oc5rYRLu0Bu_Zj18V0h2xw"", ""alias"": ""la-potosina-mexican-restaurant-savannah"", ""name"": ""La Potosina Mexican Restaurant"", ""image_url"": ""https://s3-media2.fl.yelpcdn.com/bphoto/WSSoZNY5WRPRl-u93i8k7g/o.jpg"", ""is_closed"": false, ""url"": ""https://fr.yelp.be/biz/la-potosina-mexican-restaurant-savannah?adjust_creative=ULHW7ynqdXE8Z9Fnr4irFw&utm_campaign=yelp_api_v3&utm_medium=api_v3_business_search&utm_source=ULHW7ynqdXE8Z9Fnr4irFw"", ""review_count"": 20, ""categories"": [{""alias"": ""mexican"", ""title"": ""Mexicain""}, {""alias"": ""tex-mex"", ""title"": ""Tex-Mex""}], ""rating"": 4.0, ""coordinates"": {""latitude"": 35.2270264, ""longitude"": -88.223066}, ""transactions"": [], ""price"": ""$$"", ""location"": {""address1"": ""1355 Wayne Rd"", ""address2"": """", ""address3"": """", ""city"": ""Savannah"", ""zip_code"": ""38372"", ""country"": ""US"", ""state"": ""TN"", ""display_address"": [""1355 Wayne Rd"", ""Savannah, TN 38372"", ""\u00c9tats-Unis""]}, ""phone"": ""+17319259704"", ""display_phone"": ""+1 731-925-9704"", ""distance"": 26864.640846237624}, {""id"": ""K_GT5L9AN9JMzefl_nis3w"", ""alias"": ""ma-ma-fias-east-savannah-3"", ""name"": ""Ma Ma Fias East"", ""image_url"": ""https://s3-media3.fl.yelpcdn.com/bphoto/EU7VmGgjOzxcXHQPM-3KUg/o.jpg"", ""is_closed"": false, ""url"": ""https://fr.yelp.be/biz/ma-ma-fias-east-savannah-3?adjust_creative=ULHW7ynqdXE8Z9Fnr4irFw&utm_campaign=yelp_api_v3&utm_medium=api_v3_business_search&utm_source=ULHW7ynqdXE8Z9Fnr4irFw"", ""review_count"": 15, ""categories"": [{""alias"": ""italian"", ""title"": ""Italien""}, {""alias"": ""desserts"", ""title"": ""Desserts""}, {""alias"": ""sandwiches"", ""title"": ""Sandwichs""}], ""rating"": 4.0, ""coordinates"": {""latitude"": 35.225101715927, ""longitude"": -88.249574303627}, ""transactions"": [], ""location"": {""address1"": ""414 Main St"", ""address2"": """", ""address3"": """", ""city"": ""Savannah"", ""zip_code"": ""38372"", ""country"": ""US"", ""state"": ""TN"", ""display_address"": [""414 Main St"", ""Savannah, TN 38372"", ""\u00c9tats-Unis""]}, ""phone"": ""+17314125020"", ""display_phone"": ""+1 731-412-5020"", ""distance"": 28601.189041820053}, {""id"": ""09MR6I2Wq-KbVoOPm9oQzA"", ""alias"": ""dock-ds-pizza-and-patio-counce-2"", ""name"": ""Dock D's Pizza and Patio"", ""image_url"": ""https://s3-media3.fl.yelpcdn.com/bphoto/qtfAPBDg64nHhObtnC0E-A/o.jpg"", ""is_closed"": false, ""url"": ""https://fr.yelp.be/biz/dock-ds-pizza-and-patio-counce-2?adjust_creative=ULHW7ynqdXE8Z9Fnr4irFw&utm_campaign=yelp_api_v3&utm_medium=api_v3_business_search&utm_source=ULHW7ynqdXE8Z9Fnr4irFw"", ""review_count"": 8, ""categories"": [{""alias"": ""pizza"", ""title"": ""Pizza""}], ""rating"": 4.5, ""coordinates"": {""latitude"": 35.03297, ""longitude"": -88.22858}, ""transactions"": [], ""price"": ""$"", ""location"": {""address1"": ""150 Slide Dr"", ""address2"": null, ""address3"": null, ""city"": ""Counce"", ""zip_code"": ""38326"", ""country"": ""US"", ""state"": ""TN"", ""display_address"": [""150 Slide Dr"", ""Counce, TN 38326"", ""\u00c9tats-Unis""]}, ""phone"": ""+17316895400"", ""display_phone"": ""+1 731-689-5400"", ""distance"": 21233.259102935164}, {""id"": ""HpNS88wi-hZO7B1nVKy5DA"", ""alias"": ""pickwick-sports-bar-and-grill-counce"", ""name"": ""Pickwick Sports Bar & Grill"", ""image_url"": ""https://s3-media4.fl.yelpcdn.com/bphoto/hTXHKJT1_NcXHTM7R7X--A/o.jpg"", ""is_closed"": false, ""url"": ""https://fr.yelp.be/biz/pickwick-sports-bar-and-grill-counce?adjust_creative=ULHW7ynqdXE8Z9Fnr4irFw&utm_campaign=yelp_api_v3&utm_medium=api_v3_business_search&utm_source=ULHW7ynqdXE8Z9Fnr4irFw"", ""review_count"": 8, ""categories"": [{""alias"": ""sportsbars"", ""title"": ""Bar des sports""}, {""alias"": ""tradamerican"", ""title"": ""Am\u00e9ricain traditionnel ""}], ""rating"": 4.5, ""coordinates"": {""latitude"": 35.04186, ""longitude"": -88.22992}, ""transactions"": [], ""location"": {""address1"": ""9165 Hwy-57"", ""address2"": """", ""address3"": null, ""city"": ""Counce"", ""zip_code"": ""38326"", ""country"": ""US"", ""state"": ""TN"", ""display_address"": [""9165 Hwy-57"", ""Counce, TN 38326"", ""\u00c9tats-Unis""]}, ""phone"": ""+17314121760"", ""display_phone"": ""+1 731-412-1760"", ""distance"": 21215.85779059201}, {""id"": ""mE_YnyN0c5hIrJZybgw3mg"", ""alias"": ""jps-at-pickwick-counce"", ""name"": ""JP's at Pickwick"", ""image_url"": ""https://s3-media3.fl.yelpcdn.com/bphoto/campAFkCuk_ILYKN5bJruQ/o.jpg"", ""is_closed"": false, ""url"": ""https://fr.yelp.be/biz/jps-at-pickwick-counce?adjust_creative=ULHW7ynqdXE8Z9Fnr4irFw&utm_campaign=yelp_api_v3&utm_medium=api_v3_business_search&utm_source=ULHW7ynqdXE8Z9Fnr4irFw"", ""review_count"": 10, ""categories"": [{""alias"": ""newamerican"", ""title"": ""Am\u00e9ricain contemporain""}, {""alias"": ""seafood"", ""title"": ""Fruits de mer""}, {""alias"": ""steak"", ""title"": ""Viandes""}], ""rating"": 4.0, ""coordinates"": {""latitude"": 35.007493, ""longitude"": -88.2373194}, ""transactions"": [], ""location"": {""address1"": ""11805 Hwy 57 S"", ""address2"": """", ""address3"": null, ""city"": ""Counce"", ""zip_code"": ""38326"", ""country"": ""US"", ""state"": ""TN"", ""display_address"": [""11805 Hwy 57 S"", ""Counce, TN 38326"", ""\u00c9tats-Unis""]}, ""phone"": ""+17314998693"", ""display_phone"": ""+1 731-499-8693"", ""distance"": 22705.847479318036}, {""id"": ""fYyY-C4U5GA1c3IPWN2CAw"", ""alias"": ""sunken-ship-counce"", ""name"": ""Sunken Ship"", ""image_url"": ""https://s3-media3.fl.yelpcdn.com/bphoto/FCUJxwHy304vEVOlPCvJ8g/o.jpg"", ""is_closed"": false, ""url"": ""https://fr.yelp.be/biz/sunken-ship-counce?adjust_creative=ULHW7ynqdXE8Z9Fnr4irFw&utm_campaign=yelp_api_v3&utm_medium=api_v3_business_search&utm_source=ULHW7ynqdXE8Z9Fnr4irFw"", ""review_count"": 17, ""categories"": [{""alias"": ""tradamerican"", ""title"": ""Am\u00e9ricain traditionnel ""}, {""alias"": ""sportsbars"", ""title"": ""Bar des sports""}], ""rating"": 3.5, ""coordinates"": {""latitude"": 35.0481592303352, ""longitude"": -88.236397}, ""transactions"": [], ""location"": {""address1"": ""46 Hardin Dock Rd"", ""address2"": """", ""address3"": null, ""city"": ""Counce"", ""zip_code"": ""38326"", ""country"": ""US"", ""state"": ""TN"", ""display_address"": [""46 Hardin Dock Rd"", ""Counce, TN 38326"", ""\u00c9tats-Unis""]}, ""phone"": ""+17316898999"", ""display_phone"": ""+1 731-689-8999"", ""distance"": 21685.237442645674}, {""id"": ""CSn0uBuzBidrn6oO1hM5lg"", ""alias"": ""aqua-yacht-harbor-grille-iuka"", ""name"": ""Aqua Yacht Harbor Grille"", ""image_url"": ""https://s3-media2.fl.yelpcdn.com/bphoto/MJcMHdfui33b_NhDkm3-_g/o.jpg"", ""is_closed"": false, ""url"": ""https://fr.yelp.be/biz/aqua-yacht-harbor-grille-iuka?adjust_creative=ULHW7ynqdXE8Z9Fnr4irFw&utm_campaign=yelp_api_v3&utm_medium=api_v3_business_search&utm_source=ULHW7ynqdXE8Z9Fnr4irFw"", ""review_count"": 19, ""categories"": [{""alias"": ""seafood"", ""title"": ""Fruits de mer""}, {""alias"": ""tradamerican"", ""title"": ""Am\u00e9ricain traditionnel ""}], ""rating"": 3.5, ""coordinates"": {""latitude"": 34.989996, ""longitude"": -88.250763}, ""transactions"": [], ""location"": {""address1"": ""3832 Hwy 25"", ""address2"": """", ""address3"": null, ""city"": ""Iuka"", ""zip_code"": ""38852"", ""country"": ""US"", ""state"": ""MS"", ""display_address"": [""3832 Hwy 25"", ""Iuka, MS 38852"", ""\u00c9tats-Unis""]}, ""phone"": ""+16624235811"", ""display_phone"": ""+1 662-423-5811"", ""distance"": 24506.67607955489}], ""total"": 68, ""region"": {""center"": {""longitude"": -87.99952, ""latitude"": 35.06904}}}",application/json,true,none
test_urmdabg0kqb7_getBusinesses,400,"{""error"": {""code"": ""OPEN_AT_AND_NOW_PROVIDED"", ""description"": ""You must specify either open_at or open_now, not both.""}}",application/json,true,none
test_urxfj9qsdroj_getBusinesses,400,"{""error"": {""code"": ""VALIDATION_ERROR"", ""description"": ""The open_at provided is too long ago, the timestamp must be within the last two weeks.""}}",application/json,true,none
test_uv6cui3rp3l2_getBusinesses,200,"{""businesses"": [], ""total"": 0, ""region"": {""center"": {""longitude"": -106.44927978515625, ""latitude"": 31.653215982221013}}}",application/json,true,none
test_uvhgngjv3xh5_getBusinesses,200,"{""businesses"": [], ""total"": 0, ""region"": {""center"": {""longitude"": -93.202354, ""latitude"": 45.99175}}}",application/json,true,none
test_vf3oui90qoft_getBusinesses,200,"{""businesses"": [{""id"": ""-d1C0YY77HhcqXkOZHOH6A"", ""alias"": ""duomo-di-milano-milano-3"", ""name"": ""Duomo di Milano"", ""image_url"": ""https://s3-media2.fl.yelpcdn.com/bphoto/tLEDwZgO16az_WJjqmZKfg/o.jpg"", ""is_closed"": false, ""url"": ""https://www.yelp.com/biz/duomo-di-milano-milano-3?adjust_creative=ULHW7ynqdXE8Z9Fnr4irFw&utm_campaign=yelp_api_v3&utm_medium=api_v3_business_search&utm_source=ULHW7ynqdXE8Z9Fnr4irFw"", ""review_count"": 305, ""categories"": [{""alias"": ""landmarks"", ""title"": ""Landmarks & Historical Buildings""}, {""alias"": ""churches"", ""title"": ""Churches""}], ""rating"": 4.5, ""coordinates"": {""latitude"": 45.464100545064, ""longitude"": 9.1909546405077}, ""transactions"": [], ""location"": {""address1"": ""Piazza del Duomo 18"", ""address2"": """", ""address3"": null, ""city"": ""Milan"", ""zip_code"": ""20122"", ""country"": ""IT"", ""state"": ""MI"", ""display_address"": [""Piazza del Duomo 18"", ""20122 Milan"", ""Italy""]}, ""phone"": """", ""display_phone"": """", ""distance"": 724.2352540452481}, {""id"": ""mqzM5wkhYKcPU773KT-x5A"", ""alias"": ""settembrini-18-milano"", ""name"": ""Settembrini 18"", ""image_url"": ""https://s3-media4.fl.yelpcdn.com/bphoto/sEDDb2T6no2n5565rlksww/o.jpg"", ""is_closed"": false, ""url"": ""https://www.yelp.com/biz/settembrini-18-milano?adjust_creative=ULHW7ynqdXE8Z9Fnr4irFw&utm_campaign=yelp_api_v3&utm_medium=api_v3_business_search&utm_source=ULHW7ynqdXE8Z9Fnr4irFw"", ""review_count"": 379, ""categories"": [{""alias"": ""italian"", ""title"": ""Italian""}, {""alias"": ""seafood"", ""title"": ""Seafood""}, {""alias"": ""pizza"", ""title"": ""Pizza""}], ""rating"": 4.5, ""coordinates"": {""latitude"": 45.4812425, ""longitude"": 9.2056055}, ""transactions"": [], ""price"": ""\u20ac\u20ac"", ""location"": {""address1"": ""Via Settembrini 18"", ""address2"": """", ""address3"": """", ""city"": ""Milan"", ""zip_code"": ""20124"", ""country"": ""IT"", ""state"": ""MI"", ""display_address"": [""Via Settembrini 18"", ""20124 Milan"", ""Italy""]}, ""phone"": ""+390229519494"", ""display_phone"": ""+39 02 2951 9494"", ""distance"": 1761.7250502663715}, {""id"": ""SKMKr2sJgWCVr0_zD7Yyxw"", ""alias"": ""galleria-vittorio-emanuele-ii-milano-5"", ""name"": ""Galleria Vittorio Emanuele II"", ""image_url"": ""https://s3-media4.fl.yelpcdn.com/bphoto/eVpSIIhCLUoN2_xruql7OA/o.jpg"", ""is_closed"": false, ""url"": ""https://www.yelp.com/biz/galleria-vittorio-emanuele-ii-milano-5?adjust_creative=ULHW7ynqdXE8Z9Fnr4irFw&utm_campaign=yelp_api_v3&utm_medium=api_v3_business_search&utm_source=ULHW7ynqdXE8Z9Fnr4irFw"", ""review_count"": 176, ""categories"": [{""alias"": ""landmarks"", ""title"": ""Landmarks & Historical Buildings""}, {""alias"": ""shoppingpassages"", ""title"": ""Shopping Passages""}], ""rating"": 4.5, ""coordinates"": {""latitude"": 45.4656388665993, ""longitude"": 9.19007420539856}, ""transactions"": [], ""price"": ""\u20ac\u20ac\u20ac\u20ac"", ""location"": {""address1"": ""Galleria Vittorio Emanuele II"", ""address2"": """", ""address3"": """", ""city"": ""Milan"", ""zip_code"": ""20123"", ""country"": ""IT"", ""state"": ""MI"", ""display_address"": [""Galleria Vittorio Emanuele II"", ""20123 Milan"", ""Italy""]}, ""phone"": ""+390288455555"", ""display_phone"": ""+39 02 8845 5555"", ""distance"": 543.6090839863814}, {""id"": ""_KX-bRdnojV-ozQPt4_51w"", ""alias"": ""da-oscar-milano"", ""name"": ""Da Oscar"", ""image_url"": ""https://s3-media1.fl.yelpcdn.com/bphoto/38Xj7vwmaEmglnYAqJZUog/o.jpg"", ""is_closed"": false, ""url"": ""https://www.yelp.com/biz/da-oscar-milano?adjust_creative=ULHW7ynqdXE8Z9Fnr4irFw&utm_campaign=yelp_api_v3&utm_medium=api_v3_business_search&utm_source=ULHW7ynqdXE8Z9Fnr4irFw"", ""review_count"": 285, ""categories"": [{""alias"": ""bbq"", ""title"": ""Barbeque""}, {""alias"": ""seafood"", ""title"": ""Seafood""}, {""alias"": ""wine_bars"", ""title"": ""Wine Bars""}], ""rating"": 4.5, ""coordinates"": {""latitude"": 45.4764399, ""longitude"": 9.20591}, ""transactions"": [], ""price"": ""\u20ac\u20ac"", ""location"": {""address1"": ""Via Lazzaro Palazzi 4"", ""address2"": """", ""address3"": """", ""city"": ""Milan"", ""zip_code"": ""20124"", ""country"": ""IT"", ""state"": ""MI"", ""display_address"": [""Via Lazzaro Palazzi 4"", ""20124 Milan"", ""Italy""]}, ""phone"": ""+390229518806"", ""display_phone"": ""+39 02 2951 8806"", ""distance"": 1480.050216161524}, {""id"": ""lKwutS9xupclaUpNnuzHOg"", ""alias"": ""pizza-am-milano"", ""name"": ""Pizza AM"", ""image_url"": ""https://s3-media3.fl.yelpcdn.com/bphoto/phuaSZ0QtPcK1gzHWnu-iA/o.jpg"", ""is_closed"": false, ""url"": ""https://www.yelp.com/biz/pizza-am-milano?adjust_creative=ULHW7ynqdXE8Z9Fnr4irFw&utm_campaign=yelp_api_v3&utm_medium=api_v3_business_search&utm_source=ULHW7ynqdXE8Z9Fnr4irFw"", ""review_count"": 152, ""categories"": [{""alias"": ""pizza"", ""title"": ""Pizza""}], ""rating"": 4.5, ""coordinates"": {""latitude"": 45.4555138, ""longitude"": 9.1967883}, ""transactions"": [], ""price"": ""\u20ac\u20ac"", ""location"": {""address1"": ""Corso di Porta Romana 83"", ""address2"": """", ""address3"": """", ""city"": ""Milan"", ""zip_code"": ""20122"", ""country"": ""IT"", ""state"": ""MI"", ""display_address"": [""Corso di Porta Romana 83"", ""20122 Milan"", ""Italy""]}, ""phone"": ""+39025510579"", ""display_phone"": ""+39 02 551 0579"", ""distance"": 1769.9073798005054}, {""id"": ""EvFUEQ5OyYhqjnPPUjibhg"", ""alias"": ""cioccolati-italiani-milano-6"", ""name"": ""Cioccolati Italiani"", ""image_url"": ""https://s3-media1.fl.yelpcdn.com/bphoto/mfIBCS6ELG6VoUr6N0fUoQ/o.jpg"", ""is_closed"": false, ""url"": ""https://www.yelp.com/biz/cioccolati-italiani-milano-6?adjust_creative=ULHW7ynqdXE8Z9Fnr4irFw&utm_campaign=yelp_api_v3&utm_medium=api_v3_business_search&utm_source=ULHW7ynqdXE8Z9Fnr4irFw"", ""review_count"": 187, ""categories"": [{""alias"": ""chocolate"", ""title"": ""Chocolatiers & Shops""}, {""alias"": ""icecream"", ""title"": ""Ice Cream & Frozen Yogurt""}, {""alias"": ""cafeteria"", ""title"": ""Cafeteria""}], ""rating"": 4.0, ""coordinates"": {""latitude"": 45.465740126863, ""longitude"": 9.19136431399473}, ""transactions"": [], ""price"": ""\u20ac"", ""location"": {""address1"": ""Via San Raffaele 4"", ""address2"": """", ""address3"": """", ""city"": ""Milan"", ""zip_code"": ""20121"", ""country"": ""IT"", ""state"": ""MI"", ""display_address"": [""Via San Raffaele 4"", ""20121 Milan"", ""Italy""]}, ""phone"": ""+390289406651"", ""display_phone"": ""+39 02 8940 6651"", ""distance"": 556.7617490658969}, {""id"": ""fe4EX7PQEFUMf3LBqsmLtw"", ""alias"": ""salsamenteria-di-parma-milano-2"", ""name"": ""Salsamenteria di Parma"", ""image_url"": ""https://s3-media1.fl.yelpcdn.com/bphoto/uBG2sW6YAIoX3Fyfurd76Q/o.jpg"", ""is_closed"": false, ""url"": ""https://www.yelp.com/biz/salsamenteria-di-parma-milano-2?adjust_creative=ULHW7ynqdXE8Z9Fnr4irFw&utm_campaign=yelp_api_v3&utm_medium=api_v3_business_search&utm_source=ULHW7ynqdXE8Z9Fnr4irFw"", ""review_count"": 141, ""categories"": [{""alias"": ""emilian"", ""title"": ""Emilian""}], ""rating"": 4.5, ""coordinates"": {""latitude"": 45.466267, ""longitude"": 9.195122}, ""transactions"": [], ""price"": ""\u20ac\u20ac"", ""location"": {""address1"": ""Via San Pietro all'Orto 9"", ""address2"": """", ""address3"": """", ""city"": ""Milan"", ""zip_code"": ""20121"", ""country"": ""IT"", ""state"": ""MI"", ""display_address"": [""Via San Pietro all'Orto 9"", ""20121 Milan"", ""Italy""]}, ""phone"": ""+390276281350"", ""display_phone"": ""+39 02 7628 1350"", ""distance"": 666.4389056554878}, {""id"": ""DxgcES-gFf3jFQ9OxYRI4A"", ""alias"": ""piz-milano"", ""name"": ""Piz"", ""image_url"": ""https://s3-media1.fl.yelpcdn.com/bphoto/UkWcllFmtC9ONOGXtydq3w/o.jpg"", ""is_closed"": false, ""url"": ""https://www.yelp.com/biz/piz-milano?adjust_creative=ULHW7ynqdXE8Z9Fnr4irFw&utm_campaign=yelp_api_v3&utm_medium=api_v3_business_search&utm_source=ULHW7ynqdXE8Z9Fnr4irFw"", ""review_count"": 110, ""categories"": [{""alias"": ""pizza"", ""title"": ""Pizza""}, {""alias"": ""italian"", ""title"": ""Italian""}], ""rating"": 4.5, ""coordinates"": {""latitude"": 45.462, ""longitude"": 9.18607}, ""transactions"": [], ""price"": ""\u20ac\u20ac"", ""location"": {""address1"": ""Via Torino 34"", ""address2"": """", ""address3"": """", ""city"": ""Milan"", ""zip_code"": ""20123"", ""country"": ""IT"", ""state"": ""MI"", ""display_address"": [""Via Torino 34"", ""20123 Milan"", ""Italy""]}, ""phone"": ""+390286453482"", ""display_phone"": ""+39 02 8645 3482"", ""distance"": 978.9518298830583}, {""id"": ""GyilsXEoEw6V9tmV70ZvoA"", ""alias"": ""risoelatte-milano-2"", ""name"": ""Risoelatte"", ""image_url"": ""https://s3-media4.fl.yelpcdn.com/bphoto/yGS60Diwb6eTQtDHkt5Wlg/o.jpg"", ""is_closed"": false, ""url"": ""https://www.yelp.com/biz/risoelatte-milano-2?adjust_creative=ULHW7ynqdXE8Z9Fnr4irFw&utm_campaign=yelp_api_v3&utm_medium=api_v3_business_search&utm_source=ULHW7ynqdXE8Z9Fnr4irFw"", ""review_count"": 135, ""categories"": [{""alias"": ""italian"", ""title"": ""Italian""}], ""rating"": 4.5, ""coordinates"": {""latitude"": 45.466417440848, ""longitude"": 9.18335152506515}, ""transactions"": [], ""price"": ""\u20ac\u20ac"", ""location"": {""address1"": ""Via Camperio 6"", ""address2"": """", ""address3"": """", ""city"": ""Milan"", ""zip_code"": ""20123"", ""country"": ""IT"", ""state"": ""MI"", ""display_address"": [""Via Camperio 6"", ""20123 Milan"", ""Italy""]}, ""phone"": ""+390239831040"", ""display_phone"": ""+39 02 3983 1040"", ""distance"": 632.1999371902086}, {""id"": ""km8DOjqeRQwbmsmZrGcYcQ"", ""alias"": ""pav\u00e9-milano-2"", ""name"": ""Pav\u00e9"", ""image_url"": ""https://s3-media4.fl.yelpcdn.com/bphoto/cOTS-v59T36QZ6GbzDb8ew/o.jpg"", ""is_closed"": false, ""url"": ""https://www.yelp.com/biz/pav%C3%A9-milano-2?adjust_creative=ULHW7ynqdXE8Z9Fnr4irFw&utm_campaign=yelp_api_v3&utm_medium=api_v3_business_search&utm_source=ULHW7ynqdXE8Z9Fnr4irFw"", ""review_count"": 120, ""categories"": [{""alias"": ""cafes"", ""title"": ""Cafes""}, {""alias"": ""cakeshop"", ""title"": ""Patisserie/Cake Shop""}, {""alias"": ""breakfast_brunch"", ""title"": ""Breakfast & Brunch""}], ""rating"": 4.5, ""coordinates"": {""latitude"": 45.47914, ""longitude"": 9.20256}, ""transactions"": [], ""price"": ""\u20ac\u20ac"", ""location"": {""address1"": ""Via Felice Casati 27"", ""address2"": """", ""address3"": """", ""city"": ""Milan"", ""zip_code"": ""20124"", ""country"": ""IT"", ""state"": ""MI"", ""display_address"": [""Via Felice Casati 27"", ""20124 Milan"", ""Italy""]}, ""phone"": ""+390294392259"", ""display_phone"": ""+39 02 9439 2259"", ""distance"": 1424.9221936194922}, {""id"": ""7M4-6cGI7lPf7xqABDv_lw"", ""alias"": ""castello-sforzesco-milano-2"", ""name"": ""Castello Sforzesco"", ""image_url"": ""https://s3-media3.fl.yelpcdn.com/bphoto/xkS36XjzMRtQ1U3iXKkE7w/o.jpg"", ""is_closed"": false, ""url"": ""https://www.yelp.com/biz/castello-sforzesco-milano-2?adjust_creative=ULHW7ynqdXE8Z9Fnr4irFw&utm_campaign=yelp_api_v3&utm_medium=api_v3_business_search&utm_source=ULHW7ynqdXE8Z9Fnr4irFw"", ""review_count"": 86, ""categories"": [{""alias"": ""landmarks"", ""title"": ""Landmarks & Historical Buildings""}, {""alias"": ""museums"", ""title"": ""Museums""}, {""alias"": ""castles"", ""title"": ""Castles""}], ""rating"": 4.5, ""coordinates"": {""latitude"": 45.469977923982, ""longitude"": 9.1800272624687}, ""transactions"": [], ""location"": {""address1"": ""Piazza Castello 3"", ""address2"": """", ""address3"": """", ""city"": ""Milan"", ""zip_code"": ""20121"", ""country"": ""IT"", ""state"": ""MI"", ""display_address"": [""Piazza Castello 3"", ""20121 Milan"", ""Italy""]}, ""phone"": ""+390288463703"", ""display_phone"": ""+39 02 8846 3703"", ""distance"": 704.4482976749277}, {""id"": ""DILLC1aLoY5hjPDU3mA4og"", ""alias"": ""nerino-dieci-milano"", ""name"": ""Nerino Dieci"", ""image_url"": ""https://s3-media2.fl.yelpcdn.com/bphoto/rXqSDu-3-XJ70Oy4saYfDw/o.jpg"", ""is_closed"": false, ""url"": ""https://www.yelp.com/biz/nerino-dieci-milano?adjust_creative=ULHW7ynqdXE8Z9Fnr4irFw&utm_campaign=yelp_api_v3&utm_medium=api_v3_business_search&utm_source=ULHW7ynqdXE8Z9Fnr4irFw"", ""review_count"": 70, ""categories"": [{""alias"": ""mediterranean"", ""title"": ""Mediterranean""}, {""alias"": ""seafood"", ""title"": ""Seafood""}, {""alias"": ""trattorie"", ""title"": ""Trattorie""}], ""rating"": 4.5, ""coordinates"": {""latitude"": 45.4610095065073, ""longitude"": 9.1832270412383}, ""transactions"": [], ""price"": ""\u20ac\u20ac"", ""location"": {""address1"": ""Via Nerino 10"", ""address2"": """", ""address3"": """", ""city"": ""Milan"", ""zip_code"": ""20123"", ""country"": ""IT"", ""state"": ""MI"", ""display_address"": [""Via Nerino 10"", ""20123 Milan"", ""Italy""]}, ""phone"": ""+390239831019"", ""display_phone"": ""+39 02 3983 1019"", ""distance"": 1145.5704553477071}, {""id"": ""g4ZjVYYARsgvYPpkmmbIDA"", ""alias"": ""starbucks-reserve-roastery-milano-4"", ""name"": ""Starbucks Reserve Roastery"", ""image_url"": ""https://s3-media4.fl.yelpcdn.com/bphoto/9wi0myN8VkMlXukIBfkI7g/o.jpg"", ""is_closed"": false, ""url"": ""https://www.yelp.com/biz/starbucks-reserve-roastery-milano-4?adjust_creative=ULHW7ynqdXE8Z9Fnr4irFw&utm_campaign=yelp_api_v3&utm_medium=api_v3_business_search&utm_source=ULHW7ynqdXE8Z9Fnr4irFw"", ""review_count"": 66, ""categories"": [{""alias"": ""cafeteria"", ""title"": ""Cafeteria""}], ""rating"": 4.5, ""coordinates"": {""latitude"": 45.464886, ""longitude"": 9.186104}, ""transactions"": [], ""price"": ""\u20ac\u20ac"", ""location"": {""address1"": ""Piazza Cordusio 3"", ""address2"": """", ""address3"": null, ""city"": ""Milan"", ""zip_code"": ""21023"", ""country"": ""IT"", ""state"": ""MI"", ""display_address"": [""Piazza Cordusio 3"", ""21023 Milan"", ""Italy""]}, ""phone"": ""+390291970326"", ""display_phone"": ""+39 02 9197 0326"", ""distance"": 661.9050767192356}, {""id"": ""sY_XafKph5Dij8RV6VcJ6A"", ""alias"": ""osteria-fara-milano"", ""name"": ""Osteria Fara"", ""image_url"": ""https://s3-media2.fl.yelpcdn.com/bphoto/qhlHR2nlgSJXGp3n1_OCwg/o.jpg"", ""is_closed"": false, ""url"": ""https://www.yelp.com/biz/osteria-fara-milano?adjust_creative=ULHW7ynqdXE8Z9Fnr4irFw&utm_campaign=yelp_api_v3&utm_medium=api_v3_business_search&utm_source=ULHW7ynqdXE8Z9Fnr4irFw"", ""review_count"": 73, ""categories"": [{""alias"": ""wine_bars"", ""title"": ""Wine Bars""}, {""alias"": ""italian"", ""title"": ""Italian""}], ""rating"": 4.5, ""coordinates"": {""latitude"": 45.4842, ""longitude"": 9.1984}, ""transactions"": [], ""price"": ""\u20ac\u20ac\u20ac"", ""location"": {""address1"": ""Via Gustavo Fara 25"", ""address2"": """", ""address3"": """", ""city"": ""Milan"", ""zip_code"": ""20147"", ""country"": ""IT"", ""state"": ""MI"", ""display_address"": [""Via Gustavo Fara 25"", ""20147 Milan"", ""Italy""]}, ""phone"": ""+390267076789"", ""display_phone"": ""+39 02 6707 6789"", ""distance"": 1696.688663022258}, {""id"": ""DWDkNEotz1Z0GruJu6DiFA"", ""alias"": ""basilica-di-santa-maria-delle-grazie-milano"", ""name"": ""Basilica di Santa Maria delle Grazie"", ""image_url"": ""https://s3-media4.fl.yelpcdn.com/bphoto/-6yz6tZREeYzw758k3vAgw/o.jpg"", ""is_closed"": false, ""url"": ""https://www.yelp.com/biz/basilica-di-santa-maria-delle-grazie-milano?adjust_creative=ULHW7ynqdXE8Z9Fnr4irFw&utm_campaign=yelp_api_v3&utm_medium=api_v3_business_search&utm_source=ULHW7ynqdXE8Z9Fnr4irFw"", ""review_count"": 57, ""categories"": [{""alias"": ""churches"", ""title"": ""Churches""}, {""alias"": ""landmarks"", ""title"": ""Landmarks & Historical Buildings""}], ""rating"": 4.5, ""coordinates"": {""latitude"": 45.4662, ""longitude"": 9.1706299}, ""transactions"": [], ""location"": {""address1"": ""Piazza Santa Maria delle Grazie 2"", ""address2"": """", ""address3"": """", ""city"": ""Milan"", ""zip_code"": ""20123"", ""country"": ""IT"", ""state"": ""MI"", ""display_address"": [""Piazza Santa Maria delle Grazie 2"", ""20123 Milan"", ""Italy""]}, ""phone"": ""+39024987588"", ""display_phone"": ""+39 02 498 7588"", ""distance"": 1506.7834048492036}, {""id"": ""EzT6BXKnae048S062meM8w"", ""alias"": ""chocolat-milano-5"", ""name"": ""Chocolat"", ""image_url"": ""https://s3-media1.fl.yelpcdn.com/bphoto/7szMx2qV24aiG5Rq0IYHEw/o.jpg"", ""is_closed"": false, ""url"": ""https://www.yelp.com/biz/chocolat-milano-5?adjust_creative=ULHW7ynqdXE8Z9Fnr4irFw&utm_campaign=yelp_api_v3&utm_medium=api_v3_business_search&utm_source=ULHW7ynqdXE8Z9Fnr4irFw"", ""review_count"": 75, ""categories"": [{""alias"": ""icecream"", ""title"": ""Ice Cream & Frozen Yogurt""}, {""alias"": ""cafeteria"", ""title"": ""Cafeteria""}, {""alias"": ""chocolate"", ""title"": ""Chocolatiers & Shops""}], ""rating"": 4.5, ""coordinates"": {""latitude"": 45.4677344040672, ""longitude"": 9.17400777339935}, ""transactions"": [], ""price"": ""\u20ac"", ""location"": {""address1"": ""Via Giovanni Boccaccio 9"", ""address2"": null, ""address3"": null, ""city"": ""Milan"", ""zip_code"": ""20123"", ""country"": ""IT"", ""state"": ""MI"", ""display_address"": [""Via Giovanni Boccaccio 9"", ""20123 Milan"", ""Italy""]}, ""phone"": ""+390248100597"", ""display_phone"": ""+39 02 4810 0597"", ""distance"": 1210.6310537059653}, {""id"": ""QpK3arHCMISUd8HCUsuAFw"", ""alias"": ""pap\u00e0-francesco-milano-2"", ""name"": ""Pap\u00e0 Francesco"", ""image_url"": ""https://s3-media1.fl.yelpcdn.com/bphoto/GB-cpptuat80sMx0w47JUg/o.jpg"", ""is_closed"": false, ""url"": ""https://www.yelp.com/biz/pap%C3%A0-francesco-milano-2?adjust_creative=ULHW7ynqdXE8Z9Fnr4irFw&utm_campaign=yelp_api_v3&utm_medium=api_v3_business_search&utm_source=ULHW7ynqdXE8Z9Fnr4irFw"", ""review_count"": 95, ""categories"": [{""alias"": ""gluten_free"", ""title"": ""Gluten-Free""}, {""alias"": ""seafood"", ""title"": ""Seafood""}, {""alias"": ""pizza"", ""title"": ""Pizza""}], ""rating"": 4.0, ""coordinates"": {""latitude"": 45.466232, ""longitude"": 9.1905254}, ""transactions"": [], ""price"": ""\u20ac\u20ac\u20ac"", ""location"": {""address1"": ""Via Marino Tommaso 5"", ""address2"": null, ""address3"": null, ""city"": ""Milan"", ""zip_code"": ""20121"", ""country"": ""IT"", ""state"": ""MI"", ""display_address"": [""Via Marino Tommaso 5"", ""20121 Milan"", ""Italy""]}, ""phone"": ""+3902862177"", ""display_phone"": ""+39 02 862177"", ""distance"": 485.7028812408117}, {""id"": ""juQzL47spxbsNyR9Mg4jMQ"", ""alias"": ""peck-milano-2"", ""name"": ""Peck"", ""image_url"": ""https://s3-media2.fl.yelpcdn.com/bphoto/uYLGe67JvsWJRCtBo-9d5Q/o.jpg"", ""is_closed"": false, ""url"": ""https://www.yelp.com/biz/peck-milano-2?adjust_creative=ULHW7ynqdXE8Z9Fnr4irFw&utm_campaign=yelp_api_v3&utm_medium=api_v3_business_search&utm_source=ULHW7ynqdXE8Z9Fnr4irFw"", ""review_count"": 69, ""categories"": [{""alias"": ""wine_bars"", ""title"": ""Wine Bars""}, {""alias"": ""italian"", ""title"": ""Italian""}, {""alias"": ""gastropubs"", ""title"": ""Gastropubs""}], ""rating"": 4.0, ""coordinates"": {""latitude"": 45.46353, ""longitude"": 9.18702}, ""transactions"": [], ""price"": ""\u20ac\u20ac\u20ac\u20ac"", ""location"": {""address1"": ""Via Spadari 9"", ""address2"": """", ""address3"": """", ""city"": ""Milan"", ""zip_code"": ""20123"", ""country"": ""IT"", ""state"": ""MI"", ""display_address"": [""Via Spadari 9"", ""20123 Milan"", ""Italy""]}, ""phone"": ""+39028023161"", ""display_phone"": ""+39 02 802 3161"", ""distance"": 790.0091640553874}, {""id"": ""EyArcrEXmC-FPpNlLQ5I1A"", ""alias"": ""poporoya-milano"", ""name"": ""Poporoya"", ""image_url"": ""https://s3-media1.fl.yelpcdn.com/bphoto/KZ9PoBu3QL3D7mvQqqUj9Q/o.jpg"", ""is_closed"": false, ""url"": ""https://www.yelp.com/biz/poporoya-milano?adjust_creative=ULHW7ynqdXE8Z9Fnr4irFw&utm_campaign=yelp_api_v3&utm_medium=api_v3_business_search&utm_source=ULHW7ynqdXE8Z9Fnr4irFw"", ""review_count"": 50, ""categories"": [{""alias"": ""japanese"", ""title"": ""Japanese""}, {""alias"": ""sushi"", ""title"": ""Sushi Bars""}], ""rating"": 4.5, ""coordinates"": {""latitude"": 45.47552, ""longitude"": 9.2145499}, ""transactions"": [], ""price"": ""\u20ac\u20ac"", ""location"": {""address1"": ""Via Bartolomeo Eustachi 17"", ""address2"": null, ""address3"": null, ""city"": ""Milan"", ""zip_code"": ""20129"", ""country"": ""IT"", ""state"": ""MI"", ""display_address"": [""Via Bartolomeo Eustachi 17"", ""20129 Milan"", ""Italy""]}, ""phone"": ""+390229406797"", ""display_phone"": ""+39 02 2940 6797"", ""distance"": 2065.89082144081}, {""id"": ""mmsfdsAJdKkZEr3ibI6SEA"", ""alias"": ""trattoria-milanese-milano-4"", ""name"": ""Trattoria Milanese"", ""image_url"": ""https://s3-media1.fl.yelpcdn.com/bphoto/sQOP_yQPTdfvIq5ivZYOXg/o.jpg"", ""is_closed"": false, ""url"": ""https://www.yelp.com/biz/trattoria-milanese-milano-4?adjust_creative=ULHW7ynqdXE8Z9Fnr4irFw&utm_campaign=yelp_api_v3&utm_medium=api_v3_business_search&utm_source=ULHW7ynqdXE8Z9Fnr4irFw"", ""review_count"": 65, ""categories"": [{""alias"": ""lumbard"", ""title"": ""Lumbard""}, {""alias"": ""trattorie"", ""title"": ""Trattorie""}, {""alias"": ""cafes"", ""title"": ""Cafes""}], ""rating"": 4.5, ""coordinates"": {""latitude"": 45.4630125999698, ""longitude"": 9.1837214918919}, ""transactions"": [], ""price"": ""\u20ac\u20ac\u20ac"", ""location"": {""address1"": ""Via Santa Marta 11"", ""address2"": null, ""address3"": null, ""city"": ""Milan"", ""zip_code"": ""20123"", ""country"": ""IT"", ""state"": ""MI"", ""display_address"": [""Via Santa Marta 11"", ""20123 Milan"", ""Italy""]}, ""phone"": ""+390286451991"", ""display_phone"": ""+39 02 8645 1991"", ""distance"": 927.2251567508922}, {""id"": ""fm-rTWRG21705mEsZHCqzw"", ""alias"": ""galleria-milano-3"", ""name"": ""Galleria"", ""image_url"": ""https://s3-media1.fl.yelpcdn.com/bphoto/SfTbask1HB78rC0eZrirBw/o.jpg"", ""is_closed"": false, ""url"": ""https://www.yelp.com/biz/galleria-milano-3?adjust_creative=ULHW7ynqdXE8Z9Fnr4irFw&utm_campaign=yelp_api_v3&utm_medium=api_v3_business_search&utm_source=ULHW7ynqdXE8Z9Fnr4irFw"", ""review_count"": 68, ""categories"": [{""alias"": ""pizza"", ""title"": ""Pizza""}, {""alias"": ""mediterranean"", ""title"": ""Mediterranean""}, {""alias"": ""lumbard"", ""title"": ""Lumbard""}], ""rating"": 4.0, ""coordinates"": {""latitude"": 45.465511, ""longitude"": 9.189988}, ""transactions"": [], ""price"": ""\u20ac\u20ac"", ""location"": {""address1"": ""Galleria Vittorio Emanuele II 75"", ""address2"": """", ""address3"": """", ""city"": ""Milan"", ""zip_code"": ""20121"", ""country"": ""IT"", ""state"": ""MI"", ""display_address"": [""Galleria Vittorio Emanuele II 75"", ""20121 Milan"", ""Italy""]}, ""phone"": ""+390286464912"", ""display_phone"": ""+39 02 8646 4912"", ""distance"": 544.6554134173862}, {""id"": ""jJwIhUDnsdw5Z9045qYeTg"", ""alias"": ""noblesse-oblige-locanda-del-mare-milano"", ""name"": ""Noblesse Oblige - Locanda del mare"", ""image_url"": ""https://s3-media3.fl.yelpcdn.com/bphoto/HiE5RTJh5q78avmWpaxsNg/o.jpg"", ""is_closed"": false, ""url"": ""https://www.yelp.com/biz/noblesse-oblige-locanda-del-mare-milano?adjust_creative=ULHW7ynqdXE8Z9Fnr4irFw&utm_campaign=yelp_api_v3&utm_medium=api_v3_business_search&utm_source=ULHW7ynqdXE8Z9Fnr4irFw"", ""review_count"": 52, ""categories"": [{""alias"": ""italian"", ""title"": ""Italian""}], ""rating"": 4.5, ""coordinates"": {""latitude"": 45.48398, ""longitude"": 9.20998}, ""transactions"": [], ""price"": ""\u20ac\u20ac"", ""location"": {""address1"": ""Via F Gaffurio 1"", ""address2"": """", ""address3"": """", ""city"": ""Milan"", ""zip_code"": ""20124"", ""country"": ""IT"", ""state"": ""MI"", ""display_address"": [""Via F Gaffurio 1"", ""20124 Milan"", ""Italy""]}, ""phone"": ""+39026692773"", ""display_phone"": ""+39 02 669 2773"", ""distance"": 2203.36484708117}, {""id"": ""YAvqWdS39-Lb2KyhmhYSmg"", ""alias"": ""princi-milano"", ""name"": ""Princi"", ""image_url"": ""https://s3-media2.fl.yelpcdn.com/bphoto/W9tCaILm3_icbcbE-EdN2w/o.jpg"", ""is_closed"": false, ""url"": ""https://www.yelp.com/biz/princi-milano?adjust_creative=ULHW7ynqdXE8Z9Fnr4irFw&utm_campaign=yelp_api_v3&utm_medium=api_v3_business_search&utm_source=ULHW7ynqdXE8Z9Fnr4irFw"", ""review_count"": 59, ""categories"": [{""alias"": ""bakeries"", ""title"": ""Bakeries""}, {""alias"": ""cafeteria"", ""title"": ""Cafeteria""}, {""alias"": ""cakeshop"", ""title"": ""Patisserie/Cake Shop""}], ""rating"": 4.5, ""coordinates"": {""latitude"": 45.46298, ""longitude"": 9.18796}, ""transactions"": [], ""price"": ""\u20ac"", ""location"": {""address1"": ""Via Speronari 6"", ""address2"": """", ""address3"": """", ""city"": ""Milan"", ""zip_code"": ""20123"", ""country"": ""IT"", ""state"": ""MI"", ""display_address"": [""Via Speronari 6"", ""20123 Milan"", ""Italy""]}, ""phone"": ""+3902874797"", ""display_phone"": ""+39 02 874797"", ""distance"": 837.8475441391399}, {""id"": ""CKvAxkeyRyrVh-KaXviiZw"", ""alias"": ""maruzzella-milano-3"", ""name"": ""Maruzzella"", ""image_url"": ""https://s3-media3.fl.yelpcdn.com/bphoto/IV9xDEJu0DpuVSwCgpDAJQ/o.jpg"", ""is_closed"": false, ""url"": ""https://www.yelp.com/biz/maruzzella-milano-3?adjust_creative=ULHW7ynqdXE8Z9Fnr4irFw&utm_campaign=yelp_api_v3&utm_medium=api_v3_business_search&utm_source=ULHW7ynqdXE8Z9Fnr4irFw"", ""review_count"": 118, ""categories"": [{""alias"": ""cucinacampana"", ""title"": ""Cucina campana""}, {""alias"": ""pizza"", ""title"": ""Pizza""}], ""rating"": 4.0, ""coordinates"": {""latitude"": 45.4749598694415, ""longitude"": 9.20463516765103}, ""transactions"": [], ""price"": ""\u20ac\u20ac"", ""location"": {""address1"": ""Piazza Guglielmo Oberdan 3"", ""address2"": null, ""address3"": null, ""city"": ""Milan"", ""zip_code"": ""20129"", ""country"": ""IT"", ""state"": ""MI"", ""display_address"": [""Piazza Guglielmo Oberdan 3"", ""20129 Milan"", ""Italy""]}, ""phone"": ""+390229525729"", ""display_phone"": ""+39 02 2952 5729"", ""distance"": 1314.8793608941687}, {""id"": ""LdsJNzzurNA1hnHnmahdRQ"", ""alias"": ""miscusi-milano-2"", ""name"": ""Miscusi"", ""image_url"": ""https://s3-media1.fl.yelpcdn.com/bphoto/D7J-9FpQoXgyB573Dn-w3w/o.jpg"", ""is_closed"": false, ""url"": ""https://www.yelp.com/biz/miscusi-milano-2?adjust_creative=ULHW7ynqdXE8Z9Fnr4irFw&utm_campaign=yelp_api_v3&utm_medium=api_v3_business_search&utm_source=ULHW7ynqdXE8Z9Fnr4irFw"", ""review_count"": 75, ""categories"": [{""alias"": ""italian"", ""title"": ""Italian""}], ""rating"": 4.5, ""coordinates"": {""latitude"": 45.4817907157856, ""longitude"": 9.2031916130563}, ""transactions"": [], ""price"": ""\u20ac\u20ac"", ""location"": {""address1"": ""Piazza San Camillo de Lellis"", ""address2"": """", ""address3"": null, ""city"": ""Milan"", ""zip_code"": ""20124"", ""country"": ""IT"", ""state"": ""MI"", ""display_address"": [""Piazza San Camillo de Lellis"", ""20124 Milan"", ""Italy""]}, ""phone"": ""+393451172559"", ""display_phone"": ""+39 345 117 2559"", ""distance"": 1674.0402133715804}, {""id"": ""OZ--m2iWx0n-X9coc5S9Tg"", ""alias"": ""pasticceria-marchesi-milano-4"", ""name"": ""Pasticceria Marchesi"", ""image_url"": ""https://s3-media3.fl.yelpcdn.com/bphoto/SGQS06ZeO2F4kip3rOdzTw/o.jpg"", ""is_closed"": false, ""url"": ""https://www.yelp.com/biz/pasticceria-marchesi-milano-4?adjust_creative=ULHW7ynqdXE8Z9Fnr4irFw&utm_campaign=yelp_api_v3&utm_medium=api_v3_business_search&utm_source=ULHW7ynqdXE8Z9Fnr4irFw"", ""review_count"": 25, ""categories"": [{""alias"": ""cafes"", ""title"": ""Cafes""}, {""alias"": ""cakeshop"", ""title"": ""Patisserie/Cake Shop""}, {""alias"": ""chocolate"", ""title"": ""Chocolatiers & Shops""}], ""rating"": 5.0, ""coordinates"": {""latitude"": 45.4655791411436, ""longitude"": 9.19060107606798}, ""transactions"": [], ""price"": ""\u20ac\u20ac\u20ac"", ""location"": {""address1"": ""Galleria Vittorio Emanuele II"", ""address2"": """", ""address3"": null, ""city"": ""Milan"", ""zip_code"": ""20121"", ""country"": ""IT"", ""state"": ""MI"", ""display_address"": [""Galleria Vittorio Emanuele II"", ""20121 Milan"", ""Italy""]}, ""phone"": ""+390294181710"", ""display_phone"": ""+39 02 9418 1710"", ""distance"": 557.7196851401612}], ""total"": 6200, ""region"": {""center"": {""longitude"": 9.189033508300781, ""latitude"": 45.47047287954827}}}",application/json,false,"OAS disconformity: [Path '/businesses/[item]/price'] Instance value ("""") not found in enum (possible values: [""$"";""$$"";""$$$"";""$$$$""]) --- [Path '/businesses/[item]/price'] Instance value ("""") not found in enum (possible values: [""$"";""$$"";""$$$"";""$$$$""]) --- [Path '/businesses/[item]/price'] Instance value ("""") not found in enum (possible values: [""$"";""$$"";""$$$"";""$$$$""]) --- [Path '/businesses/[item]/price'] Instance value ("""") not found in enum (possible values: [""$"";""$$"";""$$$"";""$$$$""])"
