testResultId,statusCode,responseBody,outputContentType,passed,failReason
test_1h7ilt2qcoqjn_getBusinesses,200,"{""businesses"": [], ""total"": 0, ""region"": {""center"": {""longitude"": -73.97918701171875, ""latitude"": 40.706977710584276}}}",application/json,true,none
test_1h7imz1sffhpd_getBusinesses,200,"{""businesses"": [], ""total"": 0, ""region"": {""center"": {""longitude"": 144.96734619140625, ""latitude"": -37.81787593178502}}}",application/json,true,none
test_1h7o7p2nmvjhg_getBusinesses,200,"{""businesses"": [], ""total"": 0, ""region"": {""center"": {""longitude"": -106.44927978515625, ""latitude"": 31.653215982221013}}}",application/json,true,none
test_1hb7mzfr9vyno_getBusinesses,400,"{""error"": {""code"": ""VALIDATION_ERROR"", ""description"": ""Please specify a location or a latitude and longitude""}}",application/json,true,none
test_1hbazhh2d9auo_getBusinesses,200,"{""businesses"": [], ""total"": 0, ""region"": {""center"": {""longitude"": -122.43644714355469, ""latitude"": 37.76089938976322}}}",application/json,true,none
test_1hr8434k4e545_getBusinesses,400,"{""error"": {""code"": ""VALIDATION_ERROR"", ""description"": ""Please specify a location or a latitude and longitude""}}",application/json,true,none
test_1ib5yvaz3esmc_getBusinesses,200,"{""businesses"": [], ""total"": 0, ""region"": {""center"": {""longitude"": -108.99692, ""latitude"": 38.30876}}}",application/json,true,none
test_1if0ifg8zvmew_getBusinesses,400,"{""error"": {""code"": ""VALIDATION_ERROR"", ""description"": ""Please specify a location or a latitude and longitude""}}",application/json,true,none
test_1iyhrpvayh6cj_getBusinesses,200,"{""businesses"": [], ""total"": 0, ""region"": {""center"": {""longitude"": -5.985832214355469, ""latitude"": 37.38897024983557}}}",application/json,true,none
test_1jettuxuxgew3_getBusinesses,400,"{""error"": {""code"": ""VALIDATION_ERROR"", ""description"": ""Please specify a location or a latitude and longitude""}}",application/json,true,none
test_1jeyvxwbt9e8z_getBusinesses,400,"{""error"": {""code"": ""VALIDATION_ERROR"", ""description"": ""Please specify a location or a latitude and longitude""}}",application/json,true,none
test_1ji4zdtwgdg6s_getBusinesses,200,"{""businesses"": [{""id"": ""6kfCeTJYfDmEg0tpijopJQ"", ""alias"": ""drovers-culinary-cafe-brush"", ""name"": ""Drovers Culinary Cafe"", ""image_url"": ""https://s3-media4.fl.yelpcdn.com/bphoto/3F5adidqjPp7_K6KKMRFpg/o.jpg"", ""is_closed"": false, ""url"": ""https://www.yelp.com/biz/drovers-culinary-cafe-brush?adjust_creative=ULHW7ynqdXE8Z9Fnr4irFw&utm_campaign=yelp_api_v3&utm_medium=api_v3_business_search&utm_source=ULHW7ynqdXE8Z9Fnr4irFw"", ""review_count"": 34, ""categories"": [{""alias"": ""cafes"", ""title"": ""Cafes""}], ""rating"": 4.5, ""coordinates"": {""latitude"": 40.258316, ""longitude"": -103.610894}, ""transactions"": [], ""price"": ""$"", ""location"": {""address1"": ""28601 US Hwy 34"", ""address2"": """", ""address3"": """", ""city"": ""Brush"", ""zip_code"": ""80723"", ""country"": ""US"", ""state"": ""CO"", ""display_address"": [""28601 US Hwy 34"", ""Brush, CO 80723""]}, ""phone"": ""+19708424218"", ""display_phone"": ""(970) 842-4218"", ""distance"": 80879.88861358268}, {""id"": ""12oJMMQGrZClgB41nvQaGw"", ""alias"": ""the-hipstir-wagon-food-truck-limon-3"", ""name"": ""The Hipstir Wagon Food Truck"", ""image_url"": ""https://s3-media2.fl.yelpcdn.com/bphoto/9Zgp7yYYDy3ByTVNxH7M4Q/o.jpg"", ""is_closed"": false, ""url"": ""https://www.yelp.com/biz/the-hipstir-wagon-food-truck-limon-3?adjust_creative=ULHW7ynqdXE8Z9Fnr4irFw&utm_campaign=yelp_api_v3&utm_medium=api_v3_business_search&utm_source=ULHW7ynqdXE8Z9Fnr4irFw"", ""review_count"": 24, ""categories"": [{""alias"": ""foodtrucks"", ""title"": ""Food Trucks""}, {""alias"": ""sandwiches"", ""title"": ""Sandwiches""}, {""alias"": ""donuts"", ""title"": ""Donuts""}], ""rating"": 5.0, ""coordinates"": {""latitude"": 39.2631924, ""longitude"": -103.6902074}, ""transactions"": [], ""price"": ""$"", ""location"": {""address1"": ""1098 Main St"", ""address2"": null, ""address3"": null, ""city"": ""Limon"", ""zip_code"": ""80828"", ""country"": ""US"", ""state"": ""CO"", ""display_address"": [""1098 Main St"", ""Limon, CO 80828""]}, ""phone"": ""+17205954876"", ""display_phone"": ""(720) 595-4876"", ""distance"": 80552.01013569368}, {""id"": ""5Hbe1pZyyRLLUTZHYBK4aw"", ""alias"": ""the-post-bar-and-grill-burlington"", ""name"": ""The Post Bar & Grill"", ""image_url"": ""https://s3-media1.fl.yelpcdn.com/bphoto/zYlKn751zDlA87UR6pPyvg/o.jpg"", ""is_closed"": false, ""url"": ""https://www.yelp.com/biz/the-post-bar-and-grill-burlington?adjust_creative=ULHW7ynqdXE8Z9Fnr4irFw&utm_campaign=yelp_api_v3&utm_medium=api_v3_business_search&utm_source=ULHW7ynqdXE8Z9Fnr4irFw"", ""review_count"": 31, ""categories"": [{""alias"": ""diners"", ""title"": ""Diners""}, {""alias"": ""bars"", ""title"": ""Bars""}, {""alias"": ""tradamerican"", ""title"": ""American (Traditional)""}], ""rating"": 3.5, ""coordinates"": {""latitude"": 39.301533955066, ""longitude"": -102.2611905353175}, ""transactions"": [], ""price"": ""$"", ""location"": {""address1"": ""884 Rose Ave"", ""address2"": null, ""address3"": null, ""city"": ""Burlington"", ""zip_code"": ""80807"", ""country"": ""US"", ""state"": ""CO"", ""display_address"": [""884 Rose Ave"", ""Burlington, CO 80807""]}, ""phone"": ""+17193467337"", ""display_phone"": ""(719) 346-7337"", ""distance"": 76604.1841749795}, {""id"": ""KK7QCaLm7WUessMksG2Pww"", ""alias"": ""cornerstone-coffee-akron"", ""name"": ""Cornerstone Coffee"", ""image_url"": ""https://s3-media1.fl.yelpcdn.com/bphoto/spI2RW_QGIFZouIKmh3UVQ/o.jpg"", ""is_closed"": false, ""url"": ""https://www.yelp.com/biz/cornerstone-coffee-akron?adjust_creative=ULHW7ynqdXE8Z9Fnr4irFw&utm_campaign=yelp_api_v3&utm_medium=api_v3_business_search&utm_source=ULHW7ynqdXE8Z9Fnr4irFw"", ""review_count"": 4, ""categories"": [{""alias"": ""cafes"", ""title"": ""Cafes""}], ""rating"": 5.0, ""coordinates"": {""latitude"": 40.1597618, ""longitude"": -103.2129408}, ""transactions"": [], ""price"": ""$"", ""location"": {""address1"": ""173 Main Ave"", ""address2"": null, ""address3"": null, ""city"": ""Akron"", ""zip_code"": ""80720"", ""country"": ""US"", ""state"": ""CO"", ""display_address"": [""173 Main Ave"", ""Akron, CO 80720""]}, ""phone"": ""+19703450722"", ""display_phone"": ""(970) 345-0722"", ""distance"": 52811.58155655909}, {""id"": ""sbzqdW8g1BOBcIfyMwHCXA"", ""alias"": ""mcdonalds-limon-2"", ""name"": ""McDonald's"", ""image_url"": ""https://s3-media4.fl.yelpcdn.com/bphoto/bf0tFoJEFMZtKsRqNMNWzA/o.jpg"", ""is_closed"": false, ""url"": ""https://www.yelp.com/biz/mcdonalds-limon-2?adjust_creative=ULHW7ynqdXE8Z9Fnr4irFw&utm_campaign=yelp_api_v3&utm_medium=api_v3_business_search&utm_source=ULHW7ynqdXE8Z9Fnr4irFw"", ""review_count"": 46, ""categories"": [{""alias"": ""hotdogs"", ""title"": ""Fast Food""}, {""alias"": ""burgers"", ""title"": ""Burgers""}, {""alias"": ""coffee"", ""title"": ""Coffee & Tea""}], ""rating"": 2.0, ""coordinates"": {""latitude"": 39.270641, ""longitude"": -103.70877}, ""transactions"": [], ""price"": ""$"", ""location"": {""address1"": ""837 US Hwy 24th"", ""address2"": """", ""address3"": """", ""city"": ""Limon"", ""zip_code"": ""80828"", ""country"": ""US"", ""state"": ""CO"", ""display_address"": [""837 US Hwy 24th"", ""Limon, CO 80828""]}, ""phone"": ""+17197752782"", ""display_phone"": ""(719) 775-2782"", ""distance"": 81267.3081059561}, {""id"": ""lDCHAEbBvNBNCUQ5tyfEaQ"", ""alias"": ""7-eleven-yuma"", ""name"": ""7-Eleven"", ""image_url"": ""https://s3-media4.fl.yelpcdn.com/bphoto/xKJyG3XZVebAJzy3M4ZHaw/o.jpg"", ""is_closed"": false, ""url"": ""https://www.yelp.com/biz/7-eleven-yuma?adjust_creative=ULHW7ynqdXE8Z9Fnr4irFw&utm_campaign=yelp_api_v3&utm_medium=api_v3_business_search&utm_source=ULHW7ynqdXE8Z9Fnr4irFw"", ""review_count"": 3, ""categories"": [{""alias"": ""convenience"", ""title"": ""Convenience Stores""}, {""alias"": ""servicestations"", ""title"": ""Gas Stations""}, {""alias"": ""coffee"", ""title"": ""Coffee & Tea""}], ""rating"": 3.5, ""coordinates"": {""latitude"": 40.1181917, ""longitude"": -102.723484}, ""transactions"": [], ""price"": ""$"", ""location"": {""address1"": ""3 E 8th Ave"", ""address2"": """", ""address3"": """", ""city"": ""Yuma"", ""zip_code"": ""80759"", ""country"": ""US"", ""state"": ""CO"", ""display_address"": [""3 E 8th Ave"", ""Yuma, CO 80759""]}, ""phone"": ""+19708485527"", ""display_phone"": ""(970) 848-5527"", ""distance"": 48440.10998857798}, {""id"": ""Kr9LEiYjU1HudGyVPna9Yw"", ""alias"": ""mcdonalds-burlington-19"", ""name"": ""McDonald's"", ""image_url"": ""https://s3-media1.fl.yelpcdn.com/bphoto/fjEsyZt-0yq0Kk8zT3ILgQ/o.jpg"", ""is_closed"": false, ""url"": ""https://www.yelp.com/biz/mcdonalds-burlington-19?adjust_creative=ULHW7ynqdXE8Z9Fnr4irFw&utm_campaign=yelp_api_v3&utm_medium=api_v3_business_search&utm_source=ULHW7ynqdXE8Z9Fnr4irFw"", ""review_count"": 23, ""categories"": [{""alias"": ""hotdogs"", ""title"": ""Fast Food""}, {""alias"": ""burgers"", ""title"": ""Burgers""}, {""alias"": ""coffee"", ""title"": ""Coffee & Tea""}], ""rating"": 2.0, ""coordinates"": {""latitude"": 39.2967249249373, ""longitude"": -102.278345525265}, ""transactions"": [], ""price"": ""$"", ""location"": {""address1"": ""440 Lincoln Ave S"", ""address2"": """", ""address3"": """", ""city"": ""Burlington"", ""zip_code"": ""80807"", ""country"": ""US"", ""state"": ""CO"", ""display_address"": [""440 Lincoln Ave S"", ""Burlington, CO 80807""]}, ""phone"": ""+17193465190"", ""display_phone"": ""(719) 346-5190"", ""distance"": 75783.67045954801}, {""id"": ""73K4Qb9dNp_uZNDp-MuAVw"", ""alias"": ""mcdonalds-brush"", ""name"": ""McDonald's"", ""image_url"": ""https://s3-media1.fl.yelpcdn.com/bphoto/vjJWZ6oEONUapWt6rC-gZA/o.jpg"", ""is_closed"": false, ""url"": ""https://www.yelp.com/biz/mcdonalds-brush?adjust_creative=ULHW7ynqdXE8Z9Fnr4irFw&utm_campaign=yelp_api_v3&utm_medium=api_v3_business_search&utm_source=ULHW7ynqdXE8Z9Fnr4irFw"", ""review_count"": 33, ""categories"": [{""alias"": ""hotdogs"", ""title"": ""Fast Food""}, {""alias"": ""burgers"", ""title"": ""Burgers""}, {""alias"": ""coffee"", ""title"": ""Coffee & Tea""}], ""rating"": 2.0, ""coordinates"": {""latitude"": 40.265749076994, ""longitude"": -103.621139153838}, ""transactions"": [""delivery""], ""price"": ""$"", ""location"": {""address1"": ""1035 N Colorado Ave"", ""address2"": """", ""address3"": """", ""city"": ""Brush"", ""zip_code"": ""80723"", ""country"": ""US"", ""state"": ""CO"", ""display_address"": [""1035 N Colorado Ave"", ""Brush, CO 80723""]}, ""phone"": ""+19708422717"", ""display_phone"": ""(970) 842-2717"", ""distance"": 82077.25050304816}, {""id"": ""UTqw6NRhaFSULyNLePbm5g"", ""alias"": ""taco-bell-limon-2"", ""name"": ""Taco Bell"", ""image_url"": ""https://s3-media2.fl.yelpcdn.com/bphoto/jhPWCcSVjQP_OleldlUsKQ/o.jpg"", ""is_closed"": false, ""url"": ""https://www.yelp.com/biz/taco-bell-limon-2?adjust_creative=ULHW7ynqdXE8Z9Fnr4irFw&utm_campaign=yelp_api_v3&utm_medium=api_v3_business_search&utm_source=ULHW7ynqdXE8Z9Fnr4irFw"", ""review_count"": 23, ""categories"": [{""alias"": ""mexican"", ""title"": ""Mexican""}, {""alias"": ""hotdogs"", ""title"": ""Fast Food""}], ""rating"": 2.0, ""coordinates"": {""latitude"": 39.269544, ""longitude"": -103.710088}, ""transactions"": [], ""price"": ""$"", ""location"": {""address1"": ""2395 6th Street"", ""address2"": """", ""address3"": null, ""city"": ""Limon"", ""zip_code"": ""80828"", ""country"": ""US"", ""state"": ""CO"", ""display_address"": [""2395 6th Street"", ""Limon, CO 80828""]}, ""phone"": ""+17197759411"", ""display_phone"": ""(719) 775-9411"", ""distance"": 81432.0868891528}, {""id"": ""fq7RFJ4h_E2rFfrDei2plg"", ""alias"": ""subway-yuma-13"", ""name"": ""Subway"", ""image_url"": ""https://s3-media2.fl.yelpcdn.com/bphoto/uGxZlw4wMPHu-ABlDUYbPw/o.jpg"", ""is_closed"": false, ""url"": ""https://www.yelp.com/biz/subway-yuma-13?adjust_creative=ULHW7ynqdXE8Z9Fnr4irFw&utm_campaign=yelp_api_v3&utm_medium=api_v3_business_search&utm_source=ULHW7ynqdXE8Z9Fnr4irFw"", ""review_count"": 3, ""categories"": [{""alias"": ""sandwiches"", ""title"": ""Sandwiches""}], ""rating"": 2.5, ""coordinates"": {""latitude"": 40.1182944, ""longitude"": -102.7208866}, ""transactions"": [], ""price"": ""$"", ""location"": {""address1"": ""321 E 8th Ave"", ""address2"": """", ""address3"": """", ""city"": ""Yuma"", ""zip_code"": ""80759"", ""country"": ""US"", ""state"": ""CO"", ""display_address"": [""321 E 8th Ave"", ""Yuma, CO 80759""]}, ""phone"": ""+19708483038"", ""display_phone"": ""(970) 848-3038"", ""distance"": 48545.476790748944}, {""id"": ""R-1lu2cfrp6Ld0MZzWEhdQ"", ""alias"": ""burger-king-fort-morgan"", ""name"": ""Burger King"", ""image_url"": ""https://s3-media1.fl.yelpcdn.com/bphoto/5a7KsqhqY8bXEUTdQKb3VQ/o.jpg"", ""is_closed"": false, ""url"": ""https://www.yelp.com/biz/burger-king-fort-morgan?adjust_creative=ULHW7ynqdXE8Z9Fnr4irFw&utm_campaign=yelp_api_v3&utm_medium=api_v3_business_search&utm_source=ULHW7ynqdXE8Z9Fnr4irFw"", ""review_count"": 22, ""categories"": [{""alias"": ""burgers"", ""title"": ""Burgers""}, {""alias"": ""hotdogs"", ""title"": ""Fast Food""}], ""rating"": 1.5, ""coordinates"": {""latitude"": 40.2611109532914, ""longitude"": -103.772153556346}, ""transactions"": [], ""price"": ""$"", ""location"": {""address1"": ""1200 Barlow Rd"", ""address2"": null, ""address3"": null, ""city"": ""Fort Morgan"", ""zip_code"": ""80701"", ""country"": ""US"", ""state"": ""CO"", ""display_address"": [""1200 Barlow Rd"", ""Fort Morgan, CO 80701""]}, ""phone"": ""+19708673005"", ""display_phone"": ""(970) 867-3005"", ""distance"": 90972.53654799961}, {""id"": ""wYemd8KGKkRY3v8xUu_KZA"", ""alias"": ""7-eleven-wray"", ""name"": ""7-Eleven"", ""image_url"": """", ""is_closed"": false, ""url"": ""https://www.yelp.com/biz/7-eleven-wray?adjust_creative=ULHW7ynqdXE8Z9Fnr4irFw&utm_campaign=yelp_api_v3&utm_medium=api_v3_business_search&utm_source=ULHW7ynqdXE8Z9Fnr4irFw"", ""review_count"": 2, ""categories"": [{""alias"": ""convenience"", ""title"": ""Convenience Stores""}, {""alias"": ""servicestations"", ""title"": ""Gas Stations""}, {""alias"": ""coffee"", ""title"": ""Coffee & Tea""}], ""rating"": 1.0, ""coordinates"": {""latitude"": 40.0785597828973, ""longitude"": -102.226581415262}, ""transactions"": [], ""price"": ""$"", ""location"": {""address1"": ""402 W 3rd"", ""address2"": """", ""address3"": """", ""city"": ""Wray"", ""zip_code"": ""80758"", ""country"": ""US"", ""state"": ""CO"", ""display_address"": [""402 W 3rd"", ""Wray, CO 80758""]}, ""phone"": ""+19703324635"", ""display_phone"": ""(970) 332-4635"", ""distance"": 74378.30591692463}, {""id"": ""3DXAyWacM7GxlKCZwi6FMg"", ""alias"": ""7-eleven-brush"", ""name"": ""7-Eleven"", ""image_url"": """", ""is_closed"": false, ""url"": ""https://www.yelp.com/biz/7-eleven-brush?adjust_creative=ULHW7ynqdXE8Z9Fnr4irFw&utm_campaign=yelp_api_v3&utm_medium=api_v3_business_search&utm_source=ULHW7ynqdXE8Z9Fnr4irFw"", ""review_count"": 1, ""categories"": [{""alias"": ""convenience"", ""title"": ""Convenience Stores""}, {""alias"": ""coffee"", ""title"": ""Coffee & Tea""}], ""rating"": 3.0, ""coordinates"": {""latitude"": 40.2549762774258, ""longitude"": -103.626852771367}, ""transactions"": [""pickup""], ""price"": ""$"", ""location"": {""address1"": ""620 Edison"", ""address2"": """", ""address3"": """", ""city"": ""Brush"", ""zip_code"": ""80723"", ""country"": ""US"", ""state"": ""CO"", ""display_address"": [""620 Edison"", ""Brush, CO 80723""]}, ""phone"": ""+19708423123"", ""display_phone"": ""(970) 842-3123"", ""distance"": 81540.95050352896}], ""total"": 13, ""region"": {""center"": {""longitude"": -102.966225, ""latitude"": 39.72434}}}",application/json,true,none
test_1jifjuknfg4kz_getBusinesses,200,"{""businesses"": [], ""total"": 0, ""region"": {""center"": {""longitude"": 9.189033508300781, ""latitude"": 45.47047287954827}}}",application/json,true,none
test_1jy276cmi25wi_getBusinesses,400,"{""error"": {""code"": ""LOCATION_NOT_FOUND"", ""description"": ""Could not execute search, try specifying a more exact location.""}}",application/json,true,none
test_1jy2pvnuyyb7b_getBusinesses,400,"{""error"": {""code"": ""VALIDATION_ERROR"", ""description"": ""Please specify a location or a latitude and longitude""}}",application/json,true,none
test_1k1r60pkuwig3_getBusinesses,200,"{""businesses"": [{""id"": ""Hz4WkBbc72TnXMokZEy6WQ"", ""alias"": ""all-state-pest-control-babylon-2"", ""name"": ""All State Pest Control"", ""image_url"": ""https://s3-media2.fl.yelpcdn.com/bphoto/-leBBTrVh3DLZixepWkZag/o.jpg"", ""is_closed"": false, ""url"": ""https://de.yelp.ch/biz/all-state-pest-control-babylon-2?adjust_creative=ULHW7ynqdXE8Z9Fnr4irFw&utm_campaign=yelp_api_v3&utm_medium=api_v3_business_search&utm_source=ULHW7ynqdXE8Z9Fnr4irFw"", ""review_count"": 2, ""categories"": [{""alias"": ""pest_control"", ""title"": ""Sch\u00e4dlingsbek\u00e4mpfung & Kammerj\u00e4ger""}], ""rating"": 4.5, ""coordinates"": {""latitude"": 40.700224, ""longitude"": -73.319242}, ""transactions"": [], ""location"": {""address1"": ""70 George St"", ""address2"": """", ""address3"": """", ""city"": ""Babylon"", ""zip_code"": ""11702"", ""country"": ""US"", ""state"": ""NY"", ""display_address"": [""70 George St"", ""Babylon, NY 11702"", ""Vereinigte Staaten""]}, ""phone"": ""+15163243723"", ""display_phone"": ""+1 516-324-3723"", ""distance"": 55633.36043691666}, {""id"": ""9NGTCdeh90zi8Ku9w1r68Q"", ""alias"": ""prep-boyz-elizabeth"", ""name"": ""Prep Boyz"", ""image_url"": ""https://s3-media3.fl.yelpcdn.com/bphoto/cqliKzncWHjum3s_IbQ65A/o.jpg"", ""is_closed"": false, ""url"": ""https://de.yelp.ch/biz/prep-boyz-elizabeth?adjust_creative=ULHW7ynqdXE8Z9Fnr4irFw&utm_campaign=yelp_api_v3&utm_medium=api_v3_business_search&utm_source=ULHW7ynqdXE8Z9Fnr4irFw"", ""review_count"": 1, ""categories"": [{""alias"": ""pest_control"", ""title"": ""Sch\u00e4dlingsbek\u00e4mpfung & Kammerj\u00e4ger""}, {""alias"": ""officecleaning"", ""title"": ""B\u00fcroreinigung""}, {""alias"": ""junkremovalandhauling"", ""title"": ""M\u00fcllentsorgung & Haushaltsaufl\u00f6sung""}], ""rating"": 1.0, ""coordinates"": {""latitude"": 40.664988, ""longitude"": -74.212639}, ""transactions"": [], ""location"": {""address1"": ""1139 E Jersey St"", ""address2"": ""Ste 611"", ""address3"": """", ""city"": ""Elizabeth"", ""zip_code"": ""07201"", ""country"": ""US"", ""state"": ""NJ"", ""display_address"": [""1139 E Jersey St"", ""Ste 611"", ""Elizabeth, NJ 07201"", ""Vereinigte Staaten""]}, ""phone"": ""+19084692719"", ""display_phone"": ""+1 908-469-2719"", ""distance"": 20234.856490763574}, {""id"": ""hSxp5068mt82OcxJTm4d7g"", ""alias"": ""reliable-pest-control-bergenfield"", ""name"": ""Reliable Pest Control"", ""image_url"": ""https://s3-media3.fl.yelpcdn.com/bphoto/v2vp9_Tn9gjANeZOiX0ojA/o.jpg"", ""is_closed"": false, ""url"": ""https://de.yelp.ch/biz/reliable-pest-control-bergenfield?adjust_creative=ULHW7ynqdXE8Z9Fnr4irFw&utm_campaign=yelp_api_v3&utm_medium=api_v3_business_search&utm_source=ULHW7ynqdXE8Z9Fnr4irFw"", ""review_count"": 1, ""categories"": [{""alias"": ""pest_control"", ""title"": ""Sch\u00e4dlingsbek\u00e4mpfung & Kammerj\u00e4ger""}, {""alias"": ""wildlifecontrol"", ""title"": ""Wildtierentfernung""}], ""rating"": 1.0, ""coordinates"": {""latitude"": 40.92887, ""longitude"": -73.98726}, ""transactions"": [], ""location"": {""address1"": ""19 Martin St"", ""address2"": null, ""address3"": null, ""city"": ""Bergenfield"", ""zip_code"": ""07621"", ""country"": ""US"", ""state"": ""NJ"", ""display_address"": [""19 Martin St"", ""Bergenfield, NJ 07621"", ""Vereinigte Staaten""]}, ""phone"": ""+12014404912"", ""display_phone"": ""+1 201-440-4912"", ""distance"": 24718.327658798884}, {""id"": ""vjxrE1YBPg59gCgGto4FHg"", ""alias"": ""a-and-j-environmental-solutions-new-city"", ""name"": ""A and J Environmental Solutions"", ""image_url"": ""https://s3-media4.fl.yelpcdn.com/bphoto/HVBv2huRC3kJ5o2femmoDw/o.jpg"", ""is_closed"": false, ""url"": ""https://de.yelp.ch/biz/a-and-j-environmental-solutions-new-city?adjust_creative=ULHW7ynqdXE8Z9Fnr4irFw&utm_campaign=yelp_api_v3&utm_medium=api_v3_business_search&utm_source=ULHW7ynqdXE8Z9Fnr4irFw"", ""review_count"": 1, ""categories"": [{""alias"": ""pest_control"", ""title"": ""Sch\u00e4dlingsbek\u00e4mpfung & Kammerj\u00e4ger""}], ""rating"": 5.0, ""coordinates"": {""latitude"": 41.16806677347151, ""longitude"": -74.00312176637402}, ""transactions"": [], ""location"": {""address1"": ""10 Jennifer Dr"", ""address2"": """", ""address3"": null, ""city"": ""New City"", ""zip_code"": ""10956"", ""country"": ""US"", ""state"": ""NY"", ""display_address"": [""10 Jennifer Dr"", ""New City, NY 10956"", ""Vereinigte Staaten""]}, ""phone"": ""+18777472847"", ""display_phone"": ""+1 877-747-2847"", ""distance"": 51310.11120582815}, {""id"": ""cK2vZUaHHnNSBN8SctyuqA"", ""alias"": ""rantech-deer-park"", ""name"": ""Rantech Pest Solutions"", ""image_url"": ""https://s3-media1.fl.yelpcdn.com/bphoto/OIK8rEbmhLcdwc_pmSE74Q/o.jpg"", ""is_closed"": false, ""url"": ""https://de.yelp.ch/biz/rantech-deer-park?adjust_creative=ULHW7ynqdXE8Z9Fnr4irFw&utm_campaign=yelp_api_v3&utm_medium=api_v3_business_search&utm_source=ULHW7ynqdXE8Z9Fnr4irFw"", ""review_count"": 1, ""categories"": [{""alias"": ""pest_control"", ""title"": ""Sch\u00e4dlingsbek\u00e4mpfung & Kammerj\u00e4ger""}, {""alias"": ""wildlifecontrol"", ""title"": ""Wildtierentfernung""}], ""rating"": 5.0, ""coordinates"": {""latitude"": 40.68887, ""longitude"": -73.33845}, ""transactions"": [], ""location"": {""address1"": ""181-A E Industry Ct"", ""address2"": null, ""address3"": null, ""city"": ""Deer Park"", ""zip_code"": ""11729"", ""country"": ""US"", ""state"": ""NY"", ""display_address"": [""181-A E Industry Ct"", ""Deer Park, NY 11729"", ""Vereinigte Staaten""]}, ""phone"": ""+16316193551"", ""display_phone"": ""+1 631-619-3551"", ""distance"": 56062.66579058553}, {""id"": ""JQzJH55YuX3re56JgXmDEA"", ""alias"": ""new-journey-pest-control-randolph"", ""name"": ""New Journey Pest Control"", ""image_url"": """", ""is_closed"": false, ""url"": ""https://de.yelp.ch/biz/new-journey-pest-control-randolph?adjust_creative=ULHW7ynqdXE8Z9Fnr4irFw&utm_campaign=yelp_api_v3&utm_medium=api_v3_business_search&utm_source=ULHW7ynqdXE8Z9Fnr4irFw"", ""review_count"": 4, ""categories"": [{""alias"": ""pest_control"", ""title"": ""Sch\u00e4dlingsbek\u00e4mpfung & Kammerj\u00e4ger""}, {""alias"": ""wildlifecontrol"", ""title"": ""Wildtierentfernung""}], ""rating"": 1.0, ""coordinates"": {""latitude"": 40.8262, ""longitude"": -74.57179}, ""transactions"": [], ""location"": {""address1"": ""1188 Sussex Tpke"", ""address2"": """", ""address3"": null, ""city"": ""Randolph"", ""zip_code"": ""07869"", ""country"": ""US"", ""state"": ""NJ"", ""display_address"": [""1188 Sussex Tpke"", ""Randolph, NJ 07869"", ""Vereinigte Staaten""]}, ""phone"": ""+18625003000"", ""display_phone"": ""+1 862-500-3000"", ""distance"": 51640.685734979954}, {""id"": ""wt6kWte0urOCiQNZ2HwiUg"", ""alias"": ""merlins-pest-control-denville"", ""name"": ""Merlin's Pest Control"", ""image_url"": ""https://s3-media3.fl.yelpcdn.com/bphoto/tjvgCbZpckcTPkIkI5O_dA/o.jpg"", ""is_closed"": false, ""url"": ""https://de.yelp.ch/biz/merlins-pest-control-denville?adjust_creative=ULHW7ynqdXE8Z9Fnr4irFw&utm_campaign=yelp_api_v3&utm_medium=api_v3_business_search&utm_source=ULHW7ynqdXE8Z9Fnr4irFw"", ""review_count"": 3, ""categories"": [{""alias"": ""pest_control"", ""title"": ""Sch\u00e4dlingsbek\u00e4mpfung & Kammerj\u00e4ger""}], ""rating"": 2.5, ""coordinates"": {""latitude"": 40.89936, ""longitude"": -74.495889}, ""transactions"": [], ""location"": {""address1"": ""30 Broad St"", ""address2"": ""Ste 7"", ""address3"": """", ""city"": ""Denville"", ""zip_code"": ""07834"", ""country"": ""US"", ""state"": ""NJ"", ""display_address"": [""30 Broad St"", ""Ste 7"", ""Denville, NJ 07834"", ""Vereinigte Staaten""]}, ""phone"": ""+19736270500"", ""display_phone"": ""+1 973-627-0500"", ""distance"": 48466.98120966466}, {""id"": ""S12dsZKUNreAmnV--FwyGQ"", ""alias"": ""aaa-superior-pest-control-tomkins-cove"", ""name"": ""AAA Superior Pest Control"", ""image_url"": ""https://s3-media1.fl.yelpcdn.com/bphoto/1MaAY1AtSQwAISt5mLZYfQ/o.jpg"", ""is_closed"": false, ""url"": ""https://de.yelp.ch/biz/aaa-superior-pest-control-tomkins-cove?adjust_creative=ULHW7ynqdXE8Z9Fnr4irFw&utm_campaign=yelp_api_v3&utm_medium=api_v3_business_search&utm_source=ULHW7ynqdXE8Z9Fnr4irFw"", ""review_count"": 1, ""categories"": [{""alias"": ""pest_control"", ""title"": ""Sch\u00e4dlingsbek\u00e4mpfung & Kammerj\u00e4ger""}], ""rating"": 5.0, ""coordinates"": {""latitude"": 41.26495, ""longitude"": -73.98609}, ""transactions"": [], ""location"": {""address1"": null, ""address2"": null, ""address3"": null, ""city"": ""Tomkins Cove"", ""zip_code"": ""10986"", ""country"": ""US"", ""state"": ""NY"", ""display_address"": [""Tomkins Cove, NY 10986"", ""Vereinigte Staaten""]}, ""phone"": ""+13477289594"", ""display_phone"": ""+1 347-728-9594"", ""distance"": 61141.5067433683}, {""id"": ""kowz1dojdJqDx-D-brS1PQ"", ""alias"": ""pest2kill-exterminating-white-plains"", ""name"": ""Pest2kill Exterminating"", ""image_url"": ""https://s3-media2.fl.yelpcdn.com/bphoto/N_3f3TQpUMlbNS2bC2ucKQ/o.jpg"", ""is_closed"": false, ""url"": ""https://de.yelp.ch/biz/pest2kill-exterminating-white-plains?adjust_creative=ULHW7ynqdXE8Z9Fnr4irFw&utm_campaign=yelp_api_v3&utm_medium=api_v3_business_search&utm_source=ULHW7ynqdXE8Z9Fnr4irFw"", ""review_count"": 1, ""categories"": [{""alias"": ""pest_control"", ""title"": ""Sch\u00e4dlingsbek\u00e4mpfung & Kammerj\u00e4ger""}], ""rating"": 1.0, ""coordinates"": {""latitude"": 41.0283089, ""longitude"": -73.767807}, ""transactions"": [], ""location"": {""address1"": ""170 Grand St"", ""address2"": """", ""address3"": """", ""city"": ""White Plains"", ""zip_code"": ""10601"", ""country"": ""US"", ""state"": ""NY"", ""display_address"": [""170 Grand St"", ""White Plains, NY 10601"", ""Vereinigte Staaten""]}, ""phone"": ""+19148317100"", ""display_phone"": ""+1 914-831-7100"", ""distance"": 39915.01951596123}, {""id"": ""rmHE0MTaGgtQjeQsVJYJLw"", ""alias"": ""aaa-abco-termite-and-pest-control-stony-brook-4"", ""name"": ""AAA Abco Termite & Pest Control"", ""image_url"": ""https://s3-media4.fl.yelpcdn.com/bphoto/Jtq-uIR5hFr082Hv1rx3FA/o.jpg"", ""is_closed"": false, ""url"": ""https://de.yelp.ch/biz/aaa-abco-termite-and-pest-control-stony-brook-4?adjust_creative=ULHW7ynqdXE8Z9Fnr4irFw&utm_campaign=yelp_api_v3&utm_medium=api_v3_business_search&utm_source=ULHW7ynqdXE8Z9Fnr4irFw"", ""review_count"": 3, ""categories"": [{""alias"": ""pest_control"", ""title"": ""Sch\u00e4dlingsbek\u00e4mpfung & Kammerj\u00e4ger""}], ""rating"": 1.5, ""coordinates"": {""latitude"": 40.894415, ""longitude"": -73.1309838}, ""transactions"": [], ""location"": {""address1"": """", ""address2"": null, ""address3"": null, ""city"": ""Stony Brook"", ""zip_code"": ""11790"", ""country"": ""US"", ""state"": ""NY"", ""display_address"": [""Stony Brook, NY 11790"", ""Vereinigte Staaten""]}, ""phone"": ""+16319792226"", ""display_phone"": ""+1 631-979-2226"", ""distance"": 74375.41435807869}, {""id"": ""EQqFXCgil6MQ1yhGKL6IHw"", ""alias"": ""eviction-skeeter-mosquito-and-tick-control-nesconset"", ""name"": ""Eviction Skeeter Mosquito and Tick Control"", ""image_url"": ""https://s3-media1.fl.yelpcdn.com/bphoto/Io3tR90z3R5fZ2Tc-g2zdg/o.jpg"", ""is_closed"": false, ""url"": ""https://de.yelp.ch/biz/eviction-skeeter-mosquito-and-tick-control-nesconset?adjust_creative=ULHW7ynqdXE8Z9Fnr4irFw&utm_campaign=yelp_api_v3&utm_medium=api_v3_business_search&utm_source=ULHW7ynqdXE8Z9Fnr4irFw"", ""review_count"": 1, ""categories"": [{""alias"": ""pest_control"", ""title"": ""Sch\u00e4dlingsbek\u00e4mpfung & Kammerj\u00e4ger""}], ""rating"": 5.0, ""coordinates"": {""latitude"": 40.8375816345215, ""longitude"": -73.155632019043}, ""transactions"": [], ""location"": {""address1"": null, ""address2"": null, ""address3"": """", ""city"": ""Nesconset"", ""zip_code"": ""11767"", ""country"": ""US"", ""state"": ""NY"", ""display_address"": [""Nesconset, NY 11767"", ""Vereinigte Staaten""]}, ""phone"": ""+16315994742"", ""display_phone"": ""+1 631-599-4742"", ""distance"": 71328.15131798289}, {""id"": ""vYMJ6Ho5zw2waRD9_jPPKg"", ""alias"": ""mr-mosquito-southold"", ""name"": ""Mr. Mosquito"", ""image_url"": ""https://s3-media1.fl.yelpcdn.com/bphoto/ARyaW9b5G-LM9qaM0Rf0tw/o.jpg"", ""is_closed"": false, ""url"": ""https://de.yelp.ch/biz/mr-mosquito-southold?adjust_creative=ULHW7ynqdXE8Z9Fnr4irFw&utm_campaign=yelp_api_v3&utm_medium=api_v3_business_search&utm_source=ULHW7ynqdXE8Z9Fnr4irFw"", ""review_count"": 1, ""categories"": [{""alias"": ""pest_control"", ""title"": ""Sch\u00e4dlingsbek\u00e4mpfung & Kammerj\u00e4ger""}], ""rating"": 5.0, ""coordinates"": {""latitude"": 41.046843, ""longitude"": -72.448432}, ""transactions"": [], ""location"": {""address1"": ""44535 Main Road"", ""address2"": null, ""address3"": """", ""city"": ""Southold"", ""zip_code"": ""11971"", ""country"": ""US"", ""state"": ""NY"", ""display_address"": [""44535 Main Road"", ""Southold, NY 11971"", ""Vereinigte Staaten""]}, ""phone"": ""+16317657770"", ""display_phone"": ""+1 631-765-7770"", ""distance"": 134133.788573831}, {""id"": ""u70A1TG9w5CXWf9gYtCDAA"", ""alias"": ""alternative-resolution-for-pest-control-peekskill"", ""name"": ""Alternative Resolution For Pest Control"", ""image_url"": ""https://s3-media3.fl.yelpcdn.com/bphoto/y-_2MAict738iQddzlCfHw/o.jpg"", ""is_closed"": false, ""url"": ""https://de.yelp.ch/biz/alternative-resolution-for-pest-control-peekskill?adjust_creative=ULHW7ynqdXE8Z9Fnr4irFw&utm_campaign=yelp_api_v3&utm_medium=api_v3_business_search&utm_source=ULHW7ynqdXE8Z9Fnr4irFw"", ""review_count"": 2, ""categories"": [{""alias"": ""pest_control"", ""title"": ""Sch\u00e4dlingsbek\u00e4mpfung & Kammerj\u00e4ger""}], ""rating"": 3.0, ""coordinates"": {""latitude"": 41.2930068969727, ""longitude"": -73.9178161621094}, ""transactions"": [], ""location"": {""address1"": """", ""address2"": null, ""address3"": """", ""city"": ""Peekskill"", ""zip_code"": ""10566"", ""country"": ""US"", ""state"": ""NY"", ""display_address"": [""Peekskill, NY 10566"", ""Vereinigte Staaten""]}, ""phone"": ""+19144095099"", ""display_phone"": ""+1 914-409-5099"", ""distance"": 65208.40883387823}, {""id"": ""YKSPAZpRnPmO0nphOusmSw"", ""alias"": ""lethal-pest-solutions-feasterville-trevose"", ""name"": ""Lethal Pest Solutions"", ""image_url"": ""https://s3-media1.fl.yelpcdn.com/bphoto/cudAYiMNx6TT1wteT5Vk1A/o.jpg"", ""is_closed"": false, ""url"": ""https://de.yelp.ch/biz/lethal-pest-solutions-feasterville-trevose?adjust_creative=ULHW7ynqdXE8Z9Fnr4irFw&utm_campaign=yelp_api_v3&utm_medium=api_v3_business_search&utm_source=ULHW7ynqdXE8Z9Fnr4irFw"", ""review_count"": 3, ""categories"": [{""alias"": ""pest_control"", ""title"": ""Sch\u00e4dlingsbek\u00e4mpfung & Kammerj\u00e4ger""}], ""rating"": 2.5, ""coordinates"": {""latitude"": 40.1491553, ""longitude"": -74.9773361}, ""transactions"": [], ""location"": {""address1"": ""1608 Brownsville Rd"", ""address2"": """", ""address3"": """", ""city"": ""Feasterville Trevose"", ""zip_code"": ""19053"", ""country"": ""US"", ""state"": ""PA"", ""display_address"": [""1608 Brownsville Rd"", ""Feasterville Trevose, PA 19053"", ""Vereinigte Staaten""]}, ""phone"": ""+18888574915"", ""display_phone"": ""+1 888-857-4915"", ""distance"": 104810.12144805401}, {""id"": ""FIxz-hZhJJZf4J88A-Oc3A"", ""alias"": ""action-termite-and-pest-control-toms-river-5"", ""name"": ""Action Termite & Pest Control"", ""image_url"": ""https://s3-media3.fl.yelpcdn.com/bphoto/TAaNs1KGBO4uf5Euxp8KZw/o.jpg"", ""is_closed"": false, ""url"": ""https://de.yelp.ch/biz/action-termite-and-pest-control-toms-river-5?adjust_creative=ULHW7ynqdXE8Z9Fnr4irFw&utm_campaign=yelp_api_v3&utm_medium=api_v3_business_search&utm_source=ULHW7ynqdXE8Z9Fnr4irFw"", ""review_count"": 2, ""categories"": [{""alias"": ""pest_control"", ""title"": ""Sch\u00e4dlingsbek\u00e4mpfung & Kammerj\u00e4ger""}], ""rating"": 1.0, ""coordinates"": {""latitude"": 40.016874, ""longitude"": -74.144664}, ""transactions"": [], ""location"": {""address1"": ""1913 Hooper Ave"", ""address2"": """", ""address3"": """", ""city"": ""Toms River"", ""zip_code"": ""08753"", ""country"": ""US"", ""state"": ""NJ"", ""display_address"": [""1913 Hooper Ave"", ""Toms River, NJ 08753"", ""Vereinigte Staaten""]}, ""phone"": ""+18009200906"", ""display_phone"": ""+1 800-920-0906"", ""distance"": 78006.20809303901}, {""id"": ""-sF4NGV3w1mfoD8HG5mEuw"", ""alias"": ""expediant-environmental-solutions-poughkeepsie-2"", ""name"": ""Expediant Environmental Solutions"", ""image_url"": ""https://s3-media3.fl.yelpcdn.com/bphoto/hfR6zka1l1I-6mrh8TvE5w/o.jpg"", ""is_closed"": false, ""url"": ""https://de.yelp.ch/biz/expediant-environmental-solutions-poughkeepsie-2?adjust_creative=ULHW7ynqdXE8Z9Fnr4irFw&utm_campaign=yelp_api_v3&utm_medium=api_v3_business_search&utm_source=ULHW7ynqdXE8Z9Fnr4irFw"", ""review_count"": 6, ""categories"": [{""alias"": ""pest_control"", ""title"": ""Sch\u00e4dlingsbek\u00e4mpfung & Kammerj\u00e4ger""}, {""alias"": ""damagerestoration"", ""title"": ""Schadensanierung""}, {""alias"": ""insulationinstallation"", ""title"": ""D\u00e4mmung""}], ""rating"": 1.5, ""coordinates"": {""latitude"": 41.73892, ""longitude"": -73.93078}, ""transactions"": [], ""location"": {""address1"": ""3657 Albany Post Rd"", ""address2"": null, ""address3"": null, ""city"": ""Poughkeepsie"", ""zip_code"": ""12601"", ""country"": ""US"", ""state"": ""NY"", ""display_address"": [""3657 Albany Post Rd"", ""Poughkeepsie, NY 12601"", ""Vereinigte Staaten""]}, ""phone"": ""+18456943526"", ""display_phone"": ""+1 845-694-3526"", ""distance"": 114817.2569327468}, {""id"": ""foEKghvd4_o2ArbCSkpMfA"", ""alias"": ""advanced-k9-detectives-milford"", ""name"": ""Advanced K9 Detectives"", ""image_url"": ""https://s3-media3.fl.yelpcdn.com/bphoto/BelHyvvU98XuqNSg1eLSgw/o.jpg"", ""is_closed"": false, ""url"": ""https://de.yelp.ch/biz/advanced-k9-detectives-milford?adjust_creative=ULHW7ynqdXE8Z9Fnr4irFw&utm_campaign=yelp_api_v3&utm_medium=api_v3_business_search&utm_source=ULHW7ynqdXE8Z9Fnr4irFw"", ""review_count"": 1, ""categories"": [{""alias"": ""pest_control"", ""title"": ""Sch\u00e4dlingsbek\u00e4mpfung & Kammerj\u00e4ger""}], ""rating"": 1.0, ""coordinates"": {""latitude"": 41.2148895263672, ""longitude"": -73.0511322021484}, ""transactions"": [], ""location"": {""address1"": """", ""address2"": """", ""address3"": """", ""city"": ""Milford"", ""zip_code"": ""06460"", ""country"": ""US"", ""state"": ""CT"", ""display_address"": [""Milford, CT 06460"", ""Vereinigte Staaten""]}, ""phone"": ""+18885233284"", ""display_phone"": ""+1 888-523-3284"", ""distance"": 97028.05731338183}], ""total"": 503, ""region"": {""center"": {""longitude"": -73.97918701171875, ""latitude"": 40.706977710584276}}}",application/json,true,none
test_1k250w8mp9o3a_getBusinesses,400,"{""error"": {""code"": ""LOCATION_NOT_FOUND"", ""description"": ""Could not execute search, try specifying a more exact location.""}}",application/json,true,none
test_1k252gb39fm0l_getBusinesses,400,"{""error"": {""code"": ""LOCATION_NOT_FOUND"", ""description"": ""Could not execute search, try specifying a more exact location.""}}",application/json,true,none
test_1k2540fid3m7s_getBusinesses,400,"{""error"": {""code"": ""LOCATION_NOT_FOUND"", ""description"": ""Could not execute search, try specifying a more exact location.""}}",application/json,true,none
test_qe1l0wxzbkgy_getBusinesses,400,"{""error"": {""code"": ""VALIDATION_ERROR"", ""description"": ""Please specify a location or a latitude and longitude""}}",application/json,true,none
test_qe74kedlp0l4_getBusinesses,400,"{""error"": {""code"": ""VALIDATION_ERROR"", ""description"": ""Please specify a location or a latitude and longitude""}}",application/json,true,none
test_qeffw5seochf_getBusinesses,400,"{""error"": {""code"": ""VALIDATION_ERROR"", ""description"": ""Please specify a location or a latitude and longitude""}}",application/json,true,none
test_qxr45ndek6r5_getBusinesses,400,"{""error"": {""code"": ""VALIDATION_ERROR"", ""description"": ""Please specify a location or a latitude and longitude""}}",application/json,true,none
test_qxw63kb4aptj_getBusinesses,200,"{""businesses"": [], ""total"": 79, ""region"": {""center"": {""longitude"": -5.985832214355469, ""latitude"": 37.38897024983557}}}",application/json,true,none
test_qxyvxayfbfap_getBusinesses,200,"{""businesses"": [{""id"": ""O22bIwIJ001wic6jx0AgRw"", ""alias"": ""early-bird-omaha-5"", ""name"": ""Early Bird"", ""image_url"": ""https://s3-media2.fl.yelpcdn.com/bphoto/bgWq6Yord7izVY2TeEaWdg/o.jpg"", ""is_closed"": false, ""url"": ""https://www.yelp.com/biz/early-bird-omaha-5?adjust_creative=ULHW7ynqdXE8Z9Fnr4irFw&utm_campaign=yelp_api_v3&utm_medium=api_v3_business_search&utm_source=ULHW7ynqdXE8Z9Fnr4irFw"", ""review_count"": 16, ""categories"": [{""alias"": ""breakfast_brunch"", ""title"": ""Breakfast & Brunch""}, {""alias"": ""cafes"", ""title"": ""Cafes""}, {""alias"": ""cocktailbars"", ""title"": ""Cocktail Bars""}], ""rating"": 3.5, ""coordinates"": {""latitude"": 41.24943, ""longitude"": -96.081559}, ""transactions"": [], ""location"": {""address1"": ""10730 Pacific St"", ""address2"": """", ""address3"": null, ""city"": ""Omaha"", ""zip_code"": ""68114"", ""country"": ""US"", ""state"": ""NE"", ""display_address"": [""10730 Pacific St"", ""Omaha, NE 68114""]}, ""phone"": """", ""display_phone"": """", ""distance"": 21818.80944670606}], ""total"": 1, ""region"": {""center"": {""longitude"": -95.85164, ""latitude"": 41.156273}}}",application/json,true,none
test_r1a46gdtqv5h_getBusinesses,400,"{""error"": {""code"": ""VALIDATION_ERROR"", ""description"": ""The open_at provided is too long ago, the timestamp must be within the last two weeks.""}}",application/json,true,none
test_r1akmhjgdhkm_getBusinesses,200,"{""businesses"": [], ""total"": 0, ""region"": {""center"": {""longitude"": -100.28616, ""latitude"": 41.1224}}}",application/json,true,none
test_r1ctmbs1aqn5_getBusinesses,200,"{""businesses"": [], ""total"": 0, ""region"": {""center"": {""longitude"": 139.76669311523438, ""latitude"": 35.685011526354074}}}",application/json,true,none
test_r1l5bqidjtd1_getBusinesses,400,"{""error"": {""code"": ""VALIDATION_ERROR"", ""description"": ""Please specify a location or a latitude and longitude""}}",application/json,true,none
test_rh89ya79h16f_getBusinesses,400,"{""error"": {""code"": ""VALIDATION_ERROR"", ""description"": ""Please specify a location or a latitude and longitude""}}",application/json,true,none
test_rhiucaoiqjqe_getBusinesses,200,"{""businesses"": [], ""total"": 0, ""region"": {""center"": {""longitude"": -106.44927978515625, ""latitude"": 31.653215982221013}}}",application/json,true,none
test_rhiuo0wwjbjs_getBusinesses,200,"{""businesses"": [], ""total"": 0, ""region"": {""center"": {""longitude"": -105.96038818359375, ""latitude"": 35.665062782072155}}}",application/json,true,none
test_rhjcz6rox9wi_getBusinesses,200,"{""businesses"": [], ""total"": 0, ""region"": {""center"": {""longitude"": -107.04249, ""latitude"": 40.70111}}}",application/json,true,none
test_rl8ddfz0zz21_getBusinesses,400,"{""error"": {""code"": ""OPEN_AT_AND_NOW_PROVIDED"", ""description"": ""You must specify either open_at or open_now, not both.""}}",application/json,true,none
test_s1b69wpwm71u_getBusinesses,200,"{""businesses"": [], ""total"": 0, ""region"": {""center"": {""longitude"": -5.985832214355469, ""latitude"": 37.38897024983557}}}",application/json,true,none
test_s4mbf1unm1yc_getBusinesses,200,"{""businesses"": [], ""total"": 0, ""region"": {""center"": {""longitude"": -88.26107025146484, ""latitude"": 44.75855738140011}}}",application/json,true,none
test_s4v5ws10i069_getBusinesses,400,"{""error"": {""code"": ""VALIDATION_ERROR"", ""description"": ""Please specify a location or a latitude and longitude""}}",application/json,true,none
test_t4f10zbztp45_getBusinesses,400,"{""error"": {""code"": ""VALIDATION_ERROR"", ""description"": ""The open_at provided is too long ago, the timestamp must be within the last two weeks.""}}",application/json,true,none
test_t4nwoss8ssip_getBusinesses,400,"{""error"": {""code"": ""OPEN_AT_AND_NOW_PROVIDED"", ""description"": ""You must specify either open_at or open_now, not both.""}}",application/json,true,none
test_t4yzppd00cvm_getBusinesses,400,"{""error"": {""code"": ""VALIDATION_ERROR"", ""description"": ""Please specify a location or a latitude and longitude""}}",application/json,true,none
test_trwwlk90bebc_getBusinesses,400,"{""error"": {""code"": ""OPEN_AT_AND_NOW_PROVIDED"", ""description"": ""You must specify either open_at or open_now, not both.""}}",application/json,true,none
test_ts1y7wwbl3z8_getBusinesses,200,"{""businesses"": [], ""total"": 0, ""region"": {""center"": {""longitude"": -98.594475, ""latitude"": 40.653294}}}",application/json,true,none
test_u7ww62piblf7_getBusinesses,400,"{""error"": {""code"": ""OPEN_AT_AND_NOW_PROVIDED"", ""description"": ""You must specify either open_at or open_now, not both.""}}",application/json,true,none
test_ubjlv661rkfs_getBusinesses,200,"{""businesses"": [], ""total"": 0, ""region"": {""center"": {""longitude"": -118.67094, ""latitude"": 34.103626}}}",application/json,true,none
test_uboonk567l86_getBusinesses,400,"{""error"": {""code"": ""VALIDATION_ERROR"", ""description"": ""Please specify a location or a latitude and longitude""}}",application/json,true,none
test_urgtqleh5i77_getBusinesses,200,"{""businesses"": [{""id"": ""SKMKr2sJgWCVr0_zD7Yyxw"", ""alias"": ""galleria-vittorio-emanuele-ii-milano-5"", ""name"": ""Galleria Vittorio Emanuele II"", ""image_url"": ""https://s3-media4.fl.yelpcdn.com/bphoto/eVpSIIhCLUoN2_xruql7OA/o.jpg"", ""is_closed"": false, ""url"": ""https://www.yelp.com/biz/galleria-vittorio-emanuele-ii-milano-5?adjust_creative=ULHW7ynqdXE8Z9Fnr4irFw&utm_campaign=yelp_api_v3&utm_medium=api_v3_business_search&utm_source=ULHW7ynqdXE8Z9Fnr4irFw"", ""review_count"": 176, ""categories"": [{""alias"": ""landmarks"", ""title"": ""Landmarks & Historical Buildings""}, {""alias"": ""shoppingpassages"", ""title"": ""Shopping Passages""}], ""rating"": 4.5, ""coordinates"": {""latitude"": 45.4656388665993, ""longitude"": 9.19007420539856}, ""transactions"": [], ""price"": ""\u20ac\u20ac\u20ac\u20ac"", ""location"": {""address1"": ""Galleria Vittorio Emanuele II"", ""address2"": """", ""address3"": """", ""city"": ""Milan"", ""zip_code"": ""20123"", ""country"": ""IT"", ""state"": ""MI"", ""display_address"": [""Galleria Vittorio Emanuele II"", ""20123 Milan"", ""Italy""]}, ""phone"": ""+390288455555"", ""display_phone"": ""+39 02 8845 5555"", ""distance"": 543.6090839863814}, {""id"": ""PdxL4qgPM-bFqxcYxmt19g"", ""alias"": ""sushi-b-milano"", ""name"": ""Sushi B"", ""image_url"": ""https://s3-media2.fl.yelpcdn.com/bphoto/RbX90vhWGKnACqtOf1Lkmg/o.jpg"", ""is_closed"": false, ""url"": ""https://www.yelp.com/biz/sushi-b-milano?adjust_creative=ULHW7ynqdXE8Z9Fnr4irFw&utm_campaign=yelp_api_v3&utm_medium=api_v3_business_search&utm_source=ULHW7ynqdXE8Z9Fnr4irFw"", ""review_count"": 6, ""categories"": [{""alias"": ""sushi"", ""title"": ""Sushi Bars""}, {""alias"": ""asianfusion"", ""title"": ""Asian Fusion""}, {""alias"": ""cocktailbars"", ""title"": ""Cocktail Bars""}], ""rating"": 4.0, ""coordinates"": {""latitude"": 45.4719704856412, ""longitude"": 9.18765972734874}, ""transactions"": [], ""price"": ""\u20ac\u20ac\u20ac\u20ac"", ""location"": {""address1"": ""Via Fiori Chiari 1A"", ""address2"": """", ""address3"": """", ""city"": ""Milan"", ""zip_code"": ""20121"", ""country"": ""IT"", ""state"": ""MI"", ""display_address"": [""Via Fiori Chiari 1A"", ""20121 Milan"", ""Italy""]}, ""phone"": ""+390289092640"", ""display_phone"": ""+39 02 8909 2640"", ""distance"": 198.0060734114353}, {""id"": ""EvFUEQ5OyYhqjnPPUjibhg"", ""alias"": ""cioccolati-italiani-milano-6"", ""name"": ""Cioccolati Italiani"", ""image_url"": ""https://s3-media1.fl.yelpcdn.com/bphoto/mfIBCS6ELG6VoUr6N0fUoQ/o.jpg"", ""is_closed"": false, ""url"": ""https://www.yelp.com/biz/cioccolati-italiani-milano-6?adjust_creative=ULHW7ynqdXE8Z9Fnr4irFw&utm_campaign=yelp_api_v3&utm_medium=api_v3_business_search&utm_source=ULHW7ynqdXE8Z9Fnr4irFw"", ""review_count"": 187, ""categories"": [{""alias"": ""chocolate"", ""title"": ""Chocolatiers & Shops""}, {""alias"": ""icecream"", ""title"": ""Ice Cream & Frozen Yogurt""}, {""alias"": ""cafeteria"", ""title"": ""Cafeteria""}], ""rating"": 4.0, ""coordinates"": {""latitude"": 45.465740126863, ""longitude"": 9.19136431399473}, ""transactions"": [], ""price"": ""\u20ac"", ""location"": {""address1"": ""Via San Raffaele 4"", ""address2"": """", ""address3"": """", ""city"": ""Milan"", ""zip_code"": ""20121"", ""country"": ""IT"", ""state"": ""MI"", ""display_address"": [""Via San Raffaele 4"", ""20121 Milan"", ""Italy""]}, ""phone"": ""+390289406651"", ""display_phone"": ""+39 02 8940 6651"", ""distance"": 556.7617490658969}, {""id"": ""z9zv90UsVDf6NLDjpGmmXg"", ""alias"": ""four-seasons-hotel-milan-milano"", ""name"": ""Four Seasons Hotel Milan"", ""image_url"": ""https://s3-media2.fl.yelpcdn.com/bphoto/N6Rwb4Rqp4LhHyRe26qM4w/o.jpg"", ""is_closed"": false, ""url"": ""https://www.yelp.com/biz/four-seasons-hotel-milan-milano?adjust_creative=ULHW7ynqdXE8Z9Fnr4irFw&utm_campaign=yelp_api_v3&utm_medium=api_v3_business_search&utm_source=ULHW7ynqdXE8Z9Fnr4irFw"", ""review_count"": 19, ""categories"": [{""alias"": ""hotels"", ""title"": ""Hotels""}], ""rating"": 4.5, ""coordinates"": {""latitude"": 45.469513, ""longitude"": 9.195336}, ""transactions"": [], ""price"": ""\u20ac\u20ac\u20ac\u20ac"", ""location"": {""address1"": ""Via Ges\u00f9 6"", ""address2"": """", ""address3"": """", ""city"": ""Milan"", ""zip_code"": ""20121"", ""country"": ""IT"", ""state"": ""MI"", ""display_address"": [""Via Ges\u00f9 6"", ""20121 Milan"", ""Italy""]}, ""phone"": ""+390277088"", ""display_phone"": ""+39 02 77088"", ""distance"": 502.91840437765717}, {""id"": ""TZbhHgiV_dA0hmdea_kv_Q"", ""alias"": ""ostello-bello-milano"", ""name"": ""Ostello Bello"", ""image_url"": ""https://s3-media2.fl.yelpcdn.com/bphoto/cRT027GdNVDQhkMaavk0cA/o.jpg"", ""is_closed"": false, ""url"": ""https://www.yelp.com/biz/ostello-bello-milano?adjust_creative=ULHW7ynqdXE8Z9Fnr4irFw&utm_campaign=yelp_api_v3&utm_medium=api_v3_business_search&utm_source=ULHW7ynqdXE8Z9Fnr4irFw"", ""review_count"": 47, ""categories"": [{""alias"": ""hostels"", ""title"": ""Hostels""}, {""alias"": ""breakfast_brunch"", ""title"": ""Breakfast & Brunch""}, {""alias"": ""bars"", ""title"": ""Bars""}], ""rating"": 4.5, ""coordinates"": {""latitude"": 45.46091, ""longitude"": 9.18099}, ""transactions"": [], ""price"": ""\u20ac"", ""location"": {""address1"": ""Via Medici 4"", ""address2"": """", ""address3"": """", ""city"": ""Milan"", ""zip_code"": ""20123"", ""country"": ""IT"", ""state"": ""MI"", ""display_address"": [""Via Medici 4"", ""20123 Milan"", ""Italy""]}, ""phone"": ""+390236582720"", ""display_phone"": ""+39 02 3658 2720"", ""distance"": 1230.1601351938966}, {""id"": ""wM55x_GBF5NGlZBwjuE2Eg"", ""alias"": ""libet-milano"", ""name"": ""Libet"", ""image_url"": ""https://s3-media3.fl.yelpcdn.com/bphoto/1WjQEwDEoSQy2Zfn4EDIbw/o.jpg"", ""is_closed"": false, ""url"": ""https://www.yelp.com/biz/libet-milano?adjust_creative=ULHW7ynqdXE8Z9Fnr4irFw&utm_campaign=yelp_api_v3&utm_medium=api_v3_business_search&utm_source=ULHW7ynqdXE8Z9Fnr4irFw"", ""review_count"": 2, ""categories"": [{""alias"": ""bookstores"", ""title"": ""Bookstores""}, {""alias"": ""libraries"", ""title"": ""Libraries""}], ""rating"": 4.5, ""coordinates"": {""latitude"": 45.46482, ""longitude"": 9.17556}, ""transactions"": [], ""price"": ""\u20ac"", ""location"": {""address1"": ""Via Terraggio 21"", ""address2"": null, ""address3"": null, ""city"": ""Milan"", ""zip_code"": ""20123"", ""country"": ""IT"", ""state"": ""MI"", ""display_address"": [""Via Terraggio 21"", ""20123 Milan"", ""Italy""]}, ""phone"": ""+390236555271"", ""display_phone"": ""+39 02 3655 5271"", ""distance"": 1225.758838905548}, {""id"": ""HJ5vz9B1bSMY7c7Td-XpXA"", ""alias"": ""excelsior-hotel-gallia-a-luxury-collection-hotel-milan-milan"", ""name"": ""Excelsior Hotel Gallia, a Luxury Collection Hotel, Milan"", ""image_url"": ""https://s3-media4.fl.yelpcdn.com/bphoto/YXxiKNzgXajWXJZykpUdfw/o.jpg"", ""is_closed"": false, ""url"": ""https://www.yelp.com/biz/excelsior-hotel-gallia-a-luxury-collection-hotel-milan-milan?adjust_creative=ULHW7ynqdXE8Z9Fnr4irFw&utm_campaign=yelp_api_v3&utm_medium=api_v3_business_search&utm_source=ULHW7ynqdXE8Z9Fnr4irFw"", ""review_count"": 34, ""categories"": [{""alias"": ""hotels"", ""title"": ""Hotels""}], ""rating"": 4.5, ""coordinates"": {""latitude"": 45.48568, ""longitude"": 9.20181}, ""transactions"": [], ""price"": ""\u20ac\u20ac\u20ac\u20ac"", ""location"": {""address1"": ""Piazza Duca D'Aosta 9"", ""address2"": """", ""address3"": """", ""city"": ""Milan"", ""zip_code"": ""20124"", ""country"": ""IT"", ""state"": ""MI"", ""display_address"": [""Piazza Duca D'Aosta 9"", ""20124 Milan"", ""Italy""]}, ""phone"": ""+390267851"", ""display_phone"": ""+39 02 67851"", ""distance"": 1987.7713536617096}, {""id"": ""OIhvm4dPa1Cw3bcDE4SK8Q"", ""alias"": ""hotel-dei-cavalieri-milano"", ""name"": ""Hotel dei Cavalieri"", ""image_url"": ""https://s3-media3.fl.yelpcdn.com/bphoto/fuAIxTBRI1mgdCKE9wz53g/o.jpg"", ""is_closed"": false, ""url"": ""https://www.yelp.com/biz/hotel-dei-cavalieri-milano?adjust_creative=ULHW7ynqdXE8Z9Fnr4irFw&utm_campaign=yelp_api_v3&utm_medium=api_v3_business_search&utm_source=ULHW7ynqdXE8Z9Fnr4irFw"", ""review_count"": 18, ""categories"": [{""alias"": ""lounges"", ""title"": ""Lounges""}, {""alias"": ""hotels"", ""title"": ""Hotels""}, {""alias"": ""mediterranean"", ""title"": ""Mediterranean""}], ""rating"": 3.5, ""coordinates"": {""latitude"": 45.46053, ""longitude"": 9.18856}, ""transactions"": [], ""price"": ""\u20ac\u20ac\u20ac\u20ac"", ""location"": {""address1"": ""Piazza Missori 1"", ""address2"": null, ""address3"": null, ""city"": ""Milan"", ""zip_code"": ""20122"", ""country"": ""IT"", ""state"": ""MI"", ""display_address"": [""Piazza Missori 1"", ""20122 Milan"", ""Italy""]}, ""phone"": ""+390288571"", ""display_phone"": ""+39 02 88571"", ""distance"": 1070.6629490313478}, {""id"": ""EQ8b0UDboDN47uTj9rX61Q"", ""alias"": ""maria-marinoni-milano"", ""name"": ""Maria Marinoni"", ""image_url"": ""https://s3-media1.fl.yelpcdn.com/bphoto/hDJ4tbnt6277aAOu_T78KQ/o.jpg"", ""is_closed"": false, ""url"": ""https://www.yelp.com/biz/maria-marinoni-milano?adjust_creative=ULHW7ynqdXE8Z9Fnr4irFw&utm_campaign=yelp_api_v3&utm_medium=api_v3_business_search&utm_source=ULHW7ynqdXE8Z9Fnr4irFw"", ""review_count"": 28, ""categories"": [{""alias"": ""bakeries"", ""title"": ""Bakeries""}, {""alias"": ""cafes"", ""title"": ""Cafes""}], ""rating"": 4.0, ""coordinates"": {""latitude"": 45.46868, ""longitude"": 9.17636}, ""transactions"": [], ""price"": ""\u20ac"", ""location"": {""address1"": ""Piazza Cadorna 10"", ""address2"": """", ""address3"": """", ""city"": ""Milan"", ""zip_code"": ""20123"", ""country"": ""IT"", ""state"": ""MI"", ""display_address"": [""Piazza Cadorna 10"", ""20123 Milan"", ""Italy""]}, ""phone"": ""+390272001449"", ""display_phone"": ""+39 02 7200 1449"", ""distance"": 1031.8216066120299}, {""id"": ""xTfd-EyBFdRQF49Wtll2dA"", ""alias"": ""sanpi-hotel-milano"", ""name"": ""Sanpi Hotel"", ""image_url"": ""https://s3-media4.fl.yelpcdn.com/bphoto/qhynKvYR21q9hD3955NYUw/o.jpg"", ""is_closed"": false, ""url"": ""https://www.yelp.com/biz/sanpi-hotel-milano?adjust_creative=ULHW7ynqdXE8Z9Fnr4irFw&utm_campaign=yelp_api_v3&utm_medium=api_v3_business_search&utm_source=ULHW7ynqdXE8Z9Fnr4irFw"", ""review_count"": 5, ""categories"": [{""alias"": ""hotels"", ""title"": ""Hotels""}], ""rating"": 5.0, ""coordinates"": {""latitude"": 45.4777184, ""longitude"": 9.2030802}, ""transactions"": [], ""price"": ""\u20ac"", ""location"": {""address1"": ""Via Lazzaro Palazzi, 18"", ""address2"": """", ""address3"": """", ""city"": ""Milan"", ""zip_code"": ""20124"", ""country"": ""IT"", ""state"": ""MI"", ""display_address"": [""Via Lazzaro Palazzi, 18"", ""20124 Milan"", ""Italy""]}, ""phone"": ""+390229513341"", ""display_phone"": ""+39 02 2951 3341"", ""distance"": 1363.7542505418842}, {""id"": ""oQbBNWlcqvgOb66Mgo2sAQ"", ""alias"": ""chateau-monfort-milano"", ""name"": ""Chateau Monfort"", ""image_url"": ""https://s3-media3.fl.yelpcdn.com/bphoto/oucUZN62ZOa8Wf-oder4og/o.jpg"", ""is_closed"": false, ""url"": ""https://www.yelp.com/biz/chateau-monfort-milano?adjust_creative=ULHW7ynqdXE8Z9Fnr4irFw&utm_campaign=yelp_api_v3&utm_medium=api_v3_business_search&utm_source=ULHW7ynqdXE8Z9Fnr4irFw"", ""review_count"": 13, ""categories"": [{""alias"": ""hotels"", ""title"": ""Hotels""}], ""rating"": 4.5, ""coordinates"": {""latitude"": 45.4682089, ""longitude"": 9.207214}, ""transactions"": [], ""price"": ""\u20ac\u20ac\u20ac\u20ac"", ""location"": {""address1"": ""Corso Concordia 1"", ""address2"": """", ""address3"": """", ""city"": ""Milan"", ""zip_code"": ""20129"", ""country"": ""IT"", ""state"": ""MI"", ""display_address"": [""Corso Concordia 1"", ""20129 Milan"", ""Italy""]}, ""phone"": ""+3902776761"", ""display_phone"": ""+39 02 776761"", ""distance"": 1439.890312048586}, {""id"": ""g2ibS1CxAbvicw7KW8cwAA"", ""alias"": ""the-yard-suite-e-dependence-milano"", ""name"": ""The Yard Suite & Dependence"", ""image_url"": ""https://s3-media3.fl.yelpcdn.com/bphoto/priB_z6_ujId1qZqXcHGvA/o.jpg"", ""is_closed"": false, ""url"": ""https://www.yelp.com/biz/the-yard-suite-e-dependence-milano?adjust_creative=ULHW7ynqdXE8Z9Fnr4irFw&utm_campaign=yelp_api_v3&utm_medium=api_v3_business_search&utm_source=ULHW7ynqdXE8Z9Fnr4irFw"", ""review_count"": 9, ""categories"": [{""alias"": ""hotels"", ""title"": ""Hotels""}], ""rating"": 4.5, ""coordinates"": {""latitude"": 45.45302778, ""longitude"": 9.17965248}, ""transactions"": [], ""price"": ""\u20ac\u20ac\u20ac\u20ac"", ""location"": {""address1"": ""Piazza 24 Maggio 8"", ""address2"": """", ""address3"": """", ""city"": ""Milan"", ""zip_code"": ""20123"", ""country"": ""IT"", ""state"": ""MI"", ""display_address"": [""Piazza 24 Maggio 8"", ""20123 Milan"", ""Italy""]}, ""phone"": """", ""display_phone"": """", ""distance"": 2063.6537408009617}, {""id"": ""-N6fsgW_qJaxO-F7dDY0Qw"", ""alias"": ""doria-grand-hotel-milano-3"", ""name"": ""Doria Grand Hotel"", ""image_url"": ""https://s3-media4.fl.yelpcdn.com/bphoto/8S__QOG6Ibty1TeHMvEDJw/o.jpg"", ""is_closed"": false, ""url"": ""https://www.yelp.com/biz/doria-grand-hotel-milano-3?adjust_creative=ULHW7ynqdXE8Z9Fnr4irFw&utm_campaign=yelp_api_v3&utm_medium=api_v3_business_search&utm_source=ULHW7ynqdXE8Z9Fnr4irFw"", ""review_count"": 7, ""categories"": [{""alias"": ""hotels"", ""title"": ""Hotels""}], ""rating"": 3.5, ""coordinates"": {""latitude"": 45.4854765, ""longitude"": 9.2112933}, ""transactions"": [], ""price"": ""\u20ac\u20ac\u20ac\u20ac"", ""location"": {""address1"": ""Viale Andrea Doria 22"", ""address2"": null, ""address3"": null, ""city"": ""Milan"", ""zip_code"": ""20124"", ""country"": ""IT"", ""state"": ""MI"", ""display_address"": [""Viale Andrea Doria 22"", ""20124 Milan"", ""Italy""]}, ""phone"": ""+390267411411"", ""display_phone"": ""+39 02 6741 1411"", ""distance"": 2407.3724028418883}, {""id"": ""-4-CME8oXa4m6JAX2qf6IQ"", ""alias"": ""spontini-milano-2"", ""name"": ""Spontini"", ""image_url"": ""https://s3-media3.fl.yelpcdn.com/bphoto/dJq7xgTvjBZuNiyA49zKcw/o.jpg"", ""is_closed"": false, ""url"": ""https://www.yelp.com/biz/spontini-milano-2?adjust_creative=ULHW7ynqdXE8Z9Fnr4irFw&utm_campaign=yelp_api_v3&utm_medium=api_v3_business_search&utm_source=ULHW7ynqdXE8Z9Fnr4irFw"", ""review_count"": 18, ""categories"": [{""alias"": ""pizza"", ""title"": ""Pizza""}], ""rating"": 3.5, ""coordinates"": {""latitude"": 45.46744, ""longitude"": 9.1544}, ""transactions"": [], ""price"": ""\u20ac"", ""location"": {""address1"": ""Via Marghera 3"", ""address2"": null, ""address3"": null, ""city"": ""Milan"", ""zip_code"": ""20149"", ""country"": ""IT"", ""state"": ""MI"", ""display_address"": [""Via Marghera 3"", ""20149 Milan"", ""Italy""]}, ""phone"": ""+390243514223"", ""display_phone"": ""+39 02 4351 4223"", ""distance"": 2720.748533463368}, {""id"": ""5SDtF3WiTBqu2ZnECA8zQg"", ""alias"": ""hotel-rubens-milano"", ""name"": ""Hotel Rubens"", ""image_url"": ""https://s3-media3.fl.yelpcdn.com/bphoto/CcgFR-YSVg-eQnKF6IW-LQ/o.jpg"", ""is_closed"": false, ""url"": ""https://www.yelp.com/biz/hotel-rubens-milano?adjust_creative=ULHW7ynqdXE8Z9Fnr4irFw&utm_campaign=yelp_api_v3&utm_medium=api_v3_business_search&utm_source=ULHW7ynqdXE8Z9Fnr4irFw"", ""review_count"": 4, ""categories"": [{""alias"": ""hotels"", ""title"": ""Hotels""}, {""alias"": ""italian"", ""title"": ""Italian""}], ""rating"": 4.0, ""coordinates"": {""latitude"": 45.4673, ""longitude"": 9.14284}, ""transactions"": [], ""price"": ""\u20ac"", ""location"": {""address1"": ""Via Pietro Paolo Rubens 21"", ""address2"": null, ""address3"": null, ""city"": ""Milan"", ""zip_code"": ""20148"", ""country"": ""IT"", ""state"": ""MI"", ""display_address"": [""Via Pietro Paolo Rubens 21"", ""20148 Milan"", ""Italy""]}, ""phone"": ""+390240302"", ""display_phone"": ""+39 02 40302"", ""distance"": 3619.4301299749122}, {""id"": ""f4xrt6JL4iebuNSaoVCwww"", ""alias"": ""nh-milano-2-residence-segrate"", ""name"": ""NH Milano 2 Residence"", ""image_url"": ""https://s3-media2.fl.yelpcdn.com/bphoto/via0IDWrjeS4OxR6fis3_Q/o.jpg"", ""is_closed"": false, ""url"": ""https://www.yelp.com/biz/nh-milano-2-residence-segrate?adjust_creative=ULHW7ynqdXE8Z9Fnr4irFw&utm_campaign=yelp_api_v3&utm_medium=api_v3_business_search&utm_source=ULHW7ynqdXE8Z9Fnr4irFw"", ""review_count"": 4, ""categories"": [{""alias"": ""hotels"", ""title"": ""Hotels""}], ""rating"": 2.0, ""coordinates"": {""latitude"": 45.500746, ""longitude"": 9.266573}, ""transactions"": [], ""price"": ""\u20ac\u20ac\u20ac\u20ac"", ""location"": {""address1"": ""Localit\u00e0 Segrate"", ""address2"": ""Via Fratelli Cervi"", ""address3"": null, ""city"": ""Segrate"", ""zip_code"": ""20090"", ""country"": ""IT"", ""state"": ""MI"", ""display_address"": [""Localit\u00e0 Segrate"", ""Via Fratelli Cervi"", ""20090 Segrate"", ""Italy""]}, ""phone"": ""+390221281"", ""display_phone"": ""+39 02 21281"", ""distance"": 6918.8658847424795}], ""total"": 16, ""region"": {""center"": {""longitude"": 9.189033508300781, ""latitude"": 45.47047287954827}}}",application/json,false,"OAS disconformity: [Path '/businesses/[item]/price'] Instance value ("""") not found in enum (possible values: [""$"";""$$"";""$$$"";""$$$$""]) --- [Path '/businesses/[item]/price'] Instance value ("""") not found in enum (possible values: [""$"";""$$"";""$$$"";""$$$$""])"
test_urv6ximteqsy_getBusinesses,200,"{""businesses"": [], ""total"": 0, ""region"": {""center"": {""longitude"": -81.568054, ""latitude"": 41.63401}}}",application/json,true,none
test_vb42yel0g94p_getBusinesses,200,"{""businesses"": [], ""total"": 0, ""region"": {""center"": {""longitude"": 144.96734619140625, ""latitude"": -37.81787593178502}}}",application/json,true,none
test_vevvgc3qwtia_getBusinesses,200,"{""businesses"": [], ""total"": 0, ""region"": {""center"": {""longitude"": 2.3421478271484375, ""latitude"": 48.86195860677958}}}",application/json,true,none
test_vevw88fl8jld_getBusinesses,400,"{""error"": {""code"": ""OPEN_AT_AND_NOW_PROVIDED"", ""description"": ""You must specify either open_at or open_now, not both.""}}",application/json,true,none
