testResultId,statusCode,responseBody,outputContentType,passed,failReason
test_1h7ilha73zb5i_getBusinesses,200,"{""businesses"": [{""id"": ""Sar1KyUoyWipBFyr81RWeA"", ""alias"": ""cin\u00e9-bouillon-bouillon"", ""name"": ""Cin\u00e9 Bouillon"", ""image_url"": ""https://s3-media2.fl.yelpcdn.com/bphoto/B96btzN5lWk5rGyGUxNvDw/o.jpg"", ""is_closed"": false, ""url"": ""https://www.yelp.it/biz/cin%C3%A9-bouillon-bouillon?adjust_creative=ULHW7ynqdXE8Z9Fnr4irFw&utm_campaign=yelp_api_v3&utm_medium=api_v3_business_search&utm_source=ULHW7ynqdXE8Z9Fnr4irFw"", ""review_count"": 1, ""categories"": [{""alias"": ""movietheaters"", ""title"": ""Cinema""}], ""rating"": 5.0, ""coordinates"": {""latitude"": 49.7962989807129, ""longitude"": 5.07359981536865}, ""transactions"": [], ""location"": {""address1"": null, ""address2"": """", ""address3"": """", ""city"": ""Bouillon"", ""zip_code"": """", ""country"": ""BE"", ""state"": ""WLX"", ""display_address"": [""Bouillon, Luxembourg"", ""Belgio""]}, ""phone"": """", ""display_phone"": """", ""distance"": 48256.59434021477}, {""id"": ""ZsXDGTRkm8X6YceKha7zjQ"", ""alias"": ""princess-theatre-lexington"", ""name"": ""Princess Theatre"", ""image_url"": """", ""is_closed"": false, ""url"": ""https://www.yelp.it/biz/princess-theatre-lexington?adjust_creative=ULHW7ynqdXE8Z9Fnr4irFw&utm_campaign=yelp_api_v3&utm_medium=api_v3_business_search&utm_source=ULHW7ynqdXE8Z9Fnr4irFw"", ""review_count"": 2, ""categories"": [{""alias"": ""movietheaters"", ""title"": ""Cinema""}], ""rating"": 4.5, ""coordinates"": {""latitude"": 35.64864041831931, ""longitude"": -88.39280219938495}, ""transactions"": [], ""location"": {""address1"": ""72 S Main St"", ""address2"": """", ""address3"": """", ""city"": ""Lexington"", ""zip_code"": ""38351"", ""country"": ""US"", ""state"": ""TN"", ""display_address"": [""72 S Main St"", ""Lexington, TN 38351"", ""Stati Uniti""]}, ""phone"": ""+17319683691"", ""display_phone"": ""+1 731-968-3691"", ""distance"": 58427.42680709531}, {""id"": ""_gHANPi7yVFx_WzAlVXNHA"", ""alias"": ""pink-cadillac-drive-in-centerville"", ""name"": ""Pink Cadillac Drive-In"", ""image_url"": """", ""is_closed"": false, ""url"": ""https://www.yelp.it/biz/pink-cadillac-drive-in-centerville?adjust_creative=ULHW7ynqdXE8Z9Fnr4irFw&utm_campaign=yelp_api_v3&utm_medium=api_v3_business_search&utm_source=ULHW7ynqdXE8Z9Fnr4irFw"", ""review_count"": 3, ""categories"": [{""alias"": ""driveintheater"", ""title"": ""Cinema drive-in""}], ""rating"": 4.5, ""coordinates"": {""latitude"": 35.8474974, ""longitude"": -87.3983568}, ""transactions"": [], ""location"": {""address1"": ""2506 Highway 100"", ""address2"": """", ""address3"": """", ""city"": ""Centerville"", ""zip_code"": ""37033"", ""country"": ""US"", ""state"": ""TN"", ""display_address"": [""2506 Highway 100"", ""Centerville, TN 37033"", ""Stati Uniti""]}, ""phone"": ""+19317292386"", ""display_phone"": ""+1 931-729-2386"", ""distance"": 64377.59829189553}, {""id"": ""7EN_azlrNA4_TzJVrgmR2w"", ""alias"": ""birdsong-drive-in-theatre-camden"", ""name"": ""Birdsong Drive In Theatre"", ""image_url"": ""https://s3-media3.fl.yelpcdn.com/bphoto/v7L-6qwQkY8ric2HhASzAQ/o.jpg"", ""is_closed"": false, ""url"": ""https://www.yelp.it/biz/birdsong-drive-in-theatre-camden?adjust_creative=ULHW7ynqdXE8Z9Fnr4irFw&utm_campaign=yelp_api_v3&utm_medium=api_v3_business_search&utm_source=ULHW7ynqdXE8Z9Fnr4irFw"", ""review_count"": 4, ""categories"": [{""alias"": ""movietheaters"", ""title"": ""Cinema""}], ""rating"": 4.5, ""coordinates"": {""latitude"": 35.9829457, ""longitude"": -88.0793813}, ""transactions"": [], ""location"": {""address1"": ""907 Shiloh Church Rd"", ""address2"": """", ""address3"": """", ""city"": ""Camden"", ""zip_code"": ""38320"", ""country"": ""US"", ""state"": ""TN"", ""display_address"": [""907 Shiloh Church Rd"", ""Camden, TN 38320"", ""Stati Uniti""]}, ""phone"": ""+17315848787"", ""display_phone"": ""+1 731-584-8787"", ""distance"": 69641.00225354859}, {""id"": ""iiojbjaldPYqS8HnzE_B9w"", ""alias"": ""ritz-theatre-sheffield"", ""name"": ""Ritz Theatre"", ""image_url"": ""https://s3-media2.fl.yelpcdn.com/bphoto/8VkCS-jsu66WMBtprpvfXQ/o.jpg"", ""is_closed"": false, ""url"": ""https://www.yelp.it/biz/ritz-theatre-sheffield?adjust_creative=ULHW7ynqdXE8Z9Fnr4irFw&utm_campaign=yelp_api_v3&utm_medium=api_v3_business_search&utm_source=ULHW7ynqdXE8Z9Fnr4irFw"", ""review_count"": 2, ""categories"": [{""alias"": ""movietheaters"", ""title"": ""Cinema""}], ""rating"": 4.0, ""coordinates"": {""latitude"": 34.760605, ""longitude"": -87.69952}, ""transactions"": [], ""location"": {""address1"": ""111 W 3rd St"", ""address2"": """", ""address3"": """", ""city"": ""Sheffield"", ""zip_code"": ""35660"", ""country"": ""US"", ""state"": ""AL"", ""display_address"": [""111 W 3rd St"", ""Sheffield, AL 35660"", ""Stati Uniti""]}, ""phone"": ""+12563818370"", ""display_phone"": ""+1 256-381-8370"", ""distance"": 71007.3274495727}, {""id"": ""NrnIz9D-_1ypj2v1yHNjBg"", ""alias"": ""iuka-drive-in-theatre-iuka"", ""name"": ""Iuka Drive-In Theatre"", ""image_url"": ""https://s3-media2.fl.yelpcdn.com/bphoto/MwLBeiwaj6JhdYDWQDWizA/o.jpg"", ""is_closed"": false, ""url"": ""https://www.yelp.it/biz/iuka-drive-in-theatre-iuka?adjust_creative=ULHW7ynqdXE8Z9Fnr4irFw&utm_campaign=yelp_api_v3&utm_medium=api_v3_business_search&utm_source=ULHW7ynqdXE8Z9Fnr4irFw"", ""review_count"": 1, ""categories"": [{""alias"": ""driveintheater"", ""title"": ""Cinema drive-in""}], ""rating"": 4.0, ""coordinates"": {""latitude"": 34.8098106, ""longitude"": -88.2045212}, ""transactions"": [], ""location"": {""address1"": ""1527 W Quitman St"", ""address2"": """", ""address3"": """", ""city"": ""Iuka"", ""zip_code"": ""38852"", ""country"": ""US"", ""state"": ""MS"", ""display_address"": [""1527 W Quitman St"", ""Iuka, MS 38852"", ""Stati Uniti""]}, ""phone"": ""+16624232153"", ""display_phone"": ""+1 662-423-2153"", ""distance"": 72969.19786096014}, {""id"": ""-XniJ3b4GHQMDhU4RYI44w"", ""alias"": ""crockett-cinemas-3-lawrenceburg"", ""name"": ""Crockett Cinemas 3"", ""image_url"": """", ""is_closed"": false, ""url"": ""https://www.yelp.it/biz/crockett-cinemas-3-lawrenceburg?adjust_creative=ULHW7ynqdXE8Z9Fnr4irFw&utm_campaign=yelp_api_v3&utm_medium=api_v3_business_search&utm_source=ULHW7ynqdXE8Z9Fnr4irFw"", ""review_count"": 5, ""categories"": [{""alias"": ""movietheaters"", ""title"": ""Cinema""}], ""rating"": 3.0, ""coordinates"": {""latitude"": 35.2728195, ""longitude"": -87.3180084}, ""transactions"": [], ""location"": {""address1"": ""2128 N Locust Ave"", ""address2"": """", ""address3"": """", ""city"": ""Lawrenceburg"", ""zip_code"": ""38464"", ""country"": ""US"", ""state"": ""TN"", ""display_address"": [""2128 N Locust Ave"", ""Lawrenceburg, TN 38464"", ""Stati Uniti""]}, ""phone"": ""+19317624554"", ""display_phone"": ""+1 931-762-4554"", ""distance"": 48341.593153304944}, {""id"": ""7ATQ9l10oHjZwZs24J6pAg"", ""alias"": ""amc-classic-florence-12-florence"", ""name"": ""AMC CLASSIC Florence 12"", ""image_url"": ""https://s3-media1.fl.yelpcdn.com/bphoto/JOszHFTXDksEdmnur-a6jw/o.jpg"", ""is_closed"": false, ""url"": ""https://www.yelp.it/biz/amc-classic-florence-12-florence?adjust_creative=ULHW7ynqdXE8Z9Fnr4irFw&utm_campaign=yelp_api_v3&utm_medium=api_v3_business_search&utm_source=ULHW7ynqdXE8Z9Fnr4irFw"", ""review_count"": 29, ""categories"": [{""alias"": ""movietheaters"", ""title"": ""Cinema""}], ""rating"": 1.5, ""coordinates"": {""latitude"": 34.83457201396631, ""longitude"": -87.63653499049501}, ""transactions"": [], ""location"": {""address1"": ""301 Cox Creek Pkwy"", ""address2"": """", ""address3"": """", ""city"": ""Florence"", ""zip_code"": ""35630"", ""country"": ""US"", ""state"": ""AL"", ""display_address"": [""301 Cox Creek Pkwy"", ""Florence, AL 35630"", ""Stati Uniti""]}, ""phone"": ""+12567601728"", ""display_phone"": ""+1 256-760-1728"", ""distance"": 64247.90470668739}, {""id"": ""MMDUsQu5qMI35vaggV5Mvg"", ""alias"": ""the-roxy-dickson"", ""name"": ""The Roxy"", ""image_url"": ""https://s3-media1.fl.yelpcdn.com/bphoto/CcVbLcFtibKQSQ9vIVjBlw/o.jpg"", ""is_closed"": false, ""url"": ""https://www.yelp.it/biz/the-roxy-dickson?adjust_creative=ULHW7ynqdXE8Z9Fnr4irFw&utm_campaign=yelp_api_v3&utm_medium=api_v3_business_search&utm_source=ULHW7ynqdXE8Z9Fnr4irFw"", ""review_count"": 12, ""categories"": [{""alias"": ""movietheaters"", ""title"": ""Cinema""}], ""rating"": 3.5, ""coordinates"": {""latitude"": 36.052353, ""longitude"": -87.369237}, ""transactions"": [], ""location"": {""address1"": ""646 Hwy 46 S"", ""address2"": """", ""address3"": """", ""city"": ""Dickson"", ""zip_code"": ""37055"", ""country"": ""US"", ""state"": ""TN"", ""display_address"": [""646 Hwy 46 S"", ""Dickson, TN 37055"", ""Stati Uniti""]}, ""phone"": ""+16154418781"", ""display_phone"": ""+1 615-441-8781"", ""distance"": 84610.1769359859}, {""id"": ""zHt698XBzTUxFmnyIyQDRg"", ""alias"": ""staar-theater-antoinette-hall-pulaski"", ""name"": ""Staar  Theater - Antoinette Hall"", ""image_url"": ""https://s3-media3.fl.yelpcdn.com/bphoto/bYHGGdzmfjsev8VvPfN4Pg/o.jpg"", ""is_closed"": false, ""url"": ""https://www.yelp.it/biz/staar-theater-antoinette-hall-pulaski?adjust_creative=ULHW7ynqdXE8Z9Fnr4irFw&utm_campaign=yelp_api_v3&utm_medium=api_v3_business_search&utm_source=ULHW7ynqdXE8Z9Fnr4irFw"", ""review_count"": 1, ""categories"": [{""alias"": ""opera"", ""title"": ""Opera/Danza classica""}, {""alias"": ""theater"", ""title"": ""Teatri""}, {""alias"": ""movietheaters"", ""title"": ""Cinema""}], ""rating"": 3.0, ""coordinates"": {""latitude"": 35.1990703, ""longitude"": -87.0309454}, ""transactions"": [], ""location"": {""address1"": ""105 N 1st St"", ""address2"": """", ""address3"": """", ""city"": ""Pulaski"", ""zip_code"": ""38478"", ""country"": ""US"", ""state"": ""TN"", ""display_address"": [""105 N 1st St"", ""Pulaski, TN 38478"", ""Stati Uniti""]}, ""phone"": ""+19313637222"", ""display_phone"": ""+1 931-363-7222"", ""distance"": 75633.52603369363}, {""id"": ""UA0uNUMmCE8J4TZeUbdEkQ"", ""alias"": ""malco-corinth-cinema-corinth"", ""name"": ""Malco Corinth Cinema"", ""image_url"": ""https://s3-media1.fl.yelpcdn.com/bphoto/JifMzfvTrc_gOI6ZfUfuRQ/o.jpg"", ""is_closed"": false, ""url"": ""https://www.yelp.it/biz/malco-corinth-cinema-corinth?adjust_creative=ULHW7ynqdXE8Z9Fnr4irFw&utm_campaign=yelp_api_v3&utm_medium=api_v3_business_search&utm_source=ULHW7ynqdXE8Z9Fnr4irFw"", ""review_count"": 3, ""categories"": [{""alias"": ""movietheaters"", ""title"": ""Cinema""}], ""rating"": 2.0, ""coordinates"": {""latitude"": 34.907704, ""longitude"": -88.504944}, ""transactions"": [], ""location"": {""address1"": ""2505 S Harper Rd"", ""address2"": null, ""address3"": null, ""city"": ""Corinth"", ""zip_code"": ""38834"", ""country"": ""US"", ""state"": ""MS"", ""display_address"": [""2505 S Harper Rd"", ""Corinth, MS 38834"", ""Stati Uniti""]}, ""phone"": ""+16622840934"", ""display_phone"": ""+1 662-284-0934"", ""distance"": 81449.85734531064}], ""total"": 11, ""region"": {""center"": {""longitude"": -87.83078, ""latitude"": 35.39009}}}",application/json,true,none
test_1h7u8e535u88m_getBusinesses,400,"{""error"": {""code"": ""VALIDATION_ERROR"", ""description"": ""Please specify a location or a latitude and longitude""}}",application/json,true,none
test_1h821dz0f0qif_getBusinesses,200,"{""businesses"": [], ""total"": 417, ""region"": {""center"": {""longitude"": -105.96038818359375, ""latitude"": 35.665062782072155}}}",application/json,true,none
test_1hr5f1g5t7rjq_getBusinesses,200,"{""businesses"": [], ""total"": 0, ""region"": {""center"": {""longitude"": 144.96734619140625, ""latitude"": -37.81787593178502}}}",application/json,true,none
test_1hr5wyzh73dpz_getBusinesses,400,"{""error"": {""code"": ""OPEN_AT_AND_NOW_PROVIDED"", ""description"": ""You must specify either open_at or open_now, not both.""}}",application/json,true,none
test_1hrj76fyamb08_getBusinesses,400,"{""error"": {""code"": ""VALIDATION_ERROR"", ""description"": ""Please specify a location or a latitude and longitude""}}",application/json,true,none
test_1hux7afq0pgs4_getBusinesses,400,"{""error"": {""code"": ""VALIDATION_ERROR"", ""description"": ""Please specify a location or a latitude and longitude""}}",application/json,true,none
test_1hvazqrl3b1pg_getBusinesses,400,"{""error"": {""code"": ""VALIDATION_ERROR"", ""description"": ""The open_at provided is too long ago, the timestamp must be within the last two weeks.""}}",application/json,true,none
test_1ib0elrndrgol_getBusinesses,400,"{""error"": {""code"": ""VALIDATION_ERROR"", ""description"": ""Please specify a location or a latitude and longitude""}}",application/json,true,none
test_1ib0gvhvi1y5s_getBusinesses,200,"{""businesses"": [], ""total"": 0, ""region"": {""center"": {""longitude"": -85.27922, ""latitude"": 39.476803}}}",application/json,true,none
test_1ieyazotgvcyq_getBusinesses,400,"{""error"": {""code"": ""VALIDATION_ERROR"", ""description"": ""Please specify a location or a latitude and longitude""}}",application/json,true,none
test_1iuvg1vu2nhh0_getBusinesses,400,"{""error"": {""code"": ""VALIDATION_ERROR"", ""description"": ""The open_at provided is too long ago, the timestamp must be within the last two weeks.""}}",application/json,true,none
test_1iuyrpi2iedyr_getBusinesses,400,"{""error"": {""code"": ""VALIDATION_ERROR"", ""description"": ""Please specify a location or a latitude and longitude""}}",application/json,true,none
test_1iv112zmy4a5h_getBusinesses,400,"{""error"": {""code"": ""VALIDATION_ERROR"", ""description"": ""Please specify a location or a latitude and longitude""}}",application/json,true,none
test_1iynahl3foj8k_getBusinesses,200,"{""businesses"": [], ""total"": 0, ""region"": {""center"": {""longitude"": -85.14142, ""latitude"": 40.750507}}}",application/json,true,none
test_1iyq1y6ga9k6a_getBusinesses,400,"{""error"": {""code"": ""OPEN_AT_AND_NOW_PROVIDED"", ""description"": ""You must specify either open_at or open_now, not both.""}}",application/json,true,none
test_1jeyvgyobrrs2_getBusinesses,200,"{""businesses"": [{""id"": ""ayNFYsuqAr0uCZXPUiaNVA"", ""alias"": ""\u732b\u30ab\u30d5\u30a7-\u30e2\u30ab-\u539f\u5bbf\u5e97-\u6e0b\u8c37\u533a"", ""name"": ""Cat Cafe Mocha Harajuku"", ""image_url"": ""https://s3-media3.fl.yelpcdn.com/bphoto/yli9cMgNiP0ilx6VCkiSmg/o.jpg"", ""is_closed"": false, ""url"": ""https://www.yelp.com/biz/%E7%8C%AB%E3%82%AB%E3%83%95%E3%82%A7-%E3%83%A2%E3%82%AB-%E5%8E%9F%E5%AE%BF%E5%BA%97-%E6%B8%8B%E8%B0%B7%E5%8C%BA?adjust_creative=ULHW7ynqdXE8Z9Fnr4irFw&utm_campaign=yelp_api_v3&utm_medium=api_v3_business_search&utm_source=ULHW7ynqdXE8Z9Fnr4irFw"", ""review_count"": 47, ""categories"": [{""alias"": ""themedcafes"", ""title"": ""Themed Cafes""}], ""rating"": 4.0, ""coordinates"": {""latitude"": 35.6699942191797, ""longitude"": 139.703018975433}, ""transactions"": [], ""price"": ""\uffe5"", ""location"": {""address1"": ""\u795e\u5bae\u524d1-14-25"", ""address2"": ""\u30af\u30ed\u30b9\u30a2\u30d9\u30cb\u30e5\u30fc\u539f\u5bbf 4F"", ""address3"": """", ""city"": ""Shibuya"", ""zip_code"": ""150-0001"", ""country"": ""JP"", ""state"": ""13"", ""display_address"": [""\u795e\u5bae\u524d1-14-25"", ""\u30af\u30ed\u30b9\u30a2\u30d9\u30cb\u30e5\u30fc\u539f\u5bbf 4F"", ""Shibuya, \u6771\u4eac\u90fd \u3012150-0001"", ""Japan""]}, ""phone"": ""+81364472665"", ""display_phone"": ""+81 3-6447-2665"", ""distance"": 5988.869642066573}, {""id"": ""ON9h6h_YLN0OkQmW2vVTNg"", ""alias"": ""\u30b9\u30bf\u30fc\u30d0\u30c3\u30af\u30b9\u30b3\u30fc\u30d2\u30fc\u516d\u672c\u6728\u30d2\u30eb\u30ba-\u30a6\u30a8\u30b9\u30c8\u30a6\u30a9\u30fc\u30af-\u30e9\u30a6\u30f3\u30b8\u5e97-\u6e2f\u533a"", ""name"": ""STARBUCKS COFFEE Roppongi Hills West Walk Lounge"", ""image_url"": ""https://s3-media1.fl.yelpcdn.com/bphoto/tuJpWhPIyHnmOyA_Hw6ETQ/o.jpg"", ""is_closed"": false, ""url"": ""https://www.yelp.com/biz/%E3%82%B9%E3%82%BF%E3%83%BC%E3%83%90%E3%83%83%E3%82%AF%E3%82%B9%E3%82%B3%E3%83%BC%E3%83%92%E3%83%BC%E5%85%AD%E6%9C%AC%E6%9C%A8%E3%83%92%E3%83%AB%E3%82%BA-%E3%82%A6%E3%82%A8%E3%82%B9%E3%83%88%E3%82%A6%E3%82%A9%E3%83%BC%E3%82%AF-%E3%83%A9%E3%82%A6%E3%83%B3%E3%82%B8%E5%BA%97-%E6%B8%AF%E5%8C%BA?adjust_creative=ULHW7ynqdXE8Z9Fnr4irFw&utm_campaign=yelp_api_v3&utm_medium=api_v3_business_search&utm_source=ULHW7ynqdXE8Z9Fnr4irFw"", ""review_count"": 2, ""categories"": [{""alias"": ""cafes"", ""title"": ""Cafes""}, {""alias"": ""coffee"", ""title"": ""Coffee & Tea""}], ""rating"": 4.0, ""coordinates"": {""latitude"": 35.660702, ""longitude"": 139.729192}, ""transactions"": [], ""price"": ""\uffe5"", ""location"": {""address1"": ""\u516d\u672c\u67286-10-1"", ""address2"": ""\u68ee\u30bf\u30ef\u30fc1F"", ""address3"": """", ""city"": ""Minato"", ""zip_code"": ""106-6108"", ""country"": ""JP"", ""state"": ""13"", ""display_address"": [""\u516d\u672c\u67286-10-1"", ""\u68ee\u30bf\u30ef\u30fc1F"", ""Minato, \u6771\u4eac\u90fd \u3012106-6108"", ""Japan""]}, ""phone"": ""+81357711117"", ""display_phone"": ""+81 3-5771-1117"", ""distance"": 4333.792012416894}, {""id"": ""fL1IsR9Hd7ITcKMTLq8UEg"", ""alias"": ""\u30a8\u30af\u30bb\u30eb\u30b7\u30aa\u30fc\u30eb-\u30ab\u30d5\u30a7-\u65b0\u5bbf\u30a2\u30a4\u30e9\u30f3\u30c9\u5e97-\u65b0\u5bbf\u533a"", ""name"": ""Excelsior Caffee Shinjuku Island "", ""image_url"": ""https://s3-media2.fl.yelpcdn.com/bphoto/2L5V81yw58F9OcZOL8woqA/o.jpg"", ""is_closed"": false, ""url"": ""https://www.yelp.com/biz/%E3%82%A8%E3%82%AF%E3%82%BB%E3%83%AB%E3%82%B7%E3%82%AA%E3%83%BC%E3%83%AB-%E3%82%AB%E3%83%95%E3%82%A7-%E6%96%B0%E5%AE%BF%E3%82%A2%E3%82%A4%E3%83%A9%E3%83%B3%E3%83%89%E5%BA%97-%E6%96%B0%E5%AE%BF%E5%8C%BA?adjust_creative=ULHW7ynqdXE8Z9Fnr4irFw&utm_campaign=yelp_api_v3&utm_medium=api_v3_business_search&utm_source=ULHW7ynqdXE8Z9Fnr4irFw"", ""review_count"": 2, ""categories"": [{""alias"": ""coffee"", ""title"": ""Coffee & Tea""}, {""alias"": ""cafes"", ""title"": ""Cafes""}], ""rating"": 4.5, ""coordinates"": {""latitude"": 35.69315017158, ""longitude"": 139.693128063915}, ""transactions"": [], ""price"": ""\uffe5"", ""location"": {""address1"": ""\u897f\u65b0\u5bbf6\u4e01\u76ee5-1"", ""address2"": ""\u65b0\u5bbf\u30a2\u30a4\u30e9\u30f3\u30c9\u30bf\u30ef\u30fc1\uff26"", ""address3"": null, ""city"": ""Shinjuku"", ""zip_code"": ""160-0023"", ""country"": ""JP"", ""state"": ""13"", ""display_address"": [""\u897f\u65b0\u5bbf6\u4e01\u76ee5-1"", ""\u65b0\u5bbf\u30a2\u30a4\u30e9\u30f3\u30c9\u30bf\u30ef\u30fc1\uff26"", ""Shinjuku, \u6771\u4eac\u90fd \u3012160-0023"", ""Japan""]}, ""phone"": ""+81353399201"", ""display_phone"": ""+81 3-5339-9201"", ""distance"": 6705.146076339872}, {""id"": ""H8ELkzipSzY0_uch1m4Sqw"", ""alias"": ""\u30de\u30af\u30c9\u30ca\u30eb\u30c9-\u5357\u65b0\u5bbf\u5e97-\u6e0b\u8c37\u533a-2"", ""name"": ""McDonald's Minami Shinjuku"", ""image_url"": ""https://s3-media4.fl.yelpcdn.com/bphoto/To9VxTV6Ll7s9k5tWHxPdQ/o.jpg"", ""is_closed"": false, ""url"": ""https://www.yelp.com/biz/%E3%83%9E%E3%82%AF%E3%83%89%E3%83%8A%E3%83%AB%E3%83%89-%E5%8D%97%E6%96%B0%E5%AE%BF%E5%BA%97-%E6%B8%8B%E8%B0%B7%E5%8C%BA-2?adjust_creative=ULHW7ynqdXE8Z9Fnr4irFw&utm_campaign=yelp_api_v3&utm_medium=api_v3_business_search&utm_source=ULHW7ynqdXE8Z9Fnr4irFw"", ""review_count"": 3, ""categories"": [{""alias"": ""hotdogs"", ""title"": ""Fast Food""}, {""alias"": ""burgers"", ""title"": ""Burgers""}], ""rating"": 4.0, ""coordinates"": {""latitude"": 35.688001, ""longitude"": 139.699032}, ""transactions"": [], ""price"": ""\uffe5"", ""location"": {""address1"": ""\u4ee3\u3005\u67282-6-7"", ""address2"": """", ""address3"": null, ""city"": ""Shibuya"", ""zip_code"": ""151-0053"", ""country"": ""JP"", ""state"": ""13"", ""display_address"": [""\u4ee3\u3005\u67282-6-7"", ""Shibuya, \u6771\u4eac\u90fd \u3012151-0053"", ""Japan""]}, ""phone"": ""+81353514498"", ""display_phone"": ""+81 3-5351-4498"", ""distance"": 6119.8309999548865}, {""id"": ""zkArSjLc5tEQbmuVlnr76A"", ""alias"": ""\u30d1\u30ca\u30bd\u30cb\u30c3\u30af\u30bb\u30f3\u30bf\u30fc\u6771\u4eac-\u6c5f\u6771\u533a"", ""name"": ""Panasonic Center Tokyo"", ""image_url"": ""https://s3-media2.fl.yelpcdn.com/bphoto/BAPbZuQxossoYe19tErUgw/o.jpg"", ""is_closed"": false, ""url"": ""https://www.yelp.com/biz/%E3%83%91%E3%83%8A%E3%82%BD%E3%83%8B%E3%83%83%E3%82%AF%E3%82%BB%E3%83%B3%E3%82%BF%E3%83%BC%E6%9D%B1%E4%BA%AC-%E6%B1%9F%E6%9D%B1%E5%8C%BA?adjust_creative=ULHW7ynqdXE8Z9Fnr4irFw&utm_campaign=yelp_api_v3&utm_medium=api_v3_business_search&utm_source=ULHW7ynqdXE8Z9Fnr4irFw"", ""review_count"": 3, ""categories"": [{""alias"": ""galleries"", ""title"": ""Art Galleries""}], ""rating"": 3.5, ""coordinates"": {""latitude"": 35.6328742, ""longitude"": 139.7902891}, ""transactions"": [], ""price"": ""\uffe5"", ""location"": {""address1"": ""\u6709\u660e3-5-1"", ""address2"": """", ""address3"": """", ""city"": ""Koto"", ""zip_code"": ""135-0063"", ""country"": ""JP"", ""state"": ""13"", ""display_address"": [""\u6709\u660e3-5-1"", ""Koto, \u6771\u4eac\u90fd \u3012135-0063"", ""Japan""]}, ""phone"": ""+81335992600"", ""display_phone"": ""+81 3-3599-2600"", ""distance"": 6176.926460849618}, {""id"": ""UIVg1Y0fIR221qaO4tvTIg"", ""alias"": ""\u30b3\u30ca-\u6e2f\u533a"", ""name"": ""CONA"", ""image_url"": ""https://s3-media1.fl.yelpcdn.com/bphoto/iSgr9x6gFwwcExT2dASm3Q/o.jpg"", ""is_closed"": false, ""url"": ""https://www.yelp.com/biz/%E3%82%B3%E3%83%8A-%E6%B8%AF%E5%8C%BA?adjust_creative=ULHW7ynqdXE8Z9Fnr4irFw&utm_campaign=yelp_api_v3&utm_medium=api_v3_business_search&utm_source=ULHW7ynqdXE8Z9Fnr4irFw"", ""review_count"": 9, ""categories"": [{""alias"": ""pizza"", ""title"": ""Pizza""}, {""alias"": ""wine_bars"", ""title"": ""Wine Bars""}], ""rating"": 4.0, ""coordinates"": {""latitude"": 35.6572287, ""longitude"": 139.7328037}, ""transactions"": [], ""price"": ""\uffe5"", ""location"": {""address1"": ""\u9ebb\u5e03\u5341\u756a1-5-26"", ""address2"": ""\u30b9\u30c8\u30fc\u30af\u9ebb\u5e03\u5341\u756a"", ""address3"": """", ""city"": ""Minato"", ""zip_code"": """", ""country"": ""JP"", ""state"": ""13"", ""display_address"": [""\u9ebb\u5e03\u5341\u756a1-5-26"", ""\u30b9\u30c8\u30fc\u30af\u9ebb\u5e03\u5341\u756a"", ""Minato, \u6771\u4eac\u90fd"", ""Japan""]}, ""phone"": ""+81354135028"", ""display_phone"": ""+81 3-5413-5028"", ""distance"": 4349.1831050439}, {""id"": ""q4Bq4Jp37abku1IasSUEUA"", ""alias"": ""ucc\u30ab\u30d5\u30a7\u30e1\u30eb\u30ab\u30fc\u30c9-\u65b0\u5bbf\u9ad8\u5cf6\u5c4b\u5e97-\u6e0b\u8c37\u533a-2"", ""name"": ""UCC Cafe Mercado Shinjuku Takashimaya"", ""image_url"": ""https://s3-media4.fl.yelpcdn.com/bphoto/ndwefU-xrCYx70sqLReFuA/o.jpg"", ""is_closed"": false, ""url"": ""https://www.yelp.com/biz/ucc%E3%82%AB%E3%83%95%E3%82%A7%E3%83%A1%E3%83%AB%E3%82%AB%E3%83%BC%E3%83%89-%E6%96%B0%E5%AE%BF%E9%AB%98%E5%B3%B6%E5%B1%8B%E5%BA%97-%E6%B8%8B%E8%B0%B7%E5%8C%BA-2?adjust_creative=ULHW7ynqdXE8Z9Fnr4irFw&utm_campaign=yelp_api_v3&utm_medium=api_v3_business_search&utm_source=ULHW7ynqdXE8Z9Fnr4irFw"", ""review_count"": 2, ""categories"": [{""alias"": ""coffeeroasteries"", ""title"": ""Coffee Roasteries""}, {""alias"": ""coffee"", ""title"": ""Coffee & Tea""}], ""rating"": 4.5, ""coordinates"": {""latitude"": 35.687633, ""longitude"": 139.702311}, ""transactions"": [], ""price"": ""\uffe5"", ""location"": {""address1"": ""\u5343\u99c4\u30f6\u8c375-24-2"", ""address2"": ""B1F"", ""address3"": null, ""city"": ""Shibuya"", ""zip_code"": ""151-0051"", ""country"": ""JP"", ""state"": ""13"", ""display_address"": [""\u5343\u99c4\u30f6\u8c375-24-2"", ""B1F"", ""Shibuya, \u6771\u4eac\u90fd \u3012151-0051"", ""Japan""]}, ""phone"": ""+81353611365"", ""display_phone"": ""+81 3-5361-1365"", ""distance"": 5821.969599578434}, {""id"": ""eSpWEcpjXhnSkpGqwKRHow"", ""alias"": ""\u30af\u30c3\u30ad\u30fc\u30bf\u30a4\u30e0-\u539f\u5bbf\u5e97-\u6e0b\u8c37\u533a-2"", ""name"": ""Cookie Time Harajuku"", ""image_url"": ""https://s3-media3.fl.yelpcdn.com/bphoto/GqYsajJFyhknvVuQItBDUg/o.jpg"", ""is_closed"": false, ""url"": ""https://www.yelp.com/biz/%E3%82%AF%E3%83%83%E3%82%AD%E3%83%BC%E3%82%BF%E3%82%A4%E3%83%A0-%E5%8E%9F%E5%AE%BF%E5%BA%97-%E6%B8%8B%E8%B0%B7%E5%8C%BA-2?adjust_creative=ULHW7ynqdXE8Z9Fnr4irFw&utm_campaign=yelp_api_v3&utm_medium=api_v3_business_search&utm_source=ULHW7ynqdXE8Z9Fnr4irFw"", ""review_count"": 19, ""categories"": [{""alias"": ""desserts"", ""title"": ""Desserts""}, {""alias"": ""cafes"", ""title"": ""Cafes""}, {""alias"": ""bakeries"", ""title"": ""Bakeries""}], ""rating"": 4.0, ""coordinates"": {""latitude"": 35.672359, ""longitude"": 139.703469}, ""transactions"": [], ""price"": ""\uffe5"", ""location"": {""address1"": ""\u795e\u5bae\u524d1-21-15"", ""address2"": ""\u30ca\u30dd\u30ec\u539f\u5bbf 1F"", ""address3"": """", ""city"": ""Shibuya"", ""zip_code"": ""150-0001"", ""country"": ""JP"", ""state"": ""13"", ""display_address"": [""\u795e\u5bae\u524d1-21-15"", ""\u30ca\u30dd\u30ec\u539f\u5bbf 1F"", ""Shibuya, \u6771\u4eac\u90fd \u3012150-0001"", ""Japan""]}, ""phone"": ""+81120867622"", ""display_phone"": ""+81 120-867-622"", ""distance"": 5881.381167332593}, {""id"": ""Yx1gsr-1iE_DKxlpyZlDPw"", ""alias"": ""\u30ea\u30f3\u30c4-\u30b7\u30e7\u30b3\u30e9-\u30d6\u30c6\u30a3\u30c3\u30af-\u30ab\u30d5\u30a7-\u8868\u53c2\u9053-\u30d5\u30e9\u30c3\u30b0\u30b7\u30c3\u30d7\u5e97-\u6e0b\u8c37\u533a"", ""name"": ""\u30ea\u30f3\u30c4 \u30b7\u30e7\u30b3\u30e9 \u30d6\u30c6\u30a3\u30c3\u30af\uff06\u30ab\u30d5\u30a7 \u8868\u53c2\u9053 \u30d5\u30e9\u30c3\u30b0\u30b7\u30c3\u30d7\u5e97"", ""image_url"": ""https://s3-media3.fl.yelpcdn.com/bphoto/2N7QmIRsZ73Qqbs3WP36kw/o.jpg"", ""is_closed"": false, ""url"": ""https://www.yelp.com/biz/%E3%83%AA%E3%83%B3%E3%83%84-%E3%82%B7%E3%83%A7%E3%82%B3%E3%83%A9-%E3%83%96%E3%83%86%E3%82%A3%E3%83%83%E3%82%AF-%E3%82%AB%E3%83%95%E3%82%A7-%E8%A1%A8%E5%8F%82%E9%81%93-%E3%83%95%E3%83%A9%E3%83%83%E3%82%B0%E3%82%B7%E3%83%83%E3%83%97%E5%BA%97-%E6%B8%8B%E8%B0%B7%E5%8C%BA?adjust_creative=ULHW7ynqdXE8Z9Fnr4irFw&utm_campaign=yelp_api_v3&utm_medium=api_v3_business_search&utm_source=ULHW7ynqdXE8Z9Fnr4irFw"", ""review_count"": 10, ""categories"": [{""alias"": ""cafes"", ""title"": ""Cafes""}, {""alias"": ""desserts"", ""title"": ""Desserts""}, {""alias"": ""chocolate"", ""title"": ""Chocolatiers & Shops""}], ""rating"": 4.0, ""coordinates"": {""latitude"": 35.66554, ""longitude"": 139.712558}, ""transactions"": [], ""price"": ""\uffe5"", ""location"": {""address1"": ""\u795e\u5bae\u524d 4-11-6"", ""address2"": ""\u8868\u53c2\u9053\u5343\u4ee3\u7530\u30d3\u30eb 1\u968e"", ""address3"": null, ""city"": ""Shibuya"", ""zip_code"": ""150-0001"", ""country"": ""JP"", ""state"": ""13"", ""display_address"": [""\u795e\u5bae\u524d 4-11-6"", ""\u8868\u53c2\u9053\u5343\u4ee3\u7530\u30d3\u30eb 1\u968e"", ""Shibuya, \u6771\u4eac\u90fd \u3012150-0001"", ""Japan""]}, ""phone"": ""+81334232200"", ""display_phone"": ""+81 3-3423-2200"", ""distance"": 5347.784290873149}, {""id"": ""Z1sfVxuluYTfRWuL4S6FcA"", ""alias"": ""\u30b7\u30a7\u30a4\u30af\u30b7\u30e3\u30c3\u30af-\u30a2\u30c8\u30ec\u6075\u6bd4\u5bff\u5e97-\u6e0b\u8c37\u533a-2"", ""name"": ""Shake Shack Atre Ebisu"", ""image_url"": ""https://s3-media2.fl.yelpcdn.com/bphoto/k21jggbSqCY2ELk6dSWC5g/o.jpg"", ""is_closed"": false, ""url"": ""https://www.yelp.com/biz/%E3%82%B7%E3%82%A7%E3%82%A4%E3%82%AF%E3%82%B7%E3%83%A3%E3%83%83%E3%82%AF-%E3%82%A2%E3%83%88%E3%83%AC%E6%81%B5%E6%AF%94%E5%AF%BF%E5%BA%97-%E6%B8%8B%E8%B0%B7%E5%8C%BA-2?adjust_creative=ULHW7ynqdXE8Z9Fnr4irFw&utm_campaign=yelp_api_v3&utm_medium=api_v3_business_search&utm_source=ULHW7ynqdXE8Z9Fnr4irFw"", ""review_count"": 27, ""categories"": [{""alias"": ""burgers"", ""title"": ""Burgers""}, {""alias"": ""hotdogs"", ""title"": ""Fast Food""}, {""alias"": ""hotdog"", ""title"": ""Hot Dogs""}], ""rating"": 4.0, ""coordinates"": {""latitude"": 35.6466360468927, ""longitude"": 139.709547}, ""transactions"": [], ""price"": ""\uffe5"", ""location"": {""address1"": ""\u6075\u6bd4\u5bff\u53571-6-1"", ""address2"": ""1F"", ""address3"": """", ""city"": ""Shibuya"", ""zip_code"": ""150-0022"", ""country"": ""JP"", ""state"": ""13"", ""display_address"": [""\u6075\u6bd4\u5bff\u53571-6-1"", ""1F"", ""Shibuya, \u6771\u4eac\u90fd \u3012150-0022"", ""Japan""]}, ""phone"": ""+81354758546"", ""display_phone"": ""+81 3-5475-8546"", ""distance"": 6697.741698407728}, {""id"": ""H0IgGm69BIqKgCUU5UpVXg"", ""alias"": ""\u30b6-\u30b5\u30fc\u30c9-\u30d0\u30fc\u30ac\u30fc-\u6e2f\u533a-2"", ""name"": ""The 3rd Burger"", ""image_url"": ""https://s3-media3.fl.yelpcdn.com/bphoto/1Y4Hik-3vG8wQps0Otuqxw/o.jpg"", ""is_closed"": false, ""url"": ""https://www.yelp.com/biz/%E3%82%B6-%E3%82%B5%E3%83%BC%E3%83%89-%E3%83%90%E3%83%BC%E3%82%AC%E3%83%BC-%E6%B8%AF%E5%8C%BA-2?adjust_creative=ULHW7ynqdXE8Z9Fnr4irFw&utm_campaign=yelp_api_v3&utm_medium=api_v3_business_search&utm_source=ULHW7ynqdXE8Z9Fnr4irFw"", ""review_count"": 11, ""categories"": [{""alias"": ""burgers"", ""title"": ""Burgers""}], ""rating"": 3.5, ""coordinates"": {""latitude"": 35.6656271124748, ""longitude"": 139.739434632113}, ""transactions"": [], ""price"": ""\uffe5"", ""location"": {""address1"": ""\u516d\u672c\u67281-4-5"", ""address2"": ""\u30a2\u30fc\u30af\u30d2\u30eb\u30ba\u30b5\u30a6\u30b9\u30bf\u30ef\u30fc B1F"", ""address3"": """", ""city"": ""Minato"", ""zip_code"": ""106-0032"", ""country"": ""JP"", ""state"": ""13"", ""display_address"": [""\u516d\u672c\u67281-4-5"", ""\u30a2\u30fc\u30af\u30d2\u30eb\u30ba\u30b5\u30a6\u30b9\u30bf\u30ef\u30fc B1F"", ""Minato, \u6771\u4eac\u90fd \u3012106-0032"", ""Japan""]}, ""phone"": ""+81364591947"", ""display_phone"": ""+81 3-6459-1947"", ""distance"": 3272.3566927649977}, {""id"": ""NwTcm_uSvrKdotSg_-MiBQ"", ""alias"": ""\u30ca\u30ca\u30ba-\u30b0\u30ea\u30fc\u30f3-\u30c6\u30a3\u30fc-\u9ad8\u8f2aeast\u5e97-\u6e2f\u533a"", ""name"": ""Nana's Green Tea TAKANAWA East"", ""image_url"": ""https://s3-media3.fl.yelpcdn.com/bphoto/MjZFz_JKJN9eGXT1Z7iZHQ/o.jpg"", ""is_closed"": false, ""url"": ""https://www.yelp.com/biz/%E3%83%8A%E3%83%8A%E3%82%BA-%E3%82%B0%E3%83%AA%E3%83%BC%E3%83%B3-%E3%83%86%E3%82%A3%E3%83%BC-%E9%AB%98%E8%BC%AAeast%E5%BA%97-%E6%B8%AF%E5%8C%BA?adjust_creative=ULHW7ynqdXE8Z9Fnr4irFw&utm_campaign=yelp_api_v3&utm_medium=api_v3_business_search&utm_source=ULHW7ynqdXE8Z9Fnr4irFw"", ""review_count"": 2, ""categories"": [{""alias"": ""cafes"", ""title"": ""Cafes""}, {""alias"": ""desserts"", ""title"": ""Desserts""}, {""alias"": ""donburi"", ""title"": ""Donburi""}], ""rating"": 4.0, ""coordinates"": {""latitude"": 35.628247, ""longitude"": 139.738019}, ""transactions"": [], ""price"": ""\uffe5"", ""location"": {""address1"": ""\u9ad8\u8f2a3-26-26"", ""address2"": """", ""address3"": """", ""city"": ""Minato"", ""zip_code"": ""108-0074"", ""country"": ""JP"", ""state"": ""13"", ""display_address"": [""\u9ad8\u8f2a3-26-26"", ""Minato, \u6771\u4eac\u90fd \u3012108-0074"", ""Japan""]}, ""phone"": ""+81362772125"", ""display_phone"": ""+81 3-6277-2125"", ""distance"": 6822.893966384249}, {""id"": ""xF3buhUNkIUnK0CxiyrqoQ"", ""alias"": ""\u6b66\u8535\u91ce\u30ab\u30d5\u30a7-\u30d0\u30fc-\u3075\u304f\u308d\u3046\u306e\u91cc\u539f\u5bbf\u5e97-\u6e0b\u8c37\u533a"", ""name"": ""OWL CAFE & BAR Fukurono Sato Harajuku"", ""image_url"": ""https://s3-media3.fl.yelpcdn.com/bphoto/FYCm1-n61R_zebX_LnOpSQ/o.jpg"", ""is_closed"": false, ""url"": ""https://www.yelp.com/biz/%E6%AD%A6%E8%94%B5%E9%87%8E%E3%82%AB%E3%83%95%E3%82%A7-%E3%83%90%E3%83%BC-%E3%81%B5%E3%81%8F%E3%82%8D%E3%81%86%E3%81%AE%E9%87%8C%E5%8E%9F%E5%AE%BF%E5%BA%97-%E6%B8%8B%E8%B0%B7%E5%8C%BA?adjust_creative=ULHW7ynqdXE8Z9Fnr4irFw&utm_campaign=yelp_api_v3&utm_medium=api_v3_business_search&utm_source=ULHW7ynqdXE8Z9Fnr4irFw"", ""review_count"": 54, ""categories"": [{""alias"": ""themedcafes"", ""title"": ""Themed Cafes""}], ""rating"": 4.0, ""coordinates"": {""latitude"": 35.672233, ""longitude"": 139.703497}, ""transactions"": [], ""price"": ""\uffe5"", ""location"": {""address1"": ""\u795e\u5bae\u524d1-21-15"", ""address2"": ""\u539f\u5bbfATM\u30d3\u30eb 4F"", ""address3"": """", ""city"": ""Shibuya"", ""zip_code"": ""150-0001"", ""country"": ""JP"", ""state"": ""13"", ""display_address"": [""\u795e\u5bae\u524d1-21-15"", ""\u539f\u5bbfATM\u30d3\u30eb 4F"", ""Shibuya, \u6771\u4eac\u90fd \u3012150-0001"", ""Japan""]}, ""phone"": """", ""display_phone"": """", ""distance"": 5882.29855133029}, {""id"": ""cbyZ7mU84gdfH9HS2un89g"", ""alias"": ""r-a-a-g-f\u539f\u5bbf\u5e97-\u6e0b\u8c37\u533a"", ""name"": ""R.a.a.g.f Harajuku"", ""image_url"": ""https://s3-media2.fl.yelpcdn.com/bphoto/uH-Zy_KJYS-zeoUM931GRQ/o.jpg"", ""is_closed"": false, ""url"": ""https://www.yelp.com/biz/r-a-a-g-f%E5%8E%9F%E5%AE%BF%E5%BA%97-%E6%B8%8B%E8%B0%B7%E5%8C%BA?adjust_creative=ULHW7ynqdXE8Z9Fnr4irFw&utm_campaign=yelp_api_v3&utm_medium=api_v3_business_search&utm_source=ULHW7ynqdXE8Z9Fnr4irFw"", ""review_count"": 13, ""categories"": [{""alias"": ""themedcafes"", ""title"": ""Themed Cafes""}], ""rating"": 4.0, ""coordinates"": {""latitude"": 35.6663246154785, ""longitude"": 139.705429077148}, ""transactions"": [], ""price"": ""\uffe5"", ""location"": {""address1"": ""\u795e\u5bae\u524d6-14-15"", ""address2"": ""\u30e1\u30be\u30f3\u539f\u5bbf3F"", ""address3"": """", ""city"": ""Shibuya"", ""zip_code"": ""150-0001"", ""country"": ""JP"", ""state"": ""13"", ""display_address"": [""\u795e\u5bae\u524d6-14-15"", ""\u30e1\u30be\u30f3\u539f\u5bbf3F"", ""Shibuya, \u6771\u4eac\u90fd \u3012150-0001"", ""Japan""]}, ""phone"": ""+81368050328"", ""display_phone"": ""+81 3-6805-0328"", ""distance"": 5904.12295389524}, {""id"": ""Nv4vPQWxuOHqV7TsYYwv3A"", ""alias"": ""bikini-tapa-\u6e0b\u8c37\u533a"", ""name"": ""Bikini Tapa"", ""image_url"": ""https://s3-media2.fl.yelpcdn.com/bphoto/SgIfu58myuiyMitwwDowfA/o.jpg"", ""is_closed"": false, ""url"": ""https://www.yelp.com/biz/bikini-tapa-%E6%B8%8B%E8%B0%B7%E5%8C%BA?adjust_creative=ULHW7ynqdXE8Z9Fnr4irFw&utm_campaign=yelp_api_v3&utm_medium=api_v3_business_search&utm_source=ULHW7ynqdXE8Z9Fnr4irFw"", ""review_count"": 6, ""categories"": [{""alias"": ""spanish"", ""title"": ""Spanish""}, {""alias"": ""mediterranean"", ""title"": ""Mediterranean""}, {""alias"": ""westernjapanese"", ""title"": ""Western Style Japanese Food""}], ""rating"": 4.5, ""coordinates"": {""latitude"": 35.658062828568, ""longitude"": 139.698137529194}, ""transactions"": [], ""price"": ""\uffe5"", ""location"": {""address1"": ""\u9053\u7384\u57421-12-5"", ""address2"": ""\u6e0b\u8c37\u30de\u30fc\u30af\u30b7\u30c6\u30a3 \u30ec\u30b9\u30c8\u30e9\u30f3\u30a2\u30d9\u30cb\u30e5\u30fc4F"", ""address3"": """", ""city"": ""Shibuya"", ""zip_code"": ""150-0043"", ""country"": ""JP"", ""state"": ""13"", ""display_address"": [""\u9053\u7384\u57421-12-5"", ""\u6e0b\u8c37\u30de\u30fc\u30af\u30b7\u30c6\u30a3 \u30ec\u30b9\u30c8\u30e9\u30f3\u30a2\u30d9\u30cb\u30e5\u30fc4F"", ""Shibuya, \u6771\u4eac\u90fd \u3012150-0043"", ""Japan""]}, ""phone"": ""+81357845500"", ""display_phone"": ""+81 3-5784-5500"", ""distance"": 6879.636095878415}, {""id"": ""cVzrDsODbpsWglZz7Z9nag"", ""alias"": ""wired-tokyo-1999-\u6e0b\u8c37\u533a"", ""name"": ""Wired Tokyo 1999"", ""image_url"": ""https://s3-media2.fl.yelpcdn.com/bphoto/BaNbZq2_Cpl3JvgKDelTww/o.jpg"", ""is_closed"": false, ""url"": ""https://www.yelp.com/biz/wired-tokyo-1999-%E6%B8%8B%E8%B0%B7%E5%8C%BA?adjust_creative=ULHW7ynqdXE8Z9Fnr4irFw&utm_campaign=yelp_api_v3&utm_medium=api_v3_business_search&utm_source=ULHW7ynqdXE8Z9Fnr4irFw"", ""review_count"": 13, ""categories"": [{""alias"": ""cafes"", ""title"": ""Cafes""}, {""alias"": ""bars"", ""title"": ""Bars""}], ""rating"": 4.0, ""coordinates"": {""latitude"": 35.6598578, ""longitude"": 139.7003513}, ""transactions"": [], ""price"": ""\uffe5"", ""location"": {""address1"": ""\u5b87\u7530\u5ddd\u753a21-6"", ""address2"": ""Qfront 7F"", ""address3"": """", ""city"": ""Shibuya"", ""zip_code"": ""150-0042"", ""country"": ""JP"", ""state"": ""13"", ""display_address"": [""\u5b87\u7530\u5ddd\u753a21-6"", ""Qfront 7F"", ""Shibuya, \u6771\u4eac\u90fd \u3012150-0042"", ""Japan""]}, ""phone"": ""+81354591270"", ""display_phone"": ""+81 3-5459-1270"", ""distance"": 6613.279635409536}, {""id"": ""57SWy__FiWvua6wIp1HRsw"", ""alias"": ""caesar-cafe-\u65b0\u5bbf\u533a"", ""name"": ""CAESAR Cafe"", ""image_url"": ""https://s3-media2.fl.yelpcdn.com/bphoto/rZkaR-F44XwvPGR2bPoa9Q/o.jpg"", ""is_closed"": false, ""url"": ""https://www.yelp.com/biz/caesar-cafe-%E6%96%B0%E5%AE%BF%E5%8C%BA?adjust_creative=ULHW7ynqdXE8Z9Fnr4irFw&utm_campaign=yelp_api_v3&utm_medium=api_v3_business_search&utm_source=ULHW7ynqdXE8Z9Fnr4irFw"", ""review_count"": 8, ""categories"": [{""alias"": ""cafes"", ""title"": ""Cafes""}, {""alias"": ""icecream"", ""title"": ""Ice Cream & Frozen Yogurt""}], ""rating"": 4.5, ""coordinates"": {""latitude"": 35.701332, ""longitude"": 139.701255}, ""transactions"": [], ""price"": ""\uffe5"", ""location"": {""address1"": ""\u767e\u4eba\u753a1-6-15"", ""address2"": ""\u30e4\u30ca\u30ae\u30e4\u30d3\u30eb 2F\uff653F"", ""address3"": null, ""city"": ""Shinjuku"", ""zip_code"": ""160-0021"", ""country"": ""JP"", ""state"": ""13"", ""display_address"": [""\u767e\u4eba\u753a1-6-15"", ""\u30e4\u30ca\u30ae\u30e4\u30d3\u30eb 2F\uff653F"", ""Shinjuku, \u6771\u4eac\u90fd \u3012160-0021"", ""Japan""]}, ""phone"": ""+81362338778"", ""display_phone"": ""+81 3-6233-8778"", ""distance"": 6181.90120018359}, {""id"": ""KmyY3h6ahkYAclEY2sFTIQ"", ""alias"": ""\u30c8\u30ea\u30d5\u30a7\u30b9-\u9ad8\u7530\u99ac\u5834\u5e97-\u65b0\u5bbf\u533a"", ""name"": ""Torifes Takadanobaba"", ""image_url"": ""https://s3-media2.fl.yelpcdn.com/bphoto/8B39wPwC0Xsu2WP4wnIwyg/o.jpg"", ""is_closed"": false, ""url"": ""https://www.yelp.com/biz/%E3%83%88%E3%83%AA%E3%83%95%E3%82%A7%E3%82%B9-%E9%AB%98%E7%94%B0%E9%A6%AC%E5%A0%B4%E5%BA%97-%E6%96%B0%E5%AE%BF%E5%8C%BA?adjust_creative=ULHW7ynqdXE8Z9Fnr4irFw&utm_campaign=yelp_api_v3&utm_medium=api_v3_business_search&utm_source=ULHW7ynqdXE8Z9Fnr4irFw"", ""review_count"": 2, ""categories"": [{""alias"": ""chickenshop"", ""title"": ""Chicken Shop""}, {""alias"": ""izakaya"", ""title"": ""Izakaya""}], ""rating"": 4.5, ""coordinates"": {""latitude"": 35.7122599665432, ""longitude"": 139.705216867597}, ""transactions"": [], ""price"": ""\uffe5"", ""location"": {""address1"": ""\u9ad8\u7530\u99ac\u58341-27-1"", ""address2"": """", ""address3"": null, ""city"": ""Shinjuku"", ""zip_code"": ""169-0075"", ""country"": ""JP"", ""state"": ""13"", ""display_address"": [""\u9ad8\u7530\u99ac\u58341-27-1"", ""Shinjuku, \u6771\u4eac\u90fd \u3012169-0075"", ""Japan""]}, ""phone"": ""+81352922773"", ""display_phone"": ""+81 3-5292-2773"", ""distance"": 6324.387776457605}, {""id"": ""R4437hnTEA7T9IgbXAKhGw"", ""alias"": ""the-great-burger-\u6e0b\u8c37\u533a-2"", ""name"": ""The Great Burger"", ""image_url"": ""https://s3-media1.fl.yelpcdn.com/bphoto/n4BDpmFupIvXlNqEsInoVw/o.jpg"", ""is_closed"": false, ""url"": ""https://www.yelp.com/biz/the-great-burger-%E6%B8%8B%E8%B0%B7%E5%8C%BA-2?adjust_creative=ULHW7ynqdXE8Z9Fnr4irFw&utm_campaign=yelp_api_v3&utm_medium=api_v3_business_search&utm_source=ULHW7ynqdXE8Z9Fnr4irFw"", ""review_count"": 47, ""categories"": [{""alias"": ""burgers"", ""title"": ""Burgers""}, {""alias"": ""cafes"", ""title"": ""Cafes""}, {""alias"": ""cakeshop"", ""title"": ""Patisserie/Cake Shop""}], ""rating"": 4.0, ""coordinates"": {""latitude"": 35.666249, ""longitude"": 139.704656}, ""transactions"": [], ""price"": ""\uffe5"", ""location"": {""address1"": ""\u795e\u5bae\u524d6-12-5"", ""address2"": ""1F"", ""address3"": """", ""city"": ""Shibuya"", ""zip_code"": ""150-0001"", ""country"": ""JP"", ""state"": ""13"", ""display_address"": [""\u795e\u5bae\u524d6-12-5"", ""1F"", ""Shibuya, \u6771\u4eac\u90fd \u3012150-0001"", ""Japan""]}, ""phone"": ""+81334061215"", ""display_phone"": ""+81 3-3406-1215"", ""distance"": 5979.406109992601}, {""id"": ""Zj89SGwxeKY__rTgbXuvWA"", ""alias"": ""\u30ad\u30e3\u30f3\u30c9\u30a5-\u897f\u65b0\u5bbf\u5e97-\u65b0\u5bbf\u533a"", ""name"": ""Can*Do Nishi Shinjuku"", ""image_url"": ""https://s3-media1.fl.yelpcdn.com/bphoto/EhhlQXa56oryqlEmfOnAFA/o.jpg"", ""is_closed"": false, ""url"": ""https://www.yelp.com/biz/%E3%82%AD%E3%83%A3%E3%83%B3%E3%83%89%E3%82%A5-%E8%A5%BF%E6%96%B0%E5%AE%BF%E5%BA%97-%E6%96%B0%E5%AE%BF%E5%8C%BA?adjust_creative=ULHW7ynqdXE8Z9Fnr4irFw&utm_campaign=yelp_api_v3&utm_medium=api_v3_business_search&utm_source=ULHW7ynqdXE8Z9Fnr4irFw"", ""review_count"": 5, ""categories"": [{""alias"": ""discountstore"", ""title"": ""Discount Store""}], ""rating"": 4.0, ""coordinates"": {""latitude"": 35.693914, ""longitude"": 139.694928}, ""transactions"": [], ""price"": ""\uffe5"", ""location"": {""address1"": ""\u897f\u65b0\u5bbf7-21-1"", ""address2"": null, ""address3"": null, ""city"": ""Shinjuku"", ""zip_code"": ""160-0023"", ""country"": ""JP"", ""state"": ""13"", ""display_address"": [""\u897f\u65b0\u5bbf7-21-1"", ""Shinjuku, \u6771\u4eac\u90fd \u3012160-0023"", ""Japan""]}, ""phone"": ""+81333630517"", ""display_phone"": ""+81 3-3363-0517"", ""distance"": 6556.369016982842}], ""total"": 96, ""region"": {""center"": {""longitude"": 139.76669311523438, ""latitude"": 35.685011526354074}}}",application/json,false,"OAS disconformity: [Path '/businesses/[item]/price'] Instance value (""￥"") not found in enum (possible values: [""$"";""$$"";""$$$"";""$$$$""])"
test_1ji1oi68ll2zo_getBusinesses,200,"{""businesses"": [], ""total"": 0, ""region"": {""center"": {""longitude"": -73.97918701171875, ""latitude"": 40.706977710584276}}}",application/json,true,none
test_1ji50k54vb143_getBusinesses,400,"{""error"": {""code"": ""VALIDATION_ERROR"", ""description"": ""Please specify a location or a latitude and longitude""}}",application/json,true,none
test_1ji779vb1irll_getBusinesses,400,"{""error"": {""code"": ""VALIDATION_ERROR"", ""description"": ""The open_at provided is too long ago, the timestamp must be within the last two weeks.""}}",application/json,true,none
test_1ji7qubovmnn8_getBusinesses,400,"{""error"": {""code"": ""VALIDATION_ERROR"", ""description"": ""Please specify a location or a latitude and longitude""}}",application/json,true,none
test_1jiaixlhroyew_getBusinesses,400,"{""error"": {""code"": ""VALIDATION_ERROR"", ""description"": ""Please specify a location or a latitude and longitude""}}",application/json,true,none
test_1jy2o0902itrm_getBusinesses,400,"{""error"": {""code"": ""OPEN_AT_AND_NOW_PROVIDED"", ""description"": ""You must specify either open_at or open_now, not both.""}}",application/json,true,none
test_qhqlfe15xovp_getBusinesses,400,"{""error"": {""code"": ""VALIDATION_ERROR"", ""description"": ""Please specify a location or a latitude and longitude""}}",application/json,true,none
test_qhswtl2z4orn_getBusinesses,400,"{""error"": {""code"": ""VALIDATION_ERROR"", ""description"": ""Too many results requested, limit+offset must be <= 1000.""}}",application/json,true,none
test_qhtett2lj6sz_getBusinesses,400,"{""error"": {""code"": ""VALIDATION_ERROR"", ""description"": ""Please specify a location or a latitude and longitude""}}",application/json,true,none
test_qxi7pv8iev5k_getBusinesses,200,"{""businesses"": [], ""total"": 112, ""region"": {""center"": {""longitude"": 139.76669311523438, ""latitude"": 35.685011526354074}}}",application/json,true,none
test_rh8aqid8ms12_getBusinesses,200,"{""businesses"": [], ""total"": 0, ""region"": {""center"": {""longitude"": -85.34473, ""latitude"": 42.713184}}}",application/json,true,none
test_s0ugwpv9bdwz_getBusinesses,400,"{""error"": {""code"": ""VALIDATION_ERROR"", ""description"": ""The open_at provided is too long ago, the timestamp must be within the last two weeks.""}}",application/json,true,none
test_s1b56m10ynoj_getBusinesses,400,"{""error"": {""code"": ""VALIDATION_ERROR"", ""description"": ""Please specify a location or a latitude and longitude""}}",application/json,true,none
test_s505iepojj35_getBusinesses,200,"{""businesses"": [], ""total"": 0, ""region"": {""center"": {""longitude"": 9.189033508300781, ""latitude"": 45.47047287954827}}}",application/json,true,none
test_skmqynhotvli_getBusinesses,400,"{""error"": {""code"": ""VALIDATION_ERROR"", ""description"": ""Please specify a location or a latitude and longitude""}}",application/json,true,none
test_sl3gq3bjngae_getBusinesses,400,"{""error"": {""code"": ""VALIDATION_ERROR"", ""description"": ""Please specify a location or a latitude and longitude""}}",application/json,true,none
test_sl3wpiqgtoip_getBusinesses,400,"{""error"": {""code"": ""VALIDATION_ERROR"", ""description"": ""Please specify a location or a latitude and longitude""}}",application/json,true,none
test_sl66mo6sqcme_getBusinesses,400,"{""error"": {""code"": ""VALIDATION_ERROR"", ""description"": ""Please specify a location or a latitude and longitude""}}",application/json,true,none
test_soq64ag97zg7_getBusinesses,200,"{""businesses"": [], ""total"": 0, ""region"": {""center"": {""longitude"": -73.97918701171875, ""latitude"": 40.706977710584276}}}",application/json,true,none
test_t4l42a115bua_getBusinesses,400,"{""error"": {""code"": ""OPEN_AT_AND_NOW_PROVIDED"", ""description"": ""You must specify either open_at or open_now, not both.""}}",application/json,true,none
test_t4nv4krj18wx_getBusinesses,200,"{""businesses"": [], ""total"": 0, ""region"": {""center"": {""longitude"": 9.189033508300781, ""latitude"": 45.47047287954827}}}",application/json,true,none
test_t4svwk03tv76_getBusinesses,200,"{""businesses"": [], ""total"": 0, ""region"": {""center"": {""longitude"": -117.69762, ""latitude"": 46.541145}}}",application/json,true,none
test_t84ldddr2kip_getBusinesses,400,"{""error"": {""code"": ""VALIDATION_ERROR"", ""description"": ""Please specify a location or a latitude and longitude""}}",application/json,true,none
test_t86wbervrsdi_getBusinesses,200,"{""businesses"": [], ""total"": 0, ""region"": {""center"": {""longitude"": -105.96038818359375, ""latitude"": 35.665062782072155}}}",application/json,true,none
test_t8f633p8wm79_getBusinesses,400,"{""error"": {""code"": ""VALIDATION_ERROR"", ""description"": ""Please specify a location or a latitude and longitude""}}",application/json,true,none
test_to1unnomi04y_getBusinesses,200,"{""businesses"": [{""id"": ""2kwCBSmLZcFo2uvZP4qmLA"", ""alias"": ""fat-wongs-kitchen-san-bruno"", ""name"": ""Fat Wong's Kitchen"", ""image_url"": ""https://s3-media2.fl.yelpcdn.com/bphoto/1e0L3pHaSVQC0mvY878ZOw/o.jpg"", ""is_closed"": false, ""url"": ""https://www.yelp.com/biz/fat-wongs-kitchen-san-bruno?adjust_creative=ULHW7ynqdXE8Z9Fnr4irFw&utm_campaign=yelp_api_v3&utm_medium=api_v3_business_search&utm_source=ULHW7ynqdXE8Z9Fnr4irFw"", ""review_count"": 945, ""categories"": [{""alias"": ""cantonese"", ""title"": ""Cantonese""}], ""rating"": 3.5, ""coordinates"": {""latitude"": 37.615727, ""longitude"": -122.40633257516664}, ""transactions"": [""pickup"", ""delivery""], ""price"": ""$$"", ""location"": {""address1"": ""1780 El Camino Real"", ""address2"": """", ""address3"": """", ""city"": ""San Bruno"", ""zip_code"": ""94066"", ""country"": ""US"", ""state"": ""CA"", ""display_address"": [""1780 El Camino Real"", ""San Bruno, CA 94066""]}, ""phone"": ""+16508726682"", ""display_phone"": ""(650) 872-6682"", ""distance"": 16358.46903880057}, {""id"": ""uCvVetBZHmlVPzVrNmQTnw"", ""alias"": ""barneys-gourmet-hamburgers-san-francisco-2"", ""name"": ""Barney's Gourmet Hamburgers"", ""image_url"": ""https://s3-media3.fl.yelpcdn.com/bphoto/kFlamjq4KoOQR95tCtw90g/o.jpg"", ""is_closed"": false, ""url"": ""https://www.yelp.com/biz/barneys-gourmet-hamburgers-san-francisco-2?adjust_creative=ULHW7ynqdXE8Z9Fnr4irFw&utm_campaign=yelp_api_v3&utm_medium=api_v3_business_search&utm_source=ULHW7ynqdXE8Z9Fnr4irFw"", ""review_count"": 888, ""categories"": [{""alias"": ""burgers"", ""title"": ""Burgers""}, {""alias"": ""salad"", ""title"": ""Salad""}, {""alias"": ""tradamerican"", ""title"": ""American (Traditional)""}], ""rating"": 3.5, ""coordinates"": {""latitude"": 37.7515, ""longitude"": -122.43501}, ""transactions"": [""pickup"", ""delivery""], ""price"": ""$$"", ""location"": {""address1"": ""4138 24th St"", ""address2"": """", ""address3"": """", ""city"": ""San Francisco"", ""zip_code"": ""94114"", ""country"": ""US"", ""state"": ""CA"", ""display_address"": [""4138 24th St"", ""San Francisco, CA 94114""]}, ""phone"": ""+14152827770"", ""display_phone"": ""(415) 282-7770"", ""distance"": 1056.871881369593}, {""id"": ""lVVbDilYULBL1OZG_3hE9w"", ""alias"": ""skylines-cafe-daly-city"", ""name"": ""Skyline's Cafe"", ""image_url"": ""https://s3-media1.fl.yelpcdn.com/bphoto/2AA1KflCeJ2QHGcpFPP8gw/o.jpg"", ""is_closed"": false, ""url"": ""https://www.yelp.com/biz/skylines-cafe-daly-city?adjust_creative=ULHW7ynqdXE8Z9Fnr4irFw&utm_campaign=yelp_api_v3&utm_medium=api_v3_business_search&utm_source=ULHW7ynqdXE8Z9Fnr4irFw"", ""review_count"": 472, ""categories"": [{""alias"": ""chinese"", ""title"": ""Chinese""}, {""alias"": ""cafes"", ""title"": ""Cafes""}], ""rating"": 3.0, ""coordinates"": {""latitude"": 37.682094731985, ""longitude"": -122.487398886972}, ""transactions"": [""delivery""], ""price"": ""$$"", ""location"": {""address1"": ""87 Skyline Plz"", ""address2"": """", ""address3"": """", ""city"": ""Daly City"", ""zip_code"": ""94015"", ""country"": ""US"", ""state"": ""CA"", ""display_address"": [""87 Skyline Plz"", ""Daly City, CA 94015""]}, ""phone"": ""+16509911117"", ""display_phone"": ""(650) 991-1117"", ""distance"": 9842.13267262551}, {""id"": ""_Biu9UkF2PRH6LOYZUVD3g"", ""alias"": ""sarku-japan-san-francisco"", ""name"": ""Sarku Japan"", ""image_url"": ""https://s3-media4.fl.yelpcdn.com/bphoto/4cp6TIXzM53J6y38Ekl_XQ/o.jpg"", ""is_closed"": false, ""url"": ""https://www.yelp.com/biz/sarku-japan-san-francisco?adjust_creative=ULHW7ynqdXE8Z9Fnr4irFw&utm_campaign=yelp_api_v3&utm_medium=api_v3_business_search&utm_source=ULHW7ynqdXE8Z9Fnr4irFw"", ""review_count"": 174, ""categories"": [{""alias"": ""japanese"", ""title"": ""Japanese""}, {""alias"": ""hotdogs"", ""title"": ""Fast Food""}], ""rating"": 3.0, ""coordinates"": {""latitude"": 37.783869, ""longitude"": -122.406916}, ""transactions"": [""delivery""], ""price"": ""$$"", ""location"": {""address1"": ""865 Market St"", ""address2"": ""Ste 289"", ""address3"": """", ""city"": ""San Francisco"", ""zip_code"": ""94103"", ""country"": ""US"", ""state"": ""CA"", ""display_address"": [""865 Market St"", ""Ste 289"", ""San Francisco, CA 94103""]}, ""phone"": ""+14157778696"", ""display_phone"": ""(415) 777-8696"", ""distance"": 3641.5136143873865}, {""id"": ""FIQVsbxmu7_k6tycGyv73g"", ""alias"": ""dogpatch-games-san-francisco"", ""name"": ""Dogpatch Games"", ""image_url"": ""https://s3-media4.fl.yelpcdn.com/bphoto/bjsN_ionq5kpgyUahj9ZCw/o.jpg"", ""is_closed"": false, ""url"": ""https://www.yelp.com/biz/dogpatch-games-san-francisco?adjust_creative=ULHW7ynqdXE8Z9Fnr4irFw&utm_campaign=yelp_api_v3&utm_medium=api_v3_business_search&utm_source=ULHW7ynqdXE8Z9Fnr4irFw"", ""review_count"": 15, ""categories"": [{""alias"": ""tabletopgames"", ""title"": ""Tabletop Games""}], ""rating"": 5.0, ""coordinates"": {""latitude"": 37.75813, ""longitude"": -122.38913}, ""transactions"": [], ""location"": {""address1"": ""1095 Tennessee St"", ""address2"": """", ""address3"": null, ""city"": ""San Francisco"", ""zip_code"": ""94107"", ""country"": ""US"", ""state"": ""CA"", ""display_address"": [""1095 Tennessee St"", ""San Francisco, CA 94107""]}, ""phone"": ""+14156108590"", ""display_phone"": ""(415) 610-8590"", ""distance"": 4177.899577433098}, {""id"": ""t9guPax2bDokqqcqMHDmeA"", ""alias"": ""the-gifted-basket-san-francisco"", ""name"": ""The Gifted Basket"", ""image_url"": ""https://s3-media4.fl.yelpcdn.com/bphoto/jHZMNTofyDS7-SSW_LcDWA/o.jpg"", ""is_closed"": false, ""url"": ""https://www.yelp.com/biz/the-gifted-basket-san-francisco?adjust_creative=ULHW7ynqdXE8Z9Fnr4irFw&utm_campaign=yelp_api_v3&utm_medium=api_v3_business_search&utm_source=ULHW7ynqdXE8Z9Fnr4irFw"", ""review_count"": 56, ""categories"": [{""alias"": ""giftshops"", ""title"": ""Gift Shops""}], ""rating"": 5.0, ""coordinates"": {""latitude"": 37.7396336, ""longitude"": -122.389471}, ""transactions"": [], ""price"": ""$$"", ""location"": {""address1"": ""1201 Minnesota St"", ""address2"": null, ""address3"": """", ""city"": ""San Francisco"", ""zip_code"": ""94107"", ""country"": ""US"", ""state"": ""CA"", ""display_address"": [""1201 Minnesota St"", ""San Francisco, CA 94107""]}, ""phone"": ""+14155517720"", ""display_phone"": ""(415) 551-7720"", ""distance"": 4759.172501519067}, {""id"": ""vLWF4EPYGOg0F5T348-VyQ"", ""alias"": ""rose-indian-cuisine-san-francisco"", ""name"": ""Rose Indian Cuisine"", ""image_url"": ""https://s3-media2.fl.yelpcdn.com/bphoto/ZbuPN7atknqm9wMzTN64Jg/o.jpg"", ""is_closed"": false, ""url"": ""https://www.yelp.com/biz/rose-indian-cuisine-san-francisco?adjust_creative=ULHW7ynqdXE8Z9Fnr4irFw&utm_campaign=yelp_api_v3&utm_medium=api_v3_business_search&utm_source=ULHW7ynqdXE8Z9Fnr4irFw"", ""review_count"": 447, ""categories"": [{""alias"": ""indpak"", ""title"": ""Indian""}, {""alias"": ""himalayan"", ""title"": ""Himalayan/Nepalese""}], ""rating"": 4.5, ""coordinates"": {""latitude"": 37.762469, ""longitude"": -122.465914}, ""transactions"": [""pickup"", ""delivery""], ""price"": ""$$"", ""location"": {""address1"": ""1386 9th Ave"", ""address2"": null, ""address3"": """", ""city"": ""San Francisco"", ""zip_code"": ""94122"", ""country"": ""US"", ""state"": ""CA"", ""display_address"": [""1386 9th Ave"", ""San Francisco, CA 94122""]}, ""phone"": ""+14152135654"", ""display_phone"": ""(415) 213-5654"", ""distance"": 2599.6511328180677}, {""id"": ""l64tOnMew6nPeo_9UDxgHA"", ""alias"": ""on-the-run-san-francisco"", ""name"": ""On The Run"", ""image_url"": ""https://s3-media3.fl.yelpcdn.com/bphoto/_cSMmi90yspkZoA2KJsPgQ/o.jpg"", ""is_closed"": false, ""url"": ""https://www.yelp.com/biz/on-the-run-san-francisco?adjust_creative=ULHW7ynqdXE8Z9Fnr4irFw&utm_campaign=yelp_api_v3&utm_medium=api_v3_business_search&utm_source=ULHW7ynqdXE8Z9Fnr4irFw"", ""review_count"": 663, ""categories"": [{""alias"": ""shoes"", ""title"": ""Shoe Stores""}], ""rating"": 4.5, ""coordinates"": {""latitude"": 37.76371, ""longitude"": -122.4661837}, ""transactions"": [], ""price"": ""$$"", ""location"": {""address1"": ""1310 9th Ave"", ""address2"": """", ""address3"": """", ""city"": ""San Francisco"", ""zip_code"": ""94122"", ""country"": ""US"", ""state"": ""CA"", ""display_address"": [""1310 9th Ave"", ""San Francisco, CA 94122""]}, ""phone"": ""+14156822042"", ""display_phone"": ""(415) 682-2042"", ""distance"": 2632.6362824049656}, {""id"": ""nsOvwG2Da-jM72o8I2qivQ"", ""alias"": ""baggu-san-francisco-2"", ""name"": ""Baggu"", ""image_url"": ""https://s3-media2.fl.yelpcdn.com/bphoto/1GpJ-gqAl-JX47f3tria-A/o.jpg"", ""is_closed"": false, ""url"": ""https://www.yelp.com/biz/baggu-san-francisco-2?adjust_creative=ULHW7ynqdXE8Z9Fnr4irFw&utm_campaign=yelp_api_v3&utm_medium=api_v3_business_search&utm_source=ULHW7ynqdXE8Z9Fnr4irFw"", ""review_count"": 41, ""categories"": [{""alias"": ""leather"", ""title"": ""Leather Goods""}, {""alias"": ""luggage"", ""title"": ""Luggage""}, {""alias"": ""accessories"", ""title"": ""Accessories""}], ""rating"": 4.5, ""coordinates"": {""latitude"": 37.7582397460938, ""longitude"": -122.420944213867}, ""transactions"": [], ""price"": ""$"", ""location"": {""address1"": ""911 Valencia St"", ""address2"": """", ""address3"": null, ""city"": ""San Francisco"", ""zip_code"": ""94110"", ""country"": ""US"", ""state"": ""CA"", ""display_address"": [""911 Valencia St"", ""San Francisco, CA 94110""]}, ""phone"": """", ""display_phone"": """", ""distance"": 1396.9114596715856}, {""id"": ""QX7MEW77bPLrYBEV-D1EUQ"", ""alias"": ""the-crafty-fox-ale-house-san-francisco"", ""name"": ""The Crafty Fox Ale House"", ""image_url"": ""https://s3-media2.fl.yelpcdn.com/bphoto/S_Q1fQikvBEoLE7YtYelsA/o.jpg"", ""is_closed"": false, ""url"": ""https://www.yelp.com/biz/the-crafty-fox-ale-house-san-francisco?adjust_creative=ULHW7ynqdXE8Z9Fnr4irFw&utm_campaign=yelp_api_v3&utm_medium=api_v3_business_search&utm_source=ULHW7ynqdXE8Z9Fnr4irFw"", ""review_count"": 266, ""categories"": [{""alias"": ""beerbar"", ""title"": ""Beer Bar""}, {""alias"": ""burgers"", ""title"": ""Burgers""}, {""alias"": ""newamerican"", ""title"": ""American (New)""}], ""rating"": 4.5, ""coordinates"": {""latitude"": 37.76987052134162, ""longitude"": -122.42036633183619}, ""transactions"": [""pickup"", ""delivery""], ""price"": ""$$"", ""location"": {""address1"": ""1700 Mission St"", ""address2"": """", ""address3"": """", ""city"": ""San Francisco"", ""zip_code"": ""94103"", ""country"": ""US"", ""state"": ""CA"", ""display_address"": [""1700 Mission St"", ""San Francisco, CA 94103""]}, ""phone"": ""+14154166602"", ""display_phone"": ""(415) 416-6602"", ""distance"": 1730.083299509015}, {""id"": ""oml49XIewZrlbd7srw43yA"", ""alias"": ""mai-do-san-francisco-san-francisco"", ""name"": ""Mai Do - San Francisco"", ""image_url"": ""https://s3-media2.fl.yelpcdn.com/bphoto/gGuBS9c9VYGxJrGuKxhM8w/o.jpg"", ""is_closed"": false, ""url"": ""https://www.yelp.com/biz/mai-do-san-francisco-san-francisco?adjust_creative=ULHW7ynqdXE8Z9Fnr4irFw&utm_campaign=yelp_api_v3&utm_medium=api_v3_business_search&utm_source=ULHW7ynqdXE8Z9Fnr4irFw"", ""review_count"": 287, ""categories"": [{""alias"": ""stationery"", ""title"": ""Cards & Stationery""}, {""alias"": ""artsupplies"", ""title"": ""Art Supplies""}, {""alias"": ""giftshops"", ""title"": ""Gift Shops""}], ""rating"": 4.5, ""coordinates"": {""latitude"": 37.78503930000001, ""longitude"": -122.4316478}, ""transactions"": [], ""price"": ""$$"", ""location"": {""address1"": ""1581 Webster St"", ""address2"": ""Ste 180, Ste 218"", ""address3"": """", ""city"": ""San Francisco"", ""zip_code"": ""94115"", ""country"": ""US"", ""state"": ""CA"", ""display_address"": [""1581 Webster St"", ""Ste 180, Ste 218"", ""San Francisco, CA 94115""]}, ""phone"": ""+14155678901"", ""display_phone"": ""(415) 567-8901"", ""distance"": 2717.1759329403035}, {""id"": ""8Fvu6GoWT4ZPV1N_9em_-Q"", ""alias"": ""noodle-time-san-francisco-2"", ""name"": ""Noodle Time"", ""image_url"": ""https://s3-media2.fl.yelpcdn.com/bphoto/jhaCq8eMPOjSWjE0bbInnQ/o.jpg"", ""is_closed"": false, ""url"": ""https://www.yelp.com/biz/noodle-time-san-francisco-2?adjust_creative=ULHW7ynqdXE8Z9Fnr4irFw&utm_campaign=yelp_api_v3&utm_medium=api_v3_business_search&utm_source=ULHW7ynqdXE8Z9Fnr4irFw"", ""review_count"": 97, ""categories"": [{""alias"": ""vietnamese"", ""title"": ""Vietnamese""}], ""rating"": 4.0, ""coordinates"": {""latitude"": 37.79689, ""longitude"": -122.40106}, ""transactions"": [""delivery""], ""price"": ""$"", ""location"": {""address1"": ""605 Battery St"", ""address2"": """", ""address3"": null, ""city"": ""San Francisco"", ""zip_code"": ""94111"", ""country"": ""US"", ""state"": ""CA"", ""display_address"": [""605 Battery St"", ""San Francisco, CA 94111""]}, ""phone"": ""+14152918866"", ""display_phone"": ""(415) 291-8866"", ""distance"": 5081.438613886075}, {""id"": ""PWyPGsi-vbbYbIKPvwnaQg"", ""alias"": ""suilys-cafe-daly-city"", ""name"": ""Suily's Cafe"", ""image_url"": ""https://s3-media2.fl.yelpcdn.com/bphoto/0l003CseiRLFtkDu6SUfIA/o.jpg"", ""is_closed"": false, ""url"": ""https://www.yelp.com/biz/suilys-cafe-daly-city?adjust_creative=ULHW7ynqdXE8Z9Fnr4irFw&utm_campaign=yelp_api_v3&utm_medium=api_v3_business_search&utm_source=ULHW7ynqdXE8Z9Fnr4irFw"", ""review_count"": 231, ""categories"": [{""alias"": ""chinese"", ""title"": ""Chinese""}], ""rating"": 4.0, ""coordinates"": {""latitude"": 37.6887, ""longitude"": -122.46682}, ""transactions"": [""delivery""], ""price"": ""$"", ""location"": {""address1"": ""1 San Pedro Rd"", ""address2"": """", ""address3"": """", ""city"": ""Daly City"", ""zip_code"": ""94014"", ""country"": ""US"", ""state"": ""CA"", ""display_address"": [""1 San Pedro Rd"", ""Daly City, CA 94014""]}, ""phone"": ""+16507550343"", ""display_phone"": ""(650) 755-0343"", ""distance"": 8444.982911684952}, {""id"": ""4z8ySDFczYWgLk1jDyEpKw"", ""alias"": ""chef-hunan-san-francisco"", ""name"": ""Chef Hunan"", ""image_url"": ""https://s3-media3.fl.yelpcdn.com/bphoto/6cyrGgMG15jNeRfkmQQpZg/o.jpg"", ""is_closed"": false, ""url"": ""https://www.yelp.com/biz/chef-hunan-san-francisco?adjust_creative=ULHW7ynqdXE8Z9Fnr4irFw&utm_campaign=yelp_api_v3&utm_medium=api_v3_business_search&utm_source=ULHW7ynqdXE8Z9Fnr4irFw"", ""review_count"": 58, ""categories"": [{""alias"": ""cantonese"", ""title"": ""Cantonese""}], ""rating"": 4.0, ""coordinates"": {""latitude"": 37.72364, ""longitude"": -122.43525}, ""transactions"": [], ""price"": ""$"", ""location"": {""address1"": ""4661 Mission St"", ""address2"": """", ""address3"": """", ""city"": ""San Francisco"", ""zip_code"": ""94112"", ""country"": ""US"", ""state"": ""CA"", ""display_address"": [""4661 Mission St"", ""San Francisco, CA 94112""]}, ""phone"": ""+14153335588"", ""display_phone"": ""(415) 333-5588"", ""distance"": 4138.958496260009}, {""id"": ""p8nPSF2KE2Exe5iDiNPrlA"", ""alias"": ""felicitys-fetiche-san-francisco"", ""name"": ""Felicity's Fetiche"", ""image_url"": ""https://s3-media4.fl.yelpcdn.com/bphoto/crD8PuP5EUZd09aVFhpSpw/o.jpg"", ""is_closed"": false, ""url"": ""https://www.yelp.com/biz/felicitys-fetiche-san-francisco?adjust_creative=ULHW7ynqdXE8Z9Fnr4irFw&utm_campaign=yelp_api_v3&utm_medium=api_v3_business_search&utm_source=ULHW7ynqdXE8Z9Fnr4irFw"", ""review_count"": 33, ""categories"": [{""alias"": ""lingerie"", ""title"": ""Lingerie""}, {""alias"": ""swimwear"", ""title"": ""Swimwear""}, {""alias"": ""accessories"", ""title"": ""Accessories""}], ""rating"": 4.0, ""coordinates"": {""latitude"": 37.79837277827864, ""longitude"": -122.4041541}, ""transactions"": [], ""price"": ""$$"", ""location"": {""address1"": ""406 Broadway St"", ""address2"": """", ""address3"": """", ""city"": ""San Francisco"", ""zip_code"": ""94133"", ""country"": ""US"", ""state"": ""CA"", ""display_address"": [""406 Broadway St"", ""San Francisco, CA 94133""]}, ""phone"": ""+14154747874"", ""display_phone"": ""(415) 474-7874"", ""distance"": 5041.560654778149}, {""id"": ""KXmA7LX88n61HS1W3otsTg"", ""alias"": ""blackthorn-san-francisco"", ""name"": ""Blackthorn"", ""image_url"": ""https://s3-media1.fl.yelpcdn.com/bphoto/FXWa87OFbD-4PlgYxz5CNg/o.jpg"", ""is_closed"": false, ""url"": ""https://www.yelp.com/biz/blackthorn-san-francisco?adjust_creative=ULHW7ynqdXE8Z9Fnr4irFw&utm_campaign=yelp_api_v3&utm_medium=api_v3_business_search&utm_source=ULHW7ynqdXE8Z9Fnr4irFw"", ""review_count"": 233, ""categories"": [{""alias"": ""sportsbars"", ""title"": ""Sports Bars""}, {""alias"": ""pubs"", ""title"": ""Pubs""}], ""rating"": 4.0, ""coordinates"": {""latitude"": 37.7642499, ""longitude"": -122.46703}, ""transactions"": [], ""price"": ""$"", ""location"": {""address1"": ""834 Irving St"", ""address2"": """", ""address3"": """", ""city"": ""San Francisco"", ""zip_code"": ""94122"", ""country"": ""US"", ""state"": ""CA"", ""display_address"": [""834 Irving St"", ""San Francisco, CA 94122""]}, ""phone"": ""+14155646626"", ""display_phone"": ""(415) 564-6626"", ""distance"": 2715.3599265102616}, {""id"": ""BEIf2w8q5YYBGpTdbiQPPw"", ""alias"": ""level-2-karaoke-san-francisco"", ""name"": ""Level 2 Karaoke"", ""image_url"": ""https://s3-media4.fl.yelpcdn.com/bphoto/0KYu0jDhjURxFxgypK7CMQ/o.jpg"", ""is_closed"": false, ""url"": ""https://www.yelp.com/biz/level-2-karaoke-san-francisco?adjust_creative=ULHW7ynqdXE8Z9Fnr4irFw&utm_campaign=yelp_api_v3&utm_medium=api_v3_business_search&utm_source=ULHW7ynqdXE8Z9Fnr4irFw"", ""review_count"": 41, ""categories"": [{""alias"": ""karaoke"", ""title"": ""Karaoke""}], ""rating"": 4.0, ""coordinates"": {""latitude"": 37.7834694, ""longitude"": -122.4325695}, ""transactions"": [], ""price"": ""$$"", ""location"": {""address1"": ""1504 B Fillmore St"", ""address2"": null, ""address3"": """", ""city"": ""San Francisco"", ""zip_code"": ""94115"", ""country"": ""US"", ""state"": ""CA"", ""display_address"": [""1504 B Fillmore St"", ""San Francisco, CA 94115""]}, ""phone"": ""+14158852288"", ""display_phone"": ""(415) 885-2288"", ""distance"": 2544.855195657746}, {""id"": ""vDyUNvy2iRCQZpQC5TZyqg"", ""alias"": ""the-mix-san-francisco"", ""name"": ""The Mix"", ""image_url"": ""https://s3-media2.fl.yelpcdn.com/bphoto/Y95-NJjP4HKzUKKY6qW78A/o.jpg"", ""is_closed"": false, ""url"": ""https://www.yelp.com/biz/the-mix-san-francisco?adjust_creative=ULHW7ynqdXE8Z9Fnr4irFw&utm_campaign=yelp_api_v3&utm_medium=api_v3_business_search&utm_source=ULHW7ynqdXE8Z9Fnr4irFw"", ""review_count"": 303, ""categories"": [{""alias"": ""gaybars"", ""title"": ""Gay Bars""}], ""rating"": 3.5, ""coordinates"": {""latitude"": 37.7609552443027, ""longitude"": -122.434629276395}, ""transactions"": [], ""price"": ""$$"", ""location"": {""address1"": ""4086 18th St"", ""address2"": """", ""address3"": """", ""city"": ""San Francisco"", ""zip_code"": ""94114"", ""country"": ""US"", ""state"": ""CA"", ""display_address"": [""4086 18th St"", ""San Francisco, CA 94114""]}, ""phone"": ""+14154318616"", ""display_phone"": ""(415) 431-8616"", ""distance"": 169.4508522289489}, {""id"": ""BFH8EOV54M1zWqUFv7n8tg"", ""alias"": ""1001-castro-street-market-san-francisco"", ""name"": ""1001 Castro Street Market"", ""image_url"": ""https://s3-media3.fl.yelpcdn.com/bphoto/P1MB9WP0FPC-7VIQjDuYAg/o.jpg"", ""is_closed"": false, ""url"": ""https://www.yelp.com/biz/1001-castro-street-market-san-francisco?adjust_creative=ULHW7ynqdXE8Z9Fnr4irFw&utm_campaign=yelp_api_v3&utm_medium=api_v3_business_search&utm_source=ULHW7ynqdXE8Z9Fnr4irFw"", ""review_count"": 27, ""categories"": [{""alias"": ""convenience"", ""title"": ""Convenience Stores""}], ""rating"": 3.5, ""coordinates"": {""latitude"": 37.7536169, ""longitude"": -122.4341903}, ""transactions"": [], ""price"": ""$$"", ""location"": {""address1"": ""1001 Castro St"", ""address2"": """", ""address3"": """", ""city"": ""San  Francisco"", ""zip_code"": ""94114"", ""country"": ""US"", ""state"": ""CA"", ""display_address"": [""1001 Castro St"", ""San  Francisco, CA 94114""]}, ""phone"": ""+14156434478"", ""display_phone"": ""(415) 643-4478"", ""distance"": 833.7262927420597}, {""id"": ""iXR55l9-CqiSUoC_78A26Q"", ""alias"": ""the-mint-san-francisco"", ""name"": ""The Mint"", ""image_url"": ""https://s3-media2.fl.yelpcdn.com/bphoto/0Tnll2HRaM-cRh5pUXCszg/o.jpg"", ""is_closed"": false, ""url"": ""https://www.yelp.com/biz/the-mint-san-francisco?adjust_creative=ULHW7ynqdXE8Z9Fnr4irFw&utm_campaign=yelp_api_v3&utm_medium=api_v3_business_search&utm_source=ULHW7ynqdXE8Z9Fnr4irFw"", ""review_count"": 907, ""categories"": [{""alias"": ""karaoke"", ""title"": ""Karaoke""}], ""rating"": 3.5, ""coordinates"": {""latitude"": 37.77033, ""longitude"": -122.42583}, ""transactions"": [], ""price"": ""$$"", ""location"": {""address1"": ""1942 Market St"", ""address2"": """", ""address3"": """", ""city"": ""San Francisco"", ""zip_code"": ""94102"", ""country"": ""US"", ""state"": ""CA"", ""display_address"": [""1942 Market St"", ""San Francisco, CA 94102""]}, ""phone"": ""+14156264726"", ""display_phone"": ""(415) 626-4726"", ""distance"": 1400.1962402261665}], ""total"": 28100, ""region"": {""center"": {""longitude"": -122.43644714355469, ""latitude"": 37.76089938976322}}}",application/json,true,none
test_trwuyvh43c6b_getBusinesses,400,"{""error"": {""code"": ""VALIDATION_ERROR"", ""description"": ""Please specify a location or a latitude and longitude""}}",application/json,true,none
test_u7wwhperrko4_getBusinesses,400,"{""error"": {""code"": ""VALIDATION_ERROR"", ""description"": ""Please specify a location or a latitude and longitude""}}",application/json,true,none
test_u7znv9w5a7g9_getBusinesses,400,"{""error"": {""code"": ""LOCATION_NOT_FOUND"", ""description"": ""Could not execute search, try specifying a more exact location.""}}",application/json,true,none
test_u82cljk5qerd_getBusinesses,200,"{""businesses"": [{""id"": ""a8MExkya0VbSeFmyWL_JhA"", ""alias"": ""chez-imog\u00e8ne-paris-2"", ""name"": ""Chez Imog\u00e8ne"", ""image_url"": ""https://s3-media1.fl.yelpcdn.com/bphoto/-jVl7pBVXahZArkkAsdywQ/o.jpg"", ""is_closed"": false, ""url"": ""https://www.yelp.com/biz/chez-imog%C3%A8ne-paris-2?adjust_creative=ULHW7ynqdXE8Z9Fnr4irFw&utm_campaign=yelp_api_v3&utm_medium=api_v3_business_search&utm_source=ULHW7ynqdXE8Z9Fnr4irFw"", ""review_count"": 103, ""categories"": [{""alias"": ""creperies"", ""title"": ""Creperies""}], ""rating"": 4.5, ""coordinates"": {""latitude"": 48.86545, ""longitude"": 2.36856}, ""transactions"": [], ""price"": ""\u20ac\u20ac"", ""location"": {""address1"": ""25 rue Jean Pierre Timbaud"", ""address2"": """", ""address3"": null, ""city"": ""Paris"", ""zip_code"": ""75011"", ""country"": ""FR"", ""state"": ""75"", ""display_address"": [""25 rue Jean Pierre Timbaud"", ""75011 Paris"", ""France""]}, ""phone"": ""+33148071459"", ""display_phone"": ""+33 1 48 07 14 59"", ""distance"": 1971.2917077388392}, {""id"": ""0Dqh9eRGKjQSH7uHuCI1DQ"", ""alias"": ""bubbolitas-paris-bubble-tea-bar-paris"", ""name"": ""Bubbolitas Paris - Bubble Tea Bar"", ""image_url"": ""https://s3-media1.fl.yelpcdn.com/bphoto/1xLYFkinS8K9mB_uc7YAOQ/o.jpg"", ""is_closed"": false, ""url"": ""https://www.yelp.com/biz/bubbolitas-paris-bubble-tea-bar-paris?adjust_creative=ULHW7ynqdXE8Z9Fnr4irFw&utm_campaign=yelp_api_v3&utm_medium=api_v3_business_search&utm_source=ULHW7ynqdXE8Z9Fnr4irFw"", ""review_count"": 103, ""categories"": [{""alias"": ""juicebars"", ""title"": ""Juice Bars & Smoothies""}, {""alias"": ""bubbletea"", ""title"": ""Bubble Tea""}, {""alias"": ""bagels"", ""title"": ""Bagels""}], ""rating"": 4.0, ""coordinates"": {""latitude"": 48.8598746, ""longitude"": 2.3497635}, ""transactions"": [], ""price"": ""\u20ac"", ""location"": {""address1"": ""17 rue Quincampoix"", ""address2"": """", ""address3"": """", ""city"": ""Paris"", ""zip_code"": ""75004"", ""country"": ""FR"", ""state"": ""75"", ""display_address"": [""17 rue Quincampoix"", ""75004 Paris"", ""France""]}, ""phone"": ""+33952603962"", ""display_phone"": ""+33 9 52 60 39 62"", ""distance"": 603.3880556199224}, {""id"": ""utLOx6HlPNyCAScAdGXP3Q"", ""alias"": ""le-pavillon-des-canaux-paris"", ""name"": ""Le Pavillon des Canaux"", ""image_url"": ""https://s3-media2.fl.yelpcdn.com/bphoto/V0scKJBLqhNcettO8xWtDQ/o.jpg"", ""is_closed"": false, ""url"": ""https://www.yelp.com/biz/le-pavillon-des-canaux-paris?adjust_creative=ULHW7ynqdXE8Z9Fnr4irFw&utm_campaign=yelp_api_v3&utm_medium=api_v3_business_search&utm_source=ULHW7ynqdXE8Z9Fnr4irFw"", ""review_count"": 103, ""categories"": [{""alias"": ""bars"", ""title"": ""Bars""}, {""alias"": ""cafes"", ""title"": ""Cafes""}, {""alias"": ""modern_european"", ""title"": ""Modern European""}], ""rating"": 4.5, ""coordinates"": {""latitude"": 48.8874, ""longitude"": 2.37871}, ""transactions"": [], ""price"": ""\u20ac\u20ac"", ""location"": {""address1"": ""39 quai de la Loire"", ""address2"": """", ""address3"": """", ""city"": ""Paris"", ""zip_code"": ""75019"", ""country"": ""FR"", ""state"": ""75"", ""display_address"": [""39 quai de la Loire"", ""75019 Paris"", ""France""]}, ""phone"": ""+33173718290"", ""display_phone"": ""+33 1 73 71 82 90"", ""distance"": 3893.144106023097}, {""id"": ""EEpsIUkGX55A5tS_iGnzPQ"", ""alias"": ""la-plage-parisienne-paris"", ""name"": ""La Plage Parisienne"", ""image_url"": ""https://s3-media4.fl.yelpcdn.com/bphoto/ZFlacwlCgkEL3Z3-UqvgHg/o.jpg"", ""is_closed"": false, ""url"": ""https://www.yelp.com/biz/la-plage-parisienne-paris?adjust_creative=ULHW7ynqdXE8Z9Fnr4irFw&utm_campaign=yelp_api_v3&utm_medium=api_v3_business_search&utm_source=ULHW7ynqdXE8Z9Fnr4irFw"", ""review_count"": 103, ""categories"": [{""alias"": ""french"", ""title"": ""French""}], ""rating"": 3.5, ""coordinates"": {""latitude"": 48.84352, ""longitude"": 2.27402}, ""transactions"": [], ""price"": ""\u20ac\u20ac\u20ac"", ""location"": {""address1"": ""Port de Javel Haut"", ""address2"": null, ""address3"": null, ""city"": ""Paris"", ""zip_code"": ""75015"", ""country"": ""FR"", ""state"": ""75"", ""display_address"": [""Port de Javel Haut"", ""75015 Paris"", ""France""]}, ""phone"": ""+33140594100"", ""display_phone"": ""+33 1 40 59 41 00"", ""distance"": 5389.818372172531}, {""id"": ""MsDztnnHceaGNZ2sfw6ThQ"", ""alias"": ""semilla-paris"", ""name"": ""Semilla"", ""image_url"": ""https://s3-media2.fl.yelpcdn.com/bphoto/ezNtGSGo-fUlibrxewNraQ/o.jpg"", ""is_closed"": false, ""url"": ""https://www.yelp.com/biz/semilla-paris?adjust_creative=ULHW7ynqdXE8Z9Fnr4irFw&utm_campaign=yelp_api_v3&utm_medium=api_v3_business_search&utm_source=ULHW7ynqdXE8Z9Fnr4irFw"", ""review_count"": 103, ""categories"": [{""alias"": ""french"", ""title"": ""French""}, {""alias"": ""brasseries"", ""title"": ""Brasseries""}], ""rating"": 4.0, ""coordinates"": {""latitude"": 48.85406, ""longitude"": 2.33691}, ""transactions"": [], ""price"": ""\u20ac\u20ac\u20ac"", ""location"": {""address1"": ""54 Rue Seine"", ""address2"": """", ""address3"": """", ""city"": ""Paris"", ""zip_code"": ""75006"", ""country"": ""FR"", ""state"": ""75"", ""display_address"": [""54 Rue Seine"", ""75006 Paris"", ""France""]}, ""phone"": ""+33143543450"", ""display_phone"": ""+33 1 43 54 34 50"", ""distance"": 958.2364084519783}, {""id"": ""1JAnay7poanIuZ6X9wN0ZA"", ""alias"": ""chez-jenny-paris-4"", ""name"": ""Chez Jenny"", ""image_url"": ""https://s3-media2.fl.yelpcdn.com/bphoto/ZJPkYloALE7_Rsr0gO0jjw/o.jpg"", ""is_closed"": false, ""url"": ""https://www.yelp.com/biz/chez-jenny-paris-4?adjust_creative=ULHW7ynqdXE8Z9Fnr4irFw&utm_campaign=yelp_api_v3&utm_medium=api_v3_business_search&utm_source=ULHW7ynqdXE8Z9Fnr4irFw"", ""review_count"": 103, ""categories"": [{""alias"": ""brasseries"", ""title"": ""Brasseries""}, {""alias"": ""french"", ""title"": ""French""}, {""alias"": ""seafood"", ""title"": ""Seafood""}], ""rating"": 3.5, ""coordinates"": {""latitude"": 48.8659656864441, ""longitude"": 2.36472784523016}, ""transactions"": [], ""price"": ""\u20ac\u20ac\u20ac"", ""location"": {""address1"": ""39 boulevard Temple"", ""address2"": ""R\u00e9publique"", ""address3"": null, ""city"": ""Paris"", ""zip_code"": ""75003"", ""country"": ""FR"", ""state"": ""75"", ""display_address"": [""39 boulevard Temple"", ""R\u00e9publique"", ""75003 Paris"", ""France""]}, ""phone"": ""+33144543900"", ""display_phone"": ""+33 1 44 54 39 00"", ""distance"": 1710.7574768001325}, {""id"": ""J9Oi9old0n4U4qxf1wTdAA"", ""alias"": ""le-coq-paris-7"", ""name"": ""Le Coq"", ""image_url"": ""https://s3-media2.fl.yelpcdn.com/bphoto/gMqIddnHBwDhmQJLd-DlDQ/o.jpg"", ""is_closed"": false, ""url"": ""https://www.yelp.com/biz/le-coq-paris-7?adjust_creative=ULHW7ynqdXE8Z9Fnr4irFw&utm_campaign=yelp_api_v3&utm_medium=api_v3_business_search&utm_source=ULHW7ynqdXE8Z9Fnr4irFw"", ""review_count"": 103, ""categories"": [{""alias"": ""french"", ""title"": ""French""}], ""rating"": 3.0, ""coordinates"": {""latitude"": 48.8635824091453, ""longitude"": 2.28798579014358}, ""transactions"": [], ""price"": ""\u20ac\u20ac\u20ac"", ""location"": {""address1"": ""2 place du Trocad\u00e9ro"", ""address2"": """", ""address3"": """", ""city"": ""Paris"", ""zip_code"": ""75116"", ""country"": ""FR"", ""state"": ""75"", ""display_address"": [""2 place du Trocad\u00e9ro"", ""75116 Paris"", ""France""]}, ""phone"": ""+33147278952"", ""display_phone"": ""+33 1 47 27 89 52"", ""distance"": 3966.12688214591}, {""id"": ""VE30thSWrcoW6Ze7GzgKVg"", ""alias"": ""pierre-herm\u00e9-paris-13"", ""name"": ""Pierre Herm\u00e9"", ""image_url"": ""https://s3-media2.fl.yelpcdn.com/bphoto/tfxUvLiOvmGag9X3MtvfHw/o.jpg"", ""is_closed"": false, ""url"": ""https://www.yelp.com/biz/pierre-herm%C3%A9-paris-13?adjust_creative=ULHW7ynqdXE8Z9Fnr4irFw&utm_campaign=yelp_api_v3&utm_medium=api_v3_business_search&utm_source=ULHW7ynqdXE8Z9Fnr4irFw"", ""review_count"": 102, ""categories"": [{""alias"": ""cakeshop"", ""title"": ""Patisserie/Cake Shop""}, {""alias"": ""chocolate"", ""title"": ""Chocolatiers & Shops""}, {""alias"": ""macarons"", ""title"": ""Macarons""}], ""rating"": 4.5, ""coordinates"": {""latitude"": 48.86853, ""longitude"": 2.333029}, ""transactions"": [], ""price"": ""\u20ac\u20ac\u20ac"", ""location"": {""address1"": ""39 avenue de l'Op\u00e9ra"", ""address2"": """", ""address3"": """", ""city"": ""Paris"", ""zip_code"": ""75002"", ""country"": ""FR"", ""state"": ""75"", ""display_address"": [""39 avenue de l'Op\u00e9ra"", ""75002 Paris"", ""France""]}, ""phone"": ""+33143544777"", ""display_phone"": ""+33 1 43 54 47 77"", ""distance"": 989.3657962740774}], ""total"": 9500, ""region"": {""center"": {""longitude"": 2.3421478271484375, ""latitude"": 48.86195860677958}}}",application/json,false,"OAS disconformity: [Path '/businesses/[item]/price'] Instance value (""€"") not found in enum (possible values: [""$"";""$$"";""$$$"";""$$$$""]) --- [Path '/businesses/[item]/price'] Instance value (""€€"") not found in enum (possible values: [""$"";""$$"";""$$$"";""$$$$""]) --- [Path '/businesses/[item]/price'] Instance value (""€€€"") not found in enum (possible values: [""$"";""$$"";""$$$"";""$$$$""])"
test_u82fbzkpjayc_getBusinesses,200,"{""businesses"": [{""id"": ""OHbRATl4BR9x09ZI_1onGA"", ""alias"": ""goldfish-swim-school-fairview-park-fairview-park"", ""name"": ""Goldfish Swim School - Fairview Park"", ""image_url"": ""https://s3-media3.fl.yelpcdn.com/bphoto/uRWlzcGMTsbc6kGm9Bfo2g/o.jpg"", ""is_closed"": false, ""url"": ""https://www.yelp.com/biz/goldfish-swim-school-fairview-park-fairview-park?adjust_creative=ULHW7ynqdXE8Z9Fnr4irFw&utm_campaign=yelp_api_v3&utm_medium=api_v3_business_search&utm_source=ULHW7ynqdXE8Z9Fnr4irFw"", ""review_count"": 18, ""categories"": [{""alias"": ""swimminglessons"", ""title"": ""Swimming Lessons/Schools""}], ""rating"": 4.5, ""coordinates"": {""latitude"": 41.4411602, ""longitude"": -81.8613484}, ""transactions"": [], ""location"": {""address1"": ""21599 Lorain Rd"", ""address2"": null, ""address3"": """", ""city"": ""Fairview Park"", ""zip_code"": ""44126"", ""country"": ""US"", ""state"": ""OH"", ""display_address"": [""21599 Lorain Rd"", ""Fairview Park, OH 44126""]}, ""phone"": ""+14403055220"", ""display_phone"": ""(440) 305-5220"", ""distance"": 27341.94818123445}, {""id"": ""iEEpfRNxRDipR-Ux-5nhHQ"", ""alias"": ""aqua-tots-swim-schools-crocker-park-westlake"", ""name"": ""Aqua-Tots Swim Schools Crocker Park"", ""image_url"": ""https://s3-media4.fl.yelpcdn.com/bphoto/A_v_1B85IXPr517LLRnPZQ/o.jpg"", ""is_closed"": false, ""url"": ""https://www.yelp.com/biz/aqua-tots-swim-schools-crocker-park-westlake?adjust_creative=ULHW7ynqdXE8Z9Fnr4irFw&utm_campaign=yelp_api_v3&utm_medium=api_v3_business_search&utm_source=ULHW7ynqdXE8Z9Fnr4irFw"", ""review_count"": 5, ""categories"": [{""alias"": ""swimminglessons"", ""title"": ""Swimming Lessons/Schools""}], ""rating"": 4.0, ""coordinates"": {""latitude"": 41.4630327, ""longitude"": -81.9551384}, ""transactions"": [], ""location"": {""address1"": ""30219 Detroit Rd"", ""address2"": """", ""address3"": null, ""city"": ""Westlake"", ""zip_code"": ""44145"", ""country"": ""US"", ""state"": ""OH"", ""display_address"": [""30219 Detroit Rd"", ""Westlake, OH 44145""]}, ""phone"": ""+14404828687"", ""display_phone"": ""(440) 482-8687"", ""distance"": 30084.0331501702}, {""id"": ""SVT1jLgQqM0KFSeXZ4KqAg"", ""alias"": ""hillcrest-family-branch-ymca-cleveland"", ""name"": ""Hillcrest Family Branch YMCA"", ""image_url"": ""https://s3-media2.fl.yelpcdn.com/bphoto/gKLzO2bqULIMklBoIBrdyA/o.jpg"", ""is_closed"": false, ""url"": ""https://www.yelp.com/biz/hillcrest-family-branch-ymca-cleveland?adjust_creative=ULHW7ynqdXE8Z9Fnr4irFw&utm_campaign=yelp_api_v3&utm_medium=api_v3_business_search&utm_source=ULHW7ynqdXE8Z9Fnr4irFw"", ""review_count"": 9, ""categories"": [{""alias"": ""childcare"", ""title"": ""Child Care & Day Care""}, {""alias"": ""gyms"", ""title"": ""Gyms""}, {""alias"": ""swimminglessons"", ""title"": ""Swimming Lessons/Schools""}], ""rating"": 4.0, ""coordinates"": {""latitude"": 41.5196951, ""longitude"": -81.500359}, ""transactions"": [], ""location"": {""address1"": ""5000 Mayfield Rd"", ""address2"": """", ""address3"": """", ""city"": ""Cleveland"", ""zip_code"": ""44124"", ""country"": ""US"", ""state"": ""OH"", ""display_address"": [""5000 Mayfield Rd"", ""Cleveland, OH 44124""]}, ""phone"": ""+12163824300"", ""display_phone"": ""(216) 382-4300"", ""distance"": 23199.920634123042}, {""id"": ""D715oB9cw4z5Ju5d7W54ng"", ""alias"": ""goldfish-swim-school-cleveland-east-side-warrensville-heights"", ""name"": ""Goldfish Swim School - Cleveland East Side"", ""image_url"": ""https://s3-media3.fl.yelpcdn.com/bphoto/eT5DyDkUENFs69gHDdW2Ig/o.jpg"", ""is_closed"": false, ""url"": ""https://www.yelp.com/biz/goldfish-swim-school-cleveland-east-side-warrensville-heights?adjust_creative=ULHW7ynqdXE8Z9Fnr4irFw&utm_campaign=yelp_api_v3&utm_medium=api_v3_business_search&utm_source=ULHW7ynqdXE8Z9Fnr4irFw"", ""review_count"": 12, ""categories"": [{""alias"": ""swimminglessons"", ""title"": ""Swimming Lessons/Schools""}], ""rating"": 4.0, ""coordinates"": {""latitude"": 41.43274777919616, ""longitude"": -81.49903736221458}, ""transactions"": [], ""location"": {""address1"": ""4670 Richmond Rd"", ""address2"": ""Ste 100"", ""address3"": """", ""city"": ""Warrensville Hts."", ""zip_code"": ""44128"", ""country"": ""US"", ""state"": ""OH"", ""display_address"": [""4670 Richmond Rd"", ""Ste 100"", ""Warrensville Hts., OH 44128""]}, ""phone"": ""+12162902525"", ""display_phone"": ""(216) 290-2525"", ""distance"": 30528.574449383425}, {""id"": ""hELjJ4qlzqxngro6DrpEWQ"", ""alias"": ""metropolitan-pool-service-co-a-bioguard-platinum-dealer-parma"", ""name"": ""Metropolitan Pool Service Co - A BioGuard Platinum Dealer"", ""image_url"": ""https://s3-media3.fl.yelpcdn.com/bphoto/7Xv5mb3RIAFePNq8ZRFtoA/o.jpg"", ""is_closed"": false, ""url"": ""https://www.yelp.com/biz/metropolitan-pool-service-co-a-bioguard-platinum-dealer-parma?adjust_creative=ULHW7ynqdXE8Z9Fnr4irFw&utm_campaign=yelp_api_v3&utm_medium=api_v3_business_search&utm_source=ULHW7ynqdXE8Z9Fnr4irFw"", ""review_count"": 7, ""categories"": [{""alias"": ""hottubandpool"", ""title"": ""Hot Tub & Pool""}, {""alias"": ""swimminglessons"", ""title"": ""Swimming Lessons/Schools""}], ""rating"": 4.0, ""coordinates"": {""latitude"": 41.418739, ""longitude"": -81.709167}, ""transactions"": [], ""location"": {""address1"": ""3427 Brookpark Rd"", ""address2"": """", ""address3"": """", ""city"": ""Parma"", ""zip_code"": ""44134"", ""country"": ""US"", ""state"": ""OH"", ""display_address"": [""3427 Brookpark Rd"", ""Parma, OH 44134""]}, ""phone"": ""+12167419451"", ""display_phone"": ""(216) 741-9451"", ""distance"": 26661.778084812937}, {""id"": ""Au_v6iqIbDUsvxWNE-3jlA"", ""alias"": ""parker-hannifin-downtown-ymca-cleveland"", ""name"": ""Parker Hannifin Downtown YMCA"", ""image_url"": ""https://s3-media1.fl.yelpcdn.com/bphoto/UoyPL15OTOvLKCUd5FZECQ/o.jpg"", ""is_closed"": false, ""url"": ""https://www.yelp.com/biz/parker-hannifin-downtown-ymca-cleveland?adjust_creative=ULHW7ynqdXE8Z9Fnr4irFw&utm_campaign=yelp_api_v3&utm_medium=api_v3_business_search&utm_source=ULHW7ynqdXE8Z9Fnr4irFw"", ""review_count"": 8, ""categories"": [{""alias"": ""gyms"", ""title"": ""Gyms""}, {""alias"": ""healthtrainers"", ""title"": ""Trainers""}, {""alias"": ""swimminglessons"", ""title"": ""Swimming Lessons/Schools""}], ""rating"": 4.0, ""coordinates"": {""latitude"": 41.5047249896748, ""longitude"": -81.68896334325267}, ""transactions"": [], ""location"": {""address1"": ""1301 East 9th St"", ""address2"": """", ""address3"": ""In The Galleria"", ""city"": ""Cleveland"", ""zip_code"": ""44114"", ""country"": ""US"", ""state"": ""OH"", ""display_address"": [""1301 East 9th St"", ""In The Galleria"", ""Cleveland, OH 44114""]}, ""phone"": ""+12163447700"", ""display_phone"": ""(216) 344-7700"", ""distance"": 17173.55305037366}, {""id"": ""2C3TbFbDRCVd3jQvC1qgDg"", ""alias"": ""liquid-lifestyles-cleveland"", ""name"": ""Liquid Lifestyles"", ""image_url"": ""https://s3-media4.fl.yelpcdn.com/bphoto/ha6OXIVj-cvS2uUXtcZkKQ/o.jpg"", ""is_closed"": false, ""url"": ""https://www.yelp.com/biz/liquid-lifestyles-cleveland?adjust_creative=ULHW7ynqdXE8Z9Fnr4irFw&utm_campaign=yelp_api_v3&utm_medium=api_v3_business_search&utm_source=ULHW7ynqdXE8Z9Fnr4irFw"", ""review_count"": 1, ""categories"": [{""alias"": ""swimminglessons"", ""title"": ""Swimming Lessons/Schools""}], ""rating"": 2.0, ""coordinates"": {""latitude"": 41.5047492980957, ""longitude"": -81.6907196044922}, ""transactions"": [], ""location"": {""address1"": """", ""address2"": null, ""address3"": """", ""city"": ""Cleveland"", ""zip_code"": ""44140"", ""country"": ""US"", ""state"": ""OH"", ""display_address"": [""Cleveland, OH 44140""]}, ""phone"": ""+12165434181"", ""display_phone"": ""(216) 543-4181"", ""distance"": 27196.489736188018}], ""total"": 7, ""region"": {""center"": {""longitude"": -81.70775, ""latitude"": 41.65853}}}",application/json,true,none
test_vey3qe9zs5sz_getBusinesses,400,"{""error"": {""code"": ""VALIDATION_ERROR"", ""description"": ""Please specify a location or a latitude and longitude""}}",application/json,true,none
test_vf6ffww6fqcy_getBusinesses,200,"{""businesses"": [], ""total"": 0, ""region"": {""center"": {""longitude"": -103.010765, ""latitude"": 33.256897}}}",application/json,true,none
