testResultId,statusCode,responseBody,outputContentType,passed,failReason
test_1h7lwa1ziv12t_getBusinesses,200,"{""businesses"": [], ""total"": 0, ""region"": {""center"": {""longitude"": -116.17423, ""latitude"": 33.261715}}}",application/json,true,none
test_1h7lyau8a7lmg_getBusinesses,200,"{""businesses"": [], ""total"": 0, ""region"": {""center"": {""longitude"": 2.3421478271484375, ""latitude"": 48.86195860677958}}}",application/json,true,none
test_1h7rhe3z8s6k4_getBusinesses,200,"{""businesses"": [], ""total"": 0, ""region"": {""center"": {""longitude"": -5.985832214355469, ""latitude"": 37.38897024983557}}}",application/json,true,none
test_1h7rhs6ph05ep_getBusinesses,400,"{""error"": {""code"": ""VALIDATION_ERROR"", ""description"": ""Please specify a location or a latitude and longitude""}}",application/json,true,none
test_1h84v489x8y0m_getBusinesses,400,"{""error"": {""code"": ""LOCATION_NOT_FOUND"", ""description"": ""Could not execute search, try specifying a more exact location.""}}",application/json,true,none
test_1hrghd351me06_getBusinesses,400,"{""error"": {""code"": ""VALIDATION_ERROR"", ""description"": ""Please specify a location or a latitude and longitude""}}",application/json,true,none
test_1hv0glhktnneg_getBusinesses,200,"{""businesses"": [], ""total"": 0, ""region"": {""center"": {""longitude"": 139.76669311523438, ""latitude"": 35.685011526354074}}}",application/json,true,none
test_1hv88rdry5kxe_getBusinesses,200,"{""businesses"": [], ""total"": 0, ""region"": {""center"": {""longitude"": 144.96734619140625, ""latitude"": -37.81787593178502}}}",application/json,true,none
test_1iauuzp3nol7m_getBusinesses,200,"{""businesses"": [], ""total"": 0, ""region"": {""center"": {""longitude"": -95.760826, ""latitude"": 38.521103}}}",application/json,true,none
test_1ibc0c3srl73s_getBusinesses,400,"{""error"": {""code"": ""VALIDATION_ERROR"", ""description"": ""Please specify a location or a latitude and longitude""}}",application/json,true,none
test_1iv9ty8hnxquq_getBusinesses,400,"{""error"": {""code"": ""VALIDATION_ERROR"", ""description"": ""Please specify a location or a latitude and longitude""}}",application/json,true,none
test_1iyc8mrirer8k_getBusinesses,400,"{""error"": {""code"": ""OPEN_AT_AND_NOW_PROVIDED"", ""description"": ""You must specify either open_at or open_now, not both.""}}",application/json,true,none
test_1jeady9evrnms_getBusinesses,400,"{""error"": {""code"": ""VALIDATION_ERROR"", ""description"": ""Please specify a location or a latitude and longitude""}}",application/json,true,none
test_1jeff3mqtfz39_getBusinesses,400,"{""error"": {""code"": ""VALIDATION_ERROR"", ""description"": ""The open_at provided is too long ago, the timestamp must be within the last two weeks.""}}",application/json,true,none
test_1jei7a13c1n3k_getBusinesses,200,"{""businesses"": [], ""total"": 0, ""region"": {""center"": {""longitude"": -100.59738, ""latitude"": 45.721302}}}",application/json,true,none
test_1ji4zufrp3v3n_getBusinesses,400,"{""error"": {""code"": ""VALIDATION_ERROR"", ""description"": ""Please specify a location or a latitude and longitude""}}",application/json,true,none
test_1jid9zub7vcyq_getBusinesses,400,"{""error"": {""code"": ""VALIDATION_ERROR"", ""description"": ""Please specify a location or a latitude and longitude""}}",application/json,true,none
test_1jidb3qd8kbas_getBusinesses,200,"{""businesses"": [], ""total"": 0, ""region"": {""center"": {""longitude"": -90.95325, ""latitude"": 37.18635}}}",application/json,true,none
test_1jydrtc42wto3_getBusinesses,400,"{""error"": {""code"": ""VALIDATION_ERROR"", ""description"": ""Please specify a location or a latitude and longitude""}}",application/json,true,none
test_qe749bsurm0m_getBusinesses,400,"{""error"": {""code"": ""OPEN_AT_AND_NOW_PROVIDED"", ""description"": ""You must specify either open_at or open_now, not both.""}}",application/json,true,none
test_qeevmg593yuw_getBusinesses,200,"{""businesses"": [], ""total"": 265, ""region"": {""center"": {""longitude"": 139.76669311523438, ""latitude"": 35.685011526354074}}}",application/json,true,none
test_qhw4kqdove5h_getBusinesses,400,"{""error"": {""code"": ""VALIDATION_ERROR"", ""description"": ""Please specify a location or a latitude and longitude""}}",application/json,true,none
test_qxqj1crucyu9_getBusinesses,200,"{""businesses"": [{""id"": ""gY2dyLszfsIcMy96u5fkqw"", ""alias"": ""open-milano-3"", ""name"": ""Open"", ""image_url"": ""https://s3-media2.fl.yelpcdn.com/bphoto/qAXvIkUwRaENuElsIXh6lg/o.jpg"", ""is_closed"": false, ""url"": ""https://www.yelp.com/biz/open-milano-3?adjust_creative=ULHW7ynqdXE8Z9Fnr4irFw&utm_campaign=yelp_api_v3&utm_medium=api_v3_business_search&utm_source=ULHW7ynqdXE8Z9Fnr4irFw"", ""review_count"": 18, ""categories"": [{""alias"": ""cafeteria"", ""title"": ""Cafeteria""}, {""alias"": ""bookstores"", ""title"": ""Bookstores""}], ""rating"": 3.5, ""coordinates"": {""latitude"": 45.4532591, ""longitude"": 9.203146}, ""transactions"": [], ""price"": ""\u20ac\u20ac"", ""location"": {""address1"": ""Viale Monte Nero 6"", ""address2"": """", ""address3"": """", ""city"": ""Milan"", ""zip_code"": ""20135"", ""country"": ""IT"", ""state"": ""MI"", ""display_address"": [""Viale Monte Nero 6"", ""20135 Milan"", ""Italy""]}, ""phone"": ""+390283425610"", ""display_phone"": ""+39 02 8342 5610"", ""distance"": 2207.9660062671655}, {""id"": ""ioLC_EhZ72cmrkjvB7xTBg"", ""alias"": ""panini-durini-milano-5"", ""name"": ""Panini Durini"", ""image_url"": ""https://s3-media1.fl.yelpcdn.com/bphoto/LhqDKXPcLcKPvKySUIFABA/o.jpg"", ""is_closed"": false, ""url"": ""https://www.yelp.com/biz/panini-durini-milano-5?adjust_creative=ULHW7ynqdXE8Z9Fnr4irFw&utm_campaign=yelp_api_v3&utm_medium=api_v3_business_search&utm_source=ULHW7ynqdXE8Z9Fnr4irFw"", ""review_count"": 4, ""categories"": [{""alias"": ""cafes"", ""title"": ""Cafes""}, {""alias"": ""breakfast_brunch"", ""title"": ""Breakfast & Brunch""}, {""alias"": ""sandwiches"", ""title"": ""Sandwiches""}], ""rating"": 4.5, ""coordinates"": {""latitude"": 45.4504413855289, ""longitude"": 9.19037950331071}, ""transactions"": [], ""price"": ""\u20ac"", ""location"": {""address1"": ""Via Bocconi 5"", ""address2"": """", ""address3"": """", ""city"": ""Milan"", ""zip_code"": ""20136"", ""country"": ""IT"", ""state"": ""MI"", ""display_address"": [""Via Bocconi 5"", ""20136 Milan"", ""Italy""]}, ""phone"": ""+390258327461"", ""display_phone"": ""+39 02 5832 7461"", ""distance"": 2229.8704463533118}, {""id"": ""mqzM5wkhYKcPU773KT-x5A"", ""alias"": ""settembrini-18-milano"", ""name"": ""Settembrini 18"", ""image_url"": ""https://s3-media4.fl.yelpcdn.com/bphoto/sEDDb2T6no2n5565rlksww/o.jpg"", ""is_closed"": false, ""url"": ""https://www.yelp.com/biz/settembrini-18-milano?adjust_creative=ULHW7ynqdXE8Z9Fnr4irFw&utm_campaign=yelp_api_v3&utm_medium=api_v3_business_search&utm_source=ULHW7ynqdXE8Z9Fnr4irFw"", ""review_count"": 379, ""categories"": [{""alias"": ""italian"", ""title"": ""Italian""}, {""alias"": ""seafood"", ""title"": ""Seafood""}, {""alias"": ""pizza"", ""title"": ""Pizza""}], ""rating"": 4.5, ""coordinates"": {""latitude"": 45.4812425, ""longitude"": 9.2056055}, ""transactions"": [], ""price"": ""\u20ac\u20ac"", ""location"": {""address1"": ""Via Settembrini 18"", ""address2"": """", ""address3"": """", ""city"": ""Milan"", ""zip_code"": ""20124"", ""country"": ""IT"", ""state"": ""MI"", ""display_address"": [""Via Settembrini 18"", ""20124 Milan"", ""Italy""]}, ""phone"": ""+390229519494"", ""display_phone"": ""+39 02 2951 9494"", ""distance"": 1761.7250502663715}, {""id"": ""QpK3arHCMISUd8HCUsuAFw"", ""alias"": ""pap\u00e0-francesco-milano-2"", ""name"": ""Pap\u00e0 Francesco"", ""image_url"": ""https://s3-media1.fl.yelpcdn.com/bphoto/GB-cpptuat80sMx0w47JUg/o.jpg"", ""is_closed"": false, ""url"": ""https://www.yelp.com/biz/pap%C3%A0-francesco-milano-2?adjust_creative=ULHW7ynqdXE8Z9Fnr4irFw&utm_campaign=yelp_api_v3&utm_medium=api_v3_business_search&utm_source=ULHW7ynqdXE8Z9Fnr4irFw"", ""review_count"": 95, ""categories"": [{""alias"": ""gluten_free"", ""title"": ""Gluten-Free""}, {""alias"": ""seafood"", ""title"": ""Seafood""}, {""alias"": ""pizza"", ""title"": ""Pizza""}], ""rating"": 4.0, ""coordinates"": {""latitude"": 45.466232, ""longitude"": 9.1905254}, ""transactions"": [], ""price"": ""\u20ac\u20ac\u20ac"", ""location"": {""address1"": ""Via Marino Tommaso 5"", ""address2"": null, ""address3"": null, ""city"": ""Milan"", ""zip_code"": ""20121"", ""country"": ""IT"", ""state"": ""MI"", ""display_address"": [""Via Marino Tommaso 5"", ""20121 Milan"", ""Italy""]}, ""phone"": ""+3902862177"", ""display_phone"": ""+39 02 862177"", ""distance"": 485.7028812408117}, {""id"": ""-PCdqjPkl0ITPbPTlsjzzQ"", ""alias"": ""la-taverna-del-borgo-antico-milano"", ""name"": ""La Taverna del Borgo Antico"", ""image_url"": ""https://s3-media2.fl.yelpcdn.com/bphoto/hJ4ErcXAQoVkzshUHCGaXg/o.jpg"", ""is_closed"": false, ""url"": ""https://www.yelp.com/biz/la-taverna-del-borgo-antico-milano?adjust_creative=ULHW7ynqdXE8Z9Fnr4irFw&utm_campaign=yelp_api_v3&utm_medium=api_v3_business_search&utm_source=ULHW7ynqdXE8Z9Fnr4irFw"", ""review_count"": 35, ""categories"": [{""alias"": ""pizza"", ""title"": ""Pizza""}, {""alias"": ""lumbard"", ""title"": ""Lumbard""}], ""rating"": 4.0, ""coordinates"": {""latitude"": 45.4718285, ""longitude"": 9.1855297}, ""transactions"": [], ""price"": ""\u20ac\u20ac"", ""location"": {""address1"": ""Via Madonnina 27"", ""address2"": """", ""address3"": """", ""city"": ""Milan"", ""zip_code"": ""20121"", ""country"": ""IT"", ""state"": ""MI"", ""display_address"": [""Via Madonnina 27"", ""20121 Milan"", ""Italy""]}, ""phone"": ""+390286461186"", ""display_phone"": ""+39 02 8646 1186"", ""distance"": 312.8347583402624}, {""id"": ""km8DOjqeRQwbmsmZrGcYcQ"", ""alias"": ""pav\u00e9-milano-2"", ""name"": ""Pav\u00e9"", ""image_url"": ""https://s3-media4.fl.yelpcdn.com/bphoto/cOTS-v59T36QZ6GbzDb8ew/o.jpg"", ""is_closed"": false, ""url"": ""https://www.yelp.com/biz/pav%C3%A9-milano-2?adjust_creative=ULHW7ynqdXE8Z9Fnr4irFw&utm_campaign=yelp_api_v3&utm_medium=api_v3_business_search&utm_source=ULHW7ynqdXE8Z9Fnr4irFw"", ""review_count"": 120, ""categories"": [{""alias"": ""cafes"", ""title"": ""Cafes""}, {""alias"": ""cakeshop"", ""title"": ""Patisserie/Cake Shop""}, {""alias"": ""breakfast_brunch"", ""title"": ""Breakfast & Brunch""}], ""rating"": 4.5, ""coordinates"": {""latitude"": 45.47914, ""longitude"": 9.20256}, ""transactions"": [], ""price"": ""\u20ac\u20ac"", ""location"": {""address1"": ""Via Felice Casati 27"", ""address2"": """", ""address3"": """", ""city"": ""Milan"", ""zip_code"": ""20124"", ""country"": ""IT"", ""state"": ""MI"", ""display_address"": [""Via Felice Casati 27"", ""20124 Milan"", ""Italy""]}, ""phone"": ""+390294392259"", ""display_phone"": ""+39 02 9439 2259"", ""distance"": 1424.9221936194922}, {""id"": ""g4ZjVYYARsgvYPpkmmbIDA"", ""alias"": ""starbucks-reserve-roastery-milano-4"", ""name"": ""Starbucks Reserve Roastery"", ""image_url"": ""https://s3-media4.fl.yelpcdn.com/bphoto/9wi0myN8VkMlXukIBfkI7g/o.jpg"", ""is_closed"": false, ""url"": ""https://www.yelp.com/biz/starbucks-reserve-roastery-milano-4?adjust_creative=ULHW7ynqdXE8Z9Fnr4irFw&utm_campaign=yelp_api_v3&utm_medium=api_v3_business_search&utm_source=ULHW7ynqdXE8Z9Fnr4irFw"", ""review_count"": 66, ""categories"": [{""alias"": ""cafeteria"", ""title"": ""Cafeteria""}], ""rating"": 4.5, ""coordinates"": {""latitude"": 45.464886, ""longitude"": 9.186104}, ""transactions"": [], ""price"": ""\u20ac\u20ac"", ""location"": {""address1"": ""Piazza Cordusio 3"", ""address2"": """", ""address3"": null, ""city"": ""Milan"", ""zip_code"": ""21023"", ""country"": ""IT"", ""state"": ""MI"", ""display_address"": [""Piazza Cordusio 3"", ""21023 Milan"", ""Italy""]}, ""phone"": ""+390291970326"", ""display_phone"": ""+39 02 9197 0326"", ""distance"": 661.9050767192356}, {""id"": ""lKwutS9xupclaUpNnuzHOg"", ""alias"": ""pizza-am-milano"", ""name"": ""Pizza AM"", ""image_url"": ""https://s3-media3.fl.yelpcdn.com/bphoto/phuaSZ0QtPcK1gzHWnu-iA/o.jpg"", ""is_closed"": false, ""url"": ""https://www.yelp.com/biz/pizza-am-milano?adjust_creative=ULHW7ynqdXE8Z9Fnr4irFw&utm_campaign=yelp_api_v3&utm_medium=api_v3_business_search&utm_source=ULHW7ynqdXE8Z9Fnr4irFw"", ""review_count"": 152, ""categories"": [{""alias"": ""pizza"", ""title"": ""Pizza""}], ""rating"": 4.5, ""coordinates"": {""latitude"": 45.4555138, ""longitude"": 9.1967883}, ""transactions"": [], ""price"": ""\u20ac\u20ac"", ""location"": {""address1"": ""Corso di Porta Romana 83"", ""address2"": """", ""address3"": """", ""city"": ""Milan"", ""zip_code"": ""20122"", ""country"": ""IT"", ""state"": ""MI"", ""display_address"": [""Corso di Porta Romana 83"", ""20122 Milan"", ""Italy""]}, ""phone"": ""+39025510579"", ""display_phone"": ""+39 02 551 0579"", ""distance"": 1769.9073798005054}, {""id"": ""YAvqWdS39-Lb2KyhmhYSmg"", ""alias"": ""princi-milano"", ""name"": ""Princi"", ""image_url"": ""https://s3-media2.fl.yelpcdn.com/bphoto/W9tCaILm3_icbcbE-EdN2w/o.jpg"", ""is_closed"": false, ""url"": ""https://www.yelp.com/biz/princi-milano?adjust_creative=ULHW7ynqdXE8Z9Fnr4irFw&utm_campaign=yelp_api_v3&utm_medium=api_v3_business_search&utm_source=ULHW7ynqdXE8Z9Fnr4irFw"", ""review_count"": 59, ""categories"": [{""alias"": ""bakeries"", ""title"": ""Bakeries""}, {""alias"": ""cafeteria"", ""title"": ""Cafeteria""}, {""alias"": ""cakeshop"", ""title"": ""Patisserie/Cake Shop""}], ""rating"": 4.5, ""coordinates"": {""latitude"": 45.46298, ""longitude"": 9.18796}, ""transactions"": [], ""price"": ""\u20ac"", ""location"": {""address1"": ""Via Speronari 6"", ""address2"": """", ""address3"": """", ""city"": ""Milan"", ""zip_code"": ""20123"", ""country"": ""IT"", ""state"": ""MI"", ""display_address"": [""Via Speronari 6"", ""20123 Milan"", ""Italy""]}, ""phone"": ""+3902874797"", ""display_phone"": ""+39 02 874797"", ""distance"": 837.8475441391399}, {""id"": ""fe4EX7PQEFUMf3LBqsmLtw"", ""alias"": ""salsamenteria-di-parma-milano-2"", ""name"": ""Salsamenteria di Parma"", ""image_url"": ""https://s3-media1.fl.yelpcdn.com/bphoto/uBG2sW6YAIoX3Fyfurd76Q/o.jpg"", ""is_closed"": false, ""url"": ""https://www.yelp.com/biz/salsamenteria-di-parma-milano-2?adjust_creative=ULHW7ynqdXE8Z9Fnr4irFw&utm_campaign=yelp_api_v3&utm_medium=api_v3_business_search&utm_source=ULHW7ynqdXE8Z9Fnr4irFw"", ""review_count"": 141, ""categories"": [{""alias"": ""emilian"", ""title"": ""Emilian""}], ""rating"": 4.5, ""coordinates"": {""latitude"": 45.466267, ""longitude"": 9.195122}, ""transactions"": [], ""price"": ""\u20ac\u20ac"", ""location"": {""address1"": ""Via San Pietro all'Orto 9"", ""address2"": """", ""address3"": """", ""city"": ""Milan"", ""zip_code"": ""20121"", ""country"": ""IT"", ""state"": ""MI"", ""display_address"": [""Via San Pietro all'Orto 9"", ""20121 Milan"", ""Italy""]}, ""phone"": ""+390276281350"", ""display_phone"": ""+39 02 7628 1350"", ""distance"": 666.4389056554878}, {""id"": ""iS5SUn2CHIPt6Uznl4X5eQ"", ""alias"": ""langosteria-milano-2"", ""name"": ""Langosteria"", ""image_url"": ""https://s3-media1.fl.yelpcdn.com/bphoto/y20swEJ8zojIEPKyTNsLaQ/o.jpg"", ""is_closed"": false, ""url"": ""https://www.yelp.com/biz/langosteria-milano-2?adjust_creative=ULHW7ynqdXE8Z9Fnr4irFw&utm_campaign=yelp_api_v3&utm_medium=api_v3_business_search&utm_source=ULHW7ynqdXE8Z9Fnr4irFw"", ""review_count"": 8, ""categories"": [{""alias"": ""bistros"", ""title"": ""Bistros""}, {""alias"": ""cafes"", ""title"": ""Cafes""}], ""rating"": 4.5, ""coordinates"": {""latitude"": 45.4645, ""longitude"": 9.19509}, ""transactions"": [], ""price"": ""\u20ac\u20ac\u20ac"", ""location"": {""address1"": ""Galleria del Corso 4"", ""address2"": """", ""address3"": """", ""city"": ""Milan"", ""zip_code"": ""20122"", ""country"": ""IT"", ""state"": ""MI"", ""display_address"": [""Galleria del Corso 4"", ""20122 Milan"", ""Italy""]}, ""phone"": ""+390276018167"", ""display_phone"": ""+39 02 7601 8167"", ""distance"": 814.1609659242602}, {""id"": ""6kw47oak_pO5uegLChMpKQ"", ""alias"": ""mcdonalds-milano-2"", ""name"": ""McDonald's"", ""image_url"": ""https://s3-media4.fl.yelpcdn.com/bphoto/j7S28YFHqdfH6Z4Ss9f5OQ/o.jpg"", ""is_closed"": false, ""url"": ""https://www.yelp.com/biz/mcdonalds-milano-2?adjust_creative=ULHW7ynqdXE8Z9Fnr4irFw&utm_campaign=yelp_api_v3&utm_medium=api_v3_business_search&utm_source=ULHW7ynqdXE8Z9Fnr4irFw"", ""review_count"": 23, ""categories"": [{""alias"": ""hotdogs"", ""title"": ""Fast Food""}, {""alias"": ""burgers"", ""title"": ""Burgers""}], ""rating"": 3.5, ""coordinates"": {""latitude"": 45.464392, ""longitude"": 9.188517}, ""transactions"": [], ""price"": ""\u20ac"", ""location"": {""address1"": ""Piazza del Duomo 17"", ""address2"": null, ""address3"": null, ""city"": ""Milan"", ""zip_code"": ""20122"", ""country"": ""IT"", ""state"": ""MI"", ""display_address"": [""Piazza del Duomo 17"", ""20122 Milan"", ""Italy""]}, ""phone"": ""+390286997265"", ""display_phone"": ""+39 02 8699 7265"", ""distance"": 677.3608312871719}, {""id"": ""LdsJNzzurNA1hnHnmahdRQ"", ""alias"": ""miscusi-milano-2"", ""name"": ""Miscusi"", ""image_url"": ""https://s3-media1.fl.yelpcdn.com/bphoto/D7J-9FpQoXgyB573Dn-w3w/o.jpg"", ""is_closed"": false, ""url"": ""https://www.yelp.com/biz/miscusi-milano-2?adjust_creative=ULHW7ynqdXE8Z9Fnr4irFw&utm_campaign=yelp_api_v3&utm_medium=api_v3_business_search&utm_source=ULHW7ynqdXE8Z9Fnr4irFw"", ""review_count"": 75, ""categories"": [{""alias"": ""italian"", ""title"": ""Italian""}], ""rating"": 4.5, ""coordinates"": {""latitude"": 45.4817907157856, ""longitude"": 9.2031916130563}, ""transactions"": [], ""price"": ""\u20ac\u20ac"", ""location"": {""address1"": ""Piazza San Camillo de Lellis"", ""address2"": """", ""address3"": null, ""city"": ""Milan"", ""zip_code"": ""20124"", ""country"": ""IT"", ""state"": ""MI"", ""display_address"": [""Piazza San Camillo de Lellis"", ""20124 Milan"", ""Italy""]}, ""phone"": ""+393451172559"", ""display_phone"": ""+39 345 117 2559"", ""distance"": 1674.0402133715804}, {""id"": ""LVOH2FiMNi0aVkqYv2y01Q"", ""alias"": ""princi-milano-4"", ""name"": ""Princi"", ""image_url"": ""https://s3-media3.fl.yelpcdn.com/bphoto/M7uoCfk9WMAyr-eziZcjjw/o.jpg"", ""is_closed"": false, ""url"": ""https://www.yelp.com/biz/princi-milano-4?adjust_creative=ULHW7ynqdXE8Z9Fnr4irFw&utm_campaign=yelp_api_v3&utm_medium=api_v3_business_search&utm_source=ULHW7ynqdXE8Z9Fnr4irFw"", ""review_count"": 15, ""categories"": [{""alias"": ""bakeries"", ""title"": ""Bakeries""}, {""alias"": ""cakeshop"", ""title"": ""Patisserie/Cake Shop""}, {""alias"": ""cafeteria"", ""title"": ""Cafeteria""}], ""rating"": 4.0, ""coordinates"": {""latitude"": 45.46944378, ""longitude"": 9.18529088}, ""transactions"": [], ""price"": ""\u20ac"", ""location"": {""address1"": ""Via Ponte Vetero 10"", ""address2"": """", ""address3"": """", ""city"": ""Milan"", ""zip_code"": ""20121"", ""country"": ""IT"", ""state"": ""MI"", ""display_address"": [""Via Ponte Vetero 10"", ""20121 Milan"", ""Italy""]}, ""phone"": ""+390272016067"", ""display_phone"": ""+39 02 7201 6067"", ""distance"": 319.3066453091354}, {""id"": ""d4SZs8GxYb8SWqRqogELog"", ""alias"": ""la-prosciutteria-brera-milano"", ""name"": ""La Prosciutteria - Brera"", ""image_url"": ""https://s3-media2.fl.yelpcdn.com/bphoto/1q3diNiYDbAuy0WGH2dg1w/o.jpg"", ""is_closed"": false, ""url"": ""https://www.yelp.com/biz/la-prosciutteria-brera-milano?adjust_creative=ULHW7ynqdXE8Z9Fnr4irFw&utm_campaign=yelp_api_v3&utm_medium=api_v3_business_search&utm_source=ULHW7ynqdXE8Z9Fnr4irFw"", ""review_count"": 41, ""categories"": [{""alias"": ""wine_bars"", ""title"": ""Wine Bars""}, {""alias"": ""tuscan"", ""title"": ""Tuscan""}, {""alias"": ""sandwiches"", ""title"": ""Sandwiches""}], ""rating"": 4.5, ""coordinates"": {""latitude"": 45.47432, ""longitude"": 9.1834}, ""transactions"": [], ""price"": ""\u20ac\u20ac"", ""location"": {""address1"": ""Corso Garibaldi 55"", ""address2"": """", ""address3"": """", ""city"": ""Milan"", ""zip_code"": ""20121"", ""country"": ""IT"", ""state"": ""MI"", ""display_address"": [""Corso Garibaldi 55"", ""20121 Milan"", ""Italy""]}, ""phone"": ""+390289010390"", ""display_phone"": ""+39 02 8901 0390"", ""distance"": 622.4276238647242}, {""id"": ""EvFUEQ5OyYhqjnPPUjibhg"", ""alias"": ""cioccolati-italiani-milano-6"", ""name"": ""Cioccolati Italiani"", ""image_url"": ""https://s3-media1.fl.yelpcdn.com/bphoto/mfIBCS6ELG6VoUr6N0fUoQ/o.jpg"", ""is_closed"": false, ""url"": ""https://www.yelp.com/biz/cioccolati-italiani-milano-6?adjust_creative=ULHW7ynqdXE8Z9Fnr4irFw&utm_campaign=yelp_api_v3&utm_medium=api_v3_business_search&utm_source=ULHW7ynqdXE8Z9Fnr4irFw"", ""review_count"": 187, ""categories"": [{""alias"": ""chocolate"", ""title"": ""Chocolatiers & Shops""}, {""alias"": ""icecream"", ""title"": ""Ice Cream & Frozen Yogurt""}, {""alias"": ""cafeteria"", ""title"": ""Cafeteria""}], ""rating"": 4.0, ""coordinates"": {""latitude"": 45.465740126863, ""longitude"": 9.19136431399473}, ""transactions"": [], ""price"": ""\u20ac"", ""location"": {""address1"": ""Via San Raffaele 4"", ""address2"": """", ""address3"": """", ""city"": ""Milan"", ""zip_code"": ""20121"", ""country"": ""IT"", ""state"": ""MI"", ""display_address"": [""Via San Raffaele 4"", ""20121 Milan"", ""Italy""]}, ""phone"": ""+390289406651"", ""display_phone"": ""+39 02 8940 6651"", ""distance"": 556.7617490658969}, {""id"": ""uP9njMAAZ9imi4cQYOj5jA"", ""alias"": ""qui-si-mangia-milano-2"", ""name"": ""Qui Si Mangia"", ""image_url"": ""https://s3-media2.fl.yelpcdn.com/bphoto/wcYRp6E6u21jdHGib3yQew/o.jpg"", ""is_closed"": false, ""url"": ""https://www.yelp.com/biz/qui-si-mangia-milano-2?adjust_creative=ULHW7ynqdXE8Z9Fnr4irFw&utm_campaign=yelp_api_v3&utm_medium=api_v3_business_search&utm_source=ULHW7ynqdXE8Z9Fnr4irFw"", ""review_count"": 11, ""categories"": [{""alias"": ""italian"", ""title"": ""Italian""}], ""rating"": 4.5, ""coordinates"": {""latitude"": 45.4849746470106, ""longitude"": 9.19860968408261}, ""transactions"": [], ""location"": {""address1"": ""Via Gustavo Fara 33"", ""address2"": """", ""address3"": null, ""city"": ""Milan"", ""zip_code"": ""20124"", ""country"": ""IT"", ""state"": ""MI"", ""display_address"": [""Via Gustavo Fara 33"", ""20124 Milan"", ""Italy""]}, ""phone"": ""+390223186584"", ""display_phone"": ""+39 02 2318 6584"", ""distance"": 1776.989877370784}, {""id"": ""sjCnkhCOBgFrDFh2MdcqnA"", ""alias"": ""spontini-milano-7"", ""name"": ""Spontini"", ""image_url"": ""https://s3-media2.fl.yelpcdn.com/bphoto/_QGBZ6Qp_JP3fiyJ861NFQ/o.jpg"", ""is_closed"": false, ""url"": ""https://www.yelp.com/biz/spontini-milano-7?adjust_creative=ULHW7ynqdXE8Z9Fnr4irFw&utm_campaign=yelp_api_v3&utm_medium=api_v3_business_search&utm_source=ULHW7ynqdXE8Z9Fnr4irFw"", ""review_count"": 77, ""categories"": [{""alias"": ""pizza"", ""title"": ""Pizza""}], ""rating"": 4.0, ""coordinates"": {""latitude"": 45.4656916669193, ""longitude"": 9.19118126054542}, ""transactions"": [], ""price"": ""\u20ac"", ""location"": {""address1"": ""Via Santa Radegonda 11"", ""address2"": """", ""address3"": """", ""city"": ""Milan"", ""zip_code"": ""20121"", ""country"": ""IT"", ""state"": ""MI"", ""display_address"": [""Via Santa Radegonda 11"", ""20121 Milan"", ""Italy""]}, ""phone"": ""+390289092621"", ""display_phone"": ""+39 02 8909 2621"", ""distance"": 557.4035980017368}, {""id"": ""SKMKr2sJgWCVr0_zD7Yyxw"", ""alias"": ""galleria-vittorio-emanuele-ii-milano-5"", ""name"": ""Galleria Vittorio Emanuele II"", ""image_url"": ""https://s3-media4.fl.yelpcdn.com/bphoto/eVpSIIhCLUoN2_xruql7OA/o.jpg"", ""is_closed"": false, ""url"": ""https://www.yelp.com/biz/galleria-vittorio-emanuele-ii-milano-5?adjust_creative=ULHW7ynqdXE8Z9Fnr4irFw&utm_campaign=yelp_api_v3&utm_medium=api_v3_business_search&utm_source=ULHW7ynqdXE8Z9Fnr4irFw"", ""review_count"": 177, ""categories"": [{""alias"": ""landmarks"", ""title"": ""Landmarks & Historical Buildings""}, {""alias"": ""shoppingpassages"", ""title"": ""Shopping Passages""}], ""rating"": 4.5, ""coordinates"": {""latitude"": 45.4656388665993, ""longitude"": 9.19007420539856}, ""transactions"": [], ""price"": ""\u20ac\u20ac\u20ac\u20ac"", ""location"": {""address1"": ""Galleria Vittorio Emanuele II"", ""address2"": """", ""address3"": """", ""city"": ""Milan"", ""zip_code"": ""20123"", ""country"": ""IT"", ""state"": ""MI"", ""display_address"": [""Galleria Vittorio Emanuele II"", ""20123 Milan"", ""Italy""]}, ""phone"": ""+390288455555"", ""display_phone"": ""+39 02 8845 5555"", ""distance"": 543.6090839863814}, {""id"": ""idTho2Dh_Vhp5tiDjwRe5w"", ""alias"": ""caff\u00e8-della-pusterla-milano-3"", ""name"": ""Caff\u00e8 della Pusterla"", ""image_url"": ""https://s3-media3.fl.yelpcdn.com/bphoto/iLs4dqlXeECiGGmxFDBTBg/o.jpg"", ""is_closed"": false, ""url"": ""https://www.yelp.com/biz/caff%C3%A8-della-pusterla-milano-3?adjust_creative=ULHW7ynqdXE8Z9Fnr4irFw&utm_campaign=yelp_api_v3&utm_medium=api_v3_business_search&utm_source=ULHW7ynqdXE8Z9Fnr4irFw"", ""review_count"": 8, ""categories"": [{""alias"": ""italian"", ""title"": ""Italian""}, {""alias"": ""wine_bars"", ""title"": ""Wine Bars""}, {""alias"": ""cafes"", ""title"": ""Cafes""}], ""rating"": 4.5, ""coordinates"": {""latitude"": 45.4586776917527, ""longitude"": 9.178277141562}, ""transactions"": [], ""location"": {""address1"": ""Via Edmondo de Amicis 22"", ""address2"": """", ""address3"": """", ""city"": ""Milan"", ""zip_code"": ""20123"", ""country"": ""IT"", ""state"": ""MI"", ""display_address"": [""Via Edmondo de Amicis 22"", ""20123 Milan"", ""Italy""]}, ""phone"": ""+390236745641"", ""display_phone"": ""+39 02 3674 5641"", ""distance"": 1556.8784421702978}, {""id"": ""80xVw2r4okJWq72cQAR4-g"", ""alias"": ""porcky-milano"", ""name"": ""Porcky"", ""image_url"": ""https://s3-media1.fl.yelpcdn.com/bphoto/MSO9-HnWle-VTglJMvZP_Q/o.jpg"", ""is_closed"": false, ""url"": ""https://www.yelp.com/biz/porcky-milano?adjust_creative=ULHW7ynqdXE8Z9Fnr4irFw&utm_campaign=yelp_api_v3&utm_medium=api_v3_business_search&utm_source=ULHW7ynqdXE8Z9Fnr4irFw"", ""review_count"": 1, ""categories"": [{""alias"": ""italian"", ""title"": ""Italian""}], ""rating"": 5.0, ""coordinates"": {""latitude"": 45.4520357, ""longitude"": 9.1852647}, ""transactions"": [], ""location"": {""address1"": ""Viale Col Di Lana 15"", ""address2"": """", ""address3"": """", ""city"": ""Milan"", ""zip_code"": ""20136"", ""country"": ""IT"", ""state"": ""MI"", ""display_address"": [""Viale Col Di Lana 15"", ""20136 Milan"", ""Italy""]}, ""phone"": ""+393355242390"", ""display_phone"": ""+39 335 524 2390"", ""distance"": 2071.082554415444}, {""id"": ""gIX6RNxLonezLp9x0EJfVA"", ""alias"": ""camparino-in-galleria-milano"", ""name"": ""Camparino in Galleria"", ""image_url"": ""https://s3-media1.fl.yelpcdn.com/bphoto/ItNQxK9sX4rNv35DA4N5ug/o.jpg"", ""is_closed"": false, ""url"": ""https://www.yelp.com/biz/camparino-in-galleria-milano?adjust_creative=ULHW7ynqdXE8Z9Fnr4irFw&utm_campaign=yelp_api_v3&utm_medium=api_v3_business_search&utm_source=ULHW7ynqdXE8Z9Fnr4irFw"", ""review_count"": 38, ""categories"": [{""alias"": ""cafes"", ""title"": ""Cafes""}, {""alias"": ""italian"", ""title"": ""Italian""}], ""rating"": 4.0, ""coordinates"": {""latitude"": 45.4648935805683, ""longitude"": 9.18999284105098}, ""transactions"": [], ""price"": ""\u20ac\u20ac"", ""location"": {""address1"": ""Galleria Vittorio Emanuele"", ""address2"": """", ""address3"": """", ""city"": ""Milan"", ""zip_code"": ""20122"", ""country"": ""IT"", ""state"": ""MI"", ""display_address"": [""Galleria Vittorio Emanuele"", ""20122 Milan"", ""Italy""]}, ""phone"": ""+390286464435"", ""display_phone"": ""+39 02 8646 4435"", ""distance"": 624.883383237563}, {""id"": ""6A--S2LYphoFV8UF9Vn8HA"", ""alias"": ""amami-milano-2"", ""name"": ""Amami"", ""image_url"": ""https://s3-media3.fl.yelpcdn.com/bphoto/8YBhC1w95LQ5omsm1sLSMQ/o.jpg"", ""is_closed"": false, ""url"": ""https://www.yelp.com/biz/amami-milano-2?adjust_creative=ULHW7ynqdXE8Z9Fnr4irFw&utm_campaign=yelp_api_v3&utm_medium=api_v3_business_search&utm_source=ULHW7ynqdXE8Z9Fnr4irFw"", ""review_count"": 8, ""categories"": [{""alias"": ""italian"", ""title"": ""Italian""}, {""alias"": ""desserts"", ""title"": ""Desserts""}, {""alias"": ""pizza"", ""title"": ""Pizza""}], ""rating"": 4.5, ""coordinates"": {""latitude"": 45.4804841995946, ""longitude"": 9.19264488836134}, ""transactions"": [], ""price"": ""\u20ac\u20ac"", ""location"": {""address1"": ""Via Amerigo Vespucci 1"", ""address2"": """", ""address3"": """", ""city"": ""Milan"", ""zip_code"": ""20124"", ""country"": ""IT"", ""state"": ""MI"", ""display_address"": [""Via Amerigo Vespucci 1"", ""20124 Milan"", ""Italy""]}, ""phone"": ""+390265560388"", ""display_phone"": ""+39 02 6556 0388"", ""distance"": 1148.2678504077235}, {""id"": ""B6QJpEPyMZjOjwCky27CPA"", ""alias"": ""margy-burger-milano"", ""name"": ""Margy Burger"", ""image_url"": ""https://s3-media4.fl.yelpcdn.com/bphoto/aSv9HTtuZuAm0WaxPNzqNQ/o.jpg"", ""is_closed"": false, ""url"": ""https://www.yelp.com/biz/margy-burger-milano?adjust_creative=ULHW7ynqdXE8Z9Fnr4irFw&utm_campaign=yelp_api_v3&utm_medium=api_v3_business_search&utm_source=ULHW7ynqdXE8Z9Fnr4irFw"", ""review_count"": 34, ""categories"": [{""alias"": ""burgers"", ""title"": ""Burgers""}, {""alias"": ""sandwiches"", ""title"": ""Sandwiches""}, {""alias"": ""hotdogs"", ""title"": ""Fast Food""}], ""rating"": 4.0, ""coordinates"": {""latitude"": 45.4623804, ""longitude"": 9.1942302}, ""transactions"": [], ""price"": ""\u20ac"", ""location"": {""address1"": ""Piazza Santo Stefano 2"", ""address2"": """", ""address3"": """", ""city"": ""Milan"", ""zip_code"": ""20122"", ""country"": ""IT"", ""state"": ""MI"", ""display_address"": [""Piazza Santo Stefano 2"", ""20122 Milan"", ""Italy""]}, ""phone"": ""+390258303734"", ""display_phone"": ""+39 02 5830 3734"", ""distance"": 986.8887605727166}, {""id"": ""AyEC3zx7AkgISU0CywkEVw"", ""alias"": ""mind-the-gap-milano"", ""name"": ""Mind The Gap"", ""image_url"": ""https://s3-media2.fl.yelpcdn.com/bphoto/VVXYQ20SaAHvnjK4F5j4-Q/o.jpg"", ""is_closed"": false, ""url"": ""https://www.yelp.com/biz/mind-the-gap-milano?adjust_creative=ULHW7ynqdXE8Z9Fnr4irFw&utm_campaign=yelp_api_v3&utm_medium=api_v3_business_search&utm_source=ULHW7ynqdXE8Z9Fnr4irFw"", ""review_count"": 8, ""categories"": [{""alias"": ""sportsbars"", ""title"": ""Sports Bars""}, {""alias"": ""pubs"", ""title"": ""Pubs""}, {""alias"": ""burgers"", ""title"": ""Burgers""}], ""rating"": 4.5, ""coordinates"": {""latitude"": 45.4566293, ""longitude"": 9.2024225}, ""transactions"": [], ""price"": ""\u20ac\u20ac"", ""location"": {""address1"": ""Via Curtatone 5"", ""address2"": """", ""address3"": """", ""city"": ""Milan"", ""zip_code"": ""20122"", ""country"": ""IT"", ""state"": ""MI"", ""display_address"": [""Via Curtatone 5"", ""20122 Milan"", ""Italy""]}, ""phone"": ""+390222222050"", ""display_phone"": ""+39 02 2222 2050"", ""distance"": 1860.069921765241}, {""id"": ""juQzL47spxbsNyR9Mg4jMQ"", ""alias"": ""peck-milano-2"", ""name"": ""Peck"", ""image_url"": ""https://s3-media2.fl.yelpcdn.com/bphoto/uYLGe67JvsWJRCtBo-9d5Q/o.jpg"", ""is_closed"": false, ""url"": ""https://www.yelp.com/biz/peck-milano-2?adjust_creative=ULHW7ynqdXE8Z9Fnr4irFw&utm_campaign=yelp_api_v3&utm_medium=api_v3_business_search&utm_source=ULHW7ynqdXE8Z9Fnr4irFw"", ""review_count"": 69, ""categories"": [{""alias"": ""wine_bars"", ""title"": ""Wine Bars""}, {""alias"": ""italian"", ""title"": ""Italian""}, {""alias"": ""gastropubs"", ""title"": ""Gastropubs""}], ""rating"": 4.0, ""coordinates"": {""latitude"": 45.46353, ""longitude"": 9.18702}, ""transactions"": [], ""price"": ""\u20ac\u20ac\u20ac\u20ac"", ""location"": {""address1"": ""Via Spadari 9"", ""address2"": """", ""address3"": """", ""city"": ""Milan"", ""zip_code"": ""20123"", ""country"": ""IT"", ""state"": ""MI"", ""display_address"": [""Via Spadari 9"", ""20123 Milan"", ""Italy""]}, ""phone"": ""+39028023161"", ""display_phone"": ""+39 02 802 3161"", ""distance"": 790.0091640553874}, {""id"": ""x3kgBwxvkcdifORwMrv9iA"", ""alias"": ""bulgari-hotel-milano-milano"", ""name"": ""Bulgari Hotel Milano"", ""image_url"": ""https://s3-media2.fl.yelpcdn.com/bphoto/VIPL5lwzwYvrnewVH5ss3w/o.jpg"", ""is_closed"": false, ""url"": ""https://www.yelp.com/biz/bulgari-hotel-milano-milano?adjust_creative=ULHW7ynqdXE8Z9Fnr4irFw&utm_campaign=yelp_api_v3&utm_medium=api_v3_business_search&utm_source=ULHW7ynqdXE8Z9Fnr4irFw"", ""review_count"": 30, ""categories"": [{""alias"": ""hotels"", ""title"": ""Hotels""}, {""alias"": ""venues"", ""title"": ""Venues & Event Spaces""}], ""rating"": 4.5, ""coordinates"": {""latitude"": 45.470621, ""longitude"": 9.189779}, ""transactions"": [], ""price"": ""\u20ac\u20ac\u20ac\u20ac"", ""location"": {""address1"": ""Via Privata Fratelli Gabba 7B"", ""address2"": null, ""address3"": null, ""city"": ""Milan"", ""zip_code"": ""20121"", ""country"": ""IT"", ""state"": ""MI"", ""display_address"": [""Via Privata Fratelli Gabba 7B"", ""20121 Milan"", ""Italy""]}, ""phone"": ""+39028058051"", ""display_phone"": ""+39 02 805 8051"", ""distance"": 60.42029271204239}, {""id"": ""3yqqophGsrR4m-eI8eFzCA"", ""alias"": ""amorino-milano"", ""name"": ""Amorino"", ""image_url"": ""https://s3-media1.fl.yelpcdn.com/bphoto/Cwd2ZpIvnQ0mHmCru1qkOA/o.jpg"", ""is_closed"": false, ""url"": ""https://www.yelp.com/biz/amorino-milano?adjust_creative=ULHW7ynqdXE8Z9Fnr4irFw&utm_campaign=yelp_api_v3&utm_medium=api_v3_business_search&utm_source=ULHW7ynqdXE8Z9Fnr4irFw"", ""review_count"": 32, ""categories"": [{""alias"": ""icecream"", ""title"": ""Ice Cream & Frozen Yogurt""}, {""alias"": ""italian"", ""title"": ""Italian""}], ""rating"": 4.0, ""coordinates"": {""latitude"": 45.4720531573875, ""longitude"": 9.18571829795837}, ""transactions"": [], ""price"": ""\u20ac"", ""location"": {""address1"": ""Via Fiori Chiari 9"", ""address2"": """", ""address3"": """", ""city"": ""Milan"", ""zip_code"": ""20121"", ""country"": ""IT"", ""state"": ""MI"", ""display_address"": [""Via Fiori Chiari 9"", ""20121 Milan"", ""Italy""]}, ""phone"": ""+390291532598"", ""display_phone"": ""+39 02 9153 2598"", ""distance"": 312.5779290550851}, {""id"": ""_u2EvCe83MXKeq_MY7QiCg"", ""alias"": ""pinacoteca-di-brera-milano"", ""name"": ""Pinacoteca di Brera"", ""image_url"": ""https://s3-media1.fl.yelpcdn.com/bphoto/nGivNT7xL0z2dCNAYAtjrQ/o.jpg"", ""is_closed"": false, ""url"": ""https://www.yelp.com/biz/pinacoteca-di-brera-milano?adjust_creative=ULHW7ynqdXE8Z9Fnr4irFw&utm_campaign=yelp_api_v3&utm_medium=api_v3_business_search&utm_source=ULHW7ynqdXE8Z9Fnr4irFw"", ""review_count"": 35, ""categories"": [{""alias"": ""museums"", ""title"": ""Museums""}, {""alias"": ""landmarks"", ""title"": ""Landmarks & Historical Buildings""}], ""rating"": 4.5, ""coordinates"": {""latitude"": 45.471961827783, ""longitude"": 9.1878416976337}, ""transactions"": [], ""location"": {""address1"": ""Via Brera 28"", ""address2"": """", ""address3"": """", ""city"": ""Milan"", ""zip_code"": ""20121"", ""country"": ""IT"", ""state"": ""MI"", ""display_address"": [""Via Brera 28"", ""20121 Milan"", ""Italy""]}, ""phone"": ""+390272263264"", ""display_phone"": ""+39 02 7226 3264"", ""distance"": 189.86302855878193}, {""id"": ""39BUOo1psHniA79R7b4gZQ"", ""alias"": ""bj\u00f6rk-milano"", ""name"": ""Bj\u00f6rk"", ""image_url"": ""https://s3-media2.fl.yelpcdn.com/bphoto/xdisBJyzRoKbLT-KMuS-xQ/o.jpg"", ""is_closed"": false, ""url"": ""https://www.yelp.com/biz/bj%C3%B6rk-milano?adjust_creative=ULHW7ynqdXE8Z9Fnr4irFw&utm_campaign=yelp_api_v3&utm_medium=api_v3_business_search&utm_source=ULHW7ynqdXE8Z9Fnr4irFw"", ""review_count"": 14, ""categories"": [{""alias"": ""brasseries"", ""title"": ""Brasseries""}, {""alias"": ""gourmet"", ""title"": ""Specialty Food""}, {""alias"": ""scandinavian"", ""title"": ""Scandinavian""}], ""rating"": 4.5, ""coordinates"": {""latitude"": 45.4770847, ""longitude"": 9.202022}, ""transactions"": [], ""price"": ""\u20ac\u20ac\u20ac"", ""location"": {""address1"": ""Via Panfilo Castaldi 20"", ""address2"": """", ""address3"": """", ""city"": ""Milan"", ""zip_code"": ""20124"", ""country"": ""IT"", ""state"": ""MI"", ""display_address"": [""Via Panfilo Castaldi 20"", ""20124 Milan"", ""Italy""]}, ""phone"": ""+390249457424"", ""display_phone"": ""+39 02 4945 7424"", ""distance"": 1251.4811021251285}, {""id"": ""nG17rJziVn95hg89BLsJQg"", ""alias"": ""il-re-milano"", ""name"": ""Il Re"", ""image_url"": ""https://s3-media1.fl.yelpcdn.com/bphoto/wSIeq1EeDeioI2YSG4O0nA/o.jpg"", ""is_closed"": false, ""url"": ""https://www.yelp.com/biz/il-re-milano?adjust_creative=ULHW7ynqdXE8Z9Fnr4irFw&utm_campaign=yelp_api_v3&utm_medium=api_v3_business_search&utm_source=ULHW7ynqdXE8Z9Fnr4irFw"", ""review_count"": 2, ""categories"": [{""alias"": ""desserts"", ""title"": ""Desserts""}, {""alias"": ""bakeries"", ""title"": ""Bakeries""}, {""alias"": ""cafes"", ""title"": ""Cafes""}], ""rating"": 4.5, ""coordinates"": {""latitude"": 45.477992, ""longitude"": 9.203622}, ""transactions"": [], ""location"": {""address1"": ""Viale Tunisia 19"", ""address2"": """", ""address3"": null, ""city"": ""Milan"", ""zip_code"": ""20121"", ""country"": ""IT"", ""state"": ""MI"", ""display_address"": [""Viale Tunisia 19"", ""20121 Milan"", ""Italy""]}, ""phone"": ""+390239449427"", ""display_phone"": ""+39 02 3944 9427"", ""distance"": 1411.726391863045}, {""id"": ""H4RFvFo8DnBppjbG1LLbUw"", ""alias"": ""lavanderia-self-service-milano-5"", ""name"": ""Lavanderia Self Service"", ""image_url"": ""https://s3-media3.fl.yelpcdn.com/bphoto/64Wy5No5ptV_AWTBwt_fjQ/o.jpg"", ""is_closed"": false, ""url"": ""https://www.yelp.com/biz/lavanderia-self-service-milano-5?adjust_creative=ULHW7ynqdXE8Z9Fnr4irFw&utm_campaign=yelp_api_v3&utm_medium=api_v3_business_search&utm_source=ULHW7ynqdXE8Z9Fnr4irFw"", ""review_count"": 13, ""categories"": [{""alias"": ""laundryservices"", ""title"": ""Laundry Services""}], ""rating"": 4.5, ""coordinates"": {""latitude"": 45.4762220580699, ""longitude"": 9.20511804521084}, ""transactions"": [], ""price"": ""\u20ac"", ""location"": {""address1"": ""Via Alessandro Tadino 6"", ""address2"": """", ""address3"": """", ""city"": ""Milan"", ""zip_code"": ""20124"", ""country"": ""IT"", ""state"": ""MI"", ""display_address"": [""Via Alessandro Tadino 6"", ""20124 Milan"", ""Italy""]}, ""phone"": ""+393493142939"", ""display_phone"": ""+39 349 314 2939"", ""distance"": 1407.7102652288647}, {""id"": ""DcJNJv75JA4q-YEfqI0Z_Q"", ""alias"": ""armani-bamboo-bar-milano"", ""name"": ""Armani Bamboo Bar"", ""image_url"": ""https://s3-media2.fl.yelpcdn.com/bphoto/Yh7iQC_3oNgW047rYLl93w/o.jpg"", ""is_closed"": false, ""url"": ""https://www.yelp.com/biz/armani-bamboo-bar-milano?adjust_creative=ULHW7ynqdXE8Z9Fnr4irFw&utm_campaign=yelp_api_v3&utm_medium=api_v3_business_search&utm_source=ULHW7ynqdXE8Z9Fnr4irFw"", ""review_count"": 22, ""categories"": [{""alias"": ""lounges"", ""title"": ""Lounges""}, {""alias"": ""breakfast_brunch"", ""title"": ""Breakfast & Brunch""}, {""alias"": ""cocktailbars"", ""title"": ""Cocktail Bars""}], ""rating"": 4.0, ""coordinates"": {""latitude"": 45.470417376094, ""longitude"": 9.19285291534425}, ""transactions"": [], ""price"": ""\u20ac\u20ac\u20ac"", ""location"": {""address1"": ""Via Alessandro Manzoni 31"", ""address2"": """", ""address3"": """", ""city"": ""Milan"", ""zip_code"": ""20121"", ""country"": ""IT"", ""state"": ""MI"", ""display_address"": [""Via Alessandro Manzoni 31"", ""20121 Milan"", ""Italy""]}, ""phone"": ""+390288838888"", ""display_phone"": ""+39 02 8883 8888"", ""distance"": 297.8950654695612}, {""id"": ""-NOh0ZRMIDMrnooXyYXY3g"", ""alias"": ""osteria-mamma-rosa-milano"", ""name"": ""Osteria Mamma Rosa"", ""image_url"": ""https://s3-media4.fl.yelpcdn.com/bphoto/O_eGph_u5V5v-IxZk7n7TQ/o.jpg"", ""is_closed"": false, ""url"": ""https://www.yelp.com/biz/osteria-mamma-rosa-milano?adjust_creative=ULHW7ynqdXE8Z9Fnr4irFw&utm_campaign=yelp_api_v3&utm_medium=api_v3_business_search&utm_source=ULHW7ynqdXE8Z9Fnr4irFw"", ""review_count"": 56, ""categories"": [{""alias"": ""italian"", ""title"": ""Italian""}, {""alias"": ""pianobars"", ""title"": ""Piano Bars""}, {""alias"": ""seafood"", ""title"": ""Seafood""}], ""rating"": 4.0, ""coordinates"": {""latitude"": 45.4796554297475, ""longitude"": 9.20442729056782}, ""transactions"": [], ""price"": ""\u20ac\u20ac\u20ac"", ""location"": {""address1"": ""Piazza Cincinnato 4"", ""address2"": null, ""address3"": """", ""city"": ""Milan"", ""zip_code"": ""20124"", ""country"": ""IT"", ""state"": ""MI"", ""display_address"": [""Piazza Cincinnato 4"", ""20124 Milan"", ""Italy""]}, ""phone"": ""+390229522076"", ""display_phone"": ""+39 02 2952 2076"", ""distance"": 1575.8260372778243}, {""id"": ""D_6v8bQV3fXWJzSzprYp_g"", ""alias"": ""mamastreat-milano"", ""name"": ""MamaStreat"", ""image_url"": ""https://s3-media2.fl.yelpcdn.com/bphoto/ScHPV_HpdRI1AWDrBgG2jQ/o.jpg"", ""is_closed"": false, ""url"": ""https://www.yelp.com/biz/mamastreat-milano?adjust_creative=ULHW7ynqdXE8Z9Fnr4irFw&utm_campaign=yelp_api_v3&utm_medium=api_v3_business_search&utm_source=ULHW7ynqdXE8Z9Fnr4irFw"", ""review_count"": 9, ""categories"": [{""alias"": ""mexican"", ""title"": ""Mexican""}, {""alias"": ""argentine"", ""title"": ""Argentine""}], ""rating"": 4.0, ""coordinates"": {""latitude"": 45.4563599, ""longitude"": 9.1808205}, ""transactions"": [], ""price"": ""\u20ac"", ""location"": {""address1"": ""Corso di Porta Ticinese 77"", ""address2"": """", ""address3"": """", ""city"": ""Milan"", ""zip_code"": ""20123"", ""country"": ""IT"", ""state"": ""MI"", ""display_address"": [""Corso di Porta Ticinese 77"", ""20123 Milan"", ""Italy""]}, ""phone"": ""+390291679165"", ""display_phone"": ""+39 02 9167 9165"", ""distance"": 1687.8364484235594}, {""id"": ""4mYbfRKsHZn2EW4dLjvF5w"", ""alias"": ""la-tartina-milano"", ""name"": ""La Tartina"", ""image_url"": ""https://s3-media2.fl.yelpcdn.com/bphoto/inmdDZnGU7kiEIoy_LRQhw/o.jpg"", ""is_closed"": false, ""url"": ""https://www.yelp.com/biz/la-tartina-milano?adjust_creative=ULHW7ynqdXE8Z9Fnr4irFw&utm_campaign=yelp_api_v3&utm_medium=api_v3_business_search&utm_source=ULHW7ynqdXE8Z9Fnr4irFw"", ""review_count"": 21, ""categories"": [{""alias"": ""tapasmallplates"", ""title"": ""Tapas/Small Plates""}, {""alias"": ""tapas"", ""title"": ""Tapas Bars""}], ""rating"": 4.0, ""coordinates"": {""latitude"": 45.47149110917, ""longitude"": 9.18471885656129}, ""transactions"": [], ""price"": ""\u20ac\u20ac"", ""location"": {""address1"": ""Via San Carpoforo 4"", ""address2"": """", ""address3"": """", ""city"": ""Milan"", ""zip_code"": ""20121"", ""country"": ""IT"", ""state"": ""MI"", ""display_address"": [""Via San Carpoforo 4"", ""20121 Milan"", ""Italy""]}, ""phone"": ""+390236704900"", ""display_phone"": ""+39 02 3670 4900"", ""distance"": 354.98633098626925}, {""id"": ""sdNGnpgOQO9D57Lch7bPHQ"", ""alias"": ""dolce-e-gabbana-martini-milano-2"", ""name"": ""Dolce & Gabbana Martini"", ""image_url"": ""https://s3-media2.fl.yelpcdn.com/bphoto/un_qFhxUBjfLifqhB6MEvA/o.jpg"", ""is_closed"": false, ""url"": ""https://www.yelp.com/biz/dolce-e-gabbana-martini-milano-2?adjust_creative=ULHW7ynqdXE8Z9Fnr4irFw&utm_campaign=yelp_api_v3&utm_medium=api_v3_business_search&utm_source=ULHW7ynqdXE8Z9Fnr4irFw"", ""review_count"": 28, ""categories"": [{""alias"": ""bars"", ""title"": ""Bars""}, {""alias"": ""bistros"", ""title"": ""Bistros""}, {""alias"": ""sicilian"", ""title"": ""Sicilian""}], ""rating"": 4.0, ""coordinates"": {""latitude"": 45.46838, ""longitude"": 9.1987104}, ""transactions"": [], ""price"": ""\u20ac\u20ac\u20ac"", ""location"": {""address1"": ""Corso Venezia 15"", ""address2"": """", ""address3"": """", ""city"": ""Milan"", ""zip_code"": ""20122"", ""country"": ""IT"", ""state"": ""MI"", ""display_address"": [""Corso Venezia 15"", ""20122 Milan"", ""Italy""]}, ""phone"": ""+390276011154"", ""display_phone"": ""+39 02 7601 1154"", ""distance"": 787.6329025279484}, {""id"": ""h5YXtchCZsd_VdPJG_xRYQ"", ""alias"": ""i-capatosta-milano-4"", ""name"": ""I Capatosta"", ""image_url"": ""https://s3-media1.fl.yelpcdn.com/bphoto/XB4VXNRiYHIh5uQxPO5QwA/o.jpg"", ""is_closed"": false, ""url"": ""https://www.yelp.com/biz/i-capatosta-milano-4?adjust_creative=ULHW7ynqdXE8Z9Fnr4irFw&utm_campaign=yelp_api_v3&utm_medium=api_v3_business_search&utm_source=ULHW7ynqdXE8Z9Fnr4irFw"", ""review_count"": 34, ""categories"": [{""alias"": ""pizza"", ""title"": ""Pizza""}], ""rating"": 4.0, ""coordinates"": {""latitude"": 45.450988, ""longitude"": 9.170582}, ""transactions"": [], ""price"": ""\u20ac\u20ac"", ""location"": {""address1"": ""Alzaia Naviglio Grande 56"", ""address2"": null, ""address3"": """", ""city"": ""Milan"", ""zip_code"": ""20136"", ""country"": ""IT"", ""state"": ""MI"", ""display_address"": [""Alzaia Naviglio Grande 56"", ""20136 Milan"", ""Italy""]}, ""phone"": ""+390289415910"", ""display_phone"": ""+39 02 8941 5910"", ""distance"": 2600.9888438095845}, {""id"": ""eNBIQ2-nOViqFgfiZk-tqA"", ""alias"": ""3-fratelli-milano"", ""name"": ""3 Fratelli"", ""image_url"": ""https://s3-media2.fl.yelpcdn.com/bphoto/qXwI7P7BHK9EcQXLPXX08w/o.jpg"", ""is_closed"": false, ""url"": ""https://www.yelp.com/biz/3-fratelli-milano?adjust_creative=ULHW7ynqdXE8Z9Fnr4irFw&utm_campaign=yelp_api_v3&utm_medium=api_v3_business_search&utm_source=ULHW7ynqdXE8Z9Fnr4irFw"", ""review_count"": 12, ""categories"": [{""alias"": ""pizza"", ""title"": ""Pizza""}, {""alias"": ""bbq"", ""title"": ""Barbeque""}, {""alias"": ""seafood"", ""title"": ""Seafood""}], ""rating"": 5.0, ""coordinates"": {""latitude"": 45.48978, ""longitude"": 9.21288}, ""transactions"": [], ""price"": ""\u20ac"", ""location"": {""address1"": ""Via Pietro Marocco 12"", ""address2"": null, ""address3"": null, ""city"": ""Milan"", ""zip_code"": ""20127"", ""country"": ""IT"", ""state"": ""MI"", ""display_address"": [""Via Pietro Marocco 12"", ""20127 Milan"", ""Italy""]}, ""phone"": ""+390226145126"", ""display_phone"": ""+39 02 2614 5126"", ""distance"": 2846.32343083853}, {""id"": ""h0oS7IWakbA16uq33Qrveg"", ""alias"": ""jin-yong-milano"", ""name"": ""Jin Yong"", ""image_url"": ""https://s3-media1.fl.yelpcdn.com/bphoto/Jp3JZLbHOEtrF7tanAH86Q/o.jpg"", ""is_closed"": false, ""url"": ""https://www.yelp.com/biz/jin-yong-milano?adjust_creative=ULHW7ynqdXE8Z9Fnr4irFw&utm_campaign=yelp_api_v3&utm_medium=api_v3_business_search&utm_source=ULHW7ynqdXE8Z9Fnr4irFw"", ""review_count"": 19, ""categories"": [{""alias"": ""chinese"", ""title"": ""Chinese""}], ""rating"": 4.0, ""coordinates"": {""latitude"": 45.48183918, ""longitude"": 9.18118984}, ""transactions"": [], ""price"": ""\u20ac\u20ac"", ""location"": {""address1"": ""Via Paolo Sarpi 2"", ""address2"": """", ""address3"": """", ""city"": ""Milan"", ""zip_code"": ""20154"", ""country"": ""IT"", ""state"": ""MI"", ""display_address"": [""Via Paolo Sarpi 2"", ""20154 Milan"", ""Italy""]}, ""phone"": ""+3902341476"", ""display_phone"": ""+39 02 341476"", ""distance"": 1399.4960508453432}, {""id"": ""tmaS6bacdKXlWjLb7VLKfw"", ""alias"": ""giacomo-bistrot-milano"", ""name"": ""Giacomo Bistrot"", ""image_url"": ""https://s3-media2.fl.yelpcdn.com/bphoto/nZBTT4tj6u9yg7Bi1gDxrQ/o.jpg"", ""is_closed"": false, ""url"": ""https://www.yelp.com/biz/giacomo-bistrot-milano?adjust_creative=ULHW7ynqdXE8Z9Fnr4irFw&utm_campaign=yelp_api_v3&utm_medium=api_v3_business_search&utm_source=ULHW7ynqdXE8Z9Fnr4irFw"", ""review_count"": 12, ""categories"": [{""alias"": ""italian"", ""title"": ""Italian""}, {""alias"": ""buffets"", ""title"": ""Buffets""}], ""rating"": 4.0, ""coordinates"": {""latitude"": 45.465449697085, ""longitude"": 9.2084302232765}, ""transactions"": [], ""price"": ""\u20ac\u20ac\u20ac"", ""location"": {""address1"": ""Via Pasquale Sottocorno 6"", ""address2"": """", ""address3"": """", ""city"": ""Milan"", ""zip_code"": ""20129"", ""country"": ""IT"", ""state"": ""MI"", ""display_address"": [""Via Pasquale Sottocorno 6"", ""20129 Milan"", ""Italy""]}, ""phone"": ""+390276022653"", ""display_phone"": ""+39 02 7602 2653"", ""distance"": 1612.4239802008162}, {""id"": ""9JtTDyqVWzP6BvOv_Fb1CA"", ""alias"": ""tropi-e-co-milano"", ""name"": ""Tropi & Co"", ""image_url"": ""https://s3-media4.fl.yelpcdn.com/bphoto/CNCDDbbDd0RuYlxAzn_Bdw/o.jpg"", ""is_closed"": false, ""url"": ""https://www.yelp.com/biz/tropi-e-co-milano?adjust_creative=ULHW7ynqdXE8Z9Fnr4irFw&utm_campaign=yelp_api_v3&utm_medium=api_v3_business_search&utm_source=ULHW7ynqdXE8Z9Fnr4irFw"", ""review_count"": 14, ""categories"": [{""alias"": ""pizza"", ""title"": ""Pizza""}, {""alias"": ""italian"", ""title"": ""Italian""}], ""rating"": 4.0, ""coordinates"": {""latitude"": 45.4395867794648, ""longitude"": 9.20374333547699}, ""transactions"": [], ""price"": ""\u20ac\u20ac"", ""location"": {""address1"": ""Viale Ortles 31"", ""address2"": null, ""address3"": null, ""city"": ""Milan"", ""zip_code"": ""20139"", ""country"": ""IT"", ""state"": ""MI"", ""display_address"": [""Viale Ortles 31"", ""20139 Milan"", ""Italy""]}, ""phone"": ""+390256808401"", ""display_phone"": ""+39 02 5680 8401"", ""distance"": 3620.9616085027506}, {""id"": ""NtfFOYF7MBzprPeHQOMnZQ"", ""alias"": ""caputo-milano"", ""name"": ""Caputo"", ""image_url"": ""https://s3-media3.fl.yelpcdn.com/bphoto/8AuBOsfy94tYrBwQCBypRQ/o.jpg"", ""is_closed"": false, ""url"": ""https://www.yelp.com/biz/caputo-milano?adjust_creative=ULHW7ynqdXE8Z9Fnr4irFw&utm_campaign=yelp_api_v3&utm_medium=api_v3_business_search&utm_source=ULHW7ynqdXE8Z9Fnr4irFw"", ""review_count"": 10, ""categories"": [{""alias"": ""pizza"", ""title"": ""Pizza""}, {""alias"": ""napoletana"", ""title"": ""Napoletana""}], ""rating"": 3.5, ""coordinates"": {""latitude"": 45.4624231753957, ""longitude"": 9.18750522025802}, ""transactions"": [], ""price"": ""\u20ac\u20ac"", ""location"": {""address1"": ""Via Falcone 7"", ""address2"": """", ""address3"": """", ""city"": ""Milan"", ""zip_code"": ""20123"", ""country"": ""IT"", ""state"": ""MI"", ""display_address"": [""Via Falcone 7"", ""20123 Milan"", ""Italy""]}, ""phone"": ""+390272003713"", ""display_phone"": ""+39 02 7200 3713"", ""distance"": 902.9850252545436}, {""id"": ""VdGj_QQrEXWuw-k2iunk7A"", ""alias"": ""viva-milano-10"", ""name"": ""Viva"", ""image_url"": ""https://s3-media3.fl.yelpcdn.com/bphoto/ycjSyImtDxFmrh2Y0uhZvA/o.jpg"", ""is_closed"": false, ""url"": ""https://www.yelp.com/biz/viva-milano-10?adjust_creative=ULHW7ynqdXE8Z9Fnr4irFw&utm_campaign=yelp_api_v3&utm_medium=api_v3_business_search&utm_source=ULHW7ynqdXE8Z9Fnr4irFw"", ""review_count"": 11, ""categories"": [{""alias"": ""salad"", ""title"": ""Salad""}, {""alias"": ""juicebars"", ""title"": ""Juice Bars & Smoothies""}, {""alias"": ""sandwiches"", ""title"": ""Sandwiches""}], ""rating"": 4.5, ""coordinates"": {""latitude"": 45.4562538611694, ""longitude"": 9.19555608232695}, ""transactions"": [], ""price"": ""\u20ac\u20ac"", ""location"": {""address1"": ""Largo della Crocetta 2"", ""address2"": """", ""address3"": """", ""city"": ""Milan"", ""zip_code"": ""20123"", ""country"": ""IT"", ""state"": ""MI"", ""display_address"": [""Largo della Crocetta 2"", ""20123 Milan"", ""Italy""]}, ""phone"": ""+390258437953"", ""display_phone"": ""+39 02 5843 7953"", ""distance"": 1660.8961298892655}, {""id"": ""E4SgJtfd0Un2onFGKCJk8g"", ""alias"": ""panino-giusto-milano-7"", ""name"": ""Panino Giusto"", ""image_url"": ""https://s3-media4.fl.yelpcdn.com/bphoto/knYAhjn6W7KPMvEM51Oxjg/o.jpg"", ""is_closed"": false, ""url"": ""https://www.yelp.com/biz/panino-giusto-milano-7?adjust_creative=ULHW7ynqdXE8Z9Fnr4irFw&utm_campaign=yelp_api_v3&utm_medium=api_v3_business_search&utm_source=ULHW7ynqdXE8Z9Fnr4irFw"", ""review_count"": 17, ""categories"": [{""alias"": ""sandwiches"", ""title"": ""Sandwiches""}], ""rating"": 4.5, ""coordinates"": {""latitude"": 45.4601209040325, ""longitude"": 9.18130211415826}, ""transactions"": [], ""price"": ""\u20ac\u20ac"", ""location"": {""address1"": ""Corso di Porta Ticinese 1"", ""address2"": """", ""address3"": """", ""city"": ""Milan"", ""zip_code"": ""20123"", ""country"": ""IT"", ""state"": ""MI"", ""display_address"": [""Corso di Porta Ticinese 1"", ""20123 Milan"", ""Italy""]}, ""phone"": ""+390225060672"", ""display_phone"": ""+39 02 2506 0672"", ""distance"": 1299.434953757251}, {""id"": ""vzJ6kzNEfyVEUYwE_YTsFw"", ""alias"": ""coreys-soul-chicken-milano"", ""name"": ""Corey's Soul Chicken"", ""image_url"": ""https://s3-media4.fl.yelpcdn.com/bphoto/LTcg_PUCtIix_YnUc2RVTw/o.jpg"", ""is_closed"": false, ""url"": ""https://www.yelp.com/biz/coreys-soul-chicken-milano?adjust_creative=ULHW7ynqdXE8Z9Fnr4irFw&utm_campaign=yelp_api_v3&utm_medium=api_v3_business_search&utm_source=ULHW7ynqdXE8Z9Fnr4irFw"", ""review_count"": 19, ""categories"": [{""alias"": ""tradamerican"", ""title"": ""American (Traditional)""}], ""rating"": 4.5, ""coordinates"": {""latitude"": 45.4811269160207, ""longitude"": 9.17279306799173}, ""transactions"": [], ""price"": ""\u20ac\u20ac"", ""location"": {""address1"": ""Via Paolo Sarpi 53"", ""address2"": """", ""address3"": """", ""city"": ""Milan"", ""zip_code"": ""20154"", ""country"": ""IT"", ""state"": ""MI"", ""display_address"": [""Via Paolo Sarpi 53"", ""20154 Milan"", ""Italy""]}, ""phone"": ""+390284212963"", ""display_phone"": ""+39 02 8421 2963"", ""distance"": 1734.0481954731379}, {""id"": ""GyilsXEoEw6V9tmV70ZvoA"", ""alias"": ""risoelatte-milano-2"", ""name"": ""Risoelatte"", ""image_url"": ""https://s3-media4.fl.yelpcdn.com/bphoto/yGS60Diwb6eTQtDHkt5Wlg/o.jpg"", ""is_closed"": false, ""url"": ""https://www.yelp.com/biz/risoelatte-milano-2?adjust_creative=ULHW7ynqdXE8Z9Fnr4irFw&utm_campaign=yelp_api_v3&utm_medium=api_v3_business_search&utm_source=ULHW7ynqdXE8Z9Fnr4irFw"", ""review_count"": 135, ""categories"": [{""alias"": ""italian"", ""title"": ""Italian""}], ""rating"": 4.5, ""coordinates"": {""latitude"": 45.466417440848, ""longitude"": 9.18335152506515}, ""transactions"": [], ""price"": ""\u20ac\u20ac"", ""location"": {""address1"": ""Via Camperio 6"", ""address2"": """", ""address3"": """", ""city"": ""Milan"", ""zip_code"": ""20123"", ""country"": ""IT"", ""state"": ""MI"", ""display_address"": [""Via Camperio 6"", ""20123 Milan"", ""Italy""]}, ""phone"": ""+390239831040"", ""display_phone"": ""+39 02 3983 1040"", ""distance"": 632.1999371902086}, {""id"": ""3vaMtjNQq0N7XQvba5iyfA"", ""alias"": ""california-bakery-milano-4"", ""name"": ""California Bakery"", ""image_url"": ""https://s3-media1.fl.yelpcdn.com/bphoto/2epSjI7XuCRnqwK3jVGjYw/o.jpg"", ""is_closed"": false, ""url"": ""https://www.yelp.com/biz/california-bakery-milano-4?adjust_creative=ULHW7ynqdXE8Z9Fnr4irFw&utm_campaign=yelp_api_v3&utm_medium=api_v3_business_search&utm_source=ULHW7ynqdXE8Z9Fnr4irFw"", ""review_count"": 32, ""categories"": [{""alias"": ""breakfast_brunch"", ""title"": ""Breakfast & Brunch""}, {""alias"": ""desserts"", ""title"": ""Desserts""}, {""alias"": ""burgers"", ""title"": ""Burgers""}], ""rating"": 4.0, ""coordinates"": {""latitude"": 45.46698, ""longitude"": 9.20734}, ""transactions"": [], ""price"": ""\u20ac\u20ac\u20ac"", ""location"": {""address1"": ""Viale Premuda 44"", ""address2"": """", ""address3"": """", ""city"": ""Milan"", ""zip_code"": ""20129"", ""country"": ""IT"", ""state"": ""MI"", ""display_address"": [""Viale Premuda 44"", ""20129 Milan"", ""Italy""]}, ""phone"": ""+390239811750"", ""display_phone"": ""+39 02 3981 1750"", ""distance"": 1487.1959951943747}, {""id"": ""dIpFCJbw4ZPk_KgEk2Dung"", ""alias"": ""tartufotto-milano"", ""name"": ""Tartufotto"", ""image_url"": ""https://s3-media3.fl.yelpcdn.com/bphoto/18SibOUuh7-b2CynBUdXEA/o.jpg"", ""is_closed"": false, ""url"": ""https://www.yelp.com/biz/tartufotto-milano?adjust_creative=ULHW7ynqdXE8Z9Fnr4irFw&utm_campaign=yelp_api_v3&utm_medium=api_v3_business_search&utm_source=ULHW7ynqdXE8Z9Fnr4irFw"", ""review_count"": 38, ""categories"": [{""alias"": ""italian"", ""title"": ""Italian""}, {""alias"": ""wine_bars"", ""title"": ""Wine Bars""}, {""alias"": ""bistros"", ""title"": ""Bistros""}], ""rating"": 4.5, ""coordinates"": {""latitude"": 45.4689229, ""longitude"": 9.1845485}, ""transactions"": [], ""price"": ""\u20ac\u20ac\u20ac"", ""location"": {""address1"": ""Via Cusani 8"", ""address2"": """", ""address3"": """", ""city"": ""Milan"", ""zip_code"": ""20121"", ""country"": ""IT"", ""state"": ""MI"", ""display_address"": [""Via Cusani 8"", ""20121 Milan"", ""Italy""]}, ""phone"": ""+390239663690"", ""display_phone"": ""+39 02 3966 3690"", ""distance"": 389.89904056398973}], ""total"": 622, ""region"": {""center"": {""longitude"": 9.189033508300781, ""latitude"": 45.47047287954827}}}",application/json,false,"OAS disconformity: [Path '/businesses/[item]/price'] Instance value ("""") not found in enum (possible values: [""$"";""$$"";""$$$"";""$$$$""]) --- [Path '/businesses/[item]/price'] Instance value ("""") not found in enum (possible values: [""$"";""$$"";""$$$"";""$$$$""]) --- [Path '/businesses/[item]/price'] Instance value ("""") not found in enum (possible values: [""$"";""$$"";""$$$"";""$$$$""]) --- [Path '/businesses/[item]/price'] Instance value ("""") not found in enum (possible values: [""$"";""$$"";""$$$"";""$$$$""])"
test_r1ddhyaurh9v_getBusinesses,200,"{""businesses"": [], ""total"": 33, ""region"": {""center"": {""longitude"": -122.43644714355469, ""latitude"": 37.76089938976322}}}",application/json,true,none
test_r1fk85w1vzuh_getBusinesses,400,"{""error"": {""code"": ""VALIDATION_ERROR"", ""description"": ""Please specify a location or a latitude and longitude""}}",application/json,true,none
test_rhd9juyidap1_getBusinesses,200,"{""businesses"": [], ""total"": 0, ""region"": {""center"": {""longitude"": -105.96038818359375, ""latitude"": 35.665062782072155}}}",application/json,true,none
test_rhdco5u0412c_getBusinesses,400,"{""error"": {""code"": ""VALIDATION_ERROR"", ""description"": ""Please specify a location or a latitude and longitude""}}",application/json,true,none
test_rhity76vct45_getBusinesses,200,"{""businesses"": [], ""total"": 0, ""region"": {""center"": {""longitude"": -99.26659, ""latitude"": 33.779587}}}",application/json,true,none
test_rhtwzhl4bubd_getBusinesses,400,"{""error"": {""code"": ""VALIDATION_ERROR"", ""description"": ""Please specify a location or a latitude and longitude""}}",application/json,true,none
test_rl7xeaf0x8bp_getBusinesses,200,"{""businesses"": [{""id"": ""_24YH8RCqA5kzH6VvNoOig"", ""alias"": ""35-north-coffee-santa-fe"", ""name"": ""35\u00b0 North Coffee"", ""image_url"": ""https://s3-media3.fl.yelpcdn.com/bphoto/z9mOYrisvmj0zYsjKnvamg/o.jpg"", ""is_closed"": false, ""url"": ""https://www.yelp.com/biz/35-north-coffee-santa-fe?adjust_creative=ULHW7ynqdXE8Z9Fnr4irFw&utm_campaign=yelp_api_v3&utm_medium=api_v3_business_search&utm_source=ULHW7ynqdXE8Z9Fnr4irFw"", ""review_count"": 215, ""categories"": [{""alias"": ""coffee"", ""title"": ""Coffee & Tea""}, {""alias"": ""venues"", ""title"": ""Venues & Event Spaces""}], ""rating"": 4.5, ""coordinates"": {""latitude"": 35.6867752075195, ""longitude"": -105.93913269043}, ""transactions"": [""delivery""], ""price"": ""$"", ""location"": {""address1"": ""60 E San Francisco St"", ""address2"": """", ""address3"": """", ""city"": ""Santa Fe"", ""zip_code"": ""87501"", ""country"": ""US"", ""state"": ""NM"", ""display_address"": [""60 E San Francisco St"", ""Santa Fe, NM 87501""]}, ""phone"": ""+15059836138"", ""display_phone"": ""(505) 983-6138"", ""distance"": 3092.395677101904}, {""id"": ""I6MAU-iEH9cTWJxvZ-jStA"", ""alias"": ""boultawnss-bakery-and-cafe-santa-fe"", ""name"": ""BoulTawns's Bakery & Cafe"", ""image_url"": ""https://s3-media1.fl.yelpcdn.com/bphoto/JZgpQu6_eZz7_SWfRiG91Q/o.jpg"", ""is_closed"": false, ""url"": ""https://www.yelp.com/biz/boultawnss-bakery-and-cafe-santa-fe?adjust_creative=ULHW7ynqdXE8Z9Fnr4irFw&utm_campaign=yelp_api_v3&utm_medium=api_v3_business_search&utm_source=ULHW7ynqdXE8Z9Fnr4irFw"", ""review_count"": 95, ""categories"": [{""alias"": ""bakeries"", ""title"": ""Bakeries""}, {""alias"": ""cafes"", ""title"": ""Cafes""}], ""rating"": 4.5, ""coordinates"": {""latitude"": 35.690029, ""longitude"": -105.944529}, ""transactions"": [""delivery""], ""price"": ""$"", ""location"": {""address1"": ""226 N Guadelupe St"", ""address2"": """", ""address3"": null, ""city"": ""Santa Fe"", ""zip_code"": ""87501"", ""country"": ""US"", ""state"": ""NM"", ""display_address"": [""226 N Guadelupe St"", ""Santa Fe, NM 87501""]}, ""phone"": ""+15059839006"", ""display_phone"": ""(505) 983-9006"", ""distance"": 3124.4903808337676}, {""id"": ""mkPfdesuern4Br6cVerP8A"", ""alias"": ""sky-coffee-santa-fe"", ""name"": ""Sky Coffee"", ""image_url"": ""https://s3-media1.fl.yelpcdn.com/bphoto/nDXavL2EivHVzl4aZOFOKA/o.jpg"", ""is_closed"": false, ""url"": ""https://www.yelp.com/biz/sky-coffee-santa-fe?adjust_creative=ULHW7ynqdXE8Z9Fnr4irFw&utm_campaign=yelp_api_v3&utm_medium=api_v3_business_search&utm_source=ULHW7ynqdXE8Z9Fnr4irFw"", ""review_count"": 67, ""categories"": [{""alias"": ""coffee"", ""title"": ""Coffee & Tea""}, {""alias"": ""desserts"", ""title"": ""Desserts""}], ""rating"": 4.0, ""coordinates"": {""latitude"": 35.6830155153607, ""longitude"": -105.948432842247}, ""transactions"": [""delivery""], ""price"": ""$"", ""location"": {""address1"": ""1609 Alcaldesa St"", ""address2"": """", ""address3"": null, ""city"": ""Santa Fe"", ""zip_code"": ""87501"", ""country"": ""US"", ""state"": ""NM"", ""display_address"": [""1609 Alcaldesa St"", ""Santa Fe, NM 87501""]}, ""phone"": """", ""display_phone"": """", ""distance"": 2269.631532053383}, {""id"": ""C945MzdsR7dbI5_aTDLcpg"", ""alias"": ""java-joes-and-groovy-bean-coffee-roasters-santa-fe-2"", ""name"": ""Java Joe's & Groovy Bean Coffee Roasters"", ""image_url"": ""https://s3-media3.fl.yelpcdn.com/bphoto/eB5Pai3ww9XUAiqGkV_3NA/o.jpg"", ""is_closed"": false, ""url"": ""https://www.yelp.com/biz/java-joes-and-groovy-bean-coffee-roasters-santa-fe-2?adjust_creative=ULHW7ynqdXE8Z9Fnr4irFw&utm_campaign=yelp_api_v3&utm_medium=api_v3_business_search&utm_source=ULHW7ynqdXE8Z9Fnr4irFw"", ""review_count"": 42, ""categories"": [{""alias"": ""coffee"", ""title"": ""Coffee & Tea""}], ""rating"": 4.0, ""coordinates"": {""latitude"": 35.65869, ""longitude"": -105.99346}, ""transactions"": [""delivery""], ""price"": ""$"", ""location"": {""address1"": ""1248 Siler Rd"", ""address2"": null, ""address3"": """", ""city"": ""Santa Fe"", ""zip_code"": ""87507"", ""country"": ""US"", ""state"": ""NM"", ""display_address"": [""1248 Siler Rd"", ""Santa Fe, NM 87507""]}, ""phone"": ""+15059305763"", ""display_phone"": ""(505) 930-5763"", ""distance"": 3075.403608309716}, {""id"": ""mOrBkSU1UGGngm3sdMEcgg"", ""alias"": ""betterday-coffee-santa-fe"", ""name"": ""Betterday Coffee"", ""image_url"": ""https://s3-media2.fl.yelpcdn.com/bphoto/NdBXS4HXCTn85krki8S7EQ/o.jpg"", ""is_closed"": false, ""url"": ""https://www.yelp.com/biz/betterday-coffee-santa-fe?adjust_creative=ULHW7ynqdXE8Z9Fnr4irFw&utm_campaign=yelp_api_v3&utm_medium=api_v3_business_search&utm_source=ULHW7ynqdXE8Z9Fnr4irFw"", ""review_count"": 149, ""categories"": [{""alias"": ""coffee"", ""title"": ""Coffee & Tea""}, {""alias"": ""breakfast_brunch"", ""title"": ""Breakfast & Brunch""}, {""alias"": ""sandwiches"", ""title"": ""Sandwiches""}], ""rating"": 4.0, ""coordinates"": {""latitude"": 35.6893329492321, ""longitude"": -105.958112526612}, ""transactions"": [], ""price"": ""$"", ""location"": {""address1"": ""905 W Alameda St"", ""address2"": """", ""address3"": """", ""city"": ""Santa Fe"", ""zip_code"": ""87501"", ""country"": ""US"", ""state"": ""NM"", ""display_address"": [""905 W Alameda St"", ""Santa Fe, NM 87501""]}, ""phone"": ""+15057808059"", ""display_phone"": ""(505) 780-8059"", ""distance"": 2706.5330390322297}, {""id"": ""BC73nkjyIbqYZjyY3cQFGw"", ""alias"": ""java-joes-santa-fe"", ""name"": ""Java Joe's"", ""image_url"": ""https://s3-media3.fl.yelpcdn.com/bphoto/b3E0iKQS-Lde6TLBGnbltw/o.jpg"", ""is_closed"": false, ""url"": ""https://www.yelp.com/biz/java-joes-santa-fe?adjust_creative=ULHW7ynqdXE8Z9Fnr4irFw&utm_campaign=yelp_api_v3&utm_medium=api_v3_business_search&utm_source=ULHW7ynqdXE8Z9Fnr4irFw"", ""review_count"": 75, ""categories"": [{""alias"": ""coffee"", ""title"": ""Coffee & Tea""}, {""alias"": ""gluten_free"", ""title"": ""Gluten-Free""}], ""rating"": 4.0, ""coordinates"": {""latitude"": 35.63889336891197, ""longitude"": -105.98301316136633}, ""transactions"": [""delivery""], ""price"": ""$"", ""location"": {""address1"": ""2801 W Rodeo Rd"", ""address2"": ""Ste A"", ""address3"": """", ""city"": ""Santa Fe"", ""zip_code"": ""87507"", ""country"": ""US"", ""state"": ""NM"", ""display_address"": [""2801 W Rodeo Rd"", ""Ste A"", ""Santa Fe, NM 87507""]}, ""phone"": ""+15054745282"", ""display_phone"": ""(505) 474-5282"", ""distance"": 3556.1924692013467}, {""id"": ""c5NzI45DrqhWtpaZVu-iRw"", ""alias"": ""cafe-aldea-santa-fe"", ""name"": ""Cafe Aldea"", ""image_url"": ""https://s3-media3.fl.yelpcdn.com/bphoto/quQYnL4J1ve4GncTwH5Irw/o.jpg"", ""is_closed"": false, ""url"": ""https://www.yelp.com/biz/cafe-aldea-santa-fe?adjust_creative=ULHW7ynqdXE8Z9Fnr4irFw&utm_campaign=yelp_api_v3&utm_medium=api_v3_business_search&utm_source=ULHW7ynqdXE8Z9Fnr4irFw"", ""review_count"": 16, ""categories"": [{""alias"": ""cafes"", ""title"": ""Cafes""}, {""alias"": ""breakfast_brunch"", ""title"": ""Breakfast & Brunch""}], ""rating"": 3.0, ""coordinates"": {""latitude"": 35.690292, ""longitude"": -106.010719}, ""transactions"": [], ""price"": ""$"", ""location"": {""address1"": ""60 Avenida Aldea"", ""address2"": """", ""address3"": """", ""city"": ""Santa Fe"", ""zip_code"": ""87506"", ""country"": ""US"", ""state"": ""NM"", ""display_address"": [""60 Avenida Aldea"", ""Santa Fe, NM 87506""]}, ""phone"": ""+15054732877"", ""display_phone"": ""(505) 473-2877"", ""distance"": 5342.177732248807}, {""id"": ""OAPfVeaejUxZN867n5Wcaw"", ""alias"": ""ecco-espresso-and-gelato-santa-fe"", ""name"": ""Ecco Espresso & Gelato"", ""image_url"": ""https://s3-media1.fl.yelpcdn.com/bphoto/Vk4TUKUM1kzZajAhiVPQOQ/o.jpg"", ""is_closed"": false, ""url"": ""https://www.yelp.com/biz/ecco-espresso-and-gelato-santa-fe?adjust_creative=ULHW7ynqdXE8Z9Fnr4irFw&utm_campaign=yelp_api_v3&utm_medium=api_v3_business_search&utm_source=ULHW7ynqdXE8Z9Fnr4irFw"", ""review_count"": 160, ""categories"": [{""alias"": ""desserts"", ""title"": ""Desserts""}, {""alias"": ""coffee"", ""title"": ""Coffee & Tea""}], ""rating"": 3.5, ""coordinates"": {""latitude"": 35.6885327531842, ""longitude"": -105.93585118995}, ""transactions"": [""delivery""], ""price"": ""$"", ""location"": {""address1"": ""128 E Marcy St"", ""address2"": """", ""address3"": """", ""city"": ""Santa Fe"", ""zip_code"": ""87501"", ""country"": ""US"", ""state"": ""NM"", ""display_address"": [""128 E Marcy St"", ""Santa Fe, NM 87501""]}, ""phone"": ""+15059869778"", ""display_phone"": ""(505) 986-9778"", ""distance"": 3423.8603746975}, {""id"": ""msj12eRPcPie6MVRfIdVmw"", ""alias"": ""boba-tea-company-santa-fe"", ""name"": ""Boba Tea Company"", ""image_url"": ""https://s3-media3.fl.yelpcdn.com/bphoto/Y9rRvlCA8KAWD3s7F3GNCA/o.jpg"", ""is_closed"": false, ""url"": ""https://www.yelp.com/biz/boba-tea-company-santa-fe?adjust_creative=ULHW7ynqdXE8Z9Fnr4irFw&utm_campaign=yelp_api_v3&utm_medium=api_v3_business_search&utm_source=ULHW7ynqdXE8Z9Fnr4irFw"", ""review_count"": 16, ""categories"": [{""alias"": ""coffee"", ""title"": ""Coffee & Tea""}], ""rating"": 2.5, ""coordinates"": {""latitude"": 35.636116, ""longitude"": -106.0144071}, ""transactions"": [""delivery""], ""price"": ""$"", ""location"": {""address1"": ""4250 Cerrillos Rd"", ""address2"": null, ""address3"": """", ""city"": ""Santa Fe"", ""zip_code"": ""87507"", ""country"": ""US"", ""state"": ""NM"", ""display_address"": [""4250 Cerrillos Rd"", ""Santa Fe, NM 87507""]}, ""phone"": ""+15054280993"", ""display_phone"": ""(505) 428-0993"", ""distance"": 5846.658890224666}, {""id"": ""xb-Y_WBMgCFHNXP6shP3WA"", ""alias"": ""espresso-de-arte-santa-fe-2"", ""name"": ""Espresso De Arte"", ""image_url"": ""https://s3-media1.fl.yelpcdn.com/bphoto/XYvtLYU1CjadJ9IZDtPauw/o.jpg"", ""is_closed"": false, ""url"": ""https://www.yelp.com/biz/espresso-de-arte-santa-fe-2?adjust_creative=ULHW7ynqdXE8Z9Fnr4irFw&utm_campaign=yelp_api_v3&utm_medium=api_v3_business_search&utm_source=ULHW7ynqdXE8Z9Fnr4irFw"", ""review_count"": 8, ""categories"": [{""alias"": ""coffee"", ""title"": ""Coffee & Tea""}], ""rating"": 3.0, ""coordinates"": {""latitude"": 35.6864727938439, ""longitude"": -105.939101621564}, ""transactions"": [], ""price"": ""$"", ""location"": {""address1"": ""115 E Water St"", ""address2"": """", ""address3"": """", ""city"": ""Santa Fe"", ""zip_code"": ""87501"", ""country"": ""US"", ""state"": ""NM"", ""display_address"": [""115 E Water St"", ""Santa Fe, NM 87501""]}, ""phone"": ""+15059950927"", ""display_phone"": ""(505) 995-0927"", ""distance"": 3060.1652631970296}, {""id"": ""R1-fFyHHvcI_zFOle9aY3g"", ""alias"": ""dunkin-santa-fe"", ""name"": ""Dunkin'"", ""image_url"": ""https://s3-media2.fl.yelpcdn.com/bphoto/kvIWmZACXPaXxf_3Ud325w/o.jpg"", ""is_closed"": false, ""url"": ""https://www.yelp.com/biz/dunkin-santa-fe?adjust_creative=ULHW7ynqdXE8Z9Fnr4irFw&utm_campaign=yelp_api_v3&utm_medium=api_v3_business_search&utm_source=ULHW7ynqdXE8Z9Fnr4irFw"", ""review_count"": 39, ""categories"": [{""alias"": ""donuts"", ""title"": ""Donuts""}, {""alias"": ""coffee"", ""title"": ""Coffee & Tea""}], ""rating"": 3.0, ""coordinates"": {""latitude"": 35.67503, ""longitude"": -105.9532}, ""transactions"": [""delivery""], ""price"": ""$"", ""location"": {""address1"": ""1085 S Saint Francis Dr"", ""address2"": """", ""address3"": """", ""city"": ""Santa Fe"", ""zip_code"": ""87505"", ""country"": ""US"", ""state"": ""NM"", ""display_address"": [""1085 S Saint Francis Dr"", ""Santa Fe, NM 87505""]}, ""phone"": ""+15059832090"", ""display_phone"": ""(505) 983-2090"", ""distance"": 1280.2897821508323}, {""id"": ""DGsp3VByrSH_ZqcpAPWPPA"", ""alias"": ""starbucks-santa-fe-6"", ""name"": ""Starbucks"", ""image_url"": ""https://s3-media4.fl.yelpcdn.com/bphoto/pQ9fJsCQ4IKXoFVJ-T5sHg/o.jpg"", ""is_closed"": false, ""url"": ""https://www.yelp.com/biz/starbucks-santa-fe-6?adjust_creative=ULHW7ynqdXE8Z9Fnr4irFw&utm_campaign=yelp_api_v3&utm_medium=api_v3_business_search&utm_source=ULHW7ynqdXE8Z9Fnr4irFw"", ""review_count"": 55, ""categories"": [{""alias"": ""coffee"", ""title"": ""Coffee & Tea""}], ""rating"": 3.0, ""coordinates"": {""latitude"": 35.68721118, ""longitude"": -105.939911}, ""transactions"": [""delivery""], ""price"": ""$"", ""location"": {""address1"": ""106 W"", ""address2"": ""Santa Fe Plaza"", ""address3"": """", ""city"": ""Santa Fe"", ""zip_code"": ""87501"", ""country"": ""US"", ""state"": ""NM"", ""display_address"": [""106 W"", ""Santa Fe Plaza"", ""Santa Fe, NM 87501""]}, ""phone"": ""+15059922858"", ""display_phone"": ""(505) 992-2858"", ""distance"": 3080.0092602421255}, {""id"": ""nasJKRGRGHm3jhkCuM7zdw"", ""alias"": ""mcdonalds-santa-fe-4"", ""name"": ""McDonald's"", ""image_url"": ""https://s3-media1.fl.yelpcdn.com/bphoto/tLc65kErKwxKI1ypQbYr3w/o.jpg"", ""is_closed"": false, ""url"": ""https://www.yelp.com/biz/mcdonalds-santa-fe-4?adjust_creative=ULHW7ynqdXE8Z9Fnr4irFw&utm_campaign=yelp_api_v3&utm_medium=api_v3_business_search&utm_source=ULHW7ynqdXE8Z9Fnr4irFw"", ""review_count"": 27, ""categories"": [{""alias"": ""hotdogs"", ""title"": ""Fast Food""}, {""alias"": ""burgers"", ""title"": ""Burgers""}, {""alias"": ""coffee"", ""title"": ""Coffee & Tea""}], ""rating"": 1.5, ""coordinates"": {""latitude"": 35.66, ""longitude"": -105.958812}, ""transactions"": [""delivery""], ""price"": ""$"", ""location"": {""address1"": ""1621 Pacheco St"", ""address2"": """", ""address3"": """", ""city"": ""Santa Fe"", ""zip_code"": ""87501"", ""country"": ""US"", ""state"": ""NM"", ""display_address"": [""1621 Pacheco St"", ""Santa Fe, NM 87501""]}, ""phone"": ""+15059889500"", ""display_phone"": ""(505) 988-9500"", ""distance"": 580.6848055405056}, {""id"": ""ixNY6MJosWw7GiMAGq-DnA"", ""alias"": ""mcdonalds-santa-fe-14"", ""name"": ""McDonald's"", ""image_url"": ""https://s3-media3.fl.yelpcdn.com/bphoto/xAsxHi9LGB9Fyq0ColZwRQ/o.jpg"", ""is_closed"": false, ""url"": ""https://www.yelp.com/biz/mcdonalds-santa-fe-14?adjust_creative=ULHW7ynqdXE8Z9Fnr4irFw&utm_campaign=yelp_api_v3&utm_medium=api_v3_business_search&utm_source=ULHW7ynqdXE8Z9Fnr4irFw"", ""review_count"": 11, ""categories"": [{""alias"": ""coffee"", ""title"": ""Coffee & Tea""}, {""alias"": ""burgers"", ""title"": ""Burgers""}, {""alias"": ""hotdogs"", ""title"": ""Fast Food""}], ""rating"": 1.5, ""coordinates"": {""latitude"": 35.63631, ""longitude"": -106.043624}, ""transactions"": [""delivery""], ""price"": ""$"", ""location"": {""address1"": ""6419 Airport Rd."", ""address2"": null, ""address3"": null, ""city"": ""Santa Fe"", ""zip_code"": ""87507"", ""country"": ""US"", ""state"": ""NM"", ""display_address"": [""6419 Airport Rd."", ""Santa Fe, NM 87507""]}, ""phone"": ""+15054746557"", ""display_phone"": ""(505) 474-6557"", ""distance"": 8173.810766724427}, {""id"": ""EMM6uAs0seZleqDlLu4Q5g"", ""alias"": ""mcdonalds-santa-fe-2"", ""name"": ""McDonald's"", ""image_url"": ""https://s3-media3.fl.yelpcdn.com/bphoto/i1OjUWt4gykL-pdtn_EPlA/o.jpg"", ""is_closed"": false, ""url"": ""https://www.yelp.com/biz/mcdonalds-santa-fe-2?adjust_creative=ULHW7ynqdXE8Z9Fnr4irFw&utm_campaign=yelp_api_v3&utm_medium=api_v3_business_search&utm_source=ULHW7ynqdXE8Z9Fnr4irFw"", ""review_count"": 28, ""categories"": [{""alias"": ""burgers"", ""title"": ""Burgers""}, {""alias"": ""hotdogs"", ""title"": ""Fast Food""}, {""alias"": ""coffee"", ""title"": ""Coffee & Tea""}], ""rating"": 1.5, ""coordinates"": {""latitude"": 35.676692, ""longitude"": -105.953079}, ""transactions"": [""delivery""], ""price"": ""$"", ""location"": {""address1"": ""1007 So St Francis Dr"", ""address2"": """", ""address3"": """", ""city"": ""Santa Fe"", ""zip_code"": ""87505"", ""country"": ""US"", ""state"": ""NM"", ""display_address"": [""1007 So St Francis Dr"", ""Santa Fe, NM 87505""]}, ""phone"": ""+15059841490"", ""display_phone"": ""(505) 984-1490"", ""distance"": 1451.9188410841002}, {""id"": ""aLAOW_FtAC_PVXwxOKy0Bw"", ""alias"": ""mcdonalds-santa-fe-7"", ""name"": ""McDonald's"", ""image_url"": ""https://s3-media1.fl.yelpcdn.com/bphoto/w-62im-KmEShVui5lq34iw/o.jpg"", ""is_closed"": false, ""url"": ""https://www.yelp.com/biz/mcdonalds-santa-fe-7?adjust_creative=ULHW7ynqdXE8Z9Fnr4irFw&utm_campaign=yelp_api_v3&utm_medium=api_v3_business_search&utm_source=ULHW7ynqdXE8Z9Fnr4irFw"", ""review_count"": 21, ""categories"": [{""alias"": ""hotdogs"", ""title"": ""Fast Food""}, {""alias"": ""burgers"", ""title"": ""Burgers""}, {""alias"": ""coffee"", ""title"": ""Coffee & Tea""}], ""rating"": 2.0, ""coordinates"": {""latitude"": 35.6501970836872, ""longitude"": -106.001056954278}, ""transactions"": [""delivery""], ""price"": ""$"", ""location"": {""address1"": ""3299 Cerrillos Rd"", ""address2"": """", ""address3"": """", ""city"": ""Santa Fe"", ""zip_code"": ""87501"", ""country"": ""US"", ""state"": ""NM"", ""display_address"": [""3299 Cerrillos Rd"", ""Santa Fe, NM 87501""]}, ""phone"": ""+15054710411"", ""display_phone"": ""(505) 471-0411"", ""distance"": 4029.0183474653227}, {""id"": ""Rk-bldCJliATJNVMpYs5Ag"", ""alias"": ""mcdonalds-santa-fe-8"", ""name"": ""McDonald's"", ""image_url"": ""https://s3-media2.fl.yelpcdn.com/bphoto/zm8X7Tf21GUIAax-7OEaZg/o.jpg"", ""is_closed"": false, ""url"": ""https://www.yelp.com/biz/mcdonalds-santa-fe-8?adjust_creative=ULHW7ynqdXE8Z9Fnr4irFw&utm_campaign=yelp_api_v3&utm_medium=api_v3_business_search&utm_source=ULHW7ynqdXE8Z9Fnr4irFw"", ""review_count"": 19, ""categories"": [{""alias"": ""hotdogs"", ""title"": ""Fast Food""}, {""alias"": ""burgers"", ""title"": ""Burgers""}, {""alias"": ""coffee"", ""title"": ""Coffee & Tea""}], ""rating"": 2.0, ""coordinates"": {""latitude"": 35.6183332404231, ""longitude"": -106.029376371075}, ""transactions"": [""delivery""], ""price"": ""$"", ""location"": {""address1"": ""5020 Promenade Blvd"", ""address2"": """", ""address3"": """", ""city"": ""Santa Fe"", ""zip_code"": ""87507"", ""country"": ""US"", ""state"": ""NM"", ""display_address"": [""5020 Promenade Blvd"", ""Santa Fe, NM 87507""]}, ""phone"": ""+15054713735"", ""display_phone"": ""(505) 471-3735"", ""distance"": 8115.655847230799}], ""total"": 17, ""region"": {""center"": {""longitude"": -105.96038818359375, ""latitude"": 35.665062782072155}}}",application/json,true,none
test_s0ugwkavr0wy_getBusinesses,200,"{""businesses"": [], ""total"": 0, ""region"": {""center"": {""longitude"": -90.69668, ""latitude"": 39.32571}}}",application/json,true,none
test_skv2oa4fnk9u_getBusinesses,400,"{""error"": {""code"": ""VALIDATION_ERROR"", ""description"": ""Please specify a location or a latitude and longitude""}}",application/json,true,none
test_sl15pxdd3d4l_getBusinesses,200,"{""businesses"": [], ""total"": 0, ""region"": {""center"": {""longitude"": -5.985832214355469, ""latitude"": 37.38897024983557}}}",application/json,true,none
test_t4nbyfrggab4_getBusinesses,200,"{""businesses"": [], ""total"": 0, ""region"": {""center"": {""longitude"": 9.189033508300781, ""latitude"": 45.47047287954827}}}",application/json,true,none
test_t4nvwomg3tr9_getBusinesses,200,"{""businesses"": [], ""total"": 0, ""region"": {""center"": {""longitude"": -122.43644714355469, ""latitude"": 37.76089938976322}}}",application/json,true,none
test_t4sx542ipfld_getBusinesses,400,"{""error"": {""code"": ""VALIDATION_ERROR"", ""description"": ""Please specify a location or a latitude and longitude""}}",application/json,true,none
test_t4vo27dgb390_getBusinesses,400,"{""error"": {""code"": ""VALIDATION_ERROR"", ""description"": ""Please specify a location or a latitude and longitude""}}",application/json,true,none
test_t4vpazdxivky_getBusinesses,200,"{""businesses"": [], ""total"": 0, ""region"": {""center"": {""longitude"": -92.26785, ""latitude"": 44.548256}}}",application/json,true,none
test_toa4f52uo56c_getBusinesses,200,"{""businesses"": [], ""total"": 0, ""region"": {""center"": {""longitude"": -73.97918701171875, ""latitude"": 40.706977710584276}}}",application/json,true,none
test_toogway2alo3_getBusinesses,400,"{""error"": {""code"": ""VALIDATION_ERROR"", ""description"": ""Please specify a location or a latitude and longitude""}}",application/json,true,none
test_trrdd52januf_getBusinesses,200,"{""businesses"": [], ""total"": 0, ""region"": {""center"": {""longitude"": -81.28522, ""latitude"": 39.44703}}}",application/json,true,none
test_u7zmpkegrn05_getBusinesses,200,"{""businesses"": [], ""total"": 0, ""region"": {""center"": {""longitude"": 2.3421478271484375, ""latitude"": 48.86195860677958}}}",application/json,true,none
test_u85on3ctlsty_getBusinesses,200,"{""businesses"": [], ""total"": 0, ""region"": {""center"": {""longitude"": -94.59224, ""latitude"": 35.531277}}}",application/json,true,none
test_u85p182l1dur_getBusinesses,400,"{""error"": {""code"": ""VALIDATION_ERROR"", ""description"": ""Please specify a location or a latitude and longitude""}}",application/json,true,none
test_urrv9waryreb_getBusinesses,200,"{""businesses"": [], ""total"": 0, ""region"": {""center"": {""longitude"": 144.96734619140625, ""latitude"": -37.81787593178502}}}",application/json,true,none
test_uv948atplfzp_getBusinesses,400,"{""error"": {""code"": ""OPEN_AT_AND_NOW_PROVIDED"", ""description"": ""You must specify either open_at or open_now, not both.""}}",application/json,true,none
test_vb6tk54kc9px_getBusinesses,200,"{""businesses"": [], ""total"": 0, ""region"": {""center"": {""longitude"": 9.189033508300781, ""latitude"": 45.47047287954827}}}",application/json,true,none
test_vbennrgnmsl0_getBusinesses,400,"{""error"": {""code"": ""VALIDATION_ERROR"", ""description"": ""Please specify a location or a latitude and longitude""}}",application/json,true,none
test_vbko1fi140mu_getBusinesses,400,"{""error"": {""code"": ""VALIDATION_ERROR"", ""description"": ""Please specify a location or a latitude and longitude""}}",application/json,true,none
test_vbkp7kg9kche_getBusinesses,400,"{""error"": {""code"": ""VALIDATION_ERROR"", ""description"": ""Please specify a location or a latitude and longitude""}}",application/json,true,none
