testResultId,statusCode,responseBody,outputContentType,passed,failReason
test_1h7rg7wd8cr4z_getBusinesses,200,"{""businesses"": [], ""total"": 0, ""region"": {""center"": {""longitude"": -97.62136, ""latitude"": 36.20475}}}",application/json,true,none
test_1h7whucw3rhwk_getBusinesses,200,"{""businesses"": [], ""total"": 0, ""region"": {""center"": {""longitude"": -116.31531, ""latitude"": 36.428}}}",application/json,true,none
test_1h82kht60pyr8_getBusinesses,200,"{""businesses"": [], ""total"": 7, ""region"": {""center"": {""longitude"": -90.237976, ""latitude"": 36.773254}}}",application/json,true,none
test_1hbd6jbc9hgl0_getBusinesses,200,"{""businesses"": [], ""total"": 0, ""region"": {""center"": {""longitude"": -117.66883, ""latitude"": 33.22105}}}",application/json,true,none
test_1hrotggzpl5r9_getBusinesses,200,"{""businesses"": [], ""total"": 0, ""region"": {""center"": {""longitude"": -94.9039, ""latitude"": 40.605145}}}",application/json,true,none
test_1ib0xbd5np9o6_getBusinesses,400,"{""error"": {""code"": ""LOCATION_NOT_FOUND"", ""description"": ""Could not execute search, try specifying a more exact location.""}}",application/json,false,This test case's input was (possibly) correctbut received a 400 (Bad Request) status code.
test_1ib5yh5xcqvkz_getBusinesses,200,"{""businesses"": [], ""total"": 0, ""region"": {""center"": {""longitude"": -94.60061, ""latitude"": 37.779236}}}",application/json,true,none
test_1iuy852hb2trm_getBusinesses,200,"{""businesses"": [], ""total"": 0, ""region"": {""center"": {""longitude"": -88.82569, ""latitude"": 38.90421}}}",application/json,true,none
test_1iuy9rx74n1b7_getBusinesses,200,"{""businesses"": [], ""total"": 0, ""region"": {""center"": {""longitude"": -106.44927978515625, ""latitude"": 31.653215982221013}}}",application/json,true,none
test_1iynavk8n6ib8_getBusinesses,200,"{""businesses"": [], ""total"": 0, ""region"": {""center"": {""longitude"": -94.873886, ""latitude"": 46.230286}}}",application/json,true,none
test_1jed7a05cmnud_getBusinesses,200,"{""businesses"": [], ""total"": 0, ""region"": {""center"": {""longitude"": -95.63763, ""latitude"": 42.00331}}}",application/json,true,none
test_1jeysqystzp0i_getBusinesses,200,"{""businesses"": [{""id"": ""AScjXnJl4w_qYY_HrML6Gg"", ""alias"": ""long-john-silvers-el-paso-5"", ""name"": ""Long John Silver's"", ""image_url"": ""https://s3-media3.fl.yelpcdn.com/bphoto/cFD32haIQgtR6SNXs8BkrQ/o.jpg"", ""is_closed"": false, ""url"": ""https://www.yelp.com/biz/long-john-silvers-el-paso-5?adjust_creative=ULHW7ynqdXE8Z9Fnr4irFw&utm_campaign=yelp_api_v3&utm_medium=api_v3_business_search&utm_source=ULHW7ynqdXE8Z9Fnr4irFw"", ""review_count"": 12, ""categories"": [{""alias"": ""seafood"", ""title"": ""Seafood""}, {""alias"": ""hotdogs"", ""title"": ""Fast Food""}], ""rating"": 2.5, ""coordinates"": {""latitude"": 31.753478, ""longitude"": -106.344074}, ""transactions"": [""delivery""], ""price"": ""$"", ""location"": {""address1"": ""1104 Yarbrough Dr"", ""address2"": """", ""address3"": """", ""city"": ""El Paso"", ""zip_code"": ""79925"", ""country"": ""US"", ""state"": ""TX"", ""display_address"": [""1104 Yarbrough Dr"", ""El Paso, TX 79925""]}, ""phone"": ""+19155931327"", ""display_phone"": ""(915) 593-1327"", ""distance"": 14944.835580445482}, {""id"": ""KLUZrlXDxs_Ik-Sm3DXKFg"", ""alias"": ""formula-el-paso-4"", ""name"": ""Formula"", ""image_url"": ""https://s3-media2.fl.yelpcdn.com/bphoto/yCYFTKDhzGMAy4RLC4vzKw/o.jpg"", ""is_closed"": false, ""url"": ""https://www.yelp.com/biz/formula-el-paso-4?adjust_creative=ULHW7ynqdXE8Z9Fnr4irFw&utm_campaign=yelp_api_v3&utm_medium=api_v3_business_search&utm_source=ULHW7ynqdXE8Z9Fnr4irFw"", ""review_count"": 1, ""categories"": [{""alias"": ""tea"", ""title"": ""Tea Rooms""}, {""alias"": ""desserts"", ""title"": ""Desserts""}, {""alias"": ""coffee"", ""title"": ""Coffee & Tea""}], ""rating"": 5.0, ""coordinates"": {""latitude"": 31.7428594, ""longitude"": -106.3758145}, ""transactions"": [], ""location"": {""address1"": ""8041 Texas Mountain Trl"", ""address2"": ""Ste E"", ""address3"": null, ""city"": ""El Paso"", ""zip_code"": ""79915"", ""country"": ""US"", ""state"": ""TX"", ""display_address"": [""8041 Texas Mountain Trl"", ""Ste E"", ""El Paso, TX 79915""]}, ""phone"": """", ""display_phone"": """", ""distance"": 12151.811989344857}, {""id"": ""_DxufKrfuD48dB4N1LB2FA"", ""alias"": ""monkey-green-cafe-el-paso"", ""name"": ""Monkey Green Cafe"", ""image_url"": ""https://s3-media2.fl.yelpcdn.com/bphoto/b0LERKro3ADj3T0rUq4isw/o.jpg"", ""is_closed"": false, ""url"": ""https://www.yelp.com/biz/monkey-green-cafe-el-paso?adjust_creative=ULHW7ynqdXE8Z9Fnr4irFw&utm_campaign=yelp_api_v3&utm_medium=api_v3_business_search&utm_source=ULHW7ynqdXE8Z9Fnr4irFw"", ""review_count"": 1, ""categories"": [{""alias"": ""cafes"", ""title"": ""Cafes""}], ""rating"": 5.0, ""coordinates"": {""latitude"": 31.75498, ""longitude"": -106.48668}, ""transactions"": [], ""location"": {""address1"": ""400 S Oregon St"", ""address2"": ""Ste B3"", ""address3"": null, ""city"": ""El Paso"", ""zip_code"": ""79901"", ""country"": ""US"", ""state"": ""TX"", ""display_address"": [""400 S Oregon St"", ""Ste B3"", ""El Paso, TX 79901""]}, ""phone"": ""+19156949130"", ""display_phone"": ""(915) 694-9130"", ""distance"": 11890.425031672956}, {""id"": ""w7j7g8fy89KCw1joDJFihQ"", ""alias"": ""el-rincon-mexicano-el-paso"", ""name"": ""El Rincon Mexicano"", ""image_url"": ""https://s3-media1.fl.yelpcdn.com/bphoto/gOL4znVRH6ei5PMS6LOZ5w/o.jpg"", ""is_closed"": false, ""url"": ""https://www.yelp.com/biz/el-rincon-mexicano-el-paso?adjust_creative=ULHW7ynqdXE8Z9Fnr4irFw&utm_campaign=yelp_api_v3&utm_medium=api_v3_business_search&utm_source=ULHW7ynqdXE8Z9Fnr4irFw"", ""review_count"": 5, ""categories"": [{""alias"": ""mexican"", ""title"": ""Mexican""}], ""rating"": 3.0, ""coordinates"": {""latitude"": 31.7552304236517, ""longitude"": -106.486823378856}, ""transactions"": [], ""price"": ""$"", ""location"": {""address1"": ""400 S Oregon St"", ""address2"": """", ""address3"": """", ""city"": ""El Paso"", ""zip_code"": ""79901"", ""country"": ""US"", ""state"": ""TX"", ""display_address"": [""400 S Oregon St"", ""El Paso, TX 79901""]}, ""phone"": """", ""display_phone"": """", ""distance"": 11886.49901437503}, {""id"": ""ElmUI7JXb_Sz8-SnkV30UA"", ""alias"": ""be-you-tiful-transformation-el-paso"", ""name"": ""Be You Tiful Transformation"", ""image_url"": ""https://s3-media1.fl.yelpcdn.com/bphoto/Jgk-ZtJFcYr0I67ixOwP4Q/o.jpg"", ""is_closed"": false, ""url"": ""https://www.yelp.com/biz/be-you-tiful-transformation-el-paso?adjust_creative=ULHW7ynqdXE8Z9Fnr4irFw&utm_campaign=yelp_api_v3&utm_medium=api_v3_business_search&utm_source=ULHW7ynqdXE8Z9Fnr4irFw"", ""review_count"": 1, ""categories"": [{""alias"": ""juicebars"", ""title"": ""Juice Bars & Smoothies""}, {""alias"": ""waffles"", ""title"": ""Waffles""}, {""alias"": ""sandwiches"", ""title"": ""Sandwiches""}], ""rating"": 5.0, ""coordinates"": {""latitude"": 31.7254829, ""longitude"": -106.3430908}, ""transactions"": [], ""location"": {""address1"": ""8202 Northloop"", ""address2"": null, ""address3"": null, ""city"": ""El Paso"", ""zip_code"": ""79907"", ""country"": ""US"", ""state"": ""TX"", ""display_address"": [""8202 Northloop"", ""El Paso, TX 79907""]}, ""phone"": ""+19153287898"", ""display_phone"": ""(915) 328-7898"", ""distance"": 12865.443940967984}, {""id"": ""ViePlQKiQMJNdcrMmXQbaQ"", ""alias"": ""mariscos-maviri-ju\u00e1rez"", ""name"": ""Mariscos Maviri"", ""image_url"": ""https://s3-media3.fl.yelpcdn.com/bphoto/uvPawaDHlyMMvZjEXduZ2Q/o.jpg"", ""is_closed"": false, ""url"": ""https://www.yelp.com/biz/mariscos-maviri-ju%C3%A1rez?adjust_creative=ULHW7ynqdXE8Z9Fnr4irFw&utm_campaign=yelp_api_v3&utm_medium=api_v3_business_search&utm_source=ULHW7ynqdXE8Z9Fnr4irFw"", ""review_count"": 1, ""categories"": [{""alias"": ""seafood"", ""title"": ""Seafood""}], ""rating"": 3.0, ""coordinates"": {""latitude"": 31.71142, ""longitude"": -106.43785}, ""transactions"": [], ""location"": {""address1"": ""Ej\u00e9rcito Nacional 5769"", ""address2"": """", ""address3"": """", ""city"": ""Ju\u00e1rez"", ""zip_code"": ""32398"", ""country"": ""MX"", ""state"": ""CHH"", ""display_address"": [""Ej\u00e9rcito Nacional 5769"", ""32398 Ju\u00e1rez, Chihuahua"", ""Mexico""]}, ""phone"": """", ""display_phone"": """", ""distance"": 6552.03389104974}, {""id"": ""lLHz0KOhJ8FRC-SV5VHYAg"", ""alias"": ""valentinas-restaurant-no-1-el-paso"", ""name"": ""Valentina's Restaurant No 1"", ""image_url"": ""https://s3-media3.fl.yelpcdn.com/bphoto/fpasbQV9yS7QP0Y_8T3utw/o.jpg"", ""is_closed"": false, ""url"": ""https://www.yelp.com/biz/valentinas-restaurant-no-1-el-paso?adjust_creative=ULHW7ynqdXE8Z9Fnr4irFw&utm_campaign=yelp_api_v3&utm_medium=api_v3_business_search&utm_source=ULHW7ynqdXE8Z9Fnr4irFw"", ""review_count"": 8, ""categories"": [{""alias"": ""mexican"", ""title"": ""Mexican""}], ""rating"": 2.5, ""coordinates"": {""latitude"": 31.75448, ""longitude"": -106.48716}, ""transactions"": [""delivery""], ""location"": {""address1"": ""425 S Oregon St"", ""address2"": """", ""address3"": """", ""city"": ""El Paso"", ""zip_code"": ""79901"", ""country"": ""US"", ""state"": ""TX"", ""display_address"": [""425 S Oregon St"", ""El Paso, TX 79901""]}, ""phone"": ""+19155454906"", ""display_phone"": ""(915) 545-4906"", ""distance"": 11805.834792189959}, {""id"": ""3btZo811dsQt8u8H3ID_kg"", ""alias"": ""subway-el-paso-92"", ""name"": ""Subway"", ""image_url"": ""https://s3-media3.fl.yelpcdn.com/bphoto/68SBAtW8pkbl-JtGvjCYyA/o.jpg"", ""is_closed"": false, ""url"": ""https://www.yelp.com/biz/subway-el-paso-92?adjust_creative=ULHW7ynqdXE8Z9Fnr4irFw&utm_campaign=yelp_api_v3&utm_medium=api_v3_business_search&utm_source=ULHW7ynqdXE8Z9Fnr4irFw"", ""review_count"": 1, ""categories"": [{""alias"": ""sandwiches"", ""title"": ""Sandwiches""}], ""rating"": 5.0, ""coordinates"": {""latitude"": 31.7514569375747, ""longitude"": -106.389990029092}, ""transactions"": [""pickup"", ""delivery""], ""price"": ""$"", ""location"": {""address1"": ""7146 Alameda"", ""address2"": null, ""address3"": null, ""city"": ""El Paso"", ""zip_code"": ""79915"", ""country"": ""US"", ""state"": ""TX"", ""display_address"": [""7146 Alameda"", ""El Paso, TX 79915""]}, ""phone"": ""+19157727146"", ""display_phone"": ""(915) 772-7146"", ""distance"": 12279.748915833468}, {""id"": ""G2aq3_qZTVlwAuxsEpYrwA"", ""alias"": ""starbucks-cuidad-ju\u00e1rez"", ""name"": ""Starbucks"", ""image_url"": ""https://s3-media3.fl.yelpcdn.com/bphoto/M_PwpIsSP3ael05bgODpAw/o.jpg"", ""is_closed"": false, ""url"": ""https://www.yelp.com/biz/starbucks-cuidad-ju%C3%A1rez?adjust_creative=ULHW7ynqdXE8Z9Fnr4irFw&utm_campaign=yelp_api_v3&utm_medium=api_v3_business_search&utm_source=ULHW7ynqdXE8Z9Fnr4irFw"", ""review_count"": 2, ""categories"": [{""alias"": ""coffee"", ""title"": ""Coffee & Tea""}], ""rating"": 3.0, ""coordinates"": {""latitude"": 31.7369007629969, ""longitude"": -106.44346072933}, ""transactions"": [], ""price"": ""$$"", ""location"": {""address1"": ""Av. Paseo Triunfo de la Rep\u00fablica 4630"", ""address2"": ""Col. Monumental"", ""address3"": """", ""city"": ""Cuidad Ju\u00e1rez"", ""zip_code"": ""61010"", ""country"": ""MX"", ""state"": ""CHH"", ""display_address"": [""Av. Paseo Triunfo de la Rep\u00fablica 4630"", ""Col. Monumental"", ""61010 Cuidad Ju\u00e1rez, Chihuahua"", ""Mexico""]}, ""phone"": """", ""display_phone"": """", ""distance"": 9321.584925203726}, {""id"": ""lrPulXn1oHJ7skevKtr0yg"", ""alias"": ""ysleta-bakery-el-paso"", ""name"": ""Ysleta Bakery"", ""image_url"": """", ""is_closed"": false, ""url"": ""https://www.yelp.com/biz/ysleta-bakery-el-paso?adjust_creative=ULHW7ynqdXE8Z9Fnr4irFw&utm_campaign=yelp_api_v3&utm_medium=api_v3_business_search&utm_source=ULHW7ynqdXE8Z9Fnr4irFw"", ""review_count"": 1, ""categories"": [{""alias"": ""bakeries"", ""title"": ""Bakeries""}], ""rating"": 5.0, ""coordinates"": {""latitude"": 31.69321, ""longitude"": -106.33048}, ""transactions"": [], ""location"": {""address1"": ""8951 Alameda Ave"", ""address2"": """", ""address3"": """", ""city"": ""El Paso"", ""zip_code"": ""79907"", ""country"": ""US"", ""state"": ""TX"", ""display_address"": [""8951 Alameda Ave"", ""El Paso, TX 79907""]}, ""phone"": ""+19158599013"", ""display_phone"": ""(915) 859-9013"", ""distance"": 12077.583878137635}, {""id"": ""YORT51UY_lFBG5fxOea3dA"", ""alias"": ""hong-kong-city-ciudad-de-ju\u00e1rez"", ""name"": ""Hong Kong City"", ""image_url"": ""https://s3-media4.fl.yelpcdn.com/bphoto/1DG7Y31ne40-kfCZ41Aiyw/o.jpg"", ""is_closed"": false, ""url"": ""https://www.yelp.com/biz/hong-kong-city-ciudad-de-ju%C3%A1rez?adjust_creative=ULHW7ynqdXE8Z9Fnr4irFw&utm_campaign=yelp_api_v3&utm_medium=api_v3_business_search&utm_source=ULHW7ynqdXE8Z9Fnr4irFw"", ""review_count"": 1, ""categories"": [{""alias"": ""chinese"", ""title"": ""Chinese""}], ""rating"": 4.0, ""coordinates"": {""latitude"": 31.7383717, ""longitude"": -106.4341412}, ""transactions"": [], ""location"": {""address1"": ""Av. Paseo Triunfo de la Rep\u00fablica 4630"", ""address2"": """", ""address3"": null, ""city"": ""Ciudad de Ju\u00e1rez"", ""zip_code"": ""32310"", ""country"": ""MX"", ""state"": ""CHH"", ""display_address"": [""Av. Paseo Triunfo de la Rep\u00fablica 4630"", ""32310 Ciudad de Ju\u00e1rez, Chihuahua"", ""Mexico""]}, ""phone"": ""+526563010737"", ""display_phone"": ""+52 656 301 0737"", ""distance"": 9321.898192214543}, {""id"": ""KKnwfW_Eq-iKmD6PVvspZQ"", ""alias"": ""tacos-orientales-de-cuernavaca-ciudad-ju\u00e1rez"", ""name"": ""Tacos Orientales de Cuernavaca"", ""image_url"": ""https://s3-media4.fl.yelpcdn.com/bphoto/HhXYT_BXW9MLRyqwq61Djg/o.jpg"", ""is_closed"": false, ""url"": ""https://www.yelp.com/biz/tacos-orientales-de-cuernavaca-ciudad-ju%C3%A1rez?adjust_creative=ULHW7ynqdXE8Z9Fnr4irFw&utm_campaign=yelp_api_v3&utm_medium=api_v3_business_search&utm_source=ULHW7ynqdXE8Z9Fnr4irFw"", ""review_count"": 1, ""categories"": [{""alias"": ""tacos"", ""title"": ""Tacos""}], ""rating"": 3.0, ""coordinates"": {""latitude"": 31.693593139323, ""longitude"": -106.373571052206}, ""transactions"": [], ""price"": ""$$"", ""location"": {""address1"": ""Av. Valle del Sol 1960"", ""address2"": """", ""address3"": """", ""city"": ""Ciudad Ju\u00e1rez"", ""zip_code"": ""32606"", ""country"": ""MX"", ""state"": ""CHH"", ""display_address"": [""Av. Valle del Sol 1960"", ""32606 Ciudad Ju\u00e1rez, Chihuahua"", ""Mexico""]}, ""phone"": ""+526566663912"", ""display_phone"": ""+52 656 666 3912"", ""distance"": 8455.072049390992}, {""id"": ""pG-SR3kk9Tx8J4VQW86J6w"", ""alias"": ""starbucks-ciudad-ju\u00e1rez"", ""name"": ""Starbucks"", ""image_url"": ""https://s3-media3.fl.yelpcdn.com/bphoto/XrrXujv-Eq0J6PM3xWGyQw/o.jpg"", ""is_closed"": false, ""url"": ""https://www.yelp.com/biz/starbucks-ciudad-ju%C3%A1rez?adjust_creative=ULHW7ynqdXE8Z9Fnr4irFw&utm_campaign=yelp_api_v3&utm_medium=api_v3_business_search&utm_source=ULHW7ynqdXE8Z9Fnr4irFw"", ""review_count"": 1, ""categories"": [{""alias"": ""coffee"", ""title"": ""Coffee & Tea""}], ""rating"": 1.0, ""coordinates"": {""latitude"": 31.6358851151169, ""longitude"": -106.436054474369}, ""transactions"": [], ""location"": {""address1"": ""Panamericana Km 18.5"", ""address2"": """", ""address3"": null, ""city"": ""Ciudad Ju\u00e1rez"", ""zip_code"": ""32690"", ""country"": ""MX"", ""state"": ""CHH"", ""display_address"": [""Panamericana Km 18.5"", ""32690 Ciudad Ju\u00e1rez, Chihuahua"", ""Mexico""]}, ""phone"": """", ""display_phone"": """", ""distance"": 2298.0583754760833}, {""id"": ""PfpmXyamS1OQTV6O2kRhpQ"", ""alias"": ""tenchas-cafe-el-paso"", ""name"": ""Tencha's Cafe"", ""image_url"": ""https://s3-media1.fl.yelpcdn.com/bphoto/VDD7oUdeXVlEGCtRNLWRvg/o.jpg"", ""is_closed"": false, ""url"": ""https://www.yelp.com/biz/tenchas-cafe-el-paso?adjust_creative=ULHW7ynqdXE8Z9Fnr4irFw&utm_campaign=yelp_api_v3&utm_medium=api_v3_business_search&utm_source=ULHW7ynqdXE8Z9Fnr4irFw"", ""review_count"": 3, ""categories"": [{""alias"": ""mexican"", ""title"": ""Mexican""}, {""alias"": ""breakfast_brunch"", ""title"": ""Breakfast & Brunch""}], ""rating"": 4.5, ""coordinates"": {""latitude"": 31.748357048213087, ""longitude"": -106.35929369736255}, ""transactions"": [""pickup"", ""delivery""], ""location"": {""address1"": ""7610 Acapulco Ave"", ""address2"": """", ""address3"": null, ""city"": ""El Paso"", ""zip_code"": ""79915"", ""country"": ""US"", ""state"": ""TX"", ""display_address"": [""7610 Acapulco Ave"", ""El Paso, TX 79915""]}, ""phone"": ""+19152316358"", ""display_phone"": ""(915) 231-6358"", ""distance"": 13579.126287230241}, {""id"": ""dizOX0-wV6lSPvrcFhcd-Q"", ""alias"": ""mega-tacos-ju\u00e1rez"", ""name"": ""Mega Tacos"", ""image_url"": ""https://s3-media2.fl.yelpcdn.com/bphoto/c1JgFkRxwvXsIh45XZVvtw/o.jpg"", ""is_closed"": false, ""url"": ""https://www.yelp.com/biz/mega-tacos-ju%C3%A1rez?adjust_creative=ULHW7ynqdXE8Z9Fnr4irFw&utm_campaign=yelp_api_v3&utm_medium=api_v3_business_search&utm_source=ULHW7ynqdXE8Z9Fnr4irFw"", ""review_count"": 5, ""categories"": [{""alias"": ""tacos"", ""title"": ""Tacos""}, {""alias"": ""pizza"", ""title"": ""Pizza""}], ""rating"": 2.0, ""coordinates"": {""latitude"": 31.7345234005513, ""longitude"": -106.449900124224}, ""transactions"": [], ""price"": ""$"", ""location"": {""address1"": ""Av. Adolfo Lopez Mateos 196"", ""address2"": """", ""address3"": """", ""city"": ""Ju\u00e1rez"", ""zip_code"": ""59660"", ""country"": ""MX"", ""state"": ""CHH"", ""display_address"": [""Av. Adolfo Lopez Mateos 196"", ""59660 Ju\u00e1rez, Chihuahua"", ""Mexico""]}, ""phone"": ""+526146111110"", ""display_phone"": ""+52 614 611 1110"", ""distance"": 9041.152892431748}, {""id"": ""_AyoH80aNTwn7hMTBx0I2A"", ""alias"": ""las-conchas-manzanillo-2"", ""name"": ""Las Conchas"", ""image_url"": """", ""is_closed"": false, ""url"": ""https://www.yelp.com/biz/las-conchas-manzanillo-2?adjust_creative=ULHW7ynqdXE8Z9Fnr4irFw&utm_campaign=yelp_api_v3&utm_medium=api_v3_business_search&utm_source=ULHW7ynqdXE8Z9Fnr4irFw"", ""review_count"": 1, ""categories"": [{""alias"": ""caribbean"", ""title"": ""Caribbean""}], ""rating"": 5.0, ""coordinates"": {""latitude"": 31.5547722, ""longitude"": -106.3858981}, ""transactions"": [], ""price"": ""$$"", ""location"": {""address1"": ""Malec\u00f3n Playa Miramar 16"", ""address2"": """", ""address3"": """", ""city"": ""Manzanillo"", ""zip_code"": ""28860"", ""country"": ""MX"", ""state"": ""CHH"", ""display_address"": [""Malec\u00f3n Playa Miramar 16"", ""28860 Manzanillo, Chihuahua"", ""Mexico""]}, ""phone"": ""+523143340036"", ""display_phone"": ""+52 314 334 0036"", ""distance"": 12484.154518633188}, {""id"": ""IiTJQWImPCH1KV4SXszfqQ"", ""alias"": ""el-hut-cafe-el-paso"", ""name"": ""El Hut Cafe"", ""image_url"": """", ""is_closed"": false, ""url"": ""https://www.yelp.com/biz/el-hut-cafe-el-paso?adjust_creative=ULHW7ynqdXE8Z9Fnr4irFw&utm_campaign=yelp_api_v3&utm_medium=api_v3_business_search&utm_source=ULHW7ynqdXE8Z9Fnr4irFw"", ""review_count"": 1, ""categories"": [{""alias"": ""breakfast_brunch"", ""title"": ""Breakfast & Brunch""}, {""alias"": ""tacos"", ""title"": ""Tacos""}], ""rating"": 5.0, ""coordinates"": {""latitude"": 31.72752, ""longitude"": -106.34884}, ""transactions"": [""pickup"", ""delivery""], ""location"": {""address1"": ""424 N Yarbrough Dr"", ""address2"": """", ""address3"": null, ""city"": ""El Paso"", ""zip_code"": ""79915"", ""country"": ""US"", ""state"": ""TX"", ""display_address"": [""424 N Yarbrough Dr"", ""El Paso, TX 79915""]}, ""phone"": ""+19155910004"", ""display_phone"": ""(915) 591-0004"", ""distance"": 12521.525350937083}, {""id"": ""h51jL-rvxDH0zfaNoWIppA"", ""alias"": ""molcajete-ciudad-ju\u00e1rez"", ""name"": ""Molcajete"", ""image_url"": ""https://s3-media2.fl.yelpcdn.com/bphoto/CMmY0STSYLB6EIUJGT4BpA/o.jpg"", ""is_closed"": false, ""url"": ""https://www.yelp.com/biz/molcajete-ciudad-ju%C3%A1rez?adjust_creative=ULHW7ynqdXE8Z9Fnr4irFw&utm_campaign=yelp_api_v3&utm_medium=api_v3_business_search&utm_source=ULHW7ynqdXE8Z9Fnr4irFw"", ""review_count"": 1, ""categories"": [{""alias"": ""mexican"", ""title"": ""Mexican""}], ""rating"": 2.0, ""coordinates"": {""latitude"": 31.687603617737, ""longitude"": -106.405079657672}, ""transactions"": [], ""location"": {""address1"": ""Paseo de la Victoria S/N"", ""address2"": """", ""address3"": null, ""city"": ""Ciudad Ju\u00e1rez"", ""zip_code"": """", ""country"": ""MX"", ""state"": ""CHH"", ""display_address"": [""Paseo de la Victoria S/N"", ""Ciudad Ju\u00e1rez, Chihuahua"", ""Mexico""]}, ""phone"": ""+526563780681"", ""display_phone"": ""+52 656 378 0681"", ""distance"": 5667.248519137501}, {""id"": ""CSLBXPMCG_l5V3tbe0qIPw"", ""alias"": ""la-custodia-de-san-pablo-ciudad-ju\u00e1rez"", ""name"": ""La Custodia de San Pablo"", ""image_url"": ""https://s3-media3.fl.yelpcdn.com/bphoto/rN3DLpTTBZ3huU9fu9fhTQ/o.jpg"", ""is_closed"": false, ""url"": ""https://www.yelp.com/biz/la-custodia-de-san-pablo-ciudad-ju%C3%A1rez?adjust_creative=ULHW7ynqdXE8Z9Fnr4irFw&utm_campaign=yelp_api_v3&utm_medium=api_v3_business_search&utm_source=ULHW7ynqdXE8Z9Fnr4irFw"", ""review_count"": 1, ""categories"": [{""alias"": ""dinnertheater"", ""title"": ""Dinner Theater""}], ""rating"": 4.0, ""coordinates"": {""latitude"": 31.7080951, ""longitude"": -106.4509525}, ""transactions"": [], ""location"": {""address1"": ""Calle 16 de Septiembre 2355"", ""address2"": """", ""address3"": null, ""city"": ""Ciudad Ju\u00e1rez"", ""zip_code"": ""32030"", ""country"": ""MX"", ""state"": ""AGU"", ""display_address"": [""Calle 16 de Septiembre 2355"", ""32030 Ciudad Ju\u00e1rez, Aguascalientes"", ""Mexico""]}, ""phone"": ""+526563019829"", ""display_phone"": ""+52 656 301 9829"", ""distance"": 9527.814617292135}, {""id"": ""b3sBcm6LmEQNtkX-c9Aqzw"", ""alias"": ""ohashi-y-roll-ju\u00e1rez"", ""name"": ""Ohashi & Roll"", ""image_url"": ""https://s3-media4.fl.yelpcdn.com/bphoto/oJTRLWR0pcjCDodVhAr3yw/o.jpg"", ""is_closed"": false, ""url"": ""https://www.yelp.com/biz/ohashi-y-roll-ju%C3%A1rez?adjust_creative=ULHW7ynqdXE8Z9Fnr4irFw&utm_campaign=yelp_api_v3&utm_medium=api_v3_business_search&utm_source=ULHW7ynqdXE8Z9Fnr4irFw"", ""review_count"": 1, ""categories"": [{""alias"": ""korean"", ""title"": ""Korean""}], ""rating"": 3.0, ""coordinates"": {""latitude"": 31.6030681, ""longitude"": -106.4029008}, ""transactions"": [], ""location"": {""address1"": ""Dinamarca 44"", ""address2"": """", ""address3"": """", ""city"": ""Ju\u00e1rez"", ""zip_code"": ""06600"", ""country"": ""MX"", ""state"": ""CHH"", ""display_address"": [""Dinamarca 44"", ""06600 Ju\u00e1rez, Chihuahua"", ""Mexico""]}, ""phone"": """", ""display_phone"": """", ""distance"": 7097.585141407803}, {""id"": ""xc57HBlX8tSWfWYuk_7fcA"", ""alias"": ""marenca-ciudad-ju\u00e1rez"", ""name"": ""Marenca"", ""image_url"": ""https://s3-media2.fl.yelpcdn.com/bphoto/ndA94FqSkZK37M8f3SNDoQ/o.jpg"", ""is_closed"": false, ""url"": ""https://www.yelp.com/biz/marenca-ciudad-ju%C3%A1rez?adjust_creative=ULHW7ynqdXE8Z9Fnr4irFw&utm_campaign=yelp_api_v3&utm_medium=api_v3_business_search&utm_source=ULHW7ynqdXE8Z9Fnr4irFw"", ""review_count"": 1, ""categories"": [{""alias"": ""steak"", ""title"": ""Steakhouses""}, {""alias"": ""mexican"", ""title"": ""Mexican""}], ""rating"": 2.0, ""coordinates"": {""latitude"": 31.697227, ""longitude"": -106.410266}, ""transactions"": [], ""location"": {""address1"": ""Ej\u00e9rcito Nacional 8397"", ""address2"": """", ""address3"": null, ""city"": ""Ciudad Ju\u00e1rez"", ""zip_code"": ""32534"", ""country"": ""MX"", ""state"": ""CHH"", ""display_address"": [""Ej\u00e9rcito Nacional 8397"", ""32534 Ciudad Ju\u00e1rez, Chihuahua"", ""Mexico""]}, ""phone"": ""+526567416412"", ""display_phone"": ""+52 656 741 6412"", ""distance"": 6130.210223438223}, {""id"": ""gcjS-ps89tEiyCHg1VHw7A"", ""alias"": ""mi-cabana-mexican-restaurant-el-paso"", ""name"": ""Mi Cabana Mexican Restaurant"", ""image_url"": ""https://s3-media1.fl.yelpcdn.com/bphoto/2DfyPFUslnDKT89JWWJHpQ/o.jpg"", ""is_closed"": false, ""url"": ""https://www.yelp.com/biz/mi-cabana-mexican-restaurant-el-paso?adjust_creative=ULHW7ynqdXE8Z9Fnr4irFw&utm_campaign=yelp_api_v3&utm_medium=api_v3_business_search&utm_source=ULHW7ynqdXE8Z9Fnr4irFw"", ""review_count"": 4, ""categories"": [{""alias"": ""mexican"", ""title"": ""Mexican""}, {""alias"": ""bbq"", ""title"": ""Barbeque""}, {""alias"": ""seafood"", ""title"": ""Seafood""}], ""rating"": 3.0, ""coordinates"": {""latitude"": 31.72085583, ""longitude"": -106.33310917}, ""transactions"": [""pickup"", ""delivery""], ""location"": {""address1"": ""8414 N Loop Dr"", ""address2"": """", ""address3"": null, ""city"": ""El Paso"", ""zip_code"": ""79907"", ""country"": ""US"", ""state"": ""TX"", ""display_address"": [""8414 N Loop Dr"", ""El Paso, TX 79907""]}, ""phone"": ""+19155004549"", ""display_phone"": ""(915) 500-4549"", ""distance"": 13308.730461267305}, {""id"": ""yaJWUU5TVTJdcZByIrawlg"", ""alias"": ""yucca-park-el-paso"", ""name"": ""Yucca Park"", ""image_url"": ""https://s3-media3.fl.yelpcdn.com/bphoto/oDJt4iqcAc-xFE7qwDxwIA/o.jpg"", ""is_closed"": false, ""url"": ""https://www.yelp.com/biz/yucca-park-el-paso?adjust_creative=ULHW7ynqdXE8Z9Fnr4irFw&utm_campaign=yelp_api_v3&utm_medium=api_v3_business_search&utm_source=ULHW7ynqdXE8Z9Fnr4irFw"", ""review_count"": 2, ""categories"": [{""alias"": ""parks"", ""title"": ""Parks""}], ""rating"": 4.0, ""coordinates"": {""latitude"": 31.7401237487793, ""longitude"": -106.34375}, ""transactions"": [], ""location"": {""address1"": ""7901-7949 Williamette"", ""address2"": """", ""address3"": """", ""city"": ""El Paso"", ""zip_code"": ""79907"", ""country"": ""US"", ""state"": ""TX"", ""display_address"": [""7901-7949 Williamette"", ""El Paso, TX 79907""]}, ""phone"": """", ""display_phone"": """", ""distance"": 13894.921919186358}, {""id"": ""MJP1kckDhv3hdXXL9gqSaQ"", ""alias"": ""u-s-mexico-border-fence-el-paso"", ""name"": ""U.S. - Mexico Border Fence"", ""image_url"": ""https://s3-media2.fl.yelpcdn.com/bphoto/jYcDFWCHwJtTdUkp8J0hcQ/o.jpg"", ""is_closed"": false, ""url"": ""https://www.yelp.com/biz/u-s-mexico-border-fence-el-paso?adjust_creative=ULHW7ynqdXE8Z9Fnr4irFw&utm_campaign=yelp_api_v3&utm_medium=api_v3_business_search&utm_source=ULHW7ynqdXE8Z9Fnr4irFw"", ""review_count"": 2, ""categories"": [{""alias"": ""landmarks"", ""title"": ""Landmarks & Historical Buildings""}], ""rating"": 3.0, ""coordinates"": {""latitude"": 31.6745185213783, ""longitude"": -106.335677622532}, ""transactions"": [], ""location"": {""address1"": ""S Americas Ave & S Zaragoza Rd"", ""address2"": """", ""address3"": """", ""city"": ""El Paso"", ""zip_code"": ""79907"", ""country"": ""US"", ""state"": ""TX"", ""display_address"": [""S Americas Ave & S Zaragoza Rd"", ""El Paso, TX 79907""]}, ""phone"": """", ""display_phone"": """", ""distance"": 11004.896011432393}, {""id"": ""jaB35woLNlJzELjgxChn_A"", ""alias"": ""subway-el-paso-122"", ""name"": ""Subway"", ""image_url"": ""https://s3-media2.fl.yelpcdn.com/bphoto/6rKmUV1gqtaELdtnbbUWoA/o.jpg"", ""is_closed"": false, ""url"": ""https://www.yelp.com/biz/subway-el-paso-122?adjust_creative=ULHW7ynqdXE8Z9Fnr4irFw&utm_campaign=yelp_api_v3&utm_medium=api_v3_business_search&utm_source=ULHW7ynqdXE8Z9Fnr4irFw"", ""review_count"": 6, ""categories"": [{""alias"": ""sandwiches"", ""title"": ""Sandwiches""}], ""rating"": 3.0, ""coordinates"": {""latitude"": 31.7556572507704, ""longitude"": -106.344233715389}, ""transactions"": [""pickup"", ""delivery""], ""price"": ""$"", ""location"": {""address1"": ""W Bldg 8/SUITE 850 Gateway"", ""address2"": ""Bldg 8/Ste 850"", ""address3"": """", ""city"": ""El Paso"", ""zip_code"": ""79925"", ""country"": ""US"", ""state"": ""TX"", ""display_address"": [""W Bldg 8/SUITE 850 Gateway"", ""Bldg 8/Ste 850"", ""El Paso, TX 79925""]}, ""phone"": ""+19155926448"", ""display_phone"": ""(915) 592-6448"", ""distance"": 15116.450350845336}, {""id"": ""JxGp7RlV5GhYMttsMkfl3A"", ""alias"": ""mariachi-los-toritos-el-paso"", ""name"": ""Mariachi Los Toritos"", ""image_url"": """", ""is_closed"": false, ""url"": ""https://www.yelp.com/biz/mariachi-los-toritos-el-paso?adjust_creative=ULHW7ynqdXE8Z9Fnr4irFw&utm_campaign=yelp_api_v3&utm_medium=api_v3_business_search&utm_source=ULHW7ynqdXE8Z9Fnr4irFw"", ""review_count"": 1, ""categories"": [{""alias"": ""mexican"", ""title"": ""Mexican""}], ""rating"": 5.0, ""coordinates"": {""latitude"": 31.75481, ""longitude"": -106.36388}, ""transactions"": [], ""location"": {""address1"": ""1111 Hawaii St"", ""address2"": null, ""address3"": null, ""city"": ""El Paso"", ""zip_code"": ""79915"", ""country"": ""US"", ""state"": ""TX"", ""display_address"": [""1111 Hawaii St"", ""El Paso, TX 79915""]}, ""phone"": ""+19155944626"", ""display_phone"": ""(915) 594-4626"", ""distance"": 13888.132730802585}, {""id"": ""3vFI0__0fZBKr3moSVCwCA"", ""alias"": ""pizza-hut-el-paso-43"", ""name"": ""Pizza Hut"", ""image_url"": ""https://s3-media3.fl.yelpcdn.com/bphoto/C0eiCJWEha1zbC6cuGfSyg/o.jpg"", ""is_closed"": false, ""url"": ""https://www.yelp.com/biz/pizza-hut-el-paso-43?adjust_creative=ULHW7ynqdXE8Z9Fnr4irFw&utm_campaign=yelp_api_v3&utm_medium=api_v3_business_search&utm_source=ULHW7ynqdXE8Z9Fnr4irFw"", ""review_count"": 12, ""categories"": [{""alias"": ""pizza"", ""title"": ""Pizza""}, {""alias"": ""chicken_wings"", ""title"": ""Chicken Wings""}, {""alias"": ""hotdogs"", ""title"": ""Fast Food""}], ""rating"": 2.0, ""coordinates"": {""latitude"": 31.752563079359664, ""longitude"": -106.34679083527772}, ""transactions"": [""delivery""], ""price"": ""$"", ""location"": {""address1"": ""7948 Gateway E"", ""address2"": """", ""address3"": """", ""city"": ""El Paso"", ""zip_code"": ""79915"", ""country"": ""US"", ""state"": ""TX"", ""display_address"": [""7948 Gateway E"", ""El Paso, TX 79915""]}, ""phone"": ""+19155929929"", ""display_phone"": ""(915) 592-9929"", ""distance"": 14698.332572444648}, {""id"": ""bnsF7zua3eTSVHv3hk-brQ"", ""alias"": ""dreamers-playa-de-los-cristianos"", ""name"": ""Dreamers"", ""image_url"": """", ""is_closed"": false, ""url"": ""https://www.yelp.com/biz/dreamers-playa-de-los-cristianos?adjust_creative=ULHW7ynqdXE8Z9Fnr4irFw&utm_campaign=yelp_api_v3&utm_medium=api_v3_business_search&utm_source=ULHW7ynqdXE8Z9Fnr4irFw"", ""review_count"": 3, ""categories"": [{""alias"": ""bars"", ""title"": ""Bars""}], ""rating"": 3.5, ""coordinates"": {""latitude"": 28.0538692, ""longitude"": -16.7237301}, ""transactions"": [], ""price"": ""\u20ac\u20ac"", ""location"": {""address1"": ""Camino Sne"", ""address2"": """", ""address3"": """", ""city"": ""Playa de los Cristianos"", ""zip_code"": ""38640"", ""country"": ""ES"", ""state"": ""TF"", ""display_address"": [""Camino Sne"", ""38640 Playa de los Cristianos"", ""Spain""]}, ""phone"": """", ""display_phone"": """", ""distance"": 6456.864589493302}, {""id"": ""6DeNefYidByu6KdT7NBMPw"", ""alias"": ""ascarate-park-el-paso-2"", ""name"": ""Ascarate Park"", ""image_url"": ""https://s3-media3.fl.yelpcdn.com/bphoto/ZkmdUYRJ3tFaOWTPkBqHRQ/o.jpg"", ""is_closed"": false, ""url"": ""https://www.yelp.com/biz/ascarate-park-el-paso-2?adjust_creative=ULHW7ynqdXE8Z9Fnr4irFw&utm_campaign=yelp_api_v3&utm_medium=api_v3_business_search&utm_source=ULHW7ynqdXE8Z9Fnr4irFw"", ""review_count"": 2, ""categories"": [{""alias"": ""parks"", ""title"": ""Parks""}, {""alias"": ""fishing"", ""title"": ""Fishing""}], ""rating"": 3.0, ""coordinates"": {""latitude"": 31.754939, ""longitude"": -106.408463}, ""transactions"": [], ""location"": {""address1"": ""6900 Delta Dr"", ""address2"": """", ""address3"": null, ""city"": ""El Paso"", ""zip_code"": ""79915"", ""country"": ""US"", ""state"": ""TX"", ""display_address"": [""6900 Delta Dr"", ""El Paso, TX 79915""]}, ""phone"": ""+19157712380"", ""display_phone"": ""(915) 771-2380"", ""distance"": 11951.996336173712}, {""id"": ""M6jqXDl_QaOwwG4Zv8E8MQ"", ""alias"": ""el-fogoncito-chihuahua"", ""name"": ""El Fogoncito"", ""image_url"": ""https://s3-media1.fl.yelpcdn.com/bphoto/etSQR0LPIiGD4AK1fz09oQ/o.jpg"", ""is_closed"": false, ""url"": ""https://www.yelp.com/biz/el-fogoncito-chihuahua?adjust_creative=ULHW7ynqdXE8Z9Fnr4irFw&utm_campaign=yelp_api_v3&utm_medium=api_v3_business_search&utm_source=ULHW7ynqdXE8Z9Fnr4irFw"", ""review_count"": 1, ""categories"": [{""alias"": ""restaurants"", ""title"": ""Restaurants""}], ""rating"": 4.0, ""coordinates"": {""latitude"": 31.603328, ""longitude"": -106.350319}, ""transactions"": [], ""location"": {""address1"": ""Pase de la Victoria 3661"", ""address2"": null, ""address3"": null, ""city"": ""Chihuahua"", ""zip_code"": ""32618"", ""country"": ""MX"", ""state"": ""CHH"", ""display_address"": [""Pase de la Victoria 3661"", ""32618 Chihuahua"", ""Mexico""]}, ""phone"": ""+526566483479"", ""display_phone"": ""+52 656 648 3479"", ""distance"": 10888.514431741474}, {""id"": ""nu3OCTUgsDMkpO91Y-fFnA"", ""alias"": ""leprechaun-irish-pub-ciudad-ju\u00e1rez"", ""name"": ""Leprechaun Irish Pub"", ""image_url"": ""https://s3-media3.fl.yelpcdn.com/bphoto/DSeVvo7idv8e2UbUR4OefQ/o.jpg"", ""is_closed"": false, ""url"": ""https://www.yelp.com/biz/leprechaun-irish-pub-ciudad-ju%C3%A1rez?adjust_creative=ULHW7ynqdXE8Z9Fnr4irFw&utm_campaign=yelp_api_v3&utm_medium=api_v3_business_search&utm_source=ULHW7ynqdXE8Z9Fnr4irFw"", ""review_count"": 1, ""categories"": [{""alias"": ""irish_pubs"", ""title"": ""Irish Pub""}, {""alias"": ""pubs"", ""title"": ""Pubs""}], ""rating"": 1.0, ""coordinates"": {""latitude"": 31.7310370525438, ""longitude"": -106.412016525865}, ""transactions"": [], ""location"": {""address1"": ""Calle de Los Portales 802"", ""address2"": ""Partido Doblado"", ""address3"": null, ""city"": ""Ciudad Ju\u00e1rez"", ""zip_code"": ""32434"", ""country"": ""MX"", ""state"": ""CHH"", ""display_address"": [""Calle de Los Portales 802"", ""Partido Doblado"", ""32434 Ciudad Ju\u00e1rez, Chihuahua"", ""Mexico""]}, ""phone"": """", ""display_phone"": """", ""distance"": 9343.958447193421}, {""id"": ""5X7_A2sBU0DdpaONTN_lsg"", ""alias"": ""taco-h-chihuahua"", ""name"": ""Taco H"", ""image_url"": ""https://s3-media2.fl.yelpcdn.com/bphoto/Q1dAI6fPdZEJSCJk02aQEw/o.jpg"", ""is_closed"": false, ""url"": ""https://www.yelp.com/biz/taco-h-chihuahua?adjust_creative=ULHW7ynqdXE8Z9Fnr4irFw&utm_campaign=yelp_api_v3&utm_medium=api_v3_business_search&utm_source=ULHW7ynqdXE8Z9Fnr4irFw"", ""review_count"": 1, ""categories"": [{""alias"": ""restaurants"", ""title"": ""Restaurants""}], ""rating"": 3.0, ""coordinates"": {""latitude"": 31.7274494, ""longitude"": -106.4374695}, ""transactions"": [], ""location"": {""address1"": ""Lago de P\u00e1tzcuaro 919,"", ""address2"": null, ""address3"": null, ""city"": ""Chihuahua"", ""zip_code"": ""32360"", ""country"": ""MX"", ""state"": ""CHH"", ""display_address"": [""Lago de P\u00e1tzcuaro 919,"", ""32360 Chihuahua"", ""Mexico""]}, ""phone"": ""+526566232810"", ""display_phone"": ""+52 656 623 2810"", ""distance"": 8357.022955936342}, {""id"": ""4yvJSpm0gwgzcbQwio76eA"", ""alias"": ""grenz\u00fcbergang-el-paso-ciudad-ju\u00e1rez-el-paso"", ""name"": ""Grenz\u00fcbergang El Paso - Ciudad Ju\u00e1rez"", ""image_url"": ""https://s3-media4.fl.yelpcdn.com/bphoto/sYar3YDU1BcMpiB6k6QK1g/o.jpg"", ""is_closed"": false, ""url"": ""https://www.yelp.com/biz/grenz%C3%BCbergang-el-paso-ciudad-ju%C3%A1rez-el-paso?adjust_creative=ULHW7ynqdXE8Z9Fnr4irFw&utm_campaign=yelp_api_v3&utm_medium=api_v3_business_search&utm_source=ULHW7ynqdXE8Z9Fnr4irFw"", ""review_count"": 1, ""categories"": [{""alias"": ""landmarks"", ""title"": ""Landmarks & Historical Buildings""}], ""rating"": 4.0, ""coordinates"": {""latitude"": 31.7476, ""longitude"": -106.487}, ""transactions"": [], ""location"": {""address1"": null, ""address2"": null, ""address3"": ""Texas"", ""city"": ""El Paso"", ""zip_code"": ""79835"", ""country"": ""US"", ""state"": ""TX"", ""display_address"": [""Texas"", ""El Paso, TX 79835""]}, ""phone"": """", ""display_phone"": """", ""distance"": 11085.11229898415}, {""id"": ""CsIWD-nKRuki7XGsD5GwgQ"", ""alias"": ""sprinkle-me-sweets-el-paso"", ""name"": ""Sprinkle Me Sweets"", ""image_url"": ""https://s3-media1.fl.yelpcdn.com/bphoto/r-M1KxPy6UajPy5R8QxSuA/o.jpg"", ""is_closed"": false, ""url"": ""https://www.yelp.com/biz/sprinkle-me-sweets-el-paso?adjust_creative=ULHW7ynqdXE8Z9Fnr4irFw&utm_campaign=yelp_api_v3&utm_medium=api_v3_business_search&utm_source=ULHW7ynqdXE8Z9Fnr4irFw"", ""review_count"": 1, ""categories"": [{""alias"": ""candy"", ""title"": ""Candy Stores""}, {""alias"": ""bakeries"", ""title"": ""Bakeries""}], ""rating"": 5.0, ""coordinates"": {""latitude"": 31.785663604736328, ""longitude"": -106.44725036621094}, ""transactions"": [], ""location"": {""address1"": """", ""address2"": """", ""address3"": null, ""city"": ""El Paso"", ""zip_code"": ""79903"", ""country"": ""US"", ""state"": ""TX"", ""display_address"": [""El Paso, TX 79903""]}, ""phone"": ""+19153556557"", ""display_phone"": ""(915) 355-6557"", ""distance"": 14838.014724449196}, {""id"": ""zQD212syHUlcea6OIRA7Ow"", ""alias"": ""big-lous-icehouse-el-paso"", ""name"": ""Big Lou's Icehouse"", ""image_url"": ""https://s3-media3.fl.yelpcdn.com/bphoto/20JwrxQ2JGNfMSBM7rsPxA/o.jpg"", ""is_closed"": false, ""url"": ""https://www.yelp.com/biz/big-lous-icehouse-el-paso?adjust_creative=ULHW7ynqdXE8Z9Fnr4irFw&utm_campaign=yelp_api_v3&utm_medium=api_v3_business_search&utm_source=ULHW7ynqdXE8Z9Fnr4irFw"", ""review_count"": 1, ""categories"": [{""alias"": ""bars"", ""title"": ""Bars""}], ""rating"": 5.0, ""coordinates"": {""latitude"": 31.7549800407755, ""longitude"": -106.342568555723}, ""transactions"": [], ""price"": ""$"", ""location"": {""address1"": ""1188 N Yarbrough Dr"", ""address2"": """", ""address3"": null, ""city"": ""El Paso"", ""zip_code"": ""79925"", ""country"": ""US"", ""state"": ""TX"", ""display_address"": [""1188 N Yarbrough Dr"", ""El Paso, TX 79925""]}, ""phone"": ""+19153462961"", ""display_phone"": ""(915) 346-2961"", ""distance"": 15164.22112493638}, {""id"": ""-ckdKd9q0xu8Jm7WlBLa7A"", ""alias"": ""xtys-baked-goods-el-paso"", ""name"": ""Xty's Baked Goods"", ""image_url"": ""https://s3-media2.fl.yelpcdn.com/bphoto/Nxus1fvG0Sd9Fnzp-pBBBg/o.jpg"", ""is_closed"": false, ""url"": ""https://www.yelp.com/biz/xtys-baked-goods-el-paso?adjust_creative=ULHW7ynqdXE8Z9Fnr4irFw&utm_campaign=yelp_api_v3&utm_medium=api_v3_business_search&utm_source=ULHW7ynqdXE8Z9Fnr4irFw"", ""review_count"": 3, ""categories"": [{""alias"": ""customcakes"", ""title"": ""Custom Cakes""}, {""alias"": ""cupcakes"", ""title"": ""Cupcakes""}, {""alias"": ""desserts"", ""title"": ""Desserts""}], ""rating"": 5.0, ""coordinates"": {""latitude"": 31.712051391601562, ""longitude"": -106.32512664794922}, ""transactions"": [], ""location"": {""address1"": null, ""address2"": null, ""address3"": null, ""city"": ""El Paso"", ""zip_code"": ""79907"", ""country"": ""US"", ""state"": ""TX"", ""display_address"": [""El Paso, TX 79907""]}, ""phone"": ""+19153017607"", ""display_phone"": ""(915) 301-7607"", ""distance"": 12524.509390709492}, {""id"": ""BOau_IXymYhAI-VEChUfcA"", ""alias"": ""los-delfines-el-paso-2"", ""name"": ""Los Delfines"", ""image_url"": ""https://s3-media2.fl.yelpcdn.com/bphoto/kQGAj2AVPrzUHj1kw0SomQ/o.jpg"", ""is_closed"": false, ""url"": ""https://www.yelp.com/biz/los-delfines-el-paso-2?adjust_creative=ULHW7ynqdXE8Z9Fnr4irFw&utm_campaign=yelp_api_v3&utm_medium=api_v3_business_search&utm_source=ULHW7ynqdXE8Z9Fnr4irFw"", ""review_count"": 1, ""categories"": [{""alias"": ""seafood"", ""title"": ""Seafood""}], ""rating"": 4.0, ""coordinates"": {""latitude"": 31.7346153259277, ""longitude"": -106.359199523926}, ""transactions"": [], ""price"": ""$$"", ""location"": {""address1"": ""7820 N Loop Dr"", ""address2"": """", ""address3"": """", ""city"": ""El Paso"", ""zip_code"": ""79915"", ""country"": ""US"", ""state"": ""TX"", ""display_address"": [""7820 N Loop Dr"", ""El Paso, TX 79915""]}, ""phone"": ""+19155907430"", ""display_phone"": ""(915) 590-7430"", ""distance"": 12448.703975085711}, {""id"": ""HGojLvTaYkWYa5t3frhfJA"", ""alias"": ""mcdonalds-el-paso-30"", ""name"": ""McDonald's"", ""image_url"": ""https://s3-media1.fl.yelpcdn.com/bphoto/LsTn-IBsc8vAGQCUHdAT1Q/o.jpg"", ""is_closed"": false, ""url"": ""https://www.yelp.com/biz/mcdonalds-el-paso-30?adjust_creative=ULHW7ynqdXE8Z9Fnr4irFw&utm_campaign=yelp_api_v3&utm_medium=api_v3_business_search&utm_source=ULHW7ynqdXE8Z9Fnr4irFw"", ""review_count"": 4, ""categories"": [{""alias"": ""burgers"", ""title"": ""Burgers""}, {""alias"": ""hotdogs"", ""title"": ""Fast Food""}, {""alias"": ""coffee"", ""title"": ""Coffee & Tea""}], ""rating"": 2.0, ""coordinates"": {""latitude"": 31.70016, ""longitude"": -106.3394}, ""transactions"": [""delivery""], ""price"": ""$"", ""location"": {""address1"": ""8675 Alameda Ave"", ""address2"": """", ""address3"": """", ""city"": ""El Paso"", ""zip_code"": ""79907"", ""country"": ""US"", ""state"": ""TX"", ""display_address"": [""8675 Alameda Ave"", ""El Paso, TX 79907""]}, ""phone"": ""+19158599108"", ""display_phone"": ""(915) 859-9108"", ""distance"": 11635.221350637066}, {""id"": ""NhQ4oZJffFmZGWS0RwhTJQ"", ""alias"": ""sanborns-caf\u00e9-chihuahua"", ""name"": ""Sanborns Caf\u00e9"", ""image_url"": ""https://s3-media4.fl.yelpcdn.com/bphoto/DSIHiKYg4oMc9r8fBCd9NA/o.jpg"", ""is_closed"": false, ""url"": ""https://www.yelp.com/biz/sanborns-caf%C3%A9-chihuahua?adjust_creative=ULHW7ynqdXE8Z9Fnr4irFw&utm_campaign=yelp_api_v3&utm_medium=api_v3_business_search&utm_source=ULHW7ynqdXE8Z9Fnr4irFw"", ""review_count"": 2, ""categories"": [{""alias"": ""restaurants"", ""title"": ""Restaurants""}], ""rating"": 1.0, ""coordinates"": {""latitude"": 31.716047, ""longitude"": -106.432338}, ""transactions"": [], ""location"": {""address1"": ""Abraham Lincoln 1345"", ""address2"": null, ""address3"": null, ""city"": ""Chihuahua"", ""zip_code"": ""32317"", ""country"": ""MX"", ""state"": ""CHH"", ""display_address"": [""Abraham Lincoln 1345"", ""32317 Chihuahua"", ""Mexico""]}, ""phone"": ""+521064323383"", ""display_phone"": ""+52 1064323383"", ""distance"": 7168.035192466671}, {""id"": ""7lIzaUzi9yMPwhUqbouqKA"", ""alias"": ""churchs-chicken-el-paso-14"", ""name"": ""Church's Chicken"", ""image_url"": ""https://s3-media1.fl.yelpcdn.com/bphoto/f7bYEW2_PFmihnQPp27FlQ/o.jpg"", ""is_closed"": false, ""url"": ""https://www.yelp.com/biz/churchs-chicken-el-paso-14?adjust_creative=ULHW7ynqdXE8Z9Fnr4irFw&utm_campaign=yelp_api_v3&utm_medium=api_v3_business_search&utm_source=ULHW7ynqdXE8Z9Fnr4irFw"", ""review_count"": 3, ""categories"": [{""alias"": ""chickenshop"", ""title"": ""Chicken Shop""}, {""alias"": ""breakfast_brunch"", ""title"": ""Breakfast & Brunch""}, {""alias"": ""hotdogs"", ""title"": ""Fast Food""}], ""rating"": 2.5, ""coordinates"": {""latitude"": 31.75572, ""longitude"": -106.48752}, ""transactions"": [""delivery""], ""location"": {""address1"": ""119 East Paisano Dr"", ""address2"": """", ""address3"": """", ""city"": ""El Paso"", ""zip_code"": ""79901"", ""country"": ""US"", ""state"": ""TX"", ""display_address"": [""119 East Paisano Dr"", ""El Paso, TX 79901""]}, ""phone"": ""+19155421277"", ""display_phone"": ""(915) 542-1277"", ""distance"": 11929.800447064119}, {""id"": ""1wM_JRPCHoOrqTaSpJaCaQ"", ""alias"": ""la-gordibuena-north-loop-el-paso"", ""name"": ""La Gordibuena North Loop"", ""image_url"": ""https://s3-media2.fl.yelpcdn.com/bphoto/vn_41AaB3HeC-_qE8_Jllg/o.jpg"", ""is_closed"": false, ""url"": ""https://www.yelp.com/biz/la-gordibuena-north-loop-el-paso?adjust_creative=ULHW7ynqdXE8Z9Fnr4irFw&utm_campaign=yelp_api_v3&utm_medium=api_v3_business_search&utm_source=ULHW7ynqdXE8Z9Fnr4irFw"", ""review_count"": 1, ""categories"": [{""alias"": ""mexican"", ""title"": ""Mexican""}], ""rating"": 4.0, ""coordinates"": {""latitude"": 31.728972, ""longitude"": -106.345508}, ""transactions"": [""delivery""], ""location"": {""address1"": ""8111 North Loop Dr"", ""address2"": ""Ste A2"", ""address3"": null, ""city"": ""El Paso"", ""zip_code"": ""79907"", ""country"": ""US"", ""state"": ""TX"", ""display_address"": [""8111 North Loop Dr"", ""Ste A2"", ""El Paso, TX 79907""]}, ""phone"": ""+19153000001"", ""display_phone"": ""(915) 300-0001"", ""distance"": 12936.704204120122}, {""id"": ""iSrK1fZKMDEBdx90GyiniA"", ""alias"": ""u-s-customs-and-border-protection-ysleta-port-of-entry-el-paso"", ""name"": ""U.S. Customs and Border Protection - Ysleta Port of Entry"", ""image_url"": ""https://s3-media1.fl.yelpcdn.com/bphoto/j_qy8-A5kGq4ng7icI0kyw/o.jpg"", ""is_closed"": false, ""url"": ""https://www.yelp.com/biz/u-s-customs-and-border-protection-ysleta-port-of-entry-el-paso?adjust_creative=ULHW7ynqdXE8Z9Fnr4irFw&utm_campaign=yelp_api_v3&utm_medium=api_v3_business_search&utm_source=ULHW7ynqdXE8Z9Fnr4irFw"", ""review_count"": 2, ""categories"": [{""alias"": ""landmarks"", ""title"": ""Landmarks & Historical Buildings""}], ""rating"": 2.5, ""coordinates"": {""latitude"": 31.6721399833973, ""longitude"": -106.335321106017}, ""transactions"": [], ""location"": {""address1"": ""797 S Zaragoza Rd"", ""address2"": """", ""address3"": null, ""city"": ""El Paso"", ""zip_code"": ""79907"", ""country"": ""US"", ""state"": ""TX"", ""display_address"": [""797 S Zaragoza Rd"", ""El Paso, TX 79907""]}, ""phone"": ""+19158723424"", ""display_phone"": ""(915) 872-3424"", ""distance"": 10988.836375183628}, {""id"": ""O7YmfQ53Mp3GBKBlzJrYGw"", ""alias"": ""wendys-el-paso-5"", ""name"": ""Wendy's"", ""image_url"": ""https://s3-media3.fl.yelpcdn.com/bphoto/PY8Gu-gh5cdBvQkzJ9_rnw/o.jpg"", ""is_closed"": false, ""url"": ""https://www.yelp.com/biz/wendys-el-paso-5?adjust_creative=ULHW7ynqdXE8Z9Fnr4irFw&utm_campaign=yelp_api_v3&utm_medium=api_v3_business_search&utm_source=ULHW7ynqdXE8Z9Fnr4irFw"", ""review_count"": 10, ""categories"": [{""alias"": ""burgers"", ""title"": ""Burgers""}, {""alias"": ""hotdogs"", ""title"": ""Fast Food""}], ""rating"": 2.0, ""coordinates"": {""latitude"": 31.75491, ""longitude"": -106.34292}, ""transactions"": [""delivery""], ""price"": ""$"", ""location"": {""address1"": ""1176 Yarbrough Dr."", ""address2"": """", ""address3"": """", ""city"": ""El Paso"", ""zip_code"": ""79925"", ""country"": ""US"", ""state"": ""TX"", ""display_address"": [""1176 Yarbrough Dr."", ""El Paso, TX 79925""]}, ""phone"": ""+19155989647"", ""display_phone"": ""(915) 598-9647"", ""distance"": 15133.774436298967}, {""id"": ""xAEaaHBD59drxGVEIHJazw"", ""alias"": ""subway-el-paso-114"", ""name"": ""Subway"", ""image_url"": ""https://s3-media2.fl.yelpcdn.com/bphoto/8d4zhtwnspAO3T2R_syT1g/o.jpg"", ""is_closed"": false, ""url"": ""https://www.yelp.com/biz/subway-el-paso-114?adjust_creative=ULHW7ynqdXE8Z9Fnr4irFw&utm_campaign=yelp_api_v3&utm_medium=api_v3_business_search&utm_source=ULHW7ynqdXE8Z9Fnr4irFw"", ""review_count"": 2, ""categories"": [{""alias"": ""sandwiches"", ""title"": ""Sandwiches""}], ""rating"": 2.5, ""coordinates"": {""latitude"": 31.694524666443595, ""longitude"": -106.33355407924677}, ""transactions"": [""pickup"", ""delivery""], ""price"": ""$"", ""location"": {""address1"": ""8899 Alameda"", ""address2"": ""Ste 101"", ""address3"": null, ""city"": ""El Paso"", ""zip_code"": ""79907"", ""country"": ""US"", ""state"": ""TX"", ""display_address"": [""8899 Alameda"", ""Ste 101"", ""El Paso, TX 79907""]}, ""phone"": ""+19158583266"", ""display_phone"": ""(915) 858-3266"", ""distance"": 11875.67689531938}, {""id"": ""QzwxiGYgnztIIzQdUDPB4Q"", ""alias"": ""cilantro-mexican-eatery-el-paso"", ""name"": ""Cilantro Mexican Eatery"", ""image_url"": ""https://s3-media3.fl.yelpcdn.com/bphoto/1nERzRq067G8zQ-VTfn4zg/o.jpg"", ""is_closed"": false, ""url"": ""https://www.yelp.com/biz/cilantro-mexican-eatery-el-paso?adjust_creative=ULHW7ynqdXE8Z9Fnr4irFw&utm_campaign=yelp_api_v3&utm_medium=api_v3_business_search&utm_source=ULHW7ynqdXE8Z9Fnr4irFw"", ""review_count"": 3, ""categories"": [{""alias"": ""mexican"", ""title"": ""Mexican""}], ""rating"": 2.5, ""coordinates"": {""latitude"": 31.7550084, ""longitude"": -106.3941698}, ""transactions"": [""pickup""], ""location"": {""address1"": ""7062 Alameda Ave"", ""address2"": """", ""address3"": null, ""city"": ""El Paso"", ""zip_code"": ""79915"", ""country"": ""US"", ""state"": ""TX"", ""display_address"": [""7062 Alameda Ave"", ""El Paso, TX 79915""]}, ""phone"": ""+19157794680"", ""display_phone"": ""(915) 779-4680"", ""distance"": 12455.78022443519}, {""id"": ""YZAYkc0hjDo4MEfxNYUziw"", ""alias"": ""adas-mexican-restaurant-el-paso"", ""name"": ""Adas Mexican Restaurant"", ""image_url"": ""https://s3-media3.fl.yelpcdn.com/bphoto/OZ6tio_tdxGxUHEvQ_Iu_A/o.jpg"", ""is_closed"": false, ""url"": ""https://www.yelp.com/biz/adas-mexican-restaurant-el-paso?adjust_creative=ULHW7ynqdXE8Z9Fnr4irFw&utm_campaign=yelp_api_v3&utm_medium=api_v3_business_search&utm_source=ULHW7ynqdXE8Z9Fnr4irFw"", ""review_count"": 1, ""categories"": [{""alias"": ""mexican"", ""title"": ""Mexican""}, {""alias"": ""breakfast_brunch"", ""title"": ""Breakfast & Brunch""}], ""rating"": 4.0, ""coordinates"": {""latitude"": 31.74127, ""longitude"": -106.35429}, ""transactions"": [], ""location"": {""address1"": ""527 Giles Rd"", ""address2"": """", ""address3"": null, ""city"": ""El Paso"", ""zip_code"": ""79915"", ""country"": ""US"", ""state"": ""TX"", ""display_address"": [""527 Giles Rd"", ""El Paso, TX 79915""]}, ""phone"": ""+19154449098"", ""display_phone"": ""(915) 444-9098"", ""distance"": 13288.473639363385}, {""id"": ""_zwG2DAHjDz5LA6zh_TPNw"", ""alias"": ""poblana-bakery-el-paso"", ""name"": ""Poblana Bakery"", ""image_url"": ""https://s3-media2.fl.yelpcdn.com/bphoto/-oZktM_x81hP9v-5jO14Og/o.jpg"", ""is_closed"": false, ""url"": ""https://www.yelp.com/biz/poblana-bakery-el-paso?adjust_creative=ULHW7ynqdXE8Z9Fnr4irFw&utm_campaign=yelp_api_v3&utm_medium=api_v3_business_search&utm_source=ULHW7ynqdXE8Z9Fnr4irFw"", ""review_count"": 1, ""categories"": [{""alias"": ""bakeries"", ""title"": ""Bakeries""}, {""alias"": ""mexican"", ""title"": ""Mexican""}], ""rating"": 4.0, ""coordinates"": {""latitude"": 31.74312, ""longitude"": -106.3543}, ""transactions"": [""delivery""], ""location"": {""address1"": ""603 Giles Rd"", ""address2"": """", ""address3"": """", ""city"": ""El Paso"", ""zip_code"": ""79915"", ""country"": ""US"", ""state"": ""TX"", ""display_address"": [""603 Giles Rd"", ""El Paso, TX 79915""]}, ""phone"": ""+19152719003"", ""display_phone"": ""(915) 271-9003"", ""distance"": 13439.778704635846}, {""id"": ""ek5cnE2Whicb57eNeOgxTg"", ""alias"": ""peter-piper-pizza-el-paso-4"", ""name"": ""Peter Piper Pizza"", ""image_url"": ""https://s3-media2.fl.yelpcdn.com/bphoto/_Esp25Oo61HsW32hEiu_AA/o.jpg"", ""is_closed"": false, ""url"": ""https://www.yelp.com/biz/peter-piper-pizza-el-paso-4?adjust_creative=ULHW7ynqdXE8Z9Fnr4irFw&utm_campaign=yelp_api_v3&utm_medium=api_v3_business_search&utm_source=ULHW7ynqdXE8Z9Fnr4irFw"", ""review_count"": 4, ""categories"": [{""alias"": ""pizza"", ""title"": ""Pizza""}], ""rating"": 3.0, ""coordinates"": {""latitude"": 31.755395, ""longitude"": -106.344347}, ""transactions"": [], ""price"": ""$"", ""location"": {""address1"": ""Yarbrough & I 10"", ""address2"": """", ""address3"": """", ""city"": ""El Paso"", ""zip_code"": ""79901"", ""country"": ""US"", ""state"": ""TX"", ""display_address"": [""Yarbrough & I 10"", ""El Paso, TX 79901""]}, ""phone"": ""+19155933198"", ""display_phone"": ""(915) 593-3198"", ""distance"": 15087.444367526685}, {""id"": ""LtFuCg1Wwk26Gh2WNxopAg"", ""alias"": ""mariscos-ballenita-nogales"", ""name"": ""Mariscos Ballenita"", ""image_url"": """", ""is_closed"": false, ""url"": ""https://www.yelp.com/biz/mariscos-ballenita-nogales?adjust_creative=ULHW7ynqdXE8Z9Fnr4irFw&utm_campaign=yelp_api_v3&utm_medium=api_v3_business_search&utm_source=ULHW7ynqdXE8Z9Fnr4irFw"", ""review_count"": 1, ""categories"": [{""alias"": ""seafood"", ""title"": ""Seafood""}], ""rating"": 5.0, ""coordinates"": {""latitude"": 31.720501, ""longitude"": -106.443586}, ""transactions"": [], ""location"": {""address1"": ""Plutalco Elias Calles 1200"", ""address2"": null, ""address3"": null, ""city"": ""Nogales"", ""zip_code"": ""84000"", ""country"": ""MX"", ""state"": ""SON"", ""display_address"": [""Plutalco Elias Calles 1200"", ""84000 Nogales, Sonora"", ""Mexico""]}, ""phone"": ""+526313136180"", ""display_phone"": ""+52 631 313 6180"", ""distance"": 7501.115923541515}, {""id"": ""S3UyK0b3q1XupZDeJ9epsg"", ""alias"": ""burritos-tio-chepe-chihuahua"", ""name"": ""Burritos Tio Chepe"", ""image_url"": ""https://s3-media3.fl.yelpcdn.com/bphoto/ASv9DPIieYvHhPVy8QFROw/o.jpg"", ""is_closed"": false, ""url"": ""https://www.yelp.com/biz/burritos-tio-chepe-chihuahua?adjust_creative=ULHW7ynqdXE8Z9Fnr4irFw&utm_campaign=yelp_api_v3&utm_medium=api_v3_business_search&utm_source=ULHW7ynqdXE8Z9Fnr4irFw"", ""review_count"": 1, ""categories"": [{""alias"": ""restaurants"", ""title"": ""Restaurants""}], ""rating"": 3.0, ""coordinates"": {""latitude"": 31.7518101, ""longitude"": -106.4257889}, ""transactions"": [], ""location"": {""address1"": ""Hermanos Escobar 6020"", ""address2"": null, ""address3"": null, ""city"": ""Chihuahua"", ""zip_code"": ""32410"", ""country"": ""MX"", ""state"": ""CHH"", ""display_address"": [""Hermanos Escobar 6020"", ""32410 Chihuahua"", ""Mexico""]}, ""phone"": ""+526566270341"", ""display_phone"": ""+52 656 627 0341"", ""distance"": 10582.069194134318}], ""total"": 304, ""region"": {""center"": {""longitude"": -106.44927978515625, ""latitude"": 31.653215982221013}}}",application/json,false,"OAS disconformity: [Path '/businesses/[item]/price'] Instance value ("""") not found in enum (possible values: [""$"";""$$"";""$$$"";""$$$$""])"
test_1ji4fyx6xmt6b_getBusinesses,200,"{""businesses"": [], ""total"": 0, ""region"": {""center"": {""longitude"": -91.83116, ""latitude"": 43.302376}}}",application/json,true,none
test_1jyg19zozsvvq_getBusinesses,200,"{""businesses"": [], ""total"": 0, ""region"": {""center"": {""longitude"": -80.701965, ""latitude"": 41.912766}}}",application/json,true,none
test_1jyoco1ytph6a_getBusinesses,200,"{""businesses"": [], ""total"": 0, ""region"": {""center"": {""longitude"": -116.88864, ""latitude"": 37.98739}}}",application/json,true,none
test_1jyovp53ic1nq_getBusinesses,200,"{""businesses"": [], ""total"": 170, ""region"": {""center"": {""longitude"": -105.96038818359375, ""latitude"": 35.665062782072155}}}",application/json,true,none
test_1k1ziwl29p83d_getBusinesses,200,"{""businesses"": [], ""total"": 2, ""region"": {""center"": {""longitude"": -117.03039, ""latitude"": 34.122272}}}",application/json,true,none
test_qe10r8xxl6cm_getBusinesses,200,"{""businesses"": [], ""total"": 13, ""region"": {""center"": {""longitude"": -82.84798, ""latitude"": 38.735992}}}",application/json,true,none
test_qe4cepc3hwtf_getBusinesses,200,"{""businesses"": [], ""total"": 0, ""region"": {""center"": {""longitude"": -100.68886, ""latitude"": 38.038456}}}",application/json,true,none
test_qe9v6aswwllx_getBusinesses,200,"{""businesses"": [], ""total"": 1, ""region"": {""center"": {""longitude"": -118.41846, ""latitude"": 41.545666}}}",application/json,true,none
test_qecoiizsj19y_getBusinesses,200,"{""businesses"": [], ""total"": 10, ""region"": {""center"": {""longitude"": -93.42549, ""latitude"": 35.920906}}}",application/json,true,none
test_qhqmnxqwrsjc_getBusinesses,200,"{""businesses"": [], ""total"": 0, ""region"": {""center"": {""longitude"": -88.64073, ""latitude"": 47.375084}}}",application/json,true,none
test_qhted8vu2fcm_getBusinesses,200,"{""businesses"": [], ""total"": 43, ""region"": {""center"": {""longitude"": -98.55304, ""latitude"": 37.812607}}}",application/json,true,none
test_qhvlvb4nz0bn_getBusinesses,200,"{""businesses"": [], ""total"": 13, ""region"": {""center"": {""longitude"": -110.40101, ""latitude"": 39.82653}}}",application/json,true,none
test_qxi86j26pxkk_getBusinesses,200,"{""businesses"": [], ""total"": 0, ""region"": {""center"": {""longitude"": -86.6006, ""latitude"": 42.71173}}}",application/json,true,none
test_qxlk84gvzo6q_getBusinesses,200,"{""businesses"": [], ""total"": 0, ""region"": {""center"": {""longitude"": -103.71826, ""latitude"": 37.261986}}}",application/json,true,none
test_qxyvjjd6d4yp_getBusinesses,200,"{""businesses"": [], ""total"": 100, ""region"": {""center"": {""longitude"": -82.84401, ""latitude"": 42.489548}}}",application/json,true,none
test_s12t060ka78y_getBusinesses,200,"{""businesses"": [], ""total"": 0, ""region"": {""center"": {""longitude"": -92.29861, ""latitude"": 38.732887}}}",application/json,true,none
test_skkj519rtq2f_getBusinesses,200,"{""businesses"": [], ""total"": 11, ""region"": {""center"": {""longitude"": -108.9175, ""latitude"": 38.091106}}}",application/json,true,none
test_sksa4mafjnfm_getBusinesses,200,"{""businesses"": [], ""total"": 0, ""region"": {""center"": {""longitude"": -89.24799, ""latitude"": 34.645817}}}",application/json,true,none
test_skv4b56gk8qf_getBusinesses,200,"{""businesses"": [], ""total"": 0, ""region"": {""center"": {""longitude"": -122.43644714355469, ""latitude"": 37.76089938976322}}}",application/json,true,none
test_skxvasuj6zxg_getBusinesses,200,"{""businesses"": [], ""total"": 61, ""region"": {""center"": {""longitude"": -95.875496, ""latitude"": 35.042187}}}",application/json,true,none
test_sl3gsvzjxtus_getBusinesses,200,"{""businesses"": [], ""total"": 0, ""region"": {""center"": {""longitude"": -92.34828, ""latitude"": 45.19051}}}",application/json,true,none
test_sohw16s18h13_getBusinesses,200,"{""businesses"": [], ""total"": 9, ""region"": {""center"": {""longitude"": -105.41904, ""latitude"": 39.007793}}}",application/json,true,none
test_somxl2ng33n8_getBusinesses,200,"{""businesses"": [], ""total"": 0, ""region"": {""center"": {""longitude"": 139.76669311523438, ""latitude"": 35.685011526354074}}}",application/json,true,none
test_sonesy4sb3uf_getBusinesses,200,"{""businesses"": [], ""total"": 2, ""region"": {""center"": {""longitude"": -90.07552, ""latitude"": 45.58826}}}",application/json,true,none
test_t8f5azw9ejj6_getBusinesses,200,"{""businesses"": [], ""total"": 0, ""region"": {""center"": {""longitude"": -102.46275, ""latitude"": 45.44322}}}",application/json,true,none
test_too02m0j4q5f_getBusinesses,200,"{""businesses"": [], ""total"": 0, ""region"": {""center"": {""longitude"": -106.19795, ""latitude"": 41.852184}}}",application/json,true,none
test_toogfwl4g4te_getBusinesses,200,"{""businesses"": [], ""total"": 0, ""region"": {""center"": {""longitude"": -112.29851, ""latitude"": 45.02478}}}",application/json,true,none
test_trtl9ma5z513_getBusinesses,200,"{""businesses"": [], ""total"": 47, ""region"": {""center"": {""longitude"": -109.94779, ""latitude"": 43.910797}}}",application/json,true,none
test_u7p1j4mt41mh_getBusinesses,200,"{""businesses"": [], ""total"": 0, ""region"": {""center"": {""longitude"": -115.20987, ""latitude"": 34.002037}}}",application/json,true,none
test_u7rao5wk9uev_getBusinesses,200,"{""businesses"": [], ""total"": 2, ""region"": {""center"": {""longitude"": -89.36111, ""latitude"": 41.9445}}}",application/json,true,none
test_u7znvlq27cxe_getBusinesses,200,"{""businesses"": [], ""total"": 11, ""region"": {""center"": {""longitude"": -104.96026, ""latitude"": 40.27779}}}",application/json,true,none
test_u87znl6uhgl2_getBusinesses,200,"{""businesses"": [], ""total"": 0, ""region"": {""center"": {""longitude"": -81.5573, ""latitude"": 42.504944}}}",application/json,true,none
test_ublu5gxch941_getBusinesses,200,"{""businesses"": [{""id"": ""eSUsfmDb7b3TIpzOaaInDA"", ""alias"": ""pizza-big-milano"", ""name"": ""Pizza Big"", ""image_url"": ""https://s3-media3.fl.yelpcdn.com/bphoto/gIX29s7O1e00__NC4bDB4g/o.jpg"", ""is_closed"": false, ""url"": ""https://www.yelp.com/biz/pizza-big-milano?adjust_creative=ULHW7ynqdXE8Z9Fnr4irFw&utm_campaign=yelp_api_v3&utm_medium=api_v3_business_search&utm_source=ULHW7ynqdXE8Z9Fnr4irFw"", ""review_count"": 16, ""categories"": [{""alias"": ""pizza"", ""title"": ""Pizza""}], ""rating"": 4.5, ""coordinates"": {""latitude"": 45.48894, ""longitude"": 9.21083}, ""transactions"": [], ""price"": ""\u20ac\u20ac"", ""location"": {""address1"": ""Viale Brianza 30"", ""address2"": null, ""address3"": null, ""city"": ""Milan"", ""zip_code"": ""20127"", ""country"": ""IT"", ""state"": ""MI"", ""display_address"": [""Viale Brianza 30"", ""20127 Milan"", ""Italy""]}, ""phone"": ""+39022846548"", ""display_phone"": ""+39 02 284 6548"", ""distance"": 2670.779433098558}, {""id"": ""oRWOH1IqSNH_0c6ZzkAZHg"", ""alias"": ""terrazza-aperol-milano-2"", ""name"": ""Terrazza Aperol"", ""image_url"": ""https://s3-media3.fl.yelpcdn.com/bphoto/6iMjpqgzMW_YBxr8-L7o8g/o.jpg"", ""is_closed"": false, ""url"": ""https://www.yelp.com/biz/terrazza-aperol-milano-2?adjust_creative=ULHW7ynqdXE8Z9Fnr4irFw&utm_campaign=yelp_api_v3&utm_medium=api_v3_business_search&utm_source=ULHW7ynqdXE8Z9Fnr4irFw"", ""review_count"": 38, ""categories"": [{""alias"": ""cocktailbars"", ""title"": ""Cocktail Bars""}], ""rating"": 3.0, ""coordinates"": {""latitude"": 45.4646912, ""longitude"": 9.1906796}, ""transactions"": [], ""price"": ""\u20ac\u20ac"", ""location"": {""address1"": ""Piazza del Duomo"", ""address2"": """", ""address3"": """", ""city"": ""Milan"", ""zip_code"": ""20121"", ""country"": ""IT"", ""state"": ""MI"", ""display_address"": [""Piazza del Duomo"", ""20121 Milan"", ""Italy""]}, ""phone"": ""+390286331959"", ""display_phone"": ""+39 02 8633 1959"", ""distance"": 655.0753806428845}, {""id"": ""h5YXtchCZsd_VdPJG_xRYQ"", ""alias"": ""i-capatosta-milano-4"", ""name"": ""I Capatosta"", ""image_url"": ""https://s3-media1.fl.yelpcdn.com/bphoto/XB4VXNRiYHIh5uQxPO5QwA/o.jpg"", ""is_closed"": false, ""url"": ""https://www.yelp.com/biz/i-capatosta-milano-4?adjust_creative=ULHW7ynqdXE8Z9Fnr4irFw&utm_campaign=yelp_api_v3&utm_medium=api_v3_business_search&utm_source=ULHW7ynqdXE8Z9Fnr4irFw"", ""review_count"": 34, ""categories"": [{""alias"": ""pizza"", ""title"": ""Pizza""}], ""rating"": 4.0, ""coordinates"": {""latitude"": 45.450988, ""longitude"": 9.170582}, ""transactions"": [], ""price"": ""\u20ac\u20ac"", ""location"": {""address1"": ""Alzaia Naviglio Grande 56"", ""address2"": null, ""address3"": """", ""city"": ""Milan"", ""zip_code"": ""20136"", ""country"": ""IT"", ""state"": ""MI"", ""display_address"": [""Alzaia Naviglio Grande 56"", ""20136 Milan"", ""Italy""]}, ""phone"": ""+390289415910"", ""display_phone"": ""+39 02 8941 5910"", ""distance"": 2600.9888438095845}, {""id"": ""z0TQ1B9hB7A9oHRMlUEb4A"", ""alias"": ""radetzky-caf\u00e9-milano-2"", ""name"": ""Radetzky Caf\u00e9"", ""image_url"": ""https://s3-media2.fl.yelpcdn.com/bphoto/AIrSrJdGGdjV3ial9es0sQ/o.jpg"", ""is_closed"": false, ""url"": ""https://www.yelp.com/biz/radetzky-caf%C3%A9-milano-2?adjust_creative=ULHW7ynqdXE8Z9Fnr4irFw&utm_campaign=yelp_api_v3&utm_medium=api_v3_business_search&utm_source=ULHW7ynqdXE8Z9Fnr4irFw"", ""review_count"": 21, ""categories"": [{""alias"": ""bars"", ""title"": ""Bars""}, {""alias"": ""cafes"", ""title"": ""Cafes""}, {""alias"": ""italian"", ""title"": ""Italian""}], ""rating"": 3.5, ""coordinates"": {""latitude"": 45.4785899, ""longitude"": 9.1855499}, ""transactions"": [], ""price"": ""\u20ac\u20ac"", ""location"": {""address1"": ""Corso Garibaldi 105"", ""address2"": """", ""address3"": """", ""city"": ""Milan"", ""zip_code"": ""20121"", ""country"": ""IT"", ""state"": ""MI"", ""display_address"": [""Corso Garibaldi 105"", ""20121 Milan"", ""Italy""]}, ""phone"": ""+39026572645"", ""display_phone"": ""+39 02 657 2645"", ""distance"": 938.2977883049424}, {""id"": ""2_XIpBvKP3gDnrJ0v9zUpg"", ""alias"": ""gb-bar-milano"", ""name"": ""GB Bar"", ""image_url"": ""https://s3-media4.fl.yelpcdn.com/bphoto/xrJFhd_wbXj84iNCnFhSuw/o.jpg"", ""is_closed"": false, ""url"": ""https://www.yelp.com/biz/gb-bar-milano?adjust_creative=ULHW7ynqdXE8Z9Fnr4irFw&utm_campaign=yelp_api_v3&utm_medium=api_v3_business_search&utm_source=ULHW7ynqdXE8Z9Fnr4irFw"", ""review_count"": 10, ""categories"": [{""alias"": ""bars"", ""title"": ""Bars""}, {""alias"": ""cafes"", ""title"": ""Cafes""}, {""alias"": ""sandwiches"", ""title"": ""Sandwiches""}], ""rating"": 4.5, ""coordinates"": {""latitude"": 45.46609, ""longitude"": 9.1918}, ""transactions"": [], ""price"": ""\u20ac"", ""location"": {""address1"": ""Via Agnello 18"", ""address2"": null, ""address3"": null, ""city"": ""Milan"", ""zip_code"": ""20121"", ""country"": ""IT"", ""state"": ""MI"", ""display_address"": [""Via Agnello 18"", ""20121 Milan"", ""Italy""]}, ""phone"": ""+3902863446"", ""display_phone"": ""+39 02 863446"", ""distance"": 528.05879588871}, {""id"": ""s8dJZch1HcOqwIJdNkGd5A"", ""alias"": ""the-kitchen-milano"", ""name"": ""The Kitchen"", ""image_url"": ""https://s3-media4.fl.yelpcdn.com/bphoto/4uvMRpxZSnwEyGmr4b18eA/o.jpg"", ""is_closed"": false, ""url"": ""https://www.yelp.com/biz/the-kitchen-milano?adjust_creative=ULHW7ynqdXE8Z9Fnr4irFw&utm_campaign=yelp_api_v3&utm_medium=api_v3_business_search&utm_source=ULHW7ynqdXE8Z9Fnr4irFw"", ""review_count"": 20, ""categories"": [{""alias"": ""italian"", ""title"": ""Italian""}, {""alias"": ""pizza"", ""title"": ""Pizza""}], ""rating"": 4.0, ""coordinates"": {""latitude"": 45.48203, ""longitude"": 9.21091}, ""transactions"": [], ""price"": ""\u20ac\u20ac"", ""location"": {""address1"": ""Via Scarlatti 7"", ""address2"": """", ""address3"": """", ""city"": ""Milan"", ""zip_code"": ""20124"", ""country"": ""IT"", ""state"": ""MI"", ""display_address"": [""Via Scarlatti 7"", ""20124 Milan"", ""Italy""]}, ""phone"": ""+390229513679"", ""display_phone"": ""+39 02 2951 3679"", ""distance"": 2136.9266476487883}, {""id"": ""_sbEpOebnq5oOxs5pPQRXQ"", ""alias"": ""museo-civico-di-storia-naturale-milano-2"", ""name"": ""Museo Civico di Storia Naturale"", ""image_url"": ""https://s3-media1.fl.yelpcdn.com/bphoto/QRWAMv4ImDRY-eDvOqFSZA/o.jpg"", ""is_closed"": false, ""url"": ""https://www.yelp.com/biz/museo-civico-di-storia-naturale-milano-2?adjust_creative=ULHW7ynqdXE8Z9Fnr4irFw&utm_campaign=yelp_api_v3&utm_medium=api_v3_business_search&utm_source=ULHW7ynqdXE8Z9Fnr4irFw"", ""review_count"": 11, ""categories"": [{""alias"": ""museums"", ""title"": ""Museums""}], ""rating"": 4.5, ""coordinates"": {""latitude"": 45.4728557827288, ""longitude"": 9.20225676854798}, ""transactions"": [], ""location"": {""address1"": ""Corso Venezia 55"", ""address2"": """", ""address3"": """", ""city"": ""Milan"", ""zip_code"": ""20121"", ""country"": ""IT"", ""state"": ""MI"", ""display_address"": [""Corso Venezia 55"", ""20121 Milan"", ""Italy""]}, ""phone"": ""+390288463280"", ""display_phone"": ""+39 02 8846 3280"", ""distance"": 1064.606353262556}, {""id"": ""XpF2mrGECaNAH8boC9pjJg"", ""alias"": ""el-brellin-milano"", ""name"": ""El Brellin"", ""image_url"": ""https://s3-media3.fl.yelpcdn.com/bphoto/wcIYQ-8l2ab-oznSzrIwQQ/o.jpg"", ""is_closed"": false, ""url"": ""https://www.yelp.com/biz/el-brellin-milano?adjust_creative=ULHW7ynqdXE8Z9Fnr4irFw&utm_campaign=yelp_api_v3&utm_medium=api_v3_business_search&utm_source=ULHW7ynqdXE8Z9Fnr4irFw"", ""review_count"": 42, ""categories"": [{""alias"": ""lumbard"", ""title"": ""Lumbard""}], ""rating"": 3.5, ""coordinates"": {""latitude"": 45.451894612714, ""longitude"": 9.174762181508}, ""transactions"": [], ""price"": ""\u20ac\u20ac\u20ac"", ""location"": {""address1"": ""Alzaia Naviglio Grande 14"", ""address2"": """", ""address3"": null, ""city"": ""Milan"", ""zip_code"": ""20144"", ""country"": ""IT"", ""state"": ""MI"", ""display_address"": [""Alzaia Naviglio Grande 14"", ""20144 Milan"", ""Italy""]}, ""phone"": ""+390258101351"", ""display_phone"": ""+39 02 5810 1351"", ""distance"": 2346.5741240805146}, {""id"": ""PSSrstAykGz9KFfngnZZBQ"", ""alias"": ""il-luogo-di-aimo-e-nadia-milano"", ""name"": ""Il Luogo di Aimo e Nadia"", ""image_url"": ""https://s3-media4.fl.yelpcdn.com/bphoto/NahAaN7HDwivpnFuqunrFg/o.jpg"", ""is_closed"": false, ""url"": ""https://www.yelp.com/biz/il-luogo-di-aimo-e-nadia-milano?adjust_creative=ULHW7ynqdXE8Z9Fnr4irFw&utm_campaign=yelp_api_v3&utm_medium=api_v3_business_search&utm_source=ULHW7ynqdXE8Z9Fnr4irFw"", ""review_count"": 36, ""categories"": [{""alias"": ""italian"", ""title"": ""Italian""}], ""rating"": 4.5, ""coordinates"": {""latitude"": 45.458700498885, ""longitude"": 9.1319157618733}, ""transactions"": [], ""price"": ""\u20ac\u20ac\u20ac\u20ac"", ""location"": {""address1"": ""Via Montecuccoli Raimondo 6"", ""address2"": null, ""address3"": null, ""city"": ""Milan"", ""zip_code"": ""20147"", ""country"": ""IT"", ""state"": ""MI"", ""display_address"": [""Via Montecuccoli Raimondo 6"", ""20147 Milan"", ""Italy""]}, ""phone"": ""+3902416886"", ""display_phone"": ""+39 02 416886"", ""distance"": 4642.77227579788}, {""id"": ""t3sA7Mca-Ugp7bxJryj9fQ"", ""alias"": ""enrico-rizzi-attimi-milano"", ""name"": ""Enrico Rizzi Attimi"", ""image_url"": ""https://s3-media2.fl.yelpcdn.com/bphoto/Fb7t9_LKZh7dY7r64lvdKA/o.jpg"", ""is_closed"": false, ""url"": ""https://www.yelp.com/biz/enrico-rizzi-attimi-milano?adjust_creative=ULHW7ynqdXE8Z9Fnr4irFw&utm_campaign=yelp_api_v3&utm_medium=api_v3_business_search&utm_source=ULHW7ynqdXE8Z9Fnr4irFw"", ""review_count"": 14, ""categories"": [{""alias"": ""desserts"", ""title"": ""Desserts""}, {""alias"": ""icecream"", ""title"": ""Ice Cream & Frozen Yogurt""}], ""rating"": 4.0, ""coordinates"": {""latitude"": 45.45991, ""longitude"": 9.18057}, ""transactions"": [], ""price"": ""\u20ac\u20ac"", ""location"": {""address1"": ""Via Cesare Correnti 5"", ""address2"": """", ""address3"": """", ""city"": ""Milan"", ""zip_code"": ""20123"", ""country"": ""IT"", ""state"": ""MI"", ""display_address"": [""Via Cesare Correnti 5"", ""20123 Milan"", ""Italy""]}, ""phone"": ""+390239811172"", ""display_phone"": ""+39 02 3981 1172"", ""distance"": 1366.7999487696898}, {""id"": ""TPdBozRh7VJEZju9oQehQw"", ""alias"": ""savana-milano"", ""name"": ""Savana"", ""image_url"": ""https://s3-media2.fl.yelpcdn.com/bphoto/W-rmKk67XYXXchYV91XNHQ/o.jpg"", ""is_closed"": false, ""url"": ""https://www.yelp.com/biz/savana-milano?adjust_creative=ULHW7ynqdXE8Z9Fnr4irFw&utm_campaign=yelp_api_v3&utm_medium=api_v3_business_search&utm_source=ULHW7ynqdXE8Z9Fnr4irFw"", ""review_count"": 12, ""categories"": [{""alias"": ""african"", ""title"": ""African""}, {""alias"": ""ethiopian"", ""title"": ""Ethiopian""}], ""rating"": 4.5, ""coordinates"": {""latitude"": 45.4791472986572, ""longitude"": 9.17366310954094}, ""transactions"": [], ""price"": ""\u20ac\u20ac\u20ac"", ""location"": {""address1"": ""Via Luigi Canonica 45"", ""address2"": """", ""address3"": """", ""city"": ""Milan"", ""zip_code"": ""20154"", ""country"": ""IT"", ""state"": ""MI"", ""display_address"": [""Via Luigi Canonica 45"", ""20154 Milan"", ""Italy""]}, ""phone"": ""+393664073136"", ""display_phone"": ""+39 366 407 3136"", ""distance"": 1538.4009709301715}, {""id"": ""dqabrro-aGxcAXZfnY_0ZA"", ""alias"": ""rugantino-milano"", ""name"": ""Rugantino"", ""image_url"": ""https://s3-media2.fl.yelpcdn.com/bphoto/rVdIz4ut_CBwsNIwURnvNw/o.jpg"", ""is_closed"": false, ""url"": ""https://www.yelp.com/biz/rugantino-milano?adjust_creative=ULHW7ynqdXE8Z9Fnr4irFw&utm_campaign=yelp_api_v3&utm_medium=api_v3_business_search&utm_source=ULHW7ynqdXE8Z9Fnr4irFw"", ""review_count"": 23, ""categories"": [{""alias"": ""roman"", ""title"": ""Roman""}], ""rating"": 3.5, ""coordinates"": {""latitude"": 45.45774, ""longitude"": 9.1807}, ""transactions"": [], ""price"": ""\u20ac\u20ac"", ""location"": {""address1"": ""Via dei Fabbri 1"", ""address2"": """", ""address3"": """", ""city"": ""Milan"", ""zip_code"": ""20123"", ""country"": ""IT"", ""state"": ""MI"", ""display_address"": [""Via dei Fabbri 1"", ""20123 Milan"", ""Italy""]}, ""phone"": ""+390289421404"", ""display_phone"": ""+39 02 8942 1404"", ""distance"": 1559.9269315865638}, {""id"": ""C7SxroHuSAnvE4BjaFWYhA"", ""alias"": ""drogheria-milanese-milano"", ""name"": ""Drogheria Milanese"", ""image_url"": ""https://s3-media4.fl.yelpcdn.com/bphoto/ESR35BXonL2c8VDadqolnA/o.jpg"", ""is_closed"": false, ""url"": ""https://www.yelp.com/biz/drogheria-milanese-milano?adjust_creative=ULHW7ynqdXE8Z9Fnr4irFw&utm_campaign=yelp_api_v3&utm_medium=api_v3_business_search&utm_source=ULHW7ynqdXE8Z9Fnr4irFw"", ""review_count"": 16, ""categories"": [{""alias"": ""italian"", ""title"": ""Italian""}, {""alias"": ""convenience"", ""title"": ""Convenience Stores""}], ""rating"": 4.0, ""coordinates"": {""latitude"": 45.4579062, ""longitude"": 9.1778696}, ""transactions"": [], ""price"": ""\u20ac\u20ac\u20ac"", ""location"": {""address1"": ""Via Conca del Naviglio 7"", ""address2"": """", ""address3"": """", ""city"": ""Milan"", ""zip_code"": ""20123"", ""country"": ""IT"", ""state"": ""MI"", ""display_address"": [""Via Conca del Naviglio 7"", ""20123 Milan"", ""Italy""]}, ""phone"": ""+390258114843"", ""display_phone"": ""+39 02 5811 4843"", ""distance"": 1646.3898217669423}, {""id"": ""x-KKSN6kWC3Q8zbDlF_Q7A"", ""alias"": ""mandarin-2-milano-2"", ""name"": ""Mandarin 2"", ""image_url"": ""https://s3-media3.fl.yelpcdn.com/bphoto/nXe7prIxA7Wb5-FUmfr0iA/o.jpg"", ""is_closed"": false, ""url"": ""https://www.yelp.com/biz/mandarin-2-milano-2?adjust_creative=ULHW7ynqdXE8Z9Fnr4irFw&utm_campaign=yelp_api_v3&utm_medium=api_v3_business_search&utm_source=ULHW7ynqdXE8Z9Fnr4irFw"", ""review_count"": 23, ""categories"": [{""alias"": ""chinese"", ""title"": ""Chinese""}], ""rating"": 4.0, ""coordinates"": {""latitude"": 45.4802252667239, ""longitude"": 9.21953444469161}, ""transactions"": [], ""price"": ""\u20ac\u20ac\u20ac"", ""location"": {""address1"": ""Via Benvenuto Garofalo 22A"", ""address2"": null, ""address3"": null, ""city"": ""Milan"", ""zip_code"": ""20133"", ""country"": ""IT"", ""state"": ""MI"", ""display_address"": [""Via Benvenuto Garofalo 22A"", ""20133 Milan"", ""Italy""]}, ""phone"": ""+39022664147"", ""display_phone"": ""+39 02 266 4147"", ""distance"": 2613.77512814063}, {""id"": ""BpMrffBfph6DdeQadSCipg"", ""alias"": ""giannasi-1967-milano"", ""name"": ""Giannasi 1967"", ""image_url"": ""https://s3-media1.fl.yelpcdn.com/bphoto/qZHGNYETAWeQpNP1zdz_qQ/o.jpg"", ""is_closed"": false, ""url"": ""https://www.yelp.com/biz/giannasi-1967-milano?adjust_creative=ULHW7ynqdXE8Z9Fnr4irFw&utm_campaign=yelp_api_v3&utm_medium=api_v3_business_search&utm_source=ULHW7ynqdXE8Z9Fnr4irFw"", ""review_count"": 15, ""categories"": [{""alias"": ""foodstands"", ""title"": ""Food Stands""}, {""alias"": ""rotisserie_chicken"", ""title"": ""Rotisserie Chicken""}, {""alias"": ""chickenshop"", ""title"": ""Chicken Shop""}], ""rating"": 4.5, ""coordinates"": {""latitude"": 45.4496216, ""longitude"": 9.2051562}, ""transactions"": [], ""price"": ""\u20ac"", ""location"": {""address1"": ""Piazza Buozzi 2"", ""address2"": """", ""address3"": """", ""city"": ""Milan"", ""zip_code"": ""20135"", ""country"": ""IT"", ""state"": ""MI"", ""display_address"": [""Piazza Buozzi 2"", ""20135 Milan"", ""Italy""]}, ""phone"": ""+390258321114"", ""display_phone"": ""+39 02 5832 1114"", ""distance"": 2637.5899097730685}, {""id"": ""nvQQ-QqRr4S_OFiPtIv69A"", ""alias"": ""il-cerchio-milano-3"", ""name"": ""Il Cerchio"", ""image_url"": ""https://s3-media2.fl.yelpcdn.com/bphoto/YbSxLdKFRUUzyG5gSZAK0Q/o.jpg"", ""is_closed"": false, ""url"": ""https://www.yelp.com/biz/il-cerchio-milano-3?adjust_creative=ULHW7ynqdXE8Z9Fnr4irFw&utm_campaign=yelp_api_v3&utm_medium=api_v3_business_search&utm_source=ULHW7ynqdXE8Z9Fnr4irFw"", ""review_count"": 10, ""categories"": [{""alias"": ""pizza"", ""title"": ""Pizza""}, {""alias"": ""tuscan"", ""title"": ""Tuscan""}], ""rating"": 4.5, ""coordinates"": {""latitude"": 45.4867603, ""longitude"": 9.1983412}, ""transactions"": [], ""price"": ""\u20ac\u20ac"", ""location"": {""address1"": ""Via Luigi Galvani 15"", ""address2"": null, ""address3"": null, ""city"": ""Milan"", ""zip_code"": ""20124"", ""country"": ""IT"", ""state"": ""MI"", ""display_address"": [""Via Luigi Galvani 15"", ""20124 Milan"", ""Italy""]}, ""phone"": ""+39026700738"", ""display_phone"": ""+39 02 670 0738"", ""distance"": 1951.0584291239445}, {""id"": ""TzskqeiyhSbLAUMkRT6ldw"", ""alias"": ""sumire-milano"", ""name"": ""Sumire"", ""image_url"": ""https://s3-media1.fl.yelpcdn.com/bphoto/fOuZu-5D9RfvDUJUgQ5g5g/o.jpg"", ""is_closed"": false, ""url"": ""https://www.yelp.com/biz/sumire-milano?adjust_creative=ULHW7ynqdXE8Z9Fnr4irFw&utm_campaign=yelp_api_v3&utm_medium=api_v3_business_search&utm_source=ULHW7ynqdXE8Z9Fnr4irFw"", ""review_count"": 8, ""categories"": [{""alias"": ""japanese"", ""title"": ""Japanese""}], ""rating"": 4.5, ""coordinates"": {""latitude"": 45.47903, ""longitude"": 9.1844}, ""transactions"": [], ""price"": ""\u20ac\u20ac\u20ac"", ""location"": {""address1"": ""Via Varese 1"", ""address2"": """", ""address3"": """", ""city"": ""Milan"", ""zip_code"": ""20121"", ""country"": ""IT"", ""state"": ""MI"", ""display_address"": [""Via Varese 1"", ""20121 Milan"", ""Italy""]}, ""phone"": ""+390291471595"", ""display_phone"": ""+39 02 9147 1595"", ""distance"": 992.0091460027868}, {""id"": ""5vU7ENdyoCkv0KvErsy7qg"", ""alias"": ""da-bruno-milano"", ""name"": ""Da Bruno"", ""image_url"": ""https://s3-media4.fl.yelpcdn.com/bphoto/RB4CL6WYkm-pFdxBEJMqVA/o.jpg"", ""is_closed"": false, ""url"": ""https://www.yelp.com/biz/da-bruno-milano?adjust_creative=ULHW7ynqdXE8Z9Fnr4irFw&utm_campaign=yelp_api_v3&utm_medium=api_v3_business_search&utm_source=ULHW7ynqdXE8Z9Fnr4irFw"", ""review_count"": 19, ""categories"": [{""alias"": ""tuscan"", ""title"": ""Tuscan""}], ""rating"": 3.5, ""coordinates"": {""latitude"": 45.46176, ""longitude"": 9.18917}, ""transactions"": [], ""price"": ""\u20ac\u20ac\u20ac"", ""location"": {""address1"": ""Via Maurizio Gonzaga 6"", ""address2"": null, ""address3"": null, ""city"": ""Milan"", ""zip_code"": ""20123"", ""country"": ""IT"", ""state"": ""MI"", ""display_address"": [""Via Maurizio Gonzaga 6"", ""20123 Milan"", ""Italy""]}, ""phone"": ""+3902804364"", ""display_phone"": ""+39 02 804364"", ""distance"": 984.5608474515574}, {""id"": ""c7VkyREgo3xn7C6YCGIuHA"", ""alias"": ""atmosfera-milano-2"", ""name"": ""ATMosfera"", ""image_url"": ""https://s3-media1.fl.yelpcdn.com/bphoto/VFRyJI1MaUXct4P3bOsjZQ/o.jpg"", ""is_closed"": false, ""url"": ""https://www.yelp.com/biz/atmosfera-milano-2?adjust_creative=ULHW7ynqdXE8Z9Fnr4irFw&utm_campaign=yelp_api_v3&utm_medium=api_v3_business_search&utm_source=ULHW7ynqdXE8Z9Fnr4irFw"", ""review_count"": 10, ""categories"": [{""alias"": ""italian"", ""title"": ""Italian""}], ""rating"": 4.5, ""coordinates"": {""latitude"": 45.47186, ""longitude"": 9.1805}, ""transactions"": [], ""price"": ""\u20ac\u20ac\u20ac\u20ac"", ""location"": {""address1"": ""Piazza Castello"", ""address2"": """", ""address3"": """", ""city"": ""Milan"", ""zip_code"": ""20121"", ""country"": ""IT"", ""state"": ""MI"", ""display_address"": [""Piazza Castello"", ""20121 Milan"", ""Italy""]}, ""phone"": ""+39800808181"", ""display_phone"": ""+39 800 808 181"", ""distance"": 860.0799580320835}, {""id"": ""cq7InmJUaLjt1KOYcKRMVg"", ""alias"": ""tigellas-milano-2"", ""name"": ""Tigella's"", ""image_url"": ""https://s3-media2.fl.yelpcdn.com/bphoto/YAUcxUUHa9UoSxa7VBYj0A/o.jpg"", ""is_closed"": false, ""url"": ""https://www.yelp.com/biz/tigellas-milano-2?adjust_creative=ULHW7ynqdXE8Z9Fnr4irFw&utm_campaign=yelp_api_v3&utm_medium=api_v3_business_search&utm_source=ULHW7ynqdXE8Z9Fnr4irFw"", ""review_count"": 8, ""categories"": [{""alias"": ""emilian"", ""title"": ""Emilian""}], ""rating"": 4.5, ""coordinates"": {""latitude"": 45.474291793111, ""longitude"": 9.18292000120136}, ""transactions"": [], ""price"": ""\u20ac\u20ac"", ""location"": {""address1"": ""Via Anfiteatro 6"", ""address2"": """", ""address3"": """", ""city"": ""Milan"", ""zip_code"": ""20121"", ""country"": ""IT"", ""state"": ""MI"", ""display_address"": [""Via Anfiteatro 6"", ""20121 Milan"", ""Italy""]}, ""phone"": ""+390249541367"", ""display_phone"": ""+39 02 4954 1367"", ""distance"": 638.4117386617295}], ""total"": 6100, ""region"": {""center"": {""longitude"": 9.189033508300781, ""latitude"": 45.47047287954827}}}",application/json,false,"OAS disconformity: [Path '/businesses/[item]/price'] Instance value ("""") not found in enum (possible values: [""$"";""$$"";""$$$"";""$$$$""]) --- [Path '/businesses/[item]/price'] Instance value ("""") not found in enum (possible values: [""$"";""$$"";""$$$"";""$$$$""]) --- [Path '/businesses/[item]/price'] Instance value ("""") not found in enum (possible values: [""$"";""$$"";""$$$"";""$$$$""]) --- [Path '/businesses/[item]/price'] Instance value ("""") not found in enum (possible values: [""$"";""$$"";""$$$"";""$$$$""])"
test_uvgy0ielnrcm_getBusinesses,200,"{""businesses"": [], ""total"": 3, ""region"": {""center"": {""longitude"": -96.75848, ""latitude"": 40.424004}}}",application/json,true,none
test_vb3i7xkjyud5_getBusinesses,200,"{""businesses"": [], ""total"": 11, ""region"": {""center"": {""longitude"": -98.14907, ""latitude"": 46.215675}}}",application/json,true,none
test_vb928kwhs0mt_getBusinesses,200,"{""businesses"": [], ""total"": 0, ""region"": {""center"": {""longitude"": -113.98441, ""latitude"": 34.12928}}}",application/json,true,none
test_vbhxtq35wy8z_getBusinesses,200,"{""businesses"": [], ""total"": 0, ""region"": {""center"": {""longitude"": -115.878914, ""latitude"": 46.58121}}}",application/json,true,none
test_vf0xuqn80f3a_getBusinesses,200,"{""businesses"": [], ""total"": 0, ""region"": {""center"": {""longitude"": -102.29523, ""latitude"": 33.272408}}}",application/json,true,none
