testResultId,statusCode,responseBody,outputContentType,passed,failReason
test_1h7rhgkrmrtk2_getBusinesses,400,"{""error"": {""code"": ""VALIDATION_ERROR"", ""description"": ""Please specify a location or a latitude and longitude""}}",application/json,true,none
test_1hrgi55dh3xo6_getBusinesses,400,"{""error"": {""code"": ""VALIDATION_ERROR"", ""description"": ""Please specify a location or a latitude and longitude""}}",application/json,true,none
test_1hrm1re51xd2d_getBusinesses,200,"{""businesses"": [{""id"": ""qs9wwPJbXVti5wM1780qcA"", ""alias"": ""fuel-coffeebar-hogansville"", ""name"": ""Fuel Coffeebar"", ""image_url"": ""https://s3-media1.fl.yelpcdn.com/bphoto/6M8d4xkV_SmRB0h6b5WwVg/o.jpg"", ""is_closed"": false, ""url"": ""https://www.yelp.com/biz/fuel-coffeebar-hogansville?adjust_creative=ULHW7ynqdXE8Z9Fnr4irFw&utm_campaign=yelp_api_v3&utm_medium=api_v3_business_search&utm_source=ULHW7ynqdXE8Z9Fnr4irFw"", ""review_count"": 19, ""categories"": [{""alias"": ""coffee"", ""title"": ""Coffee & Tea""}, {""alias"": ""breakfast_brunch"", ""title"": ""Breakfast & Brunch""}, {""alias"": ""tradamerican"", ""title"": ""American (Traditional)""}], ""rating"": 4.5, ""coordinates"": {""latitude"": 33.1734978288478, ""longitude"": -84.91422598220896}, ""transactions"": [], ""location"": {""address1"": ""100 E Main St"", ""address2"": null, ""address3"": """", ""city"": ""Hogansville"", ""zip_code"": ""30230"", ""country"": ""US"", ""state"": ""GA"", ""display_address"": [""100 E Main St"", ""Hogansville, GA 30230""]}, ""phone"": ""+17064527539"", ""display_phone"": ""(706) 452-7539"", ""distance"": 13798.273012097656}, {""id"": ""NNgfqfkbtxPCy-r366qnoQ"", ""alias"": ""foxtail-coffee-newnan-newnan"", ""name"": ""Foxtail Coffee - Newnan"", ""image_url"": ""https://s3-media2.fl.yelpcdn.com/bphoto/VacF155g0Vvk5q8F4K34AQ/o.jpg"", ""is_closed"": false, ""url"": ""https://www.yelp.com/biz/foxtail-coffee-newnan-newnan?adjust_creative=ULHW7ynqdXE8Z9Fnr4irFw&utm_campaign=yelp_api_v3&utm_medium=api_v3_business_search&utm_source=ULHW7ynqdXE8Z9Fnr4irFw"", ""review_count"": 23, ""categories"": [{""alias"": ""coffee"", ""title"": ""Coffee & Tea""}], ""rating"": 4.5, ""coordinates"": {""latitude"": 33.41169073069699, ""longitude"": -84.68499862937578}, ""transactions"": [], ""price"": ""$$"", ""location"": {""address1"": ""160 Glenda Trace"", ""address2"": null, ""address3"": """", ""city"": ""Newnan"", ""zip_code"": ""30265"", ""country"": ""US"", ""state"": ""GA"", ""display_address"": [""160 Glenda Trace"", ""Newnan, GA 30265""]}, ""phone"": ""+16786736427"", ""display_phone"": ""(678) 673-6427"", ""distance"": 24633.75669324114}, {""id"": ""DSr8fTuoV0dTZptsutjRKg"", ""alias"": ""leaf-and-bean-newnan"", ""name"": ""Leaf and Bean"", ""image_url"": ""https://s3-media1.fl.yelpcdn.com/bphoto/JQTq7KA7vDi8D7rSpysFeQ/o.jpg"", ""is_closed"": false, ""url"": ""https://www.yelp.com/biz/leaf-and-bean-newnan?adjust_creative=ULHW7ynqdXE8Z9Fnr4irFw&utm_campaign=yelp_api_v3&utm_medium=api_v3_business_search&utm_source=ULHW7ynqdXE8Z9Fnr4irFw"", ""review_count"": 82, ""categories"": [{""alias"": ""coffee"", ""title"": ""Coffee & Tea""}, {""alias"": ""breakfast_brunch"", ""title"": ""Breakfast & Brunch""}, {""alias"": ""cafes"", ""title"": ""Cafes""}], ""rating"": 4.0, ""coordinates"": {""latitude"": 33.3748430462984, ""longitude"": -84.8005971685052}, ""transactions"": [""delivery""], ""price"": ""$"", ""location"": {""address1"": ""22 W Court Sq"", ""address2"": ""Ste A"", ""address3"": """", ""city"": ""Newnan"", ""zip_code"": ""30263"", ""country"": ""US"", ""state"": ""GA"", ""display_address"": [""22 W Court Sq"", ""Ste A"", ""Newnan, GA 30263""]}, ""phone"": ""+17706837290"", ""display_phone"": ""(770) 683-7290"", ""distance"": 19451.008711662686}, {""id"": ""FuC2Hs5qoOTJdwZ96aiV7A"", ""alias"": ""jacobs-table-senoia"", ""name"": ""Jacob's Table"", ""image_url"": ""https://s3-media3.fl.yelpcdn.com/bphoto/RzzscNxbohtLeGJDjLaBdw/o.jpg"", ""is_closed"": false, ""url"": ""https://www.yelp.com/biz/jacobs-table-senoia?adjust_creative=ULHW7ynqdXE8Z9Fnr4irFw&utm_campaign=yelp_api_v3&utm_medium=api_v3_business_search&utm_source=ULHW7ynqdXE8Z9Fnr4irFw"", ""review_count"": 5, ""categories"": [{""alias"": ""cafes"", ""title"": ""Cafes""}, {""alias"": ""sandwiches"", ""title"": ""Sandwiches""}, {""alias"": ""juicebars"", ""title"": ""Juice Bars & Smoothies""}], ""rating"": 4.5, ""coordinates"": {""latitude"": 33.29990464180936, ""longitude"": -84.55331085889007}, ""transactions"": [""delivery"", ""pickup""], ""location"": {""address1"": ""15 Barnes St"", ""address2"": ""Ste 1C"", ""address3"": null, ""city"": ""Senoia"", ""zip_code"": ""30276"", ""country"": ""US"", ""state"": ""GA"", ""display_address"": [""15 Barnes St"", ""Ste 1C"", ""Senoia, GA 30276""]}, ""phone"": ""+17065388212"", ""display_phone"": ""(706) 538-8212"", ""distance"": 22901.118849662787}, {""id"": ""gDkJG1IN7B37PuzE6CnDkA"", ""alias"": ""lisas-creperie-and-cafe-senoia-2"", ""name"": ""Lisa's Creperie & Cafe"", ""image_url"": ""https://s3-media1.fl.yelpcdn.com/bphoto/77kJPqQrKWp2oavYtM0ufg/o.jpg"", ""is_closed"": false, ""url"": ""https://www.yelp.com/biz/lisas-creperie-and-cafe-senoia-2?adjust_creative=ULHW7ynqdXE8Z9Fnr4irFw&utm_campaign=yelp_api_v3&utm_medium=api_v3_business_search&utm_source=ULHW7ynqdXE8Z9Fnr4irFw"", ""review_count"": 69, ""categories"": [{""alias"": ""breakfast_brunch"", ""title"": ""Breakfast & Brunch""}, {""alias"": ""coffee"", ""title"": ""Coffee & Tea""}, {""alias"": ""french"", ""title"": ""French""}], ""rating"": 4.5, ""coordinates"": {""latitude"": 33.3014015, ""longitude"": -84.5544456}, ""transactions"": [""delivery"", ""pickup""], ""location"": {""address1"": ""48 Main St"", ""address2"": ""Ste 1B"", ""address3"": null, ""city"": ""Senoia"", ""zip_code"": ""30276"", ""country"": ""US"", ""state"": ""GA"", ""display_address"": [""48 Main St"", ""Ste 1B"", ""Senoia, GA 30276""]}, ""phone"": ""+17707279566"", ""display_phone"": ""(770) 727-9566"", ""distance"": 22888.303387357704}, {""id"": ""tCLoNZPqeYdyiPVIqaQdHQ"", ""alias"": ""sweet-roast-cafe-lagrange-3"", ""name"": ""Sweet Roast Cafe"", ""image_url"": ""https://s3-media1.fl.yelpcdn.com/bphoto/21ntTrobexq78X9b2x6ASQ/o.jpg"", ""is_closed"": false, ""url"": ""https://www.yelp.com/biz/sweet-roast-cafe-lagrange-3?adjust_creative=ULHW7ynqdXE8Z9Fnr4irFw&utm_campaign=yelp_api_v3&utm_medium=api_v3_business_search&utm_source=ULHW7ynqdXE8Z9Fnr4irFw"", ""review_count"": 10, ""categories"": [{""alias"": ""coffee"", ""title"": ""Coffee & Tea""}, {""alias"": ""bakeries"", ""title"": ""Bakeries""}, {""alias"": ""coffeeroasteries"", ""title"": ""Coffee Roasteries""}], ""rating"": 5.0, ""coordinates"": {""latitude"": 33.038057, ""longitude"": -85.031843}, ""transactions"": [], ""price"": ""$$"", ""location"": {""address1"": ""115 Bull St"", ""address2"": """", ""address3"": null, ""city"": ""LaGrange"", ""zip_code"": ""30240"", ""country"": ""US"", ""state"": ""GA"", ""display_address"": [""115 Bull St"", ""LaGrange, GA 30240""]}, ""phone"": ""+17064076889"", ""display_phone"": ""(706) 407-6889"", ""distance"": 30443.73979827365}, {""id"": ""t6uaa8U4G_u9VGUbuTPaFQ"", ""alias"": ""blume-organics-boutique-and-caf\u00e9-peachtree-city-2"", ""name"": ""Blume Organics Boutique & Caf\u00e9"", ""image_url"": ""https://s3-media3.fl.yelpcdn.com/bphoto/OZqvX91qWV8ToHPtt1LYMw/o.jpg"", ""is_closed"": false, ""url"": ""https://www.yelp.com/biz/blume-organics-boutique-and-caf%C3%A9-peachtree-city-2?adjust_creative=ULHW7ynqdXE8Z9Fnr4irFw&utm_campaign=yelp_api_v3&utm_medium=api_v3_business_search&utm_source=ULHW7ynqdXE8Z9Fnr4irFw"", ""review_count"": 50, ""categories"": [{""alias"": ""coffee"", ""title"": ""Coffee & Tea""}, {""alias"": ""juicebars"", ""title"": ""Juice Bars & Smoothies""}, {""alias"": ""womenscloth"", ""title"": ""Women's Clothing""}], ""rating"": 4.5, ""coordinates"": {""latitude"": 33.398729, ""longitude"": -84.5865}, ""transactions"": [""delivery"", ""pickup""], ""price"": ""$$"", ""location"": {""address1"": ""300 Willowbend Rd"", ""address2"": null, ""address3"": null, ""city"": ""Peachtree City"", ""zip_code"": ""30269"", ""country"": ""US"", ""state"": ""GA"", ""display_address"": [""300 Willowbend Rd"", ""Peachtree City, GA 30269""]}, ""phone"": ""+17706810425"", ""display_phone"": ""(770) 681-0425"", ""distance"": 27745.80707228425}, {""id"": ""VVovXjSZomunIYpsyf1CWw"", ""alias"": ""percolate-coffee-smoothies-peachtree-city"", ""name"": ""Percolate Coffee Smoothies"", ""image_url"": ""https://s3-media4.fl.yelpcdn.com/bphoto/7y1Kq1Nmge9Gb0L4VbgZpw/o.jpg"", ""is_closed"": false, ""url"": ""https://www.yelp.com/biz/percolate-coffee-smoothies-peachtree-city?adjust_creative=ULHW7ynqdXE8Z9Fnr4irFw&utm_campaign=yelp_api_v3&utm_medium=api_v3_business_search&utm_source=ULHW7ynqdXE8Z9Fnr4irFw"", ""review_count"": 2, ""categories"": [{""alias"": ""coffee"", ""title"": ""Coffee & Tea""}, {""alias"": ""breakfast_brunch"", ""title"": ""Breakfast & Brunch""}, {""alias"": ""juicebars"", ""title"": ""Juice Bars & Smoothies""}], ""rating"": 5.0, ""coordinates"": {""latitude"": 33.41055548337522, ""longitude"": -84.5671321876263}, ""transactions"": [], ""location"": {""address1"": ""101 Crossings E"", ""address2"": ""Ste 1"", ""address3"": null, ""city"": ""Peachtree City"", ""zip_code"": ""30269"", ""country"": ""US"", ""state"": ""GA"", ""display_address"": [""101 Crossings E"", ""Ste 1"", ""Peachtree City, GA 30269""]}, ""phone"": ""+17706835079"", ""display_phone"": ""(770) 683-5079"", ""distance"": 29894.58554953705}, {""id"": ""sszit_AFcXiTu3aMLd5kFQ"", ""alias"": ""senoia-coffee-senoia"", ""name"": ""Senoia Coffee"", ""image_url"": ""https://s3-media2.fl.yelpcdn.com/bphoto/LTIGW86kXSopXJ1kCmj5GQ/o.jpg"", ""is_closed"": false, ""url"": ""https://www.yelp.com/biz/senoia-coffee-senoia?adjust_creative=ULHW7ynqdXE8Z9Fnr4irFw&utm_campaign=yelp_api_v3&utm_medium=api_v3_business_search&utm_source=ULHW7ynqdXE8Z9Fnr4irFw"", ""review_count"": 133, ""categories"": [{""alias"": ""coffee"", ""title"": ""Coffee & Tea""}, {""alias"": ""tradamerican"", ""title"": ""American (Traditional)""}, {""alias"": ""breakfast_brunch"", ""title"": ""Breakfast & Brunch""}], ""rating"": 4.5, ""coordinates"": {""latitude"": 33.30085, ""longitude"": -84.5545}, ""transactions"": [""pickup""], ""price"": ""$"", ""location"": {""address1"": ""30 Main St"", ""address2"": """", ""address3"": """", ""city"": ""Senoia"", ""zip_code"": ""30276"", ""country"": ""US"", ""state"": ""GA"", ""display_address"": [""30 Main St"", ""Senoia, GA 30276""]}, ""phone"": ""+17705998000"", ""display_phone"": ""(770) 599-8000"", ""distance"": 22854.15568551101}, {""id"": ""dD_t-7-7zadnIGt7QDmEnw"", ""alias"": ""percolate-coffee-and-boutique-newnan"", ""name"": ""Percolate | Coffee + Smoothies"", ""image_url"": ""https://s3-media4.fl.yelpcdn.com/bphoto/v9cyh94SJz1F0UhF03cayQ/o.jpg"", ""is_closed"": false, ""url"": ""https://www.yelp.com/biz/percolate-coffee-and-boutique-newnan?adjust_creative=ULHW7ynqdXE8Z9Fnr4irFw&utm_campaign=yelp_api_v3&utm_medium=api_v3_business_search&utm_source=ULHW7ynqdXE8Z9Fnr4irFw"", ""review_count"": 2, ""categories"": [{""alias"": ""womenscloth"", ""title"": ""Women's Clothing""}, {""alias"": ""coffee"", ""title"": ""Coffee & Tea""}, {""alias"": ""bakeries"", ""title"": ""Bakeries""}], ""rating"": 5.0, ""coordinates"": {""latitude"": 33.37811257814184, ""longitude"": -84.74117381914326}, ""transactions"": [""delivery"", ""pickup""], ""location"": {""address1"": ""21 Market Square Way"", ""address2"": ""Ste 102"", ""address3"": null, ""city"": ""Newnan"", ""zip_code"": ""30265"", ""country"": ""US"", ""state"": ""GA"", ""display_address"": [""21 Market Square Way"", ""Ste 102"", ""Newnan, GA 30265""]}, ""phone"": ""+17706835079"", ""display_phone"": ""(770) 683-5079"", ""distance"": 19784.09204057572}, {""id"": ""_-H2hklvwZlyO-Pvhmw6Pw"", ""alias"": ""rooted-caf\u00e9-lounge-peachtree-city"", ""name"": ""Rooted Caf\u00e9 Lounge"", ""image_url"": ""https://s3-media3.fl.yelpcdn.com/bphoto/GNQX2nCn2ByepcSxKezoPQ/o.jpg"", ""is_closed"": false, ""url"": ""https://www.yelp.com/biz/rooted-caf%C3%A9-lounge-peachtree-city?adjust_creative=ULHW7ynqdXE8Z9Fnr4irFw&utm_campaign=yelp_api_v3&utm_medium=api_v3_business_search&utm_source=ULHW7ynqdXE8Z9Fnr4irFw"", ""review_count"": 10, ""categories"": [{""alias"": ""cafes"", ""title"": ""Cafes""}, {""alias"": ""coffee"", ""title"": ""Coffee & Tea""}, {""alias"": ""juicebars"", ""title"": ""Juice Bars & Smoothies""}], ""rating"": 5.0, ""coordinates"": {""latitude"": 33.40149, ""longitude"": -84.59446}, ""transactions"": [""delivery"", ""pickup""], ""location"": {""address1"": ""1325 Commerce Dr"", ""address2"": ""Ste 100"", ""address3"": """", ""city"": ""Peachtree City"", ""zip_code"": ""30269"", ""country"": ""US"", ""state"": ""GA"", ""display_address"": [""1325 Commerce Dr"", ""Ste 100"", ""Peachtree City, GA 30269""]}, ""phone"": ""+16788702419"", ""display_phone"": ""(678) 870-2419"", ""distance"": 27438.70527202342}, {""id"": ""-kKRf4IQo0OSaAysB75gRA"", ""alias"": ""kakao-cafe-tyrone"", ""name"": ""Kakao Cafe"", ""image_url"": ""https://s3-media3.fl.yelpcdn.com/bphoto/21-BLAfdZI6MY7k6iq3xLg/o.jpg"", ""is_closed"": false, ""url"": ""https://www.yelp.com/biz/kakao-cafe-tyrone?adjust_creative=ULHW7ynqdXE8Z9Fnr4irFw&utm_campaign=yelp_api_v3&utm_medium=api_v3_business_search&utm_source=ULHW7ynqdXE8Z9Fnr4irFw"", ""review_count"": 107, ""categories"": [{""alias"": ""coffee"", ""title"": ""Coffee & Tea""}, {""alias"": ""breakfast_brunch"", ""title"": ""Breakfast & Brunch""}], ""rating"": 4.5, ""coordinates"": {""latitude"": 33.479611, ""longitude"": -84.590138}, ""transactions"": [""delivery""], ""price"": ""$"", ""location"": {""address1"": ""998 Senioa Rd"", ""address2"": """", ""address3"": """", ""city"": ""Tyrone"", ""zip_code"": ""30290"", ""country"": ""US"", ""state"": ""GA"", ""display_address"": [""998 Senioa Rd"", ""Tyrone, GA 30290""]}, ""phone"": ""+16784898744"", ""display_phone"": ""(678) 489-8744"", ""distance"": 35112.651302176666}, {""id"": ""cMs6AnCf8IWg172iIbajkA"", ""alias"": ""blackbird-cafe-woodbury"", ""name"": ""Blackbird Cafe"", ""image_url"": ""https://s3-media1.fl.yelpcdn.com/bphoto/iXfy7xWY2KvEFUis2N97xA/o.jpg"", ""is_closed"": false, ""url"": ""https://www.yelp.com/biz/blackbird-cafe-woodbury?adjust_creative=ULHW7ynqdXE8Z9Fnr4irFw&utm_campaign=yelp_api_v3&utm_medium=api_v3_business_search&utm_source=ULHW7ynqdXE8Z9Fnr4irFw"", ""review_count"": 51, ""categories"": [{""alias"": ""cafes"", ""title"": ""Cafes""}], ""rating"": 4.0, ""coordinates"": {""latitude"": 32.9840454360255, ""longitude"": -84.5826493389002}, ""transactions"": [], ""price"": ""$"", ""location"": {""address1"": ""18118 Main St"", ""address2"": """", ""address3"": """", ""city"": ""Woodbury"", ""zip_code"": ""30293"", ""country"": ""US"", ""state"": ""GA"", ""display_address"": [""18118 Main St"", ""Woodbury, GA 30293""]}, ""phone"": ""+17065533993"", ""display_phone"": ""(706) 553-3993"", ""distance"": 29841.297145812146}, {""id"": ""gscI65bv6aF4o81-726erQ"", ""alias"": ""doba-cafe-newnan"", ""name"": ""Doba Cafe"", ""image_url"": ""https://s3-media1.fl.yelpcdn.com/bphoto/YJ10k7nqrHyFBmIPHuZ9Kg/o.jpg"", ""is_closed"": false, ""url"": ""https://www.yelp.com/biz/doba-cafe-newnan?adjust_creative=ULHW7ynqdXE8Z9Fnr4irFw&utm_campaign=yelp_api_v3&utm_medium=api_v3_business_search&utm_source=ULHW7ynqdXE8Z9Fnr4irFw"", ""review_count"": 17, ""categories"": [{""alias"": ""bubbletea"", ""title"": ""Bubble Tea""}, {""alias"": ""donuts"", ""title"": ""Donuts""}, {""alias"": ""cafes"", ""title"": ""Cafes""}], ""rating"": 5.0, ""coordinates"": {""latitude"": 33.37887383945396, ""longitude"": -84.79880202705316}, ""transactions"": [], ""price"": ""$"", ""location"": {""address1"": ""55 Jefferson St"", ""address2"": """", ""address3"": null, ""city"": ""Newnan"", ""zip_code"": ""30263"", ""country"": ""US"", ""state"": ""GA"", ""display_address"": [""55 Jefferson St"", ""Newnan, GA 30263""]}, ""phone"": ""+16785529967"", ""display_phone"": ""(678) 552-9967"", ""distance"": 19871.17511328515}, {""id"": ""CK7Us1uWnsejQpdG0OxblA"", ""alias"": ""switch-and-grind-coffee-cafe-woodbury"", ""name"": ""Switch & Grind Coffee Cafe"", ""image_url"": ""https://s3-media2.fl.yelpcdn.com/bphoto/etaDxLtGiTcjB9VWPz4WNQ/o.jpg"", ""is_closed"": false, ""url"": ""https://www.yelp.com/biz/switch-and-grind-coffee-cafe-woodbury?adjust_creative=ULHW7ynqdXE8Z9Fnr4irFw&utm_campaign=yelp_api_v3&utm_medium=api_v3_business_search&utm_source=ULHW7ynqdXE8Z9Fnr4irFw"", ""review_count"": 1, ""categories"": [{""alias"": ""coffee"", ""title"": ""Coffee & Tea""}, {""alias"": ""bakeries"", ""title"": ""Bakeries""}, {""alias"": ""desserts"", ""title"": ""Desserts""}], ""rating"": 5.0, ""coordinates"": {""latitude"": 32.983859851182636, ""longitude"": -84.5829613879323}, ""transactions"": [], ""location"": {""address1"": ""18108 Main St"", ""address2"": """", ""address3"": null, ""city"": ""Woodbury"", ""zip_code"": ""30293"", ""country"": ""US"", ""state"": ""GA"", ""display_address"": [""18108 Main St"", ""Woodbury, GA 30293""]}, ""phone"": ""+17065536060"", ""display_phone"": ""(706) 553-6060"", ""distance"": 29841.08513884701}, {""id"": ""boekNfJM43A-Dz0AhnvqAA"", ""alias"": ""woodstone-bakery-and-cafe-fayetteville"", ""name"": ""Woodstone Bakery & Cafe"", ""image_url"": ""https://s3-media1.fl.yelpcdn.com/bphoto/OPqxFc_o5CyvyLAqsZWBcQ/o.jpg"", ""is_closed"": false, ""url"": ""https://www.yelp.com/biz/woodstone-bakery-and-cafe-fayetteville?adjust_creative=ULHW7ynqdXE8Z9Fnr4irFw&utm_campaign=yelp_api_v3&utm_medium=api_v3_business_search&utm_source=ULHW7ynqdXE8Z9Fnr4irFw"", ""review_count"": 20, ""categories"": [{""alias"": ""bakeries"", ""title"": ""Bakeries""}, {""alias"": ""coffee"", ""title"": ""Coffee & Tea""}, {""alias"": ""cafes"", ""title"": ""Cafes""}], ""rating"": 4.5, ""coordinates"": {""latitude"": 33.4690128, ""longitude"": -84.50683629999999}, ""transactions"": [], ""location"": {""address1"": ""305 Trilith Pkwy"", ""address2"": ""Ste 385"", ""address3"": null, ""city"": ""Fayetteville"", ""zip_code"": ""30214"", ""country"": ""US"", ""state"": ""GA"", ""display_address"": [""305 Trilith Pkwy"", ""Ste 385"", ""Fayetteville, GA 30214""]}, ""phone"": ""+17707569684"", ""display_phone"": ""(770) 756-9684"", ""distance"": 38468.359885114725}, {""id"": ""22kG0DNvwRiHTgLBq_kRsw"", ""alias"": ""circas-coffee-house-tyrone"", ""name"": ""Circa's Coffee House"", ""image_url"": ""https://s3-media3.fl.yelpcdn.com/bphoto/c-Z-kaEzjX9W5BE0FGSf6w/o.jpg"", ""is_closed"": false, ""url"": ""https://www.yelp.com/biz/circas-coffee-house-tyrone?adjust_creative=ULHW7ynqdXE8Z9Fnr4irFw&utm_campaign=yelp_api_v3&utm_medium=api_v3_business_search&utm_source=ULHW7ynqdXE8Z9Fnr4irFw"", ""review_count"": 54, ""categories"": [{""alias"": ""coffee"", ""title"": ""Coffee & Tea""}, {""alias"": ""bakeries"", ""title"": ""Bakeries""}], ""rating"": 4.5, ""coordinates"": {""latitude"": 33.47406, ""longitude"": -84.5966}, ""transactions"": [""delivery"", ""pickup""], ""price"": ""$$"", ""location"": {""address1"": ""865 Senoia Rd"", ""address2"": ""Ste A"", ""address3"": """", ""city"": ""Tyrone"", ""zip_code"": ""30290"", ""country"": ""US"", ""state"": ""GA"", ""display_address"": [""865 Senoia Rd"", ""Ste A"", ""Tyrone, GA 30290""]}, ""phone"": ""+17706837991"", ""display_phone"": ""(770) 683-7991"", ""distance"": 34271.425557946204}, {""id"": ""6coGZM3xb51pEH5udAZ6eQ"", ""alias"": ""qora-peruvian-cafe-peachtree-city"", ""name"": ""Qora - Peruvian Cafe"", ""image_url"": ""https://s3-media3.fl.yelpcdn.com/bphoto/Ejv05uJz06WYEHTZj7NGNw/o.jpg"", ""is_closed"": false, ""url"": ""https://www.yelp.com/biz/qora-peruvian-cafe-peachtree-city?adjust_creative=ULHW7ynqdXE8Z9Fnr4irFw&utm_campaign=yelp_api_v3&utm_medium=api_v3_business_search&utm_source=ULHW7ynqdXE8Z9Fnr4irFw"", ""review_count"": 9, ""categories"": [{""alias"": ""peruvian"", ""title"": ""Peruvian""}, {""alias"": ""cafes"", ""title"": ""Cafes""}], ""rating"": 5.0, ""coordinates"": {""latitude"": 33.39730395982653, ""longitude"": -84.60005249999999}, ""transactions"": [], ""location"": {""address1"": ""2731 SR-54 W"", ""address2"": null, ""address3"": null, ""city"": ""Peachtree City"", ""zip_code"": ""30269"", ""country"": ""US"", ""state"": ""GA"", ""display_address"": [""2731 SR-54 W"", ""Peachtree City, GA 30269""]}, ""phone"": """", ""display_phone"": """", ""distance"": 26862.22537049486}, {""id"": ""5YZxvdWrfMNjHRX4HgowGQ"", ""alias"": ""lightnin-bugs-cafe-and-bakery-warm-springs"", ""name"": ""Lightnin' Bugs Cafe & Bakery"", ""image_url"": ""https://s3-media2.fl.yelpcdn.com/bphoto/kD6uCaqXy9KITlqgFdm8bg/o.jpg"", ""is_closed"": false, ""url"": ""https://www.yelp.com/biz/lightnin-bugs-cafe-and-bakery-warm-springs?adjust_creative=ULHW7ynqdXE8Z9Fnr4irFw&utm_campaign=yelp_api_v3&utm_medium=api_v3_business_search&utm_source=ULHW7ynqdXE8Z9Fnr4irFw"", ""review_count"": 15, ""categories"": [{""alias"": ""coffee"", ""title"": ""Coffee & Tea""}, {""alias"": ""sandwiches"", ""title"": ""Sandwiches""}, {""alias"": ""desserts"", ""title"": ""Desserts""}], ""rating"": 5.0, ""coordinates"": {""latitude"": 32.8904800415039, ""longitude"": -84.6799087524414}, ""transactions"": [], ""price"": ""$$"", ""location"": {""address1"": ""50 Broad St"", ""address2"": """", ""address3"": null, ""city"": ""Warm Springs"", ""zip_code"": ""31830"", ""country"": ""US"", ""state"": ""GA"", ""display_address"": [""50 Broad St"", ""Warm Springs, GA 31830""]}, ""phone"": ""+17066552015"", ""display_phone"": ""(706) 655-2015"", ""distance"": 35619.383206667044}, {""id"": ""AidbDNfUqoxRRgGzidB3eg"", ""alias"": ""uniquexpressions-pine-mountain"", ""name"": ""UniquExpressions"", ""image_url"": ""https://s3-media2.fl.yelpcdn.com/bphoto/bWtQ1pwosjqN17tU052EUw/o.jpg"", ""is_closed"": false, ""url"": ""https://www.yelp.com/biz/uniquexpressions-pine-mountain?adjust_creative=ULHW7ynqdXE8Z9Fnr4irFw&utm_campaign=yelp_api_v3&utm_medium=api_v3_business_search&utm_source=ULHW7ynqdXE8Z9Fnr4irFw"", ""review_count"": 39, ""categories"": [{""alias"": ""coffee"", ""title"": ""Coffee & Tea""}, {""alias"": ""pizza"", ""title"": ""Pizza""}, {""alias"": ""sandwiches"", ""title"": ""Sandwiches""}], ""rating"": 4.5, ""coordinates"": {""latitude"": 32.8654479980469, ""longitude"": -84.8550186157227}, ""transactions"": [], ""price"": ""$"", ""location"": {""address1"": ""125 N Main St"", ""address2"": null, ""address3"": null, ""city"": ""Pine Mountain"", ""zip_code"": ""31822"", ""country"": ""US"", ""state"": ""GA"", ""display_address"": [""125 N Main St"", ""Pine Mountain, GA 31822""]}, ""phone"": ""+17068010062"", ""display_phone"": ""(706) 801-0062"", ""distance"": 38244.413636016536}, {""id"": ""asVGTx5j9eyFn3jcBzTlUQ"", ""alias"": ""neighborhood-corner-cafe-newnan"", ""name"": ""Neighborhood Corner Cafe"", ""image_url"": ""https://s3-media2.fl.yelpcdn.com/bphoto/cQpCobeDNzGJRef4SDLZUQ/o.jpg"", ""is_closed"": false, ""url"": ""https://www.yelp.com/biz/neighborhood-corner-cafe-newnan?adjust_creative=ULHW7ynqdXE8Z9Fnr4irFw&utm_campaign=yelp_api_v3&utm_medium=api_v3_business_search&utm_source=ULHW7ynqdXE8Z9Fnr4irFw"", ""review_count"": 1, ""categories"": [{""alias"": ""coffee"", ""title"": ""Coffee & Tea""}, {""alias"": ""breakfast_brunch"", ""title"": ""Breakfast & Brunch""}], ""rating"": 4.0, ""coordinates"": {""latitude"": 33.382179828302, ""longitude"": -84.8143143211425}, ""transactions"": [], ""location"": {""address1"": ""12 Bonnell St"", ""address2"": """", ""address3"": null, ""city"": ""Newnan"", ""zip_code"": ""30263"", ""country"": ""US"", ""state"": ""GA"", ""display_address"": [""12 Bonnell St"", ""Newnan, GA 30263""]}, ""phone"": ""+17707557757"", ""display_phone"": ""(770) 755-7757"", ""distance"": 20477.046381162614}, {""id"": ""1KYslamRV_S6DCwkSTZn-w"", ""alias"": ""local-groundz-coffee-lagrange"", ""name"": ""Local Groundz Coffee"", ""image_url"": ""https://s3-media4.fl.yelpcdn.com/bphoto/R40qAbO4ZRbbWHzmQUOWHA/o.jpg"", ""is_closed"": false, ""url"": ""https://www.yelp.com/biz/local-groundz-coffee-lagrange?adjust_creative=ULHW7ynqdXE8Z9Fnr4irFw&utm_campaign=yelp_api_v3&utm_medium=api_v3_business_search&utm_source=ULHW7ynqdXE8Z9Fnr4irFw"", ""review_count"": 8, ""categories"": [{""alias"": ""coffee"", ""title"": ""Coffee & Tea""}, {""alias"": ""desserts"", ""title"": ""Desserts""}, {""alias"": ""donuts"", ""title"": ""Donuts""}], ""rating"": 4.5, ""coordinates"": {""latitude"": 33.04416, ""longitude"": -85.03539}, ""transactions"": [], ""price"": ""$$"", ""location"": {""address1"": ""407 N Greenwood St"", ""address2"": """", ""address3"": null, ""city"": ""LaGrange"", ""zip_code"": ""30240"", ""country"": ""US"", ""state"": ""GA"", ""display_address"": [""407 N Greenwood St"", ""LaGrange, GA 30240""]}, ""phone"": ""+17062985442"", ""display_phone"": ""(706) 298-5442"", ""distance"": 30312.536527417204}, {""id"": ""06exF-iQTQ-Tg33ZHlBvcw"", ""alias"": ""gremlin-growlers-fayetteville"", ""name"": ""Gremlin Growlers"", ""image_url"": ""https://s3-media1.fl.yelpcdn.com/bphoto/89GnUI5g6bFC40DEqRvUtw/o.jpg"", ""is_closed"": false, ""url"": ""https://www.yelp.com/biz/gremlin-growlers-fayetteville?adjust_creative=ULHW7ynqdXE8Z9Fnr4irFw&utm_campaign=yelp_api_v3&utm_medium=api_v3_business_search&utm_source=ULHW7ynqdXE8Z9Fnr4irFw"", ""review_count"": 47, ""categories"": [{""alias"": ""coffee"", ""title"": ""Coffee & Tea""}, {""alias"": ""coffeeroasteries"", ""title"": ""Coffee Roasteries""}, {""alias"": ""beerbar"", ""title"": ""Beer Bar""}], ""rating"": 4.0, ""coordinates"": {""latitude"": 33.4484852746913, ""longitude"": -84.4552644342184}, ""transactions"": [], ""price"": ""$$"", ""location"": {""address1"": ""101 Glynn St S"", ""address2"": """", ""address3"": """", ""city"": ""Fayetteville"", ""zip_code"": ""30214"", ""country"": ""US"", ""state"": ""GA"", ""display_address"": [""101 Glynn St S"", ""Fayetteville, GA 30214""]}, ""phone"": ""+16784894428"", ""display_phone"": ""(678) 489-4428"", ""distance"": 40083.39916726365}, {""id"": ""gnCRe3H2cKnAdSbeAjEG_g"", ""alias"": ""heirloom-market-and-bakeshop-sharpsburg-2"", ""name"": ""Heirloom Market & Bakeshop"", ""image_url"": ""https://s3-media2.fl.yelpcdn.com/bphoto/grNRWiJAO-SZzzHMPdV4hw/o.jpg"", ""is_closed"": false, ""url"": ""https://www.yelp.com/biz/heirloom-market-and-bakeshop-sharpsburg-2?adjust_creative=ULHW7ynqdXE8Z9Fnr4irFw&utm_campaign=yelp_api_v3&utm_medium=api_v3_business_search&utm_source=ULHW7ynqdXE8Z9Fnr4irFw"", ""review_count"": 36, ""categories"": [{""alias"": ""bakeries"", ""title"": ""Bakeries""}, {""alias"": ""coffee"", ""title"": ""Coffee & Tea""}, {""alias"": ""donuts"", ""title"": ""Donuts""}], ""rating"": 4.0, ""coordinates"": {""latitude"": 33.39609751552598, ""longitude"": -84.61696842331337}, ""transactions"": [""delivery"", ""pickup""], ""location"": {""address1"": ""8861 GA-54"", ""address2"": """", ""address3"": null, ""city"": ""Sharpsburg"", ""zip_code"": ""30277"", ""country"": ""US"", ""state"": ""GA"", ""display_address"": [""8861 GA-54"", ""Sharpsburg, GA 30277""]}, ""phone"": ""+17707559324"", ""display_phone"": ""(770) 755-9324"", ""distance"": 25857.651381190542}, {""id"": ""BNNcsSaqilVvVDeGqoZCkQ"", ""alias"": ""sweet-tea-lounge-peachtree-city-8"", ""name"": ""Sweet Tea Lounge"", ""image_url"": ""https://s3-media1.fl.yelpcdn.com/bphoto/sJSIz-MXOFKL-wWuKUjYbQ/o.jpg"", ""is_closed"": false, ""url"": ""https://www.yelp.com/biz/sweet-tea-lounge-peachtree-city-8?adjust_creative=ULHW7ynqdXE8Z9Fnr4irFw&utm_campaign=yelp_api_v3&utm_medium=api_v3_business_search&utm_source=ULHW7ynqdXE8Z9Fnr4irFw"", ""review_count"": 15, ""categories"": [{""alias"": ""bubbletea"", ""title"": ""Bubble Tea""}, {""alias"": ""coffee"", ""title"": ""Coffee & Tea""}, {""alias"": ""acaibowls"", ""title"": ""Acai Bowls""}], ""rating"": 4.0, ""coordinates"": {""latitude"": 33.39734090808844, ""longitude"": -84.5972405}, ""transactions"": [""delivery"", ""pickup""], ""price"": ""$$"", ""location"": {""address1"": ""2705 Hwy 54 W"", ""address2"": ""Ste 5"", ""address3"": null, ""city"": ""Peachtree City"", ""zip_code"": ""30269"", ""country"": ""US"", ""state"": ""GA"", ""display_address"": [""2705 Hwy 54 W"", ""Ste 5"", ""Peachtree City, GA 30269""]}, ""phone"": ""+16785191419"", ""display_phone"": ""(678) 519-1419"", ""distance"": 27019.894494868404}, {""id"": ""wD35g-A_yreDXpLUZJUgNA"", ""alias"": ""613-main-restaurant-and-coffee-bar-palmetto"", ""name"": ""613 Main Restaurant & Coffee Bar"", ""image_url"": ""https://s3-media1.fl.yelpcdn.com/bphoto/YUmjS8sJkRicOwEiA8s22Q/o.jpg"", ""is_closed"": false, ""url"": ""https://www.yelp.com/biz/613-main-restaurant-and-coffee-bar-palmetto?adjust_creative=ULHW7ynqdXE8Z9Fnr4irFw&utm_campaign=yelp_api_v3&utm_medium=api_v3_business_search&utm_source=ULHW7ynqdXE8Z9Fnr4irFw"", ""review_count"": 45, ""categories"": [{""alias"": ""coffee"", ""title"": ""Coffee & Tea""}, {""alias"": ""breakfast_brunch"", ""title"": ""Breakfast & Brunch""}], ""rating"": 4.5, ""coordinates"": {""latitude"": 33.5246940673574, ""longitude"": -84.6647322177887}, ""transactions"": [""delivery"", ""pickup""], ""price"": ""$"", ""location"": {""address1"": ""613 Main St"", ""address2"": """", ""address3"": null, ""city"": ""Palmetto"", ""zip_code"": ""30268"", ""country"": ""US"", ""state"": ""GA"", ""display_address"": [""613 Main St"", ""Palmetto, GA 30268""]}, ""phone"": ""+16785456343"", ""display_phone"": ""(678) 545-6343"", ""distance"": 37206.497008510276}, {""id"": ""khQzZsKUiAUTEHxUIfmaqg"", ""alias"": ""main-street-market-hogansville"", ""name"": ""Main Street Market"", ""image_url"": ""https://s3-media2.fl.yelpcdn.com/bphoto/ZSNBjVDjAXsmngTAGZFelg/o.jpg"", ""is_closed"": false, ""url"": ""https://www.yelp.com/biz/main-street-market-hogansville?adjust_creative=ULHW7ynqdXE8Z9Fnr4irFw&utm_campaign=yelp_api_v3&utm_medium=api_v3_business_search&utm_source=ULHW7ynqdXE8Z9Fnr4irFw"", ""review_count"": 1, ""categories"": [{""alias"": ""coffee"", ""title"": ""Coffee & Tea""}, {""alias"": ""convenience"", ""title"": ""Convenience Stores""}, {""alias"": ""sandwiches"", ""title"": ""Sandwiches""}], ""rating"": 5.0, ""coordinates"": {""latitude"": 33.1728351, ""longitude"": -84.913047}, ""transactions"": [], ""location"": {""address1"": ""303 E Main Street"", ""address2"": """", ""address3"": null, ""city"": ""Hogansville"", ""zip_code"": ""30230"", ""country"": ""US"", ""state"": ""GA"", ""display_address"": [""303 E Main Street"", ""Hogansville, GA 30230""]}, ""phone"": ""+17068816564"", ""display_phone"": ""(706) 881-6564"", ""distance"": 13721.611733414531}, {""id"": ""bHGH4fUpuzkICE_dcFHU_w"", ""alias"": ""the-studio-cafe-fayetteville-2"", ""name"": ""The Studio Cafe"", ""image_url"": ""https://s3-media3.fl.yelpcdn.com/bphoto/xf0afaC7UuTNmH6EQHjOdw/o.jpg"", ""is_closed"": false, ""url"": ""https://www.yelp.com/biz/the-studio-cafe-fayetteville-2?adjust_creative=ULHW7ynqdXE8Z9Fnr4irFw&utm_campaign=yelp_api_v3&utm_medium=api_v3_business_search&utm_source=ULHW7ynqdXE8Z9Fnr4irFw"", ""review_count"": 168, ""categories"": [{""alias"": ""buffets"", ""title"": ""Buffets""}, {""alias"": ""cafes"", ""title"": ""Cafes""}, {""alias"": ""sandwiches"", ""title"": ""Sandwiches""}], ""rating"": 4.0, ""coordinates"": {""latitude"": 33.4749338413821, ""longitude"": -84.5108565888545}, ""transactions"": [""delivery"", ""pickup""], ""price"": ""$$$"", ""location"": {""address1"": ""461 Sandy Creek Rd"", ""address2"": ""Ste 4104"", ""address3"": """", ""city"": ""Fayetteville"", ""zip_code"": ""30214"", ""country"": ""US"", ""state"": ""GA"", ""display_address"": [""461 Sandy Creek Rd"", ""Ste 4104"", ""Fayetteville, GA 30214""]}, ""phone"": ""+16786956278"", ""display_phone"": ""(678) 695-6278"", ""distance"": 38745.572627182955}, {""id"": ""xA1TfX_JsfNB3_n6r7SxWQ"", ""alias"": ""rutledge-cafe-franklin-2"", ""name"": ""Rutledge Cafe"", ""image_url"": ""https://s3-media2.fl.yelpcdn.com/bphoto/4iJc2-mxfIZaVKh6zle27A/o.jpg"", ""is_closed"": false, ""url"": ""https://www.yelp.com/biz/rutledge-cafe-franklin-2?adjust_creative=ULHW7ynqdXE8Z9Fnr4irFw&utm_campaign=yelp_api_v3&utm_medium=api_v3_business_search&utm_source=ULHW7ynqdXE8Z9Fnr4irFw"", ""review_count"": 1, ""categories"": [{""alias"": ""cafes"", ""title"": ""Cafes""}, {""alias"": ""southern"", ""title"": ""Southern""}, {""alias"": ""chickenshop"", ""title"": ""Chicken Shop""}], ""rating"": 5.0, ""coordinates"": {""latitude"": 33.2830688, ""longitude"": -85.1097128}, ""transactions"": [], ""location"": {""address1"": ""130 Mary Johnson Dr"", ""address2"": """", ""address3"": null, ""city"": ""Franklin"", ""zip_code"": ""30217"", ""country"": ""US"", ""state"": ""GA"", ""display_address"": [""130 Mary Johnson Dr"", ""Franklin, GA 30217""]}, ""phone"": ""+17069480232"", ""display_phone"": ""(706) 948-0232"", ""distance"": 32860.67530431787}, {""id"": ""VggXO06ZQX5OBRdU-E3Ybg"", ""alias"": ""clean-eatz-peachtree-city-peachtree-city"", ""name"": ""Clean Eatz - Peachtree City"", ""image_url"": ""https://s3-media1.fl.yelpcdn.com/bphoto/_daJYms5OMXsgVccXJ3Mjg/o.jpg"", ""is_closed"": false, ""url"": ""https://www.yelp.com/biz/clean-eatz-peachtree-city-peachtree-city?adjust_creative=ULHW7ynqdXE8Z9Fnr4irFw&utm_campaign=yelp_api_v3&utm_medium=api_v3_business_search&utm_source=ULHW7ynqdXE8Z9Fnr4irFw"", ""review_count"": 1, ""categories"": [{""alias"": ""cafes"", ""title"": ""Cafes""}, {""alias"": ""gluten_free"", ""title"": ""Gluten-Free""}, {""alias"": ""sandwiches"", ""title"": ""Sandwiches""}], ""rating"": 5.0, ""coordinates"": {""latitude"": 33.4066717, ""longitude"": -84.6005487}, ""transactions"": [""delivery"", ""pickup""], ""location"": {""address1"": ""282 SR 74 N"", ""address2"": null, ""address3"": """", ""city"": ""Peachtree City"", ""zip_code"": ""30269"", ""country"": ""US"", ""state"": ""GA"", ""display_address"": [""282 SR 74 N"", ""Peachtree City, GA 30269""]}, ""phone"": ""+14707423289"", ""display_phone"": ""(470) 742-3289"", ""distance"": 27785.86645600649}, {""id"": ""HA1gD30eykTwt43ZN0nG2g"", ""alias"": ""scup-coffee-house-lagrange"", ""name"": ""Scup Coffee House"", ""image_url"": ""https://s3-media2.fl.yelpcdn.com/bphoto/asyQMarT3CFKBQ_sGUKLkA/o.jpg"", ""is_closed"": false, ""url"": ""https://www.yelp.com/biz/scup-coffee-house-lagrange?adjust_creative=ULHW7ynqdXE8Z9Fnr4irFw&utm_campaign=yelp_api_v3&utm_medium=api_v3_business_search&utm_source=ULHW7ynqdXE8Z9Fnr4irFw"", ""review_count"": 2, ""categories"": [{""alias"": ""coffee"", ""title"": ""Coffee & Tea""}], ""rating"": 5.0, ""coordinates"": {""latitude"": 33.02995, ""longitude"": -85.06262}, ""transactions"": [], ""location"": {""address1"": ""1605 Vernon Rd"", ""address2"": ""Ste 1300"", ""address3"": """", ""city"": ""LaGrange"", ""zip_code"": ""30240"", ""country"": ""US"", ""state"": ""GA"", ""display_address"": [""1605 Vernon Rd"", ""Ste 1300"", ""LaGrange, GA 30240""]}, ""phone"": ""+17064162600"", ""display_phone"": ""(706) 416-2600"", ""distance"": 33332.455965543035}, {""id"": ""nD3CPW7uq6mWkMmnxUjcCw"", ""alias"": ""caf\u00e9-brul\u00e9e-lagrange"", ""name"": ""Caf\u00e9 Brul\u00e9e"", ""image_url"": """", ""is_closed"": false, ""url"": ""https://www.yelp.com/biz/caf%C3%A9-brul%C3%A9e-lagrange?adjust_creative=ULHW7ynqdXE8Z9Fnr4irFw&utm_campaign=yelp_api_v3&utm_medium=api_v3_business_search&utm_source=ULHW7ynqdXE8Z9Fnr4irFw"", ""review_count"": 1, ""categories"": [{""alias"": ""desserts"", ""title"": ""Desserts""}, {""alias"": ""coffee"", ""title"": ""Coffee & Tea""}, {""alias"": ""sandwiches"", ""title"": ""Sandwiches""}], ""rating"": 5.0, ""coordinates"": {""latitude"": 33.038082, ""longitude"": -85.031843}, ""transactions"": [], ""location"": {""address1"": ""115 Bull St"", ""address2"": """", ""address3"": null, ""city"": ""LaGrange"", ""zip_code"": ""30240"", ""country"": ""US"", ""state"": ""GA"", ""display_address"": [""115 Bull St"", ""LaGrange, GA 30240""]}, ""phone"": ""+17064076889"", ""display_phone"": ""(706) 407-6889"", ""distance"": 30443.73979827365}, {""id"": ""ay6uPzXLlpOckarwI9wvrQ"", ""alias"": ""starbucks-newnan-10"", ""name"": ""Starbucks"", ""image_url"": ""https://s3-media2.fl.yelpcdn.com/bphoto/X-SXr-Zu-aQF6SowNGD9GQ/o.jpg"", ""is_closed"": false, ""url"": ""https://www.yelp.com/biz/starbucks-newnan-10?adjust_creative=ULHW7ynqdXE8Z9Fnr4irFw&utm_campaign=yelp_api_v3&utm_medium=api_v3_business_search&utm_source=ULHW7ynqdXE8Z9Fnr4irFw"", ""review_count"": 15, ""categories"": [{""alias"": ""coffee"", ""title"": ""Coffee & Tea""}], ""rating"": 3.0, ""coordinates"": {""latitude"": 33.3982927, ""longitude"": -84.73991184}, ""transactions"": [""delivery""], ""price"": ""$$"", ""location"": {""address1"": ""1200 Bullsboro Dr"", ""address2"": ""Ste A"", ""address3"": null, ""city"": ""Newnan"", ""zip_code"": ""30265"", ""country"": ""US"", ""state"": ""GA"", ""display_address"": [""1200 Bullsboro Dr"", ""Ste A"", ""Newnan, GA 30265""]}, ""phone"": ""+17702522525"", ""display_phone"": ""(770) 252-2525"", ""distance"": 22024.099545940197}, {""id"": ""xepWgCTajTqwBd2wdC8d3A"", ""alias"": ""starbucks-lagrange-3"", ""name"": ""Starbucks"", ""image_url"": ""https://s3-media3.fl.yelpcdn.com/bphoto/1PLQXOw0YmpQ-O81K6-t0w/o.jpg"", ""is_closed"": false, ""url"": ""https://www.yelp.com/biz/starbucks-lagrange-3?adjust_creative=ULHW7ynqdXE8Z9Fnr4irFw&utm_campaign=yelp_api_v3&utm_medium=api_v3_business_search&utm_source=ULHW7ynqdXE8Z9Fnr4irFw"", ""review_count"": 33, ""categories"": [{""alias"": ""coffee"", ""title"": ""Coffee & Tea""}], ""rating"": 2.5, ""coordinates"": {""latitude"": 33.041647, ""longitude"": -84.9827698}, ""transactions"": [""delivery""], ""price"": ""$"", ""location"": {""address1"": ""1470 Lafayette Pkwy"", ""address2"": ""Ste 200"", ""address3"": null, ""city"": ""LaGrange"", ""zip_code"": ""30241"", ""country"": ""US"", ""state"": ""GA"", ""display_address"": [""1470 Lafayette Pkwy"", ""Ste 200"", ""LaGrange, GA 30241""]}, ""phone"": ""+17068825205"", ""display_phone"": ""(706) 882-5205"", ""distance"": 26651.777650549382}, {""id"": ""qzCeKvff1xFmIBrk368fGw"", ""alias"": ""store-to-door-pizza-franklin"", ""name"": ""Store To Door Pizza"", ""image_url"": ""https://s3-media1.fl.yelpcdn.com/bphoto/XMKAIcnPvQoHa1tGW8FH4g/o.jpg"", ""is_closed"": false, ""url"": ""https://www.yelp.com/biz/store-to-door-pizza-franklin?adjust_creative=ULHW7ynqdXE8Z9Fnr4irFw&utm_campaign=yelp_api_v3&utm_medium=api_v3_business_search&utm_source=ULHW7ynqdXE8Z9Fnr4irFw"", ""review_count"": 3, ""categories"": [{""alias"": ""pizza"", ""title"": ""Pizza""}, {""alias"": ""cafes"", ""title"": ""Cafes""}], ""rating"": 3.5, ""coordinates"": {""latitude"": 33.337628, ""longitude"": -84.986805}, ""transactions"": [], ""location"": {""address1"": ""1808 Franklin Pkwy"", ""address2"": """", ""address3"": """", ""city"": ""Franklin"", ""zip_code"": ""30217"", ""country"": ""US"", ""state"": ""GA"", ""display_address"": [""1808 Franklin Pkwy"", ""Franklin, GA 30217""]}, ""phone"": ""+17066753094"", ""display_phone"": ""(706) 675-3094"", ""distance"": 25196.596370777024}, {""id"": ""_iRUuNcOkLtym3knOH5o6g"", ""alias"": ""starbucks-peachtree-city-3"", ""name"": ""Starbucks"", ""image_url"": ""https://s3-media3.fl.yelpcdn.com/bphoto/S4IzAbnHQTPOWoxV7beR_g/o.jpg"", ""is_closed"": false, ""url"": ""https://www.yelp.com/biz/starbucks-peachtree-city-3?adjust_creative=ULHW7ynqdXE8Z9Fnr4irFw&utm_campaign=yelp_api_v3&utm_medium=api_v3_business_search&utm_source=ULHW7ynqdXE8Z9Fnr4irFw"", ""review_count"": 41, ""categories"": [{""alias"": ""coffee"", ""title"": ""Coffee & Tea""}], ""rating"": 3.5, ""coordinates"": {""latitude"": 33.39636568, ""longitude"": -84.59163184}, ""transactions"": [""delivery""], ""price"": ""$$"", ""location"": {""address1"": ""101 City Cir"", ""address2"": """", ""address3"": """", ""city"": ""Peachtree City"", ""zip_code"": ""30269"", ""country"": ""US"", ""state"": ""GA"", ""display_address"": [""101 City Cir"", ""Peachtree City, GA 30269""]}, ""phone"": ""+14705978027"", ""display_phone"": ""(470) 597-8027"", ""distance"": 27246.482038906364}, {""id"": ""3sDOCIbOxxrnN7sxZMcf7A"", ""alias"": ""starbucks-newnan-5"", ""name"": ""Starbucks"", ""image_url"": ""https://s3-media1.fl.yelpcdn.com/bphoto/uGlGmmU-N9SFt2yCuWrG2Q/o.jpg"", ""is_closed"": false, ""url"": ""https://www.yelp.com/biz/starbucks-newnan-5?adjust_creative=ULHW7ynqdXE8Z9Fnr4irFw&utm_campaign=yelp_api_v3&utm_medium=api_v3_business_search&utm_source=ULHW7ynqdXE8Z9Fnr4irFw"", ""review_count"": 10, ""categories"": [{""alias"": ""coffee"", ""title"": ""Coffee & Tea""}], ""rating"": 3.0, ""coordinates"": {""latitude"": 33.40699123, ""longitude"": -84.679383}, ""transactions"": [""delivery""], ""price"": ""$$"", ""location"": {""address1"": ""3151 E Highway 34"", ""address2"": """", ""address3"": null, ""city"": ""Newnan"", ""zip_code"": ""30265"", ""country"": ""US"", ""state"": ""GA"", ""display_address"": [""3151 E Highway 34"", ""Newnan, GA 30265""]}, ""phone"": ""+16786734060"", ""display_phone"": ""(678) 673-4060"", ""distance"": 24314.848907094634}, {""id"": ""UEtsDhRHIEXKuiRQtiPaKA"", ""alias"": ""dunkin-sharpsburg-2"", ""name"": ""Dunkin'"", ""image_url"": ""https://s3-media2.fl.yelpcdn.com/bphoto/_sIK5YnsE9sSf01YcL7gDw/o.jpg"", ""is_closed"": false, ""url"": ""https://www.yelp.com/biz/dunkin-sharpsburg-2?adjust_creative=ULHW7ynqdXE8Z9Fnr4irFw&utm_campaign=yelp_api_v3&utm_medium=api_v3_business_search&utm_source=ULHW7ynqdXE8Z9Fnr4irFw"", ""review_count"": 40, ""categories"": [{""alias"": ""coffee"", ""title"": ""Coffee & Tea""}, {""alias"": ""donuts"", ""title"": ""Donuts""}], ""rating"": 2.0, ""coordinates"": {""latitude"": 33.4081442, ""longitude"": -84.67434119870885}, ""transactions"": [], ""price"": ""$"", ""location"": {""address1"": ""12 Bailey Station Dr"", ""address2"": """", ""address3"": null, ""city"": ""Sharpsburg"", ""zip_code"": ""30277"", ""country"": ""US"", ""state"": ""GA"", ""display_address"": [""12 Bailey Station Dr"", ""Sharpsburg, GA 30277""]}, ""phone"": ""+17702530022"", ""display_phone"": ""(770) 253-0022"", ""distance"": 24600.32627910067}, {""id"": ""rDO6t4Km6qeOXXWvEwz7Mg"", ""alias"": ""dunkin-donuts-lagrange-2"", ""name"": ""Dunkin\u2019 Donuts"", ""image_url"": ""https://s3-media2.fl.yelpcdn.com/bphoto/-F7ncV8kEOSVAzXWouUE5Q/o.jpg"", ""is_closed"": false, ""url"": ""https://www.yelp.com/biz/dunkin-donuts-lagrange-2?adjust_creative=ULHW7ynqdXE8Z9Fnr4irFw&utm_campaign=yelp_api_v3&utm_medium=api_v3_business_search&utm_source=ULHW7ynqdXE8Z9Fnr4irFw"", ""review_count"": 12, ""categories"": [{""alias"": ""donuts"", ""title"": ""Donuts""}, {""alias"": ""coffee"", ""title"": ""Coffee & Tea""}], ""rating"": 1.5, ""coordinates"": {""latitude"": 33.0412455518269, ""longitude"": -84.9655703905044}, ""transactions"": [], ""location"": {""address1"": ""1740 Lafayette Pkwy"", ""address2"": """", ""address3"": null, ""city"": ""LaGrange"", ""zip_code"": ""30241"", ""country"": ""US"", ""state"": ""GA"", ""display_address"": [""1740 Lafayette Pkwy"", ""LaGrange, GA 30241""]}, ""phone"": ""+17067563026"", ""display_phone"": ""(706) 756-3026"", ""distance"": 25513.90718273896}, {""id"": ""6KjzvkHucPOgh1uFLsenTQ"", ""alias"": ""starbucks-fayetteville-2"", ""name"": ""Starbucks"", ""image_url"": ""https://s3-media1.fl.yelpcdn.com/bphoto/1WPxgbtAKsUtibnU_EbYcA/o.jpg"", ""is_closed"": false, ""url"": ""https://www.yelp.com/biz/starbucks-fayetteville-2?adjust_creative=ULHW7ynqdXE8Z9Fnr4irFw&utm_campaign=yelp_api_v3&utm_medium=api_v3_business_search&utm_source=ULHW7ynqdXE8Z9Fnr4irFw"", ""review_count"": 37, ""categories"": [{""alias"": ""coffee"", ""title"": ""Coffee & Tea""}], ""rating"": 3.0, ""coordinates"": {""latitude"": 33.4309547, ""longitude"": -84.456953}, ""transactions"": [""delivery""], ""price"": ""$$"", ""location"": {""address1"": ""856 Hwy 85 S"", ""address2"": null, ""address3"": null, ""city"": ""Fayetteville"", ""zip_code"": ""30214"", ""country"": ""US"", ""state"": ""GA"", ""display_address"": [""856 Hwy 85 S"", ""Fayetteville, GA 30214""]}, ""phone"": ""+17704603441"", ""display_phone"": ""(770) 460-3441"", ""distance"": 38659.65029643454}, {""id"": ""YghfAfhc8YhikllPubmlxA"", ""alias"": ""starbucks-peachtree-city-5"", ""name"": ""Starbucks"", ""image_url"": ""https://s3-media1.fl.yelpcdn.com/bphoto/TpJnZaobcouA98nnPok0Zg/o.jpg"", ""is_closed"": false, ""url"": ""https://www.yelp.com/biz/starbucks-peachtree-city-5?adjust_creative=ULHW7ynqdXE8Z9Fnr4irFw&utm_campaign=yelp_api_v3&utm_medium=api_v3_business_search&utm_source=ULHW7ynqdXE8Z9Fnr4irFw"", ""review_count"": 3, ""categories"": [{""alias"": ""coffee"", ""title"": ""Coffee & Tea""}], ""rating"": 3.5, ""coordinates"": {""latitude"": 33.376915, ""longitude"": -84.564658}, ""transactions"": [""delivery""], ""location"": {""address1"": ""564 Crosstown Dr"", ""address2"": null, ""address3"": ""Kroger"", ""city"": ""Peachtree City"", ""zip_code"": ""30269"", ""country"": ""US"", ""state"": ""GA"", ""display_address"": [""564 Crosstown Dr"", ""Kroger"", ""Peachtree City, GA 30269""]}, ""phone"": ""+17704873602"", ""display_phone"": ""(770) 487-3602"", ""distance"": 27255.948075648215}, {""id"": ""uIXs2LBHIlR4vxe4gzBwzQ"", ""alias"": ""scoops-fayetteville-fayetteville"", ""name"": ""Scoops Fayetteville"", ""image_url"": ""https://s3-media2.fl.yelpcdn.com/bphoto/OkU6CEGNpkrM6rwqkAvrWQ/o.jpg"", ""is_closed"": false, ""url"": ""https://www.yelp.com/biz/scoops-fayetteville-fayetteville?adjust_creative=ULHW7ynqdXE8Z9Fnr4irFw&utm_campaign=yelp_api_v3&utm_medium=api_v3_business_search&utm_source=ULHW7ynqdXE8Z9Fnr4irFw"", ""review_count"": 12, ""categories"": [{""alias"": ""candy"", ""title"": ""Candy Stores""}, {""alias"": ""coffee"", ""title"": ""Coffee & Tea""}, {""alias"": ""icecream"", ""title"": ""Ice Cream & Frozen Yogurt""}], ""rating"": 5.0, ""coordinates"": {""latitude"": 33.44581372889743, ""longitude"": -84.45820296352152}, ""transactions"": [], ""location"": {""address1"": ""300 City Ctr Pkwy"", ""address2"": ""Ste 3B"", ""address3"": null, ""city"": ""Fayetteville"", ""zip_code"": ""30214"", ""country"": ""US"", ""state"": ""GA"", ""display_address"": [""300 City Ctr Pkwy"", ""Ste 3B"", ""Fayetteville, GA 30214""]}, ""phone"": ""+16783945030"", ""display_phone"": ""(678) 394-5030"", ""distance"": 39681.36971488999}, {""id"": ""jsAoOQbQkkbJxf-ro1nBqg"", ""alias"": ""mcdonalds-hogansville-2"", ""name"": ""McDonald's"", ""image_url"": ""https://s3-media1.fl.yelpcdn.com/bphoto/d1qMwW9ecdqpU8oyCH_KDg/o.jpg"", ""is_closed"": false, ""url"": ""https://www.yelp.com/biz/mcdonalds-hogansville-2?adjust_creative=ULHW7ynqdXE8Z9Fnr4irFw&utm_campaign=yelp_api_v3&utm_medium=api_v3_business_search&utm_source=ULHW7ynqdXE8Z9Fnr4irFw"", ""review_count"": 16, ""categories"": [{""alias"": ""hotdogs"", ""title"": ""Fast Food""}, {""alias"": ""coffee"", ""title"": ""Coffee & Tea""}, {""alias"": ""burgers"", ""title"": ""Burgers""}], ""rating"": 1.5, ""coordinates"": {""latitude"": 33.1610161507128, ""longitude"": -84.8744414653675}, ""transactions"": [], ""price"": ""$"", ""location"": {""address1"": ""1829 E Main St"", ""address2"": """", ""address3"": """", ""city"": ""Hogansville"", ""zip_code"": ""30230"", ""country"": ""US"", ""state"": ""GA"", ""display_address"": [""1829 E Main St"", ""Hogansville, GA 30230""]}, ""phone"": ""+17066378400"", ""display_phone"": ""(706) 637-8400"", ""distance"": 10738.009621383007}, {""id"": ""jGxrKmQg2DmV1pWpekDDfA"", ""alias"": ""mcdonalds-senoia"", ""name"": ""McDonald's"", ""image_url"": ""https://s3-media4.fl.yelpcdn.com/bphoto/fhqhkEu5LvZlA_nm2mKdkw/o.jpg"", ""is_closed"": false, ""url"": ""https://www.yelp.com/biz/mcdonalds-senoia?adjust_creative=ULHW7ynqdXE8Z9Fnr4irFw&utm_campaign=yelp_api_v3&utm_medium=api_v3_business_search&utm_source=ULHW7ynqdXE8Z9Fnr4irFw"", ""review_count"": 32, ""categories"": [{""alias"": ""hotdogs"", ""title"": ""Fast Food""}, {""alias"": ""burgers"", ""title"": ""Burgers""}, {""alias"": ""coffee"", ""title"": ""Coffee & Tea""}], ""rating"": 1.0, ""coordinates"": {""latitude"": 33.2935143438295, ""longitude"": -84.5433354377747}, ""transactions"": [""delivery""], ""price"": ""$"", ""location"": {""address1"": ""2907 Hwy 85"", ""address2"": null, ""address3"": null, ""city"": ""Senoia"", ""zip_code"": ""30276"", ""country"": ""US"", ""state"": ""GA"", ""display_address"": [""2907 Hwy 85"", ""Senoia, GA 30276""]}, ""phone"": ""+17705999135"", ""display_phone"": ""(770) 599-9135"", ""distance"": 23403.34780348417}], ""total"": 77, ""region"": {""center"": {""longitude"": -84.76986, ""latitude"": 33.201813}}}",application/json,true,none
test_1huxor98xij3t_getBusinesses,200,"{""businesses"": [], ""total"": 0, ""region"": {""center"": {""longitude"": -81.36041, ""latitude"": 42.329582}}}",application/json,true,none
test_1iauvu4kiollu_getBusinesses,400,"{""error"": {""code"": ""VALIDATION_ERROR"", ""description"": ""Please specify a location or a latitude and longitude""}}",application/json,true,none
test_1iuspro0dnl83_getBusinesses,400,"{""error"": {""code"": ""VALIDATION_ERROR"", ""description"": ""Please specify a location or a latitude and longitude""}}",application/json,true,none
test_1iv10bb8aesz8_getBusinesses,400,"{""error"": {""code"": ""VALIDATION_ERROR"", ""description"": ""Too many results requested, limit+offset must be <= 1000.""}}",application/json,true,none
test_1iv9v4btq3nea_getBusinesses,200,"{""businesses"": [], ""total"": 0, ""region"": {""center"": {""longitude"": -88.26107025146484, ""latitude"": 44.75855738140011}}}",application/json,true,none
test_1iyna6c9vvvxf_getBusinesses,400,"{""error"": {""code"": ""VALIDATION_ERROR"", ""description"": ""Please specify a location or a latitude and longitude""}}",application/json,true,none
test_1jer1b1rl2nub_getBusinesses,400,"{""error"": {""code"": ""OPEN_AT_AND_NOW_PROVIDED"", ""description"": ""You must specify either open_at or open_now, not both.""}}",application/json,true,none
test_1ji79p0ieorqc_getBusinesses,400,"{""error"": {""code"": ""VALIDATION_ERROR"", ""description"": ""Please specify a location or a latitude and longitude""}}",application/json,true,none
test_1k1tykbf84ab8_getBusinesses,400,"{""error"": {""code"": ""VALIDATION_ERROR"", ""description"": ""Please specify a location or a latitude and longitude""}}",application/json,true,none
test_qdtah1vcas0y_getBusinesses,400,"{""error"": {""code"": ""OPEN_AT_AND_NOW_PROVIDED"", ""description"": ""You must specify either open_at or open_now, not both.""}}",application/json,true,none
test_qe4bp7uo7arb_getBusinesses,400,"{""error"": {""code"": ""VALIDATION_ERROR"", ""description"": ""Please specify a location or a latitude and longitude""}}",application/json,true,none
test_qec3uwkzgpr9_getBusinesses,200,"{""businesses"": [], ""total"": 0, ""region"": {""center"": {""longitude"": -122.43644714355469, ""latitude"": 37.76089938976322}}}",application/json,true,none
test_qhq2pwgw3mn7_getBusinesses,400,"{""error"": {""code"": ""VALIDATION_ERROR"", ""description"": ""Please specify a location or a latitude and longitude""}}",application/json,true,none
test_qhvoaec82z52_getBusinesses,400,"{""error"": {""code"": ""VALIDATION_ERROR"", ""description"": ""Please specify a location or a latitude and longitude""}}",application/json,true,none
test_qxfgsocvq0dh_getBusinesses,400,"{""error"": {""code"": ""VALIDATION_ERROR"", ""description"": ""Please specify a location or a latitude and longitude""}}",application/json,true,none
test_qxywrxjds6k8_getBusinesses,400,"{""error"": {""code"": ""VALIDATION_ERROR"", ""description"": ""Please specify a location or a latitude and longitude""}}",application/json,true,none
test_r1a2axj72wc0_getBusinesses,200,"{""businesses"": [], ""total"": 0, ""region"": {""center"": {""longitude"": 9.189033508300781, ""latitude"": 45.47047287954827}}}",application/json,true,none
test_r1l6km4j3i9c_getBusinesses,400,"{""error"": {""code"": ""VALIDATION_ERROR"", ""description"": ""Please specify a location or a latitude and longitude""}}",application/json,true,none
test_rhrnwz3287cp_getBusinesses,400,"{""error"": {""code"": ""VALIDATION_ERROR"", ""description"": ""Please specify a location or a latitude and longitude""}}",application/json,true,none
test_s18vbz86el2t_getBusinesses,200,"{""businesses"": [], ""total"": 2, ""region"": {""center"": {""longitude"": -82.378006, ""latitude"": 41.02102}}}",application/json,true,none
test_skv1wfsoeng7_getBusinesses,400,"{""error"": {""code"": ""VALIDATION_ERROR"", ""description"": ""Please specify a location or a latitude and longitude""}}",application/json,true,none
test_skvlule2pir7_getBusinesses,200,"{""businesses"": [], ""total"": 0, ""region"": {""center"": {""longitude"": -106.48827, ""latitude"": 36.515728}}}",application/json,true,none
test_sobtbg0yr19y_getBusinesses,400,"{""error"": {""code"": ""VALIDATION_ERROR"", ""description"": ""Please specify a location or a latitude and longitude""}}",application/json,true,none
test_sopmp1x20pd2_getBusinesses,200,"{""businesses"": [], ""total"": 0, ""region"": {""center"": {""longitude"": 139.76669311523438, ""latitude"": 35.685011526354074}}}",application/json,true,none
test_t4c8xmqdw76u_getBusinesses,400,"{""error"": {""code"": ""VALIDATION_ERROR"", ""description"": ""Please specify a location or a latitude and longitude""}}",application/json,true,none
test_t4neoz0bgz1d_getBusinesses,200,"{""businesses"": [{""id"": ""jzibSjZB7w-H4sr5WvNspA"", ""alias"": ""p-c-m-pub-cardinal-marunouchi-\u5343\u4ee3\u7530\u533a"", ""name"": ""P.C.M Pub Cardinal Marunouchi"", ""image_url"": ""https://s3-media2.fl.yelpcdn.com/bphoto/oC8oga38hIZOJTHT5VYkNQ/o.jpg"", ""is_closed"": false, ""url"": ""https://www.yelp.es/biz/p-c-m-pub-cardinal-marunouchi-%E5%8D%83%E4%BB%A3%E7%94%B0%E5%8C%BA?adjust_creative=ULHW7ynqdXE8Z9Fnr4irFw&utm_campaign=yelp_api_v3&utm_medium=api_v3_business_search&utm_source=ULHW7ynqdXE8Z9Fnr4irFw"", ""review_count"": 4, ""categories"": [{""alias"": ""pubs"", ""title"": ""Pubs y bares de copas""}], ""rating"": 4.0, ""coordinates"": {""latitude"": 35.6816773, ""longitude"": 139.7639301}, ""transactions"": [], ""price"": ""\uffe5\uffe5\uffe5"", ""location"": {""address1"": ""\u4e38\u306e\u51852\u4e01\u76ee7-3"", ""address2"": ""\u6771\u4eac\u30d3\u30ebTOKIA 1F"", ""address3"": null, ""city"": ""Chiyoda"", ""zip_code"": ""100-0005"", ""country"": ""JP"", ""state"": ""13"", ""display_address"": [""\u4e38\u306e\u51852\u4e01\u76ee7-3"", ""\u6771\u4eac\u30d3\u30ebTOKIA 1F"", ""Chiyoda, \u6771\u4eac\u90fd \u3012100-0005"", ""Jap\u00f3n""]}, ""phone"": ""+815052698965"", ""display_phone"": ""+81 50-5269-8965"", ""distance"": 446.91186424978775}, {""id"": ""VoZODA2dx8n0JJnkJHCUeg"", ""alias"": ""wine-\u3068-craft-beer-bistro-\u30df\u30e4\u30de\u30b9-\u6e2f\u533a-2"", ""name"": ""Wine & Craft Beer Bistro \u30df\u30e4\u30de\u30b9"", ""image_url"": ""https://s3-media4.fl.yelpcdn.com/bphoto/EjyM7XTTRo-SWnOYNsX_BA/o.jpg"", ""is_closed"": false, ""url"": ""https://www.yelp.es/biz/wine-%E3%81%A8-craft-beer-bistro-%E3%83%9F%E3%83%A4%E3%83%9E%E3%82%B9-%E6%B8%AF%E5%8C%BA-2?adjust_creative=ULHW7ynqdXE8Z9Fnr4irFw&utm_campaign=yelp_api_v3&utm_medium=api_v3_business_search&utm_source=ULHW7ynqdXE8Z9Fnr4irFw"", ""review_count"": 2, ""categories"": [{""alias"": ""wine_bars"", ""title"": ""Vinater\u00edas""}, {""alias"": ""bistros"", ""title"": ""Taberna""}], ""rating"": 5.0, ""coordinates"": {""latitude"": 35.665437, ""longitude"": 139.755857}, ""transactions"": [], ""price"": ""\uffe5\uffe5\uffe5"", ""location"": {""address1"": ""\u65b0\u6a4b3-15-1"", ""address2"": ""1F\u30fb2F"", ""address3"": """", ""city"": ""Minato"", ""zip_code"": ""105-0004"", ""country"": ""JP"", ""state"": ""13"", ""display_address"": [""\u65b0\u6a4b3-15-1"", ""1F\u30fb2F"", ""Minato, \u6771\u4eac\u90fd \u3012105-0004"", ""Jap\u00f3n""]}, ""phone"": ""+815075423282"", ""display_phone"": ""+81 50-7542-3282"", ""distance"": 2386.539992084109}, {""id"": ""oNf5rSobHkgLxcq7mBMijw"", ""alias"": ""\u3046\u6708-\u8c4a\u5cf6\u533a"", ""name"": ""ugetsu"", ""image_url"": ""https://s3-media4.fl.yelpcdn.com/bphoto/ZkooIsLSEtKssCaoq3vgvQ/o.jpg"", ""is_closed"": false, ""url"": ""https://www.yelp.es/biz/%E3%81%86%E6%9C%88-%E8%B1%8A%E5%B3%B6%E5%8C%BA?adjust_creative=ULHW7ynqdXE8Z9Fnr4irFw&utm_campaign=yelp_api_v3&utm_medium=api_v3_business_search&utm_source=ULHW7ynqdXE8Z9Fnr4irFw"", ""review_count"": 3, ""categories"": [{""alias"": ""sushi"", ""title"": ""Sushi""}], ""rating"": 4.5, ""coordinates"": {""latitude"": 35.7217270247391, ""longitude"": 139.705994430858}, ""transactions"": [], ""price"": ""\uffe5\uffe5\uffe5"", ""location"": {""address1"": ""\u76ee\u767d3\u4e01\u76ee4-13"", ""address2"": ""\u5927\u718a\u30d3\u30eb"", ""address3"": null, ""city"": ""Toshima"", ""zip_code"": ""171-0031"", ""country"": ""JP"", ""state"": ""13"", ""display_address"": [""\u76ee\u767d3\u4e01\u76ee4-13"", ""\u5927\u718a\u30d3\u30eb"", ""Toshima, \u6771\u4eac\u90fd \u3012171-0031"", ""Jap\u00f3n""]}, ""phone"": ""+81335650558"", ""display_phone"": ""+81 3-3565-0558"", ""distance"": 6834.241982525923}, {""id"": ""WNXA7GiTZjaSLLSqQJwluw"", ""alias"": ""\u307b\u3066\u3044\u3055\u3093-\u4e2d\u592e\u533a"", ""name"": ""\u307b\u3066\u3044\u3055\u3093"", ""image_url"": ""https://s3-media2.fl.yelpcdn.com/bphoto/2dVEKKeT93BHPBy8kYT5Jg/o.jpg"", ""is_closed"": false, ""url"": ""https://www.yelp.es/biz/%E3%81%BB%E3%81%A6%E3%81%84%E3%81%95%E3%82%93-%E4%B8%AD%E5%A4%AE%E5%8C%BA?adjust_creative=ULHW7ynqdXE8Z9Fnr4irFw&utm_campaign=yelp_api_v3&utm_medium=api_v3_business_search&utm_source=ULHW7ynqdXE8Z9Fnr4irFw"", ""review_count"": 2, ""categories"": [{""alias"": ""gourmet"", ""title"": ""Alimentaci\u00f3n especializada""}, {""alias"": ""seafood"", ""title"": ""Marisquer\u00edas""}, {""alias"": ""hotpot"", ""title"": ""Fondues""}], ""rating"": 5.0, ""coordinates"": {""latitude"": 35.6632100742012, ""longitude"": 139.781437896788}, ""transactions"": [], ""price"": ""\uffe5\uffe5\uffe5"", ""location"": {""address1"": ""\u6708\u5cf63\u4e01\u76ee9-7"", ""address2"": null, ""address3"": null, ""city"": ""Ch\u016b\u014d"", ""zip_code"": ""104-0052"", ""country"": ""JP"", ""state"": ""13"", ""display_address"": [""\u6708\u5cf63\u4e01\u76ee9-7"", ""Ch\u016b\u014d, \u6771\u4eac\u90fd \u3012104-0052"", ""Jap\u00f3n""]}, ""phone"": ""+81335315200"", ""display_phone"": ""+81 3-3531-5200"", ""distance"": 2765.987081618074}, {""id"": ""QlsK2UV1pawRGt5WJeYKxQ"", ""alias"": ""lounge-bar-prive-\u5343\u4ee3\u7530\u533a"", ""name"": ""Lounge Bar Prive"", ""image_url"": ""https://s3-media2.fl.yelpcdn.com/bphoto/PFMq1QXdnS4CpCXvozCPSg/o.jpg"", ""is_closed"": false, ""url"": ""https://www.yelp.es/biz/lounge-bar-prive-%E5%8D%83%E4%BB%A3%E7%94%B0%E5%8C%BA?adjust_creative=ULHW7ynqdXE8Z9Fnr4irFw&utm_campaign=yelp_api_v3&utm_medium=api_v3_business_search&utm_source=ULHW7ynqdXE8Z9Fnr4irFw"", ""review_count"": 3, ""categories"": [{""alias"": ""lounges"", ""title"": ""Lounges""}], ""rating"": 4.5, ""coordinates"": {""latitude"": 35.684797, ""longitude"": 139.761338}, ""transactions"": [], ""price"": ""\uffe5\uffe5\uffe5"", ""location"": {""address1"": ""\u4e38\u306e\u51851-1-1"", ""address2"": ""\u30d1\u30ec\u30b9\u30db\u30c6\u30eb\u6771\u4eac 6F"", ""address3"": """", ""city"": ""Chiyoda"", ""zip_code"": ""100-0005"", ""country"": ""JP"", ""state"": ""13"", ""display_address"": [""\u4e38\u306e\u51851-1-1"", ""\u30d1\u30ec\u30b9\u30db\u30c6\u30eb\u6771\u4eac 6F"", ""Chiyoda, \u6771\u4eac\u90fd \u3012100-0005"", ""Jap\u00f3n""]}, ""phone"": ""+81332115319"", ""display_phone"": ""+81 3-3211-5319"", ""distance"": 484.24348538649343}, {""id"": ""W6TfbiD_u3cyKbyNO6i8VQ"", ""alias"": ""galali-\u6e0b\u8c37\u533a-2"", ""name"": ""Galali"", ""image_url"": ""https://s3-media3.fl.yelpcdn.com/bphoto/B3muZEY9dO0-jxkkWY8Pcw/o.jpg"", ""is_closed"": false, ""url"": ""https://www.yelp.es/biz/galali-%E6%B8%8B%E8%B0%B7%E5%8C%BA-2?adjust_creative=ULHW7ynqdXE8Z9Fnr4irFw&utm_campaign=yelp_api_v3&utm_medium=api_v3_business_search&utm_source=ULHW7ynqdXE8Z9Fnr4irFw"", ""review_count"": 2, ""categories"": [{""alias"": ""izakaya"", ""title"": ""Izakaya""}, {""alias"": ""sakebars"", ""title"": ""Bares de sake""}], ""rating"": 5.0, ""coordinates"": {""latitude"": 35.6698447121778, ""longitude"": 139.712936490092}, ""transactions"": [], ""price"": ""\uffe5\uffe5\uffe5"", ""location"": {""address1"": ""\u795e\u5bae\u524d3-6-5"", ""address2"": null, ""address3"": null, ""city"": ""Shibuya"", ""zip_code"": ""150-0001"", ""country"": ""JP"", ""state"": ""13"", ""display_address"": [""\u795e\u5bae\u524d3-6-5"", ""Shibuya, \u6771\u4eac\u90fd \u3012150-0001"", ""Jap\u00f3n""]}, ""phone"": ""+81334082818"", ""display_phone"": ""+81 3-3408-2818"", ""distance"": 5140.10972151278}, {""id"": ""-K64ln17NUfNV9myHUqqcg"", ""alias"": ""\u713c\u8089\u30c8\u30e9\u30b8-\u9ebb\u5e03\u5341\u756a\u5e97-\u6e2f\u533a"", ""name"": ""\u713c\u8089\u30c8\u30e9\u30b8 \u9ebb\u5e03\u5341\u756a\u5e97"", ""image_url"": ""https://s3-media3.fl.yelpcdn.com/bphoto/u1ruYrcES1oJFdK0fKejcA/o.jpg"", ""is_closed"": false, ""url"": ""https://www.yelp.es/biz/%E7%84%BC%E8%82%89%E3%83%88%E3%83%A9%E3%82%B8-%E9%BA%BB%E5%B8%83%E5%8D%81%E7%95%AA%E5%BA%97-%E6%B8%AF%E5%8C%BA?adjust_creative=ULHW7ynqdXE8Z9Fnr4irFw&utm_campaign=yelp_api_v3&utm_medium=api_v3_business_search&utm_source=ULHW7ynqdXE8Z9Fnr4irFw"", ""review_count"": 3, ""categories"": [{""alias"": ""yakiniku"", ""title"": ""Yakiniku""}, {""alias"": ""korean"", ""title"": ""Coreano""}, {""alias"": ""bbq"", ""title"": ""Barbacoa""}], ""rating"": 4.5, ""coordinates"": {""latitude"": 35.6561907, ""longitude"": 139.7364228}, ""transactions"": [], ""price"": ""\uffe5\uffe5\uffe5"", ""location"": {""address1"": ""\u9ebb\u5e03\u5341\u756a1-10-3"", ""address2"": ""\u30e2\u30f3\u30c6\u30d7\u30e9\u30b6 2F"", ""address3"": """", ""city"": ""Minato"", ""zip_code"": ""106-0045"", ""country"": ""JP"", ""state"": ""13"", ""display_address"": [""\u9ebb\u5e03\u5341\u756a1-10-3"", ""\u30e2\u30f3\u30c6\u30d7\u30e9\u30b6 2F"", ""Minato, \u6771\u4eac\u90fd \u3012106-0045"", ""Jap\u00f3n""]}, ""phone"": ""+81355755529"", ""display_phone"": ""+81 3-5575-5529"", ""distance"": 4212.744577088755}, {""id"": ""tpsVGMS1mIpGvD1DI07uiw"", ""alias"": ""\u68a8\u3005\u82d1-\u65b0\u5bbf\u533a"", ""name"": ""ririen"", ""image_url"": ""https://s3-media2.fl.yelpcdn.com/bphoto/WywbUXSV3c0D1zRES5nzLQ/o.jpg"", ""is_closed"": false, ""url"": ""https://www.yelp.es/biz/%E6%A2%A8%E3%80%85%E8%8B%91-%E6%96%B0%E5%AE%BF%E5%8C%BA?adjust_creative=ULHW7ynqdXE8Z9Fnr4irFw&utm_campaign=yelp_api_v3&utm_medium=api_v3_business_search&utm_source=ULHW7ynqdXE8Z9Fnr4irFw"", ""review_count"": 3, ""categories"": [{""alias"": ""korean"", ""title"": ""Coreano""}], ""rating"": 4.5, ""coordinates"": {""latitude"": 35.7004572, ""longitude"": 139.7422068}, ""transactions"": [], ""price"": ""\uffe5\uffe5\uffe5"", ""location"": {""address1"": ""\u6771\u4eac\u90fd\u65b0\u5bbf\u533a\u795e\u697d\u57421-10\u3000\u4f1a\u7530\u30d3\u30eb2F"", ""address2"": """", ""address3"": """", ""city"": ""Shinjuku"", ""zip_code"": """", ""country"": ""JP"", ""state"": ""13"", ""display_address"": [""\u6771\u4eac\u90fd\u65b0\u5bbf\u533a\u795e\u697d\u57421-10\u3000\u4f1a\u7530\u30d3\u30eb2F"", ""Shinjuku, \u6771\u4eac\u90fd"", ""Jap\u00f3n""]}, ""phone"": ""+81352278110"", ""display_phone"": ""+81 3-5227-8110"", ""distance"": 2799.927218289921}, {""id"": ""x7SN-iY4KLQBlMRvnA1pTg"", ""alias"": ""\u3057\u3050\u308c\u8336\u5c4b-\u4f98\u52a9-\u4e43\u6728\u5742\u5e97-\u6e2f\u533a"", ""name"": ""Shigure Chaya Wabisuke Nogizaka"", ""image_url"": ""https://s3-media2.fl.yelpcdn.com/bphoto/jWDv8J8YyvD7kFjvTcx7fQ/o.jpg"", ""is_closed"": false, ""url"": ""https://www.yelp.es/biz/%E3%81%97%E3%81%90%E3%82%8C%E8%8C%B6%E5%B1%8B-%E4%BE%98%E5%8A%A9-%E4%B9%83%E6%9C%A8%E5%9D%82%E5%BA%97-%E6%B8%AF%E5%8C%BA?adjust_creative=ULHW7ynqdXE8Z9Fnr4irFw&utm_campaign=yelp_api_v3&utm_medium=api_v3_business_search&utm_source=ULHW7ynqdXE8Z9Fnr4irFw"", ""review_count"": 2, ""categories"": [{""alias"": ""kaiseki"", ""title"": ""Kaiseki""}], ""rating"": 5.0, ""coordinates"": {""latitude"": 35.6669204505979, ""longitude"": 139.728210590144}, ""transactions"": [], ""price"": ""\uffe5\uffe5\uffe5"", ""location"": {""address1"": ""\u8d64\u57429-6-30"", ""address2"": ""\u4e43\u6728\u5742\u30d7\u30ec\u30fc\u30b91F"", ""address3"": null, ""city"": ""Minato"", ""zip_code"": ""107-0052"", ""country"": ""JP"", ""state"": ""13"", ""display_address"": [""\u8d64\u57429-6-30"", ""\u4e43\u6728\u5742\u30d7\u30ec\u30fc\u30b91F"", ""Minato, \u6771\u4eac\u90fd \u3012107-0052"", ""Jap\u00f3n""]}, ""phone"": ""+81334088825"", ""display_phone"": ""+81 3-3408-8825"", ""distance"": 4016.122021409239}, {""id"": ""laje34FEQ0GZtbDbkpM3Ig"", ""alias"": ""\u30a4\u30eb\u30ab\u30f3\u30dd-\u65b0\u5bbf\u533a"", ""name"": ""\u30a4\u30eb\u30ab\u30f3\u30dd"", ""image_url"": ""https://s3-media2.fl.yelpcdn.com/bphoto/b1iex-9t4nRQyYbI3VUdEQ/o.jpg"", ""is_closed"": false, ""url"": ""https://www.yelp.es/biz/%E3%82%A4%E3%83%AB%E3%82%AB%E3%83%B3%E3%83%9D-%E6%96%B0%E5%AE%BF%E5%8C%BA?adjust_creative=ULHW7ynqdXE8Z9Fnr4irFw&utm_campaign=yelp_api_v3&utm_medium=api_v3_business_search&utm_source=ULHW7ynqdXE8Z9Fnr4irFw"", ""review_count"": 2, ""categories"": [{""alias"": ""italian"", ""title"": ""Italiano""}], ""rating"": 5.0, ""coordinates"": {""latitude"": 35.703649, ""longitude"": 139.73527}, ""transactions"": [], ""price"": ""\uffe5\uffe5\uffe5"", ""location"": {""address1"": ""\u795e\u697d\u57426-43"", ""address2"": ""K's Place\u3000101"", ""address3"": """", ""city"": ""Shinjuku"", ""zip_code"": ""162-0825"", ""country"": ""JP"", ""state"": ""13"", ""display_address"": [""\u795e\u697d\u57426-43"", ""K's Place\u3000101"", ""Shinjuku, \u6771\u4eac\u90fd \u3012162-0825"", ""Jap\u00f3n""]}, ""phone"": ""+81364575595"", ""display_phone"": ""+81 3-6457-5595"", ""distance"": 3513.8723343757674}, {""id"": ""afPVSe6vg1FTrYcsEF1n6w"", ""alias"": ""\u30e9-\u30dc\u30a8\u30e0-\u30af\u30a2\u30ea\u30bf-\u6e0b\u8c37-\u6e0b\u8c37\u533a-3"", ""name"": ""\u30e9\u30fb\u30dc\u30a8\u30e0 \u30af\u30a2\u30ea\u30bf \u6e0b\u8c37"", ""image_url"": ""https://s3-media1.fl.yelpcdn.com/bphoto/kngYeDMsM-sgFPLV5gK7Bg/o.jpg"", ""is_closed"": false, ""url"": ""https://www.yelp.es/biz/%E3%83%A9-%E3%83%9C%E3%82%A8%E3%83%A0-%E3%82%AF%E3%82%A2%E3%83%AA%E3%82%BF-%E6%B8%8B%E8%B0%B7-%E6%B8%8B%E8%B0%B7%E5%8C%BA-3?adjust_creative=ULHW7ynqdXE8Z9Fnr4irFw&utm_campaign=yelp_api_v3&utm_medium=api_v3_business_search&utm_source=ULHW7ynqdXE8Z9Fnr4irFw"", ""review_count"": 4, ""categories"": [{""alias"": ""italian"", ""title"": ""Italiano""}, {""alias"": ""wine_bars"", ""title"": ""Vinater\u00edas""}, {""alias"": ""pizza"", ""title"": ""Pizzer\u00eda""}], ""rating"": 4.0, ""coordinates"": {""latitude"": 35.660692, ""longitude"": 139.699828}, ""transactions"": [], ""price"": ""\uffe5\uffe5\uffe5"", ""location"": {""address1"": ""\u5b87\u7530\u5ddd\u753a20-11"", ""address2"": ""\u4e09\u8449\u30d3\u30ebB1-B2"", ""address3"": """", ""city"": ""Shibuya"", ""zip_code"": ""150-0031"", ""country"": ""JP"", ""state"": ""13"", ""display_address"": [""\u5b87\u7530\u5ddd\u753a20-11"", ""\u4e09\u8449\u30d3\u30ebB1-B2"", ""Shibuya, \u6771\u4eac\u90fd \u3012150-0031"", ""Jap\u00f3n""]}, ""phone"": ""+81357286388"", ""display_phone"": ""+81 3-5728-6388"", ""distance"": 6617.672545424068}, {""id"": ""vLSfgfhSIdo_ZYSSXtazow"", ""alias"": ""\u767b\u7f8e\u7c8b-\u4e2d\u592e\u533a"", ""name"": ""Tomisui"", ""image_url"": ""https://s3-media2.fl.yelpcdn.com/bphoto/a9cIjj3A8mGr2KAkvD-_SQ/o.jpg"", ""is_closed"": false, ""url"": ""https://www.yelp.es/biz/%E7%99%BB%E7%BE%8E%E7%B2%8B-%E4%B8%AD%E5%A4%AE%E5%8C%BA?adjust_creative=ULHW7ynqdXE8Z9Fnr4irFw&utm_campaign=yelp_api_v3&utm_medium=api_v3_business_search&utm_source=ULHW7ynqdXE8Z9Fnr4irFw"", ""review_count"": 2, ""categories"": [{""alias"": ""raw_food"", ""title"": ""Comida cruda""}], ""rating"": 5.0, ""coordinates"": {""latitude"": 35.6656967217872, ""longitude"": 139.770444005773}, ""transactions"": [], ""price"": ""\uffe5\uffe5\uffe5"", ""location"": {""address1"": ""\u7bc9\u57304\u4e01\u76ee10-17"", ""address2"": null, ""address3"": null, ""city"": ""Ch\u016b\u014d"", ""zip_code"": ""104-0045"", ""country"": ""JP"", ""state"": ""13"", ""display_address"": [""\u7bc9\u57304\u4e01\u76ee10-17"", ""Ch\u016b\u014d, \u6771\u4eac\u90fd \u3012104-0045"", ""Jap\u00f3n""]}, ""phone"": ""+81362788194"", ""display_phone"": ""+81 3-6278-8194"", ""distance"": 2174.265743629012}, {""id"": ""R9YDxuWAcmPGUQFZHsjmpg"", ""alias"": ""\u904a\u7267\u83dc\u5bb6-\u5343\u4ee3\u7530\u533a"", ""name"": ""\u904a\u7267\u83dc\u5bb6"", ""image_url"": ""https://s3-media2.fl.yelpcdn.com/bphoto/6rvxtZve9_J0g-yK_Z6tKA/o.jpg"", ""is_closed"": false, ""url"": ""https://www.yelp.es/biz/%E9%81%8A%E7%89%A7%E8%8F%9C%E5%AE%B6-%E5%8D%83%E4%BB%A3%E7%94%B0%E5%8C%BA?adjust_creative=ULHW7ynqdXE8Z9Fnr4irFw&utm_campaign=yelp_api_v3&utm_medium=api_v3_business_search&utm_source=ULHW7ynqdXE8Z9Fnr4irFw"", ""review_count"": 4, ""categories"": [{""alias"": ""yakiniku"", ""title"": ""Yakiniku""}, {""alias"": ""korean"", ""title"": ""Coreano""}], ""rating"": 4.0, ""coordinates"": {""latitude"": 35.682572438439, ""longitude"": 139.764321621744}, ""transactions"": [], ""price"": ""\uffe5\uffe5\uffe5"", ""location"": {""address1"": ""\u4e38\u306e\u51851\u4e01\u76ee5-1"", ""address2"": ""\u65b0\u4e38\u306e\u5185\u30d3\u30eb\u30c7\u30a3\u30f3\u30b05F"", ""address3"": null, ""city"": ""Chiyoda"", ""zip_code"": ""100-0005"", ""country"": ""JP"", ""state"": ""13"", ""display_address"": [""\u4e38\u306e\u51851\u4e01\u76ee5-1"", ""\u65b0\u4e38\u306e\u5185\u30d3\u30eb\u30c7\u30a3\u30f3\u30b05F"", ""Chiyoda, \u6771\u4eac\u90fd \u3012100-0005"", ""Jap\u00f3n""]}, ""phone"": ""+81362501129"", ""display_phone"": ""+81 3-6250-1129"", ""distance"": 345.59156756585327}, {""id"": ""vHhQPLzmq7rWmx9YSe4TfA"", ""alias"": ""\u65ec\u623f-\u6e2f\u533a"", ""name"": ""shunbou"", ""image_url"": ""https://s3-media4.fl.yelpcdn.com/bphoto/L80HstGXwOIkB17qyZwJIA/o.jpg"", ""is_closed"": false, ""url"": ""https://www.yelp.es/biz/%E6%97%AC%E6%88%BF-%E6%B8%AF%E5%8C%BA?adjust_creative=ULHW7ynqdXE8Z9Fnr4irFw&utm_campaign=yelp_api_v3&utm_medium=api_v3_business_search&utm_source=ULHW7ynqdXE8Z9Fnr4irFw"", ""review_count"": 4, ""categories"": [{""alias"": ""kaiseki"", ""title"": ""Kaiseki""}], ""rating"": 4.0, ""coordinates"": {""latitude"": 35.65993244363, ""longitude"": 139.728531919331}, ""transactions"": [], ""price"": ""\uffe5\uffe5\uffe5"", ""location"": {""address1"": ""\u516d\u672c\u67286-10-3"", ""address2"": ""6\uff26"", ""address3"": """", ""city"": ""Minato"", ""zip_code"": ""100-0005"", ""country"": ""JP"", ""state"": ""13"", ""display_address"": [""\u516d\u672c\u67286-10-3"", ""6\uff26"", ""Minato, \u6771\u4eac\u90fd \u3012100-0005"", ""Jap\u00f3n""]}, ""phone"": ""+81343338786"", ""display_phone"": ""+81 3-4333-8786"", ""distance"": 4433.8826117641565}, {""id"": ""4pLHiuwe6ax-TRyEkuCSnw"", ""alias"": ""\u5bae\u4e0b\u96fb\u6c17-\u4e2d\u592e\u533a"", ""name"": ""Miyashita denki"", ""image_url"": ""https://s3-media3.fl.yelpcdn.com/bphoto/dEfIqNlfKqgfBdD9iHJ3aQ/o.jpg"", ""is_closed"": false, ""url"": ""https://www.yelp.es/biz/%E5%AE%AE%E4%B8%8B%E9%9B%BB%E6%B0%97-%E4%B8%AD%E5%A4%AE%E5%8C%BA?adjust_creative=ULHW7ynqdXE8Z9Fnr4irFw&utm_campaign=yelp_api_v3&utm_medium=api_v3_business_search&utm_source=ULHW7ynqdXE8Z9Fnr4irFw"", ""review_count"": 2, ""categories"": [{""alias"": ""wine_bars"", ""title"": ""Vinater\u00edas""}, {""alias"": ""cafes"", ""title"": ""Cafeter\u00edas""}], ""rating"": 5.0, ""coordinates"": {""latitude"": 35.6719781720427, ""longitude"": 139.762270404136}, ""transactions"": [], ""price"": ""\uffe5\uffe5\uffe5"", ""location"": {""address1"": ""\u4e2d\u592e\u533a\u9280\u5ea76-4-5"", ""address2"": ""\u7389\u6cc9\u5802B1F"", ""address3"": """", ""city"": ""Ch\u016b\u014d"", ""zip_code"": ""104-0061"", ""country"": ""JP"", ""state"": ""13"", ""display_address"": [""\u4e2d\u592e\u533a\u9280\u5ea76-4-5"", ""\u7389\u6cc9\u5802B1F"", ""Ch\u016b\u014d, \u6771\u4eac\u90fd \u3012104-0061"", ""Jap\u00f3n""]}, ""phone"": ""+81335733378"", ""display_phone"": ""+81 3-3573-3378"", ""distance"": 1503.2902061389052}, {""id"": ""kzka675pQ4seLPBN_Y9emA"", ""alias"": ""\u53e4\u6708-\u65b0\u5bbf\u533a"", ""name"": ""\u53e4\u6708"", ""image_url"": ""https://s3-media2.fl.yelpcdn.com/bphoto/AVgAmyiYUfuQe9C1TEyD5g/o.jpg"", ""is_closed"": false, ""url"": ""https://www.yelp.es/biz/%E5%8F%A4%E6%9C%88-%E6%96%B0%E5%AE%BF%E5%8C%BA?adjust_creative=ULHW7ynqdXE8Z9Fnr4irFw&utm_campaign=yelp_api_v3&utm_medium=api_v3_business_search&utm_source=ULHW7ynqdXE8Z9Fnr4irFw"", ""review_count"": 2, ""categories"": [{""alias"": ""chinese"", ""title"": ""Chino""}], ""rating"": 5.0, ""coordinates"": {""latitude"": 35.6880149841309, ""longitude"": 139.710845947266}, ""transactions"": [], ""price"": ""\uffe5\uffe5\uffe5"", ""location"": {""address1"": ""\u65b0\u5bbf1-5-5"", ""address2"": ""\u5fa1\u82d1\u30d5\u30e9\u30c8\u30fc2F"", ""address3"": """", ""city"": ""Shinjuku"", ""zip_code"": ""160-0022"", ""country"": ""JP"", ""state"": ""13"", ""display_address"": [""\u65b0\u5bbf1-5-5"", ""\u5fa1\u82d1\u30d5\u30e9\u30c8\u30fc2F"", ""Shinjuku, \u6771\u4eac\u90fd \u3012160-0022"", ""Jap\u00f3n""]}, ""phone"": ""+81333415204"", ""display_phone"": ""+81 3-3341-5204"", ""distance"": 5176.543940736797}, {""id"": ""RvcN0G4vq9rXdKDFUQWIMg"", ""alias"": ""\u30b5\u30eb-\u30c9\u30a5-\u30de\u30ad\u30ce-\u6e2f\u533a"", ""name"": ""\u30b5\u30eb \u30c9\u30a5 \u30de\u30ad\u30ce"", ""image_url"": ""https://s3-media3.fl.yelpcdn.com/bphoto/xdAZqvrL5HfkB2rAqbrmPQ/o.jpg"", ""is_closed"": false, ""url"": ""https://www.yelp.es/biz/%E3%82%B5%E3%83%AB-%E3%83%89%E3%82%A5-%E3%83%9E%E3%82%AD%E3%83%8E-%E6%B8%AF%E5%8C%BA?adjust_creative=ULHW7ynqdXE8Z9Fnr4irFw&utm_campaign=yelp_api_v3&utm_medium=api_v3_business_search&utm_source=ULHW7ynqdXE8Z9Fnr4irFw"", ""review_count"": 2, ""categories"": [{""alias"": ""westernjapanese"", ""title"": ""Comida japonesa al estilo occidental""}], ""rating"": 5.0, ""coordinates"": {""latitude"": 35.6611113, ""longitude"": 139.7223684}, ""transactions"": [], ""price"": ""\uffe5\uffe5\uffe5"", ""location"": {""address1"": ""\u897f\u9ebb\u5e032\u221212\u22126"", ""address2"": """", ""address3"": """", ""city"": ""Minato"", ""zip_code"": ""106-0031"", ""country"": ""JP"", ""state"": ""13"", ""display_address"": [""\u897f\u9ebb\u5e032\u221212\u22126"", ""Minato, \u6771\u4eac\u90fd \u3012106-0031"", ""Jap\u00f3n""]}, ""phone"": ""+81368051653"", ""display_phone"": ""+81 3-6805-1653"", ""distance"": 4805.57495115868}, {""id"": ""3CWImMVgnQomUH27HZIxmw"", ""alias"": ""\u623f\u5bb6\u65e5\u672c\u6a4b\u5e97-\u4e2d\u592e\u533a"", ""name"": ""B\u014dya Nihonbashi"", ""image_url"": ""https://s3-media4.fl.yelpcdn.com/bphoto/_-L2cQdSi-GI0i9nP41bUA/o.jpg"", ""is_closed"": false, ""url"": ""https://www.yelp.es/biz/%E6%88%BF%E5%AE%B6%E6%97%A5%E6%9C%AC%E6%A9%8B%E5%BA%97-%E4%B8%AD%E5%A4%AE%E5%8C%BA?adjust_creative=ULHW7ynqdXE8Z9Fnr4irFw&utm_campaign=yelp_api_v3&utm_medium=api_v3_business_search&utm_source=ULHW7ynqdXE8Z9Fnr4irFw"", ""review_count"": 5, ""categories"": [{""alias"": ""yakiniku"", ""title"": ""Yakiniku""}, {""alias"": ""izakaya"", ""title"": ""Izakaya""}, {""alias"": ""horumon"", ""title"": ""Horumonyaki""}], ""rating"": 3.5, ""coordinates"": {""latitude"": 35.6868, ""longitude"": 139.774364}, ""transactions"": [], ""price"": ""\uffe5\uffe5\uffe5"", ""location"": {""address1"": ""\u65e5\u672c\u6a4b\u5ba4\u753a2-2-1"", ""address2"": ""\u30b3\u30ec\u30c9\u5ba4\u753a3F"", ""address3"": null, ""city"": ""Ch\u016b\u014d"", ""zip_code"": ""103-0022"", ""country"": ""JP"", ""state"": ""13"", ""display_address"": [""\u65e5\u672c\u6a4b\u5ba4\u753a2-2-1"", ""\u30b3\u30ec\u30c9\u5ba4\u753a3F"", ""Ch\u016b\u014d, \u6771\u4eac\u90fd \u3012103-0022"", ""Jap\u00f3n""]}, ""phone"": ""+81362252347"", ""display_phone"": ""+81 3-6225-2347"", ""distance"": 720.7771118037085}, {""id"": ""AWMAxxYkmcKGF5CTgjq1Qw"", ""alias"": ""\u6709\u85ab\u9152\u8535-\u65b0\u6a4b\u5e97-\u6e2f\u533a"", ""name"": ""Y\u016bkun Sakagura Shinbashi"", ""image_url"": ""https://s3-media3.fl.yelpcdn.com/bphoto/q3wb1AxYgphMPgL7zqjSPA/o.jpg"", ""is_closed"": false, ""url"": ""https://www.yelp.es/biz/%E6%9C%89%E8%96%AB%E9%85%92%E8%94%B5-%E6%96%B0%E6%A9%8B%E5%BA%97-%E6%B8%AF%E5%8C%BA?adjust_creative=ULHW7ynqdXE8Z9Fnr4irFw&utm_campaign=yelp_api_v3&utm_medium=api_v3_business_search&utm_source=ULHW7ynqdXE8Z9Fnr4irFw"", ""review_count"": 2, ""categories"": [{""alias"": ""izakaya"", ""title"": ""Izakaya""}], ""rating"": 5.0, ""coordinates"": {""latitude"": 35.668193, ""longitude"": 139.756861}, ""transactions"": [], ""price"": ""\uffe5\uffe5\uffe5"", ""location"": {""address1"": ""\u65b0\u6a4b1-16-4"", ""address2"": ""\u308a\u305d\u306a\u9280\u884c\u30d3\u30eb B1F"", ""address3"": null, ""city"": ""Minato"", ""zip_code"": ""105-0004"", ""country"": ""JP"", ""state"": ""13"", ""display_address"": [""\u65b0\u6a4b1-16-4"", ""\u308a\u305d\u306a\u9280\u884c\u30d3\u30eb B1F"", ""Minato, \u6771\u4eac\u90fd \u3012105-0004"", ""Jap\u00f3n""]}, ""phone"": ""+81335089296"", ""display_phone"": ""+81 3-3508-9296"", ""distance"": 2070.2921410382037}, {""id"": ""Vj5FqhQ6fmwE49iuuAiZFA"", ""alias"": ""\u9b5a\u53ef\u6d25-\u6e2f\u533a"", ""name"": ""Uokatsu"", ""image_url"": ""https://s3-media1.fl.yelpcdn.com/bphoto/83sTieBW0f65L0pPlmlUnA/o.jpg"", ""is_closed"": false, ""url"": ""https://www.yelp.es/biz/%E9%AD%9A%E5%8F%AF%E6%B4%A5-%E6%B8%AF%E5%8C%BA?adjust_creative=ULHW7ynqdXE8Z9Fnr4irFw&utm_campaign=yelp_api_v3&utm_medium=api_v3_business_search&utm_source=ULHW7ynqdXE8Z9Fnr4irFw"", ""review_count"": 3, ""categories"": [{""alias"": ""seafood"", ""title"": ""Marisquer\u00edas""}, {""alias"": ""izakaya"", ""title"": ""Izakaya""}], ""rating"": 4.5, ""coordinates"": {""latitude"": 35.6564159557984, ""longitude"": 139.734099681132}, ""transactions"": [], ""price"": ""\uffe5\uffe5\uffe5"", ""location"": {""address1"": ""\u9ebb\u5e03\u5341\u756a1\u4e01\u76ee6-6"", ""address2"": null, ""address3"": null, ""city"": ""Minato"", ""zip_code"": ""106-0045"", ""country"": ""JP"", ""state"": ""13"", ""display_address"": [""\u9ebb\u5e03\u5341\u756a1\u4e01\u76ee6-6"", ""Minato, \u6771\u4eac\u90fd \u3012106-0045"", ""Jap\u00f3n""]}, ""phone"": ""+81334018272"", ""display_phone"": ""+81 3-3401-8272"", ""distance"": 4333.4705858497}, {""id"": ""Wm8xkBzZ-NfoDN6KNhoxRA"", ""alias"": ""\u677e\u5c3e\u30b8\u30f3\u30ae\u30b9\u30ab\u30f3\u307e\u3064\u3058\u3093\u9280\u5ea7\u5e97-\u4e2d\u592e\u533a"", ""name"": ""\u677e\u5c3e\u30b8\u30f3\u30ae\u30b9\u30ab\u30f3\u307e\u3064\u3058\u3093\u9280\u5ea7\u5e97"", ""image_url"": ""https://s3-media2.fl.yelpcdn.com/bphoto/vB9KN7q9piNY_2lAUskEjQ/o.jpg"", ""is_closed"": false, ""url"": ""https://www.yelp.es/biz/%E6%9D%BE%E5%B0%BE%E3%82%B8%E3%83%B3%E3%82%AE%E3%82%B9%E3%82%AB%E3%83%B3%E3%81%BE%E3%81%A4%E3%81%98%E3%82%93%E9%8A%80%E5%BA%A7%E5%BA%97-%E4%B8%AD%E5%A4%AE%E5%8C%BA?adjust_creative=ULHW7ynqdXE8Z9Fnr4irFw&utm_campaign=yelp_api_v3&utm_medium=api_v3_business_search&utm_source=ULHW7ynqdXE8Z9Fnr4irFw"", ""review_count"": 3, ""categories"": [{""alias"": ""yakiniku"", ""title"": ""Yakiniku""}], ""rating"": 4.5, ""coordinates"": {""latitude"": 35.670266076198, ""longitude"": 139.765525349207}, ""transactions"": [], ""price"": ""\uffe5\uffe5\uffe5"", ""location"": {""address1"": ""\u9280\u5ea75\u4e01\u76ee9-5"", ""address2"": ""\u30c1\u30a2\u30fc\u30ba\u9280\u5ea7\u30d3\u30eb2F"", ""address3"": null, ""city"": ""Ch\u016b\u014d"", ""zip_code"": ""104-0061"", ""country"": ""JP"", ""state"": ""13"", ""display_address"": [""\u9280\u5ea75\u4e01\u76ee9-5"", ""\u30c1\u30a2\u30fc\u30ba\u9280\u5ea7\u30d3\u30eb2F"", ""Ch\u016b\u014d, \u6771\u4eac\u90fd \u3012104-0061"", ""Jap\u00f3n""]}, ""phone"": ""+81335722989"", ""display_phone"": ""+81 3-3572-2989"", ""distance"": 1643.0066860247282}], ""total"": 1400, ""region"": {""center"": {""longitude"": 139.76669311523438, ""latitude"": 35.685011526354074}}}",application/json,false,"OAS disconformity: [Path '/businesses/[item]/price'] Instance value ("""") not found in enum (possible values: [""$"";""$$"";""$$$"";""$$$$""])"
test_t81uow6dii48_getBusinesses,400,"{""error"": {""code"": ""VALIDATION_ERROR"", ""description"": ""Please specify a location or a latitude and longitude""}}",application/json,true,none
test_t89lfjlbl6wn_getBusinesses,400,"{""error"": {""code"": ""VALIDATION_ERROR"", ""description"": ""Please specify a location or a latitude and longitude""}}",application/json,true,none
test_too0gh9mhv8h_getBusinesses,200,"{""businesses"": [], ""total"": 3, ""region"": {""center"": {""longitude"": -5.985832214355469, ""latitude"": 37.38897024983557}}}",application/json,true,none
test_trquo01pjf4x_getBusinesses,400,"{""error"": {""code"": ""VALIDATION_ERROR"", ""description"": ""Please specify a location or a latitude and longitude""}}",application/json,true,none
test_trz5zphtjl9f_getBusinesses,400,"{""error"": {""code"": ""VALIDATION_ERROR"", ""description"": ""Please specify a location or a latitude and longitude""}}",application/json,true,none
test_u7ralithm3xi_getBusinesses,200,"{""businesses"": [{""id"": ""X0tkLnlIGBVHjtg94-fI3g"", ""alias"": ""sun-spot-cbd-san-francisco"", ""name"": ""The Sun Spot Shop"", ""image_url"": ""https://s3-media1.fl.yelpcdn.com/bphoto/e4UJdH_oKJTYaz3jfi8FNQ/o.jpg"", ""is_closed"": false, ""url"": ""https://www.yelp.com.tw/biz/sun-spot-cbd-san-francisco?adjust_creative=ULHW7ynqdXE8Z9Fnr4irFw&utm_campaign=yelp_api_v3&utm_medium=api_v3_business_search&utm_source=ULHW7ynqdXE8Z9Fnr4irFw"", ""review_count"": 5, ""categories"": [{""alias"": ""vitaminssupplements"", ""title"": ""\u7dad\u4ed6\u547d\u53ca\u5065\u5eb7\u98df\u54c1""}, {""alias"": ""alternativemedicine"", ""title"": ""\u5bb6\u5ead\u91ab\u5b78""}], ""rating"": 5.0, ""coordinates"": {""latitude"": 37.75725, ""longitude"": -122.4186}, ""transactions"": [], ""location"": {""address1"": ""3186 21st St"", ""address2"": null, ""address3"": """", ""city"": ""\u820a\u91d1\u5c71"", ""zip_code"": ""94110"", ""country"": ""US"", ""state"": ""CA"", ""display_address"": [""3186 21st St"", ""\u820a\u91d1\u5c71, CA 94110"", ""\u7f8e\u570b""]}, ""phone"": ""+18447862231"", ""display_phone"": ""+1 844-786-2231"", ""distance"": 1624.0532203430996}, {""id"": ""isJoP9hmb3iFehJbFoz0Cw"", ""alias"": ""be-present-orinda"", ""name"": ""Be Present"", ""image_url"": ""https://s3-media4.fl.yelpcdn.com/bphoto/9qN71bzkB5eCyOG9eghzcw/o.jpg"", ""is_closed"": false, ""url"": ""https://www.yelp.com.tw/biz/be-present-orinda?adjust_creative=ULHW7ynqdXE8Z9Fnr4irFw&utm_campaign=yelp_api_v3&utm_medium=api_v3_business_search&utm_source=ULHW7ynqdXE8Z9Fnr4irFw"", ""review_count"": 6, ""categories"": [{""alias"": ""meditationcenters"", ""title"": ""\u79aa\u4fee\u4e2d\u5fc3""}, {""alias"": ""alternativemedicine"", ""title"": ""\u5bb6\u5ead\u91ab\u5b78""}, {""alias"": ""lifecoach"", ""title"": ""\u751f\u6daf\u898f\u5283""}], ""rating"": 5.0, ""coordinates"": {""latitude"": 37.8887873, ""longitude"": -122.1804085}, ""transactions"": [], ""location"": {""address1"": ""501 Orindawoods Dr"", ""address2"": null, ""address3"": """", ""city"": ""Orinda"", ""zip_code"": ""94563"", ""country"": ""US"", ""state"": ""CA"", ""display_address"": [""501 Orindawoods Dr"", ""Orinda, CA 94563"", ""\u7f8e\u570b""]}, ""phone"": ""+14159751509"", ""display_phone"": ""+1 415-975-1509"", ""distance"": 26605.714322527456}, {""id"": ""VcuDu5J7zxMePO0YoumPbQ"", ""alias"": ""vinh-ngo-md-smart-medicine-san-francisco-2"", ""name"": ""Vinh Ngo, MD :Smart Medicine"", ""image_url"": ""https://s3-media2.fl.yelpcdn.com/bphoto/rSw8AiD3jOZEiZE5pmacng/o.jpg"", ""is_closed"": false, ""url"": ""https://www.yelp.com.tw/biz/vinh-ngo-md-smart-medicine-san-francisco-2?adjust_creative=ULHW7ynqdXE8Z9Fnr4irFw&utm_campaign=yelp_api_v3&utm_medium=api_v3_business_search&utm_source=ULHW7ynqdXE8Z9Fnr4irFw"", ""review_count"": 34, ""categories"": [{""alias"": ""aestheticians"", ""title"": ""\u7f8e\u5bb9\u5c08\u5bb6""}, {""alias"": ""weightlosscenters"", ""title"": ""\u6e1b\u80a5\u4e2d\u5fc3""}, {""alias"": ""alternativemedicine"", ""title"": ""\u5bb6\u5ead\u91ab\u5b78""}], ""rating"": 5.0, ""coordinates"": {""latitude"": 37.72969, ""longitude"": -122.46922}, ""transactions"": [], ""location"": {""address1"": ""2369 Ocean Ave"", ""address2"": """", ""address3"": """", ""city"": ""\u820a\u91d1\u5c71"", ""zip_code"": ""94127"", ""country"": ""US"", ""state"": ""CA"", ""display_address"": [""2369 Ocean Ave"", ""\u820a\u91d1\u5c71, CA 94127"", ""\u7f8e\u570b""]}, ""phone"": ""+14155987633"", ""display_phone"": ""+1 415-598-7633"", ""distance"": 4514.295535722576}], ""total"": 3, ""region"": {""center"": {""longitude"": -122.43644714355469, ""latitude"": 37.76089938976322}}}",application/json,true,none
test_u7u3xrcwdagh_getBusinesses,200,"{""businesses"": [], ""total"": 0, ""region"": {""center"": {""longitude"": -104.009056, ""latitude"": 43.586212}}}",application/json,true,none
test_urgs3mdhwnxy_getBusinesses,400,"{""error"": {""code"": ""VALIDATION_ERROR"", ""description"": ""Please specify a location or a latitude and longitude""}}",application/json,true,none
test_urgu21s7fv3o_getBusinesses,200,"{""businesses"": [], ""total"": 1, ""region"": {""center"": {""longitude"": -94.81737, ""latitude"": 47.08625}}}",application/json,true,none
test_urjlido1wf36_getBusinesses,400,"{""error"": {""code"": ""VALIDATION_ERROR"", ""description"": ""Please specify a location or a latitude and longitude""}}",application/json,true,none
test_uruoj6b2qe5s_getBusinesses,200,"{""businesses"": [], ""total"": 0, ""region"": {""center"": {""longitude"": -5.985832214355469, ""latitude"": 37.38897024983557}}}",application/json,true,none
test_urv6xiyquh4n_getBusinesses,200,"{""businesses"": [{""id"": ""yov4QPRDg9ius4MMc025Cw"", ""alias"": ""sonic-drive-in-waldron"", ""name"": ""Sonic Drive-In"", ""image_url"": ""https://s3-media4.fl.yelpcdn.com/bphoto/Jvb5cFp9-BmY0pxNWnhrNA/o.jpg"", ""is_closed"": false, ""url"": ""https://fr.yelp.ch/biz/sonic-drive-in-waldron?adjust_creative=ULHW7ynqdXE8Z9Fnr4irFw&utm_campaign=yelp_api_v3&utm_medium=api_v3_business_search&utm_source=ULHW7ynqdXE8Z9Fnr4irFw"", ""review_count"": 3, ""categories"": [{""alias"": ""burgers"", ""title"": ""Burger""}, {""alias"": ""hotdogs"", ""title"": ""Fast Food""}, {""alias"": ""icecream"", ""title"": ""Glaces & Yaourts glac\u00e9s""}], ""rating"": 2.5, ""coordinates"": {""latitude"": 34.90631, ""longitude"": -94.107327}, ""transactions"": [], ""location"": {""address1"": ""188 Highway 71 Bypass S"", ""address2"": """", ""address3"": """", ""city"": ""WALDRON"", ""zip_code"": ""72958"", ""country"": ""US"", ""state"": ""AR"", ""display_address"": [""188 Highway 71 Bypass S"", ""WALDRON, AR 72958"", ""\u00c9tats-Unis""]}, ""phone"": ""+14796370066"", ""display_phone"": ""+1 479-637-0066"", ""distance"": 7519.998260781957}, {""id"": ""G1PnJ6FNjtelQmN__yNdaw"", ""alias"": ""mcdonalds-waldron-2"", ""name"": ""McDonald's"", ""image_url"": """", ""is_closed"": false, ""url"": ""https://fr.yelp.ch/biz/mcdonalds-waldron-2?adjust_creative=ULHW7ynqdXE8Z9Fnr4irFw&utm_campaign=yelp_api_v3&utm_medium=api_v3_business_search&utm_source=ULHW7ynqdXE8Z9Fnr4irFw"", ""review_count"": 3, ""categories"": [{""alias"": ""coffee"", ""title"": ""Caf\u00e9s et th\u00e9s""}, {""alias"": ""burgers"", ""title"": ""Burger""}, {""alias"": ""hotdogs"", ""title"": ""Fast Food""}], ""rating"": 2.5, ""coordinates"": {""latitude"": 34.9043015, ""longitude"": -94.1080467}, ""transactions"": [], ""price"": ""$"", ""location"": {""address1"": ""34 Hwy 71 Byp N"", ""address2"": null, ""address3"": null, ""city"": ""Waldron"", ""zip_code"": ""72958"", ""country"": ""US"", ""state"": ""AR"", ""display_address"": [""34 Hwy 71 Byp N"", ""Waldron, AR 72958"", ""\u00c9tats-Unis""]}, ""phone"": ""+14796373650"", ""display_phone"": ""+1 479-637-3650"", ""distance"": 7675.570945978677}, {""id"": ""kOjkXi-uAhPCYX_vultASQ"", ""alias"": ""judys-drive-in-waldron"", ""name"": ""Judy's Drive In"", ""image_url"": ""https://s3-media2.fl.yelpcdn.com/bphoto/XQzGScEopk5xBQ2IsrC1dg/o.jpg"", ""is_closed"": false, ""url"": ""https://fr.yelp.ch/biz/judys-drive-in-waldron?adjust_creative=ULHW7ynqdXE8Z9Fnr4irFw&utm_campaign=yelp_api_v3&utm_medium=api_v3_business_search&utm_source=ULHW7ynqdXE8Z9Fnr4irFw"", ""review_count"": 16, ""categories"": [{""alias"": ""tradamerican"", ""title"": ""Am\u00e9ricain traditionnel ""}], ""rating"": 4.5, ""coordinates"": {""latitude"": 34.91062, ""longitude"": -94.09419}, ""transactions"": [], ""price"": ""$"", ""location"": {""address1"": ""1024 N Main St"", ""address2"": """", ""address3"": """", ""city"": ""Waldron"", ""zip_code"": ""72958"", ""country"": ""US"", ""state"": ""AR"", ""display_address"": [""1024 N Main St"", ""Waldron, AR 72958"", ""\u00c9tats-Unis""]}, ""phone"": ""+14796370803"", ""display_phone"": ""+1 479-637-0803"", ""distance"": 7881.427516159074}, {""id"": ""4XDEmcecPYJHxGPzcO8CdQ"", ""alias"": ""subway-waldron-4"", ""name"": ""Subway"", ""image_url"": ""https://s3-media1.fl.yelpcdn.com/bphoto/J3E2o5cqowYKOJ1LNn65Mw/o.jpg"", ""is_closed"": false, ""url"": ""https://fr.yelp.ch/biz/subway-waldron-4?adjust_creative=ULHW7ynqdXE8Z9Fnr4irFw&utm_campaign=yelp_api_v3&utm_medium=api_v3_business_search&utm_source=ULHW7ynqdXE8Z9Fnr4irFw"", ""review_count"": 1, ""categories"": [{""alias"": ""sandwiches"", ""title"": ""Sandwichs""}], ""rating"": 5.0, ""coordinates"": {""latitude"": 34.902078, ""longitude"": -94.106264}, ""transactions"": [], ""price"": ""$"", ""location"": {""address1"": ""109 Highway 71"", ""address2"": null, ""address3"": """", ""city"": ""Waldron"", ""zip_code"": ""72958"", ""country"": ""US"", ""state"": ""AR"", ""display_address"": [""109 Highway 71"", ""Waldron, AR 72958"", ""\u00c9tats-Unis""]}, ""phone"": ""+14796370212"", ""display_phone"": ""+1 479-637-0212"", ""distance"": 7971.244282857156}, {""id"": ""T-uQGplNLHK-B52hg09Bwg"", ""alias"": ""atlas-coffee-waldron"", ""name"": ""Atlas Coffee"", ""image_url"": ""https://s3-media4.fl.yelpcdn.com/bphoto/6huomJ2wQetGxMdTTNF9dw/o.jpg"", ""is_closed"": false, ""url"": ""https://fr.yelp.ch/biz/atlas-coffee-waldron?adjust_creative=ULHW7ynqdXE8Z9Fnr4irFw&utm_campaign=yelp_api_v3&utm_medium=api_v3_business_search&utm_source=ULHW7ynqdXE8Z9Fnr4irFw"", ""review_count"": 1, ""categories"": [{""alias"": ""coffee"", ""title"": ""Caf\u00e9s et th\u00e9s""}], ""rating"": 5.0, ""coordinates"": {""latitude"": 34.898315, ""longitude"": -94.091446}, ""transactions"": [], ""location"": {""address1"": ""282 S Main St"", ""address2"": """", ""address3"": null, ""city"": ""Waldron"", ""zip_code"": ""72958"", ""country"": ""US"", ""state"": ""AR"", ""display_address"": [""282 S Main St"", ""Waldron, AR 72958"", ""\u00c9tats-Unis""]}, ""phone"": ""+14796370446"", ""display_phone"": ""+1 479-637-0446"", ""distance"": 9071.45471648225}, {""id"": ""il_FlAos2O3VfZtkN9my3w"", ""alias"": ""ambers-bistro-waldron"", ""name"": ""Amber's Bistro"", ""image_url"": ""https://s3-media3.fl.yelpcdn.com/bphoto/0kzWfHajhYx7f9-7Q-F1Qw/o.jpg"", ""is_closed"": false, ""url"": ""https://fr.yelp.ch/biz/ambers-bistro-waldron?adjust_creative=ULHW7ynqdXE8Z9Fnr4irFw&utm_campaign=yelp_api_v3&utm_medium=api_v3_business_search&utm_source=ULHW7ynqdXE8Z9Fnr4irFw"", ""review_count"": 3, ""categories"": [{""alias"": ""sandwiches"", ""title"": ""Sandwichs""}, {""alias"": ""candy"", ""title"": ""Confiseries""}, {""alias"": ""soup"", ""title"": ""Soupes""}], ""rating"": 5.0, ""coordinates"": {""latitude"": 34.8965, ""longitude"": -94.09033}, ""transactions"": [], ""location"": {""address1"": ""30 E 6th St"", ""address2"": null, ""address3"": """", ""city"": ""Waldron"", ""zip_code"": ""72958"", ""country"": ""US"", ""state"": ""AR"", ""display_address"": [""30 E 6th St"", ""Waldron, AR 72958"", ""\u00c9tats-Unis""]}, ""phone"": ""+14796378300"", ""display_phone"": ""+1 479-637-8300"", ""distance"": 9291.965625855511}], ""total"": 6, ""region"": {""center"": {""longitude"": -94.151474, ""latitude"": 34.96344}}}",application/json,true,none
test_uv6cggzuw6k0_getBusinesses,200,"{""businesses"": [], ""total"": 0, ""region"": {""center"": {""longitude"": -87.68135, ""latitude"": 38.961704}}}",application/json,true,none
test_uvgwrzyengbm_getBusinesses,400,"{""error"": {""code"": ""VALIDATION_ERROR"", ""description"": ""Please specify a location or a latitude and longitude""}}",application/json,true,none
test_uvgyq7f09mbb_getBusinesses,400,"{""error"": {""code"": ""VALIDATION_ERROR"", ""description"": ""Please specify a location or a latitude and longitude""}}",application/json,true,none
test_uvk80zqmros1_getBusinesses,400,"{""error"": {""code"": ""VALIDATION_ERROR"", ""description"": ""Please specify a location or a latitude and longitude""}}",application/json,true,none
test_vbbwaa6p3skl_getBusinesses,200,"{""businesses"": [], ""total"": 0, ""region"": {""center"": {""longitude"": -113.729095, ""latitude"": 42.87497}}}",application/json,true,none
test_vbmzdjlgenn4_getBusinesses,200,"{""businesses"": [], ""total"": 0, ""region"": {""center"": {""longitude"": -115.253105, ""latitude"": 47.008953}}}",application/json,true,none
test_vbnftf8zbbs5_getBusinesses,200,"{""businesses"": [], ""total"": 0, ""region"": {""center"": {""longitude"": -105.96038818359375, ""latitude"": 35.665062782072155}}}",application/json,true,none
test_vbq9gvk8ykit_getBusinesses,200,"{""businesses"": [], ""total"": 0, ""region"": {""center"": {""longitude"": -103.81588, ""latitude"": 45.88363}}}",application/json,true,none
test_vf3p8bff7omc_getBusinesses,400,"{""error"": {""code"": ""VALIDATION_ERROR"", ""description"": ""Please specify a location or a latitude and longitude""}}",application/json,true,none
