testResultId,statusCode,responseBody,outputContentType,passed,failReason
test_1h7j6538j565g_getBusinesses,400,"{""error"": {""code"": ""LOCATION_NOT_FOUND"", ""description"": ""Could not execute search, try specifying a more exact location.""}}",application/json,true,none
test_1h85bhoq5w300_getBusinesses,200,"{""businesses"": [], ""total"": 0, ""region"": {""center"": {""longitude"": -73.97918701171875, ""latitude"": 40.706977710584276}}}",application/json,true,none
test_1hbiq2pismqeo_getBusinesses,400,"{""error"": {""code"": ""OPEN_AT_AND_NOW_PROVIDED"", ""description"": ""You must specify either open_at or open_now, not both.""}}",application/json,true,none
test_1hrgh1l4tcegk_getBusinesses,200,"{""businesses"": [], ""total"": 0, ""region"": {""center"": {""longitude"": -114.291565, ""latitude"": 36.168972}}}",application/json,true,none
test_1hrghcv8ey6ht_getBusinesses,400,"{""error"": {""code"": ""VALIDATION_ERROR"", ""description"": ""Please specify a location or a latitude and longitude""}}",application/json,true,none
test_1hrj8qlznlr95_getBusinesses,200,"{""businesses"": [], ""total"": 0, ""region"": {""center"": {""longitude"": -85.902695, ""latitude"": 39.35976}}}",application/json,true,none
test_1hrorwevurskk_getBusinesses,400,"{""error"": {""code"": ""VALIDATION_ERROR"", ""description"": ""Please specify a location or a latitude and longitude""}}",application/json,true,none
test_1hrri41ylk5lw_getBusinesses,400,"{""error"": {""code"": ""VALIDATION_ERROR"", ""description"": ""Please specify a location or a latitude and longitude""}}",application/json,true,none
test_1huxpiz8qv7eb_getBusinesses,200,"{""businesses"": [], ""total"": 200, ""region"": {""center"": {""longitude"": -88.26107025146484, ""latitude"": 44.75855738140011}}}",application/json,true,none
test_1ib8ph1infa5t_getBusinesses,400,"{""error"": {""code"": ""OPEN_AT_AND_NOW_PROVIDED"", ""description"": ""You must specify either open_at or open_now, not both.""}}",application/json,true,none
test_1ibc14fj9bvi1_getBusinesses,400,"{""error"": {""code"": ""LOCATION_NOT_FOUND"", ""description"": ""Could not execute search, try specifying a more exact location.""}}",application/json,true,none
test_1if0ifab2kegm_getBusinesses,400,"{""error"": {""code"": ""VALIDATION_ERROR"", ""description"": ""Please specify a location or a latitude and longitude""}}",application/json,true,none
test_1iupwtem4ojef_getBusinesses,400,"{""error"": {""code"": ""VALIDATION_ERROR"", ""description"": ""Please specify a location or a latitude and longitude""}}",application/json,true,none
test_1iykzxqcpmmht_getBusinesses,400,"{""error"": {""code"": ""VALIDATION_ERROR"", ""description"": ""Please specify a location or a latitude and longitude""}}",application/json,true,none
test_1jecnsgbndved_getBusinesses,400,"{""error"": {""code"": ""VALIDATION_ERROR"", ""description"": ""Too many results requested, limit+offset must be <= 1000.""}}",application/json,true,none
test_1jeiqfyktu5pf_getBusinesses,400,"{""error"": {""code"": ""LOCATION_NOT_FOUND"", ""description"": ""Could not execute search, try specifying a more exact location.""}}",application/json,true,none
test_1jelizyk2buxu_getBusinesses,400,"{""error"": {""code"": ""VALIDATION_ERROR"", ""description"": ""Please specify a location or a latitude and longitude""}}",application/json,true,none
test_1jeoabajbxdgm_getBusinesses,400,"{""error"": {""code"": ""LOCATION_NOT_FOUND"", ""description"": ""Could not execute search, try specifying a more exact location.""}}",application/json,true,none
test_1jig2327mb9yu_getBusinesses,200,"{""businesses"": [], ""total"": 0, ""region"": {""center"": {""longitude"": -109.18373, ""latitude"": 35.689396}}}",application/json,true,none
test_1k1wrz89k14de_getBusinesses,400,"{""error"": {""code"": ""VALIDATION_ERROR"", ""description"": ""Too many results requested, limit+offset must be <= 1000.""}}",application/json,true,none
test_qdqgr24jyvxs_getBusinesses,200,"{""businesses"": [], ""total"": 0, ""region"": {""center"": {""longitude"": -5.985832214355469, ""latitude"": 37.38897024983557}}}",application/json,true,none
test_qdvj89lxeogx_getBusinesses,400,"{""error"": {""code"": ""VALIDATION_ERROR"", ""description"": ""Please specify a location or a latitude and longitude""}}",application/json,true,none
test_qdyb09qkop5x_getBusinesses,400,"{""error"": {""code"": ""VALIDATION_ERROR"", ""description"": ""The open_at provided is too long ago, the timestamp must be within the last two weeks.""}}",application/json,true,none
test_qe9e15x6ni3q_getBusinesses,200,"{""businesses"": [], ""total"": 0, ""region"": {""center"": {""longitude"": -85.32152, ""latitude"": 38.809067}}}",application/json,true,none
test_qhl2q9ciaa7l_getBusinesses,400,"{""error"": {""code"": ""VALIDATION_ERROR"", ""description"": ""Please specify a location or a latitude and longitude""}}",application/json,true,none
test_qhq3vttvg94p_getBusinesses,200,"{""businesses"": [], ""total"": 0, ""region"": {""center"": {""longitude"": -73.97918701171875, ""latitude"": 40.706977710584276}}}",application/json,true,none
test_qy25p26xwnck_getBusinesses,400,"{""error"": {""code"": ""VALIDATION_ERROR"", ""description"": ""The open_at provided is too long ago, the timestamp must be within the last two weeks.""}}",application/json,true,none
test_qy4h151gte1v_getBusinesses,400,"{""error"": {""code"": ""VALIDATION_ERROR"", ""description"": ""Please specify a location or a latitude and longitude""}}",application/json,true,none
test_r1lofcf2xqp2_getBusinesses,400,"{""error"": {""code"": ""VALIDATION_ERROR"", ""description"": ""Please specify a location or a latitude and longitude""}}",application/json,true,none
test_rh4yma7o23p2_getBusinesses,200,"{""businesses"": [], ""total"": 0, ""region"": {""center"": {""longitude"": -5.985832214355469, ""latitude"": 37.38897024983557}}}",application/json,true,none
test_rhgl7axxgsah_getBusinesses,200,"{""businesses"": [], ""total"": 0, ""region"": {""center"": {""longitude"": -103.218925, ""latitude"": 37.790535}}}",application/json,true,none
test_rhm4d5ha4v1z_getBusinesses,200,"{""businesses"": [], ""total"": 0, ""region"": {""center"": {""longitude"": -99.48842, ""latitude"": 38.874683}}}",application/json,true,none
test_rhrnzg87uste_getBusinesses,400,"{""error"": {""code"": ""OPEN_AT_AND_NOW_PROVIDED"", ""description"": ""You must specify either open_at or open_now, not both.""}}",application/json,true,none
test_s0ugz32msbw8_getBusinesses,400,"{""error"": {""code"": ""VALIDATION_ERROR"", ""description"": ""Please specify a location or a latitude and longitude""}}",application/json,true,none
test_s18vnfzu66ut_getBusinesses,200,"{""businesses"": [], ""total"": 0, ""region"": {""center"": {""longitude"": -106.44927978515625, ""latitude"": 31.653215982221013}}}",application/json,true,none
test_s4msmz1b2qna_getBusinesses,200,"{""businesses"": [], ""total"": 0, ""region"": {""center"": {""longitude"": -115.3218, ""latitude"": 34.335934}}}",application/json,true,none
test_skkhw3creipg_getBusinesses,200,"{""businesses"": [{""id"": ""EvFUEQ5OyYhqjnPPUjibhg"", ""alias"": ""cioccolati-italiani-milano-6"", ""name"": ""Cioccolati Italiani"", ""image_url"": ""https://s3-media1.fl.yelpcdn.com/bphoto/mfIBCS6ELG6VoUr6N0fUoQ/o.jpg"", ""is_closed"": false, ""url"": ""https://www.yelp.com/biz/cioccolati-italiani-milano-6?adjust_creative=ULHW7ynqdXE8Z9Fnr4irFw&utm_campaign=yelp_api_v3&utm_medium=api_v3_business_search&utm_source=ULHW7ynqdXE8Z9Fnr4irFw"", ""review_count"": 187, ""categories"": [{""alias"": ""chocolate"", ""title"": ""Chocolatiers & Shops""}, {""alias"": ""icecream"", ""title"": ""Ice Cream & Frozen Yogurt""}, {""alias"": ""cafeteria"", ""title"": ""Cafeteria""}], ""rating"": 4.0, ""coordinates"": {""latitude"": 45.465740126863, ""longitude"": 9.19136431399473}, ""transactions"": [], ""price"": ""\u20ac"", ""location"": {""address1"": ""Via San Raffaele 4"", ""address2"": """", ""address3"": """", ""city"": ""Milan"", ""zip_code"": ""20121"", ""country"": ""IT"", ""state"": ""MI"", ""display_address"": [""Via San Raffaele 4"", ""20121 Milan"", ""Italy""]}, ""phone"": ""+390289406651"", ""display_phone"": ""+39 02 8940 6651"", ""distance"": 556.7617490658969}, {""id"": ""fe4EX7PQEFUMf3LBqsmLtw"", ""alias"": ""salsamenteria-di-parma-milano-2"", ""name"": ""Salsamenteria di Parma"", ""image_url"": ""https://s3-media1.fl.yelpcdn.com/bphoto/uBG2sW6YAIoX3Fyfurd76Q/o.jpg"", ""is_closed"": false, ""url"": ""https://www.yelp.com/biz/salsamenteria-di-parma-milano-2?adjust_creative=ULHW7ynqdXE8Z9Fnr4irFw&utm_campaign=yelp_api_v3&utm_medium=api_v3_business_search&utm_source=ULHW7ynqdXE8Z9Fnr4irFw"", ""review_count"": 141, ""categories"": [{""alias"": ""emilian"", ""title"": ""Emilian""}], ""rating"": 4.5, ""coordinates"": {""latitude"": 45.466267, ""longitude"": 9.195122}, ""transactions"": [], ""price"": ""\u20ac\u20ac"", ""location"": {""address1"": ""Via San Pietro all'Orto 9"", ""address2"": """", ""address3"": """", ""city"": ""Milan"", ""zip_code"": ""20121"", ""country"": ""IT"", ""state"": ""MI"", ""display_address"": [""Via San Pietro all'Orto 9"", ""20121 Milan"", ""Italy""]}, ""phone"": ""+390276281350"", ""display_phone"": ""+39 02 7628 1350"", ""distance"": 666.4389056554878}, {""id"": ""g4ZjVYYARsgvYPpkmmbIDA"", ""alias"": ""starbucks-reserve-roastery-milano-4"", ""name"": ""Starbucks Reserve Roastery"", ""image_url"": ""https://s3-media4.fl.yelpcdn.com/bphoto/9wi0myN8VkMlXukIBfkI7g/o.jpg"", ""is_closed"": false, ""url"": ""https://www.yelp.com/biz/starbucks-reserve-roastery-milano-4?adjust_creative=ULHW7ynqdXE8Z9Fnr4irFw&utm_campaign=yelp_api_v3&utm_medium=api_v3_business_search&utm_source=ULHW7ynqdXE8Z9Fnr4irFw"", ""review_count"": 66, ""categories"": [{""alias"": ""cafeteria"", ""title"": ""Cafeteria""}], ""rating"": 4.5, ""coordinates"": {""latitude"": 45.464886, ""longitude"": 9.186104}, ""transactions"": [], ""price"": ""\u20ac\u20ac"", ""location"": {""address1"": ""Piazza Cordusio 3"", ""address2"": """", ""address3"": null, ""city"": ""Milan"", ""zip_code"": ""21023"", ""country"": ""IT"", ""state"": ""MI"", ""display_address"": [""Piazza Cordusio 3"", ""21023 Milan"", ""Italy""]}, ""phone"": ""+390291970326"", ""display_phone"": ""+39 02 9197 0326"", ""distance"": 661.9050767192356}, {""id"": ""EzT6BXKnae048S062meM8w"", ""alias"": ""chocolat-milano-5"", ""name"": ""Chocolat"", ""image_url"": ""https://s3-media1.fl.yelpcdn.com/bphoto/7szMx2qV24aiG5Rq0IYHEw/o.jpg"", ""is_closed"": false, ""url"": ""https://www.yelp.com/biz/chocolat-milano-5?adjust_creative=ULHW7ynqdXE8Z9Fnr4irFw&utm_campaign=yelp_api_v3&utm_medium=api_v3_business_search&utm_source=ULHW7ynqdXE8Z9Fnr4irFw"", ""review_count"": 75, ""categories"": [{""alias"": ""icecream"", ""title"": ""Ice Cream & Frozen Yogurt""}, {""alias"": ""cafeteria"", ""title"": ""Cafeteria""}, {""alias"": ""chocolate"", ""title"": ""Chocolatiers & Shops""}], ""rating"": 4.5, ""coordinates"": {""latitude"": 45.4677344040672, ""longitude"": 9.17400777339935}, ""transactions"": [], ""price"": ""\u20ac"", ""location"": {""address1"": ""Via Giovanni Boccaccio 9"", ""address2"": null, ""address3"": null, ""city"": ""Milan"", ""zip_code"": ""20123"", ""country"": ""IT"", ""state"": ""MI"", ""display_address"": [""Via Giovanni Boccaccio 9"", ""20123 Milan"", ""Italy""]}, ""phone"": ""+390248100597"", ""display_phone"": ""+39 02 4810 0597"", ""distance"": 1210.6310537059653}, {""id"": ""W-ppC_TEH93Jar5u5K2htQ"", ""alias"": ""nabucco-milano-2"", ""name"": ""Nabucco"", ""image_url"": ""https://s3-media4.fl.yelpcdn.com/bphoto/HNIywSY812JOXykbZtDV8Q/o.jpg"", ""is_closed"": false, ""url"": ""https://www.yelp.com/biz/nabucco-milano-2?adjust_creative=ULHW7ynqdXE8Z9Fnr4irFw&utm_campaign=yelp_api_v3&utm_medium=api_v3_business_search&utm_source=ULHW7ynqdXE8Z9Fnr4irFw"", ""review_count"": 45, ""categories"": [{""alias"": ""seafood"", ""title"": ""Seafood""}, {""alias"": ""mediterranean"", ""title"": ""Mediterranean""}, {""alias"": ""lumbard"", ""title"": ""Lumbard""}], ""rating"": 4.5, ""coordinates"": {""latitude"": 45.47224, ""longitude"": 9.18684}, ""transactions"": [], ""price"": ""\u20ac\u20ac\u20ac"", ""location"": {""address1"": ""Via Fiori Chiari 10"", ""address2"": null, ""address3"": null, ""city"": ""Milan"", ""zip_code"": ""20121"", ""country"": ""IT"", ""state"": ""MI"", ""display_address"": [""Via Fiori Chiari 10"", ""20121 Milan"", ""Italy""]}, ""phone"": ""+3902860663"", ""display_phone"": ""+39 02 860663"", ""distance"": 264.5825239238183}, {""id"": ""OZ--m2iWx0n-X9coc5S9Tg"", ""alias"": ""pasticceria-marchesi-milano-4"", ""name"": ""Pasticceria Marchesi"", ""image_url"": ""https://s3-media3.fl.yelpcdn.com/bphoto/SGQS06ZeO2F4kip3rOdzTw/o.jpg"", ""is_closed"": false, ""url"": ""https://www.yelp.com/biz/pasticceria-marchesi-milano-4?adjust_creative=ULHW7ynqdXE8Z9Fnr4irFw&utm_campaign=yelp_api_v3&utm_medium=api_v3_business_search&utm_source=ULHW7ynqdXE8Z9Fnr4irFw"", ""review_count"": 25, ""categories"": [{""alias"": ""cafes"", ""title"": ""Cafes""}, {""alias"": ""cakeshop"", ""title"": ""Patisserie/Cake Shop""}, {""alias"": ""chocolate"", ""title"": ""Chocolatiers & Shops""}], ""rating"": 5.0, ""coordinates"": {""latitude"": 45.4655791411436, ""longitude"": 9.19060107606798}, ""transactions"": [], ""price"": ""\u20ac\u20ac\u20ac"", ""location"": {""address1"": ""Galleria Vittorio Emanuele II"", ""address2"": """", ""address3"": null, ""city"": ""Milan"", ""zip_code"": ""20121"", ""country"": ""IT"", ""state"": ""MI"", ""display_address"": [""Galleria Vittorio Emanuele II"", ""20121 Milan"", ""Italy""]}, ""phone"": ""+390294181710"", ""display_phone"": ""+39 02 9418 1710"", ""distance"": 557.7196851401612}, {""id"": ""YAvqWdS39-Lb2KyhmhYSmg"", ""alias"": ""princi-milano"", ""name"": ""Princi"", ""image_url"": ""https://s3-media2.fl.yelpcdn.com/bphoto/W9tCaILm3_icbcbE-EdN2w/o.jpg"", ""is_closed"": false, ""url"": ""https://www.yelp.com/biz/princi-milano?adjust_creative=ULHW7ynqdXE8Z9Fnr4irFw&utm_campaign=yelp_api_v3&utm_medium=api_v3_business_search&utm_source=ULHW7ynqdXE8Z9Fnr4irFw"", ""review_count"": 59, ""categories"": [{""alias"": ""bakeries"", ""title"": ""Bakeries""}, {""alias"": ""cafeteria"", ""title"": ""Cafeteria""}, {""alias"": ""cakeshop"", ""title"": ""Patisserie/Cake Shop""}], ""rating"": 4.5, ""coordinates"": {""latitude"": 45.46298, ""longitude"": 9.18796}, ""transactions"": [], ""price"": ""\u20ac"", ""location"": {""address1"": ""Via Speronari 6"", ""address2"": """", ""address3"": """", ""city"": ""Milan"", ""zip_code"": ""20123"", ""country"": ""IT"", ""state"": ""MI"", ""display_address"": [""Via Speronari 6"", ""20123 Milan"", ""Italy""]}, ""phone"": ""+3902874797"", ""display_phone"": ""+39 02 874797"", ""distance"": 837.8475441391399}, {""id"": ""d4SZs8GxYb8SWqRqogELog"", ""alias"": ""la-prosciutteria-brera-milano"", ""name"": ""La Prosciutteria - Brera"", ""image_url"": ""https://s3-media2.fl.yelpcdn.com/bphoto/1q3diNiYDbAuy0WGH2dg1w/o.jpg"", ""is_closed"": false, ""url"": ""https://www.yelp.com/biz/la-prosciutteria-brera-milano?adjust_creative=ULHW7ynqdXE8Z9Fnr4irFw&utm_campaign=yelp_api_v3&utm_medium=api_v3_business_search&utm_source=ULHW7ynqdXE8Z9Fnr4irFw"", ""review_count"": 41, ""categories"": [{""alias"": ""wine_bars"", ""title"": ""Wine Bars""}, {""alias"": ""tuscan"", ""title"": ""Tuscan""}, {""alias"": ""sandwiches"", ""title"": ""Sandwiches""}], ""rating"": 4.5, ""coordinates"": {""latitude"": 45.47432, ""longitude"": 9.1834}, ""transactions"": [], ""price"": ""\u20ac\u20ac"", ""location"": {""address1"": ""Corso Garibaldi 55"", ""address2"": """", ""address3"": """", ""city"": ""Milan"", ""zip_code"": ""20121"", ""country"": ""IT"", ""state"": ""MI"", ""display_address"": [""Corso Garibaldi 55"", ""20121 Milan"", ""Italy""]}, ""phone"": ""+390289010390"", ""display_phone"": ""+39 02 8901 0390"", ""distance"": 622.4276238647242}, {""id"": ""KGi97OJLB_Eg9JleNH21Pw"", ""alias"": ""cinc-milano"", ""name"": ""Cinc"", ""image_url"": ""https://s3-media4.fl.yelpcdn.com/bphoto/vTwLPDw0aaZcOeG5GebKhQ/o.jpg"", ""is_closed"": false, ""url"": ""https://www.yelp.com/biz/cinc-milano?adjust_creative=ULHW7ynqdXE8Z9Fnr4irFw&utm_campaign=yelp_api_v3&utm_medium=api_v3_business_search&utm_source=ULHW7ynqdXE8Z9Fnr4irFw"", ""review_count"": 19, ""categories"": [{""alias"": ""cocktailbars"", ""title"": ""Cocktail Bars""}], ""rating"": 5.0, ""coordinates"": {""latitude"": 45.471752530269, ""longitude"": 9.1859269458426}, ""transactions"": [], ""price"": ""\u20ac\u20ac"", ""location"": {""address1"": ""Via Marco Formentini 5"", ""address2"": """", ""address3"": """", ""city"": ""Milan"", ""zip_code"": ""20121"", ""country"": ""IT"", ""state"": ""MI"", ""display_address"": [""Via Marco Formentini 5"", ""20121 Milan"", ""Italy""]}, ""phone"": ""+390236550257"", ""display_phone"": ""+39 02 3655 0257"", ""distance"": 280.94070408705807}, {""id"": ""LdsJNzzurNA1hnHnmahdRQ"", ""alias"": ""miscusi-milano-2"", ""name"": ""Miscusi"", ""image_url"": ""https://s3-media1.fl.yelpcdn.com/bphoto/D7J-9FpQoXgyB573Dn-w3w/o.jpg"", ""is_closed"": false, ""url"": ""https://www.yelp.com/biz/miscusi-milano-2?adjust_creative=ULHW7ynqdXE8Z9Fnr4irFw&utm_campaign=yelp_api_v3&utm_medium=api_v3_business_search&utm_source=ULHW7ynqdXE8Z9Fnr4irFw"", ""review_count"": 75, ""categories"": [{""alias"": ""italian"", ""title"": ""Italian""}], ""rating"": 4.5, ""coordinates"": {""latitude"": 45.4817907157856, ""longitude"": 9.2031916130563}, ""transactions"": [], ""price"": ""\u20ac\u20ac"", ""location"": {""address1"": ""Piazza San Camillo de Lellis"", ""address2"": """", ""address3"": null, ""city"": ""Milan"", ""zip_code"": ""20124"", ""country"": ""IT"", ""state"": ""MI"", ""display_address"": [""Piazza San Camillo de Lellis"", ""20124 Milan"", ""Italy""]}, ""phone"": ""+393451172559"", ""display_phone"": ""+39 345 117 2559"", ""distance"": 1674.0402133715804}, {""id"": ""sjCnkhCOBgFrDFh2MdcqnA"", ""alias"": ""spontini-milano-7"", ""name"": ""Spontini"", ""image_url"": ""https://s3-media2.fl.yelpcdn.com/bphoto/_QGBZ6Qp_JP3fiyJ861NFQ/o.jpg"", ""is_closed"": false, ""url"": ""https://www.yelp.com/biz/spontini-milano-7?adjust_creative=ULHW7ynqdXE8Z9Fnr4irFw&utm_campaign=yelp_api_v3&utm_medium=api_v3_business_search&utm_source=ULHW7ynqdXE8Z9Fnr4irFw"", ""review_count"": 77, ""categories"": [{""alias"": ""pizza"", ""title"": ""Pizza""}], ""rating"": 4.0, ""coordinates"": {""latitude"": 45.4656916669193, ""longitude"": 9.19118126054542}, ""transactions"": [], ""price"": ""\u20ac"", ""location"": {""address1"": ""Via Santa Radegonda 11"", ""address2"": """", ""address3"": """", ""city"": ""Milan"", ""zip_code"": ""20121"", ""country"": ""IT"", ""state"": ""MI"", ""display_address"": [""Via Santa Radegonda 11"", ""20121 Milan"", ""Italy""]}, ""phone"": ""+390289092621"", ""display_phone"": ""+39 02 8909 2621"", ""distance"": 557.4035980017368}, {""id"": ""TZbhHgiV_dA0hmdea_kv_Q"", ""alias"": ""ostello-bello-milano"", ""name"": ""Ostello Bello"", ""image_url"": ""https://s3-media2.fl.yelpcdn.com/bphoto/cRT027GdNVDQhkMaavk0cA/o.jpg"", ""is_closed"": false, ""url"": ""https://www.yelp.com/biz/ostello-bello-milano?adjust_creative=ULHW7ynqdXE8Z9Fnr4irFw&utm_campaign=yelp_api_v3&utm_medium=api_v3_business_search&utm_source=ULHW7ynqdXE8Z9Fnr4irFw"", ""review_count"": 47, ""categories"": [{""alias"": ""hostels"", ""title"": ""Hostels""}, {""alias"": ""breakfast_brunch"", ""title"": ""Breakfast & Brunch""}, {""alias"": ""bars"", ""title"": ""Bars""}], ""rating"": 4.5, ""coordinates"": {""latitude"": 45.46091, ""longitude"": 9.18099}, ""transactions"": [], ""price"": ""\u20ac"", ""location"": {""address1"": ""Via Medici 4"", ""address2"": """", ""address3"": """", ""city"": ""Milan"", ""zip_code"": ""20123"", ""country"": ""IT"", ""state"": ""MI"", ""display_address"": [""Via Medici 4"", ""20123 Milan"", ""Italy""]}, ""phone"": ""+390236582720"", ""display_phone"": ""+39 02 3658 2720"", ""distance"": 1230.1601351938966}, {""id"": ""z8c0jFaBigxGcQKSMpEmCA"", ""alias"": ""chiosco-i-politici-milano"", ""name"": ""Chiosco I Politici"", ""image_url"": ""https://s3-media3.fl.yelpcdn.com/bphoto/pYhGGR8K6FmVqjvJIZ-Zng/o.jpg"", ""is_closed"": false, ""url"": ""https://www.yelp.com/biz/chiosco-i-politici-milano?adjust_creative=ULHW7ynqdXE8Z9Fnr4irFw&utm_campaign=yelp_api_v3&utm_medium=api_v3_business_search&utm_source=ULHW7ynqdXE8Z9Fnr4irFw"", ""review_count"": 25, ""categories"": [{""alias"": ""foodstands"", ""title"": ""Food Stands""}, {""alias"": ""sandwiches"", ""title"": ""Sandwiches""}], ""rating"": 4.5, ""coordinates"": {""latitude"": 45.468806, ""longitude"": 9.180424}, ""transactions"": [], ""price"": ""\u20ac"", ""location"": {""address1"": ""Piazza Castello 5"", ""address2"": """", ""address3"": """", ""city"": ""Milan"", ""zip_code"": ""20121"", ""country"": ""IT"", ""state"": ""MI"", ""display_address"": [""Piazza Castello 5"", ""20121 Milan"", ""Italy""]}, ""phone"": """", ""display_phone"": """", ""distance"": 696.4804180472372}, {""id"": ""ccvcAWT1zaJEijUtiyCGAQ"", ""alias"": ""bianco-latte-milano"", ""name"": ""Bianco Latte"", ""image_url"": ""https://s3-media3.fl.yelpcdn.com/bphoto/xh4qJggA9_hmrJ-41nVSvA/o.jpg"", ""is_closed"": false, ""url"": ""https://www.yelp.com/biz/bianco-latte-milano?adjust_creative=ULHW7ynqdXE8Z9Fnr4irFw&utm_campaign=yelp_api_v3&utm_medium=api_v3_business_search&utm_source=ULHW7ynqdXE8Z9Fnr4irFw"", ""review_count"": 72, ""categories"": [{""alias"": ""desserts"", ""title"": ""Desserts""}, {""alias"": ""cafeteria"", ""title"": ""Cafeteria""}, {""alias"": ""bistros"", ""title"": ""Bistros""}], ""rating"": 3.5, ""coordinates"": {""latitude"": 45.47638, ""longitude"": 9.19529}, ""transactions"": [], ""price"": ""\u20ac\u20ac"", ""location"": {""address1"": ""Via Turati 30"", ""address2"": """", ""address3"": """", ""city"": ""Milan"", ""zip_code"": ""20121"", ""country"": ""IT"", ""state"": ""MI"", ""display_address"": [""Via Turati 30"", ""20121 Milan"", ""Italy""]}, ""phone"": ""+390262086177"", ""display_phone"": ""+39 02 6208 6177"", ""distance"": 822.5531557782487}, {""id"": ""Thc508sOB0In8DppVIlH3g"", ""alias"": ""di-viole-di-liquirizia-milano"", ""name"": ""Di Viole di Liquirizia"", ""image_url"": ""https://s3-media2.fl.yelpcdn.com/bphoto/WHX6Mg5rMLxsa9ZtIgrZNg/o.jpg"", ""is_closed"": false, ""url"": ""https://www.yelp.com/biz/di-viole-di-liquirizia-milano?adjust_creative=ULHW7ynqdXE8Z9Fnr4irFw&utm_campaign=yelp_api_v3&utm_medium=api_v3_business_search&utm_source=ULHW7ynqdXE8Z9Fnr4irFw"", ""review_count"": 33, ""categories"": [{""alias"": ""desserts"", ""title"": ""Desserts""}, {""alias"": ""breakfast_brunch"", ""title"": ""Breakfast & Brunch""}, {""alias"": ""cafeteria"", ""title"": ""Cafeteria""}], ""rating"": 4.0, ""coordinates"": {""latitude"": 45.47131, ""longitude"": 9.18531}, ""transactions"": [], ""price"": ""\u20ac\u20ac"", ""location"": {""address1"": ""Via Madonnina 10"", ""address2"": """", ""address3"": """", ""city"": ""Milan"", ""zip_code"": ""20121"", ""country"": ""IT"", ""state"": ""MI"", ""display_address"": [""Via Madonnina 10"", ""20121 Milan"", ""Italy""]}, ""phone"": ""+390289092201"", ""display_phone"": ""+39 02 8909 2201"", ""distance"": 281.2340042598365}, {""id"": ""3yqqophGsrR4m-eI8eFzCA"", ""alias"": ""amorino-milano"", ""name"": ""Amorino"", ""image_url"": ""https://s3-media1.fl.yelpcdn.com/bphoto/Cwd2ZpIvnQ0mHmCru1qkOA/o.jpg"", ""is_closed"": false, ""url"": ""https://www.yelp.com/biz/amorino-milano?adjust_creative=ULHW7ynqdXE8Z9Fnr4irFw&utm_campaign=yelp_api_v3&utm_medium=api_v3_business_search&utm_source=ULHW7ynqdXE8Z9Fnr4irFw"", ""review_count"": 32, ""categories"": [{""alias"": ""icecream"", ""title"": ""Ice Cream & Frozen Yogurt""}, {""alias"": ""italian"", ""title"": ""Italian""}], ""rating"": 4.0, ""coordinates"": {""latitude"": 45.4720531573875, ""longitude"": 9.18571829795837}, ""transactions"": [], ""price"": ""\u20ac"", ""location"": {""address1"": ""Via Fiori Chiari 9"", ""address2"": """", ""address3"": """", ""city"": ""Milan"", ""zip_code"": ""20121"", ""country"": ""IT"", ""state"": ""MI"", ""display_address"": [""Via Fiori Chiari 9"", ""20121 Milan"", ""Italy""]}, ""phone"": ""+390291532598"", ""display_phone"": ""+39 02 9153 2598"", ""distance"": 312.5779290550851}, {""id"": ""-NOh0ZRMIDMrnooXyYXY3g"", ""alias"": ""osteria-mamma-rosa-milano"", ""name"": ""Osteria Mamma Rosa"", ""image_url"": ""https://s3-media4.fl.yelpcdn.com/bphoto/O_eGph_u5V5v-IxZk7n7TQ/o.jpg"", ""is_closed"": false, ""url"": ""https://www.yelp.com/biz/osteria-mamma-rosa-milano?adjust_creative=ULHW7ynqdXE8Z9Fnr4irFw&utm_campaign=yelp_api_v3&utm_medium=api_v3_business_search&utm_source=ULHW7ynqdXE8Z9Fnr4irFw"", ""review_count"": 56, ""categories"": [{""alias"": ""italian"", ""title"": ""Italian""}, {""alias"": ""pianobars"", ""title"": ""Piano Bars""}, {""alias"": ""seafood"", ""title"": ""Seafood""}], ""rating"": 4.0, ""coordinates"": {""latitude"": 45.4796554297475, ""longitude"": 9.20442729056782}, ""transactions"": [], ""price"": ""\u20ac\u20ac\u20ac"", ""location"": {""address1"": ""Piazza Cincinnato 4"", ""address2"": null, ""address3"": """", ""city"": ""Milan"", ""zip_code"": ""20124"", ""country"": ""IT"", ""state"": ""MI"", ""display_address"": [""Piazza Cincinnato 4"", ""20124 Milan"", ""Italy""]}, ""phone"": ""+390229522076"", ""display_phone"": ""+39 02 2952 2076"", ""distance"": 1575.8260372778243}, {""id"": ""xqgs3EdiZEebq_zVMkO1gA"", ""alias"": ""mag-caf\u00e8-milano-2"", ""name"": ""Mag Caf\u00e8"", ""image_url"": ""https://s3-media4.fl.yelpcdn.com/bphoto/2nrhoDUCqU449Kj2Ng3vFw/o.jpg"", ""is_closed"": false, ""url"": ""https://www.yelp.com/biz/mag-caf%C3%A8-milano-2?adjust_creative=ULHW7ynqdXE8Z9Fnr4irFw&utm_campaign=yelp_api_v3&utm_medium=api_v3_business_search&utm_source=ULHW7ynqdXE8Z9Fnr4irFw"", ""review_count"": 51, ""categories"": [{""alias"": ""cafes"", ""title"": ""Cafes""}, {""alias"": ""lounges"", ""title"": ""Lounges""}], ""rating"": 4.5, ""coordinates"": {""latitude"": 45.45129, ""longitude"": 9.17345}, ""transactions"": [], ""price"": ""\u20ac\u20ac"", ""location"": {""address1"": ""Ripa di Porta Ticinese 43"", ""address2"": """", ""address3"": """", ""city"": ""Milan"", ""zip_code"": ""20143"", ""country"": ""IT"", ""state"": ""MI"", ""display_address"": [""Ripa di Porta Ticinese 43"", ""20143 Milan"", ""Italy""]}, ""phone"": ""+390245489460"", ""display_phone"": ""+39 02 4548 9460"", ""distance"": 2458.1916782228363}, {""id"": ""-PCdqjPkl0ITPbPTlsjzzQ"", ""alias"": ""la-taverna-del-borgo-antico-milano"", ""name"": ""La Taverna del Borgo Antico"", ""image_url"": ""https://s3-media2.fl.yelpcdn.com/bphoto/hJ4ErcXAQoVkzshUHCGaXg/o.jpg"", ""is_closed"": false, ""url"": ""https://www.yelp.com/biz/la-taverna-del-borgo-antico-milano?adjust_creative=ULHW7ynqdXE8Z9Fnr4irFw&utm_campaign=yelp_api_v3&utm_medium=api_v3_business_search&utm_source=ULHW7ynqdXE8Z9Fnr4irFw"", ""review_count"": 35, ""categories"": [{""alias"": ""pizza"", ""title"": ""Pizza""}, {""alias"": ""lumbard"", ""title"": ""Lumbard""}], ""rating"": 4.0, ""coordinates"": {""latitude"": 45.4718285, ""longitude"": 9.1855297}, ""transactions"": [], ""price"": ""\u20ac\u20ac"", ""location"": {""address1"": ""Via Madonnina 27"", ""address2"": """", ""address3"": """", ""city"": ""Milan"", ""zip_code"": ""20121"", ""country"": ""IT"", ""state"": ""MI"", ""display_address"": [""Via Madonnina 27"", ""20121 Milan"", ""Italy""]}, ""phone"": ""+390286461186"", ""display_phone"": ""+39 02 8646 1186"", ""distance"": 312.8347583402624}, {""id"": ""KsvCbqPJOlGyf1ug4oS4hA"", ""alias"": ""la-locanda-del-gatto-rosso-milano"", ""name"": ""La Locanda del Gatto Rosso"", ""image_url"": ""https://s3-media1.fl.yelpcdn.com/bphoto/JxN_aOZFFvP8haUYAgVgMA/o.jpg"", ""is_closed"": false, ""url"": ""https://www.yelp.com/biz/la-locanda-del-gatto-rosso-milano?adjust_creative=ULHW7ynqdXE8Z9Fnr4irFw&utm_campaign=yelp_api_v3&utm_medium=api_v3_business_search&utm_source=ULHW7ynqdXE8Z9Fnr4irFw"", ""review_count"": 59, ""categories"": [{""alias"": ""lumbard"", ""title"": ""Lumbard""}], ""rating"": 3.5, ""coordinates"": {""latitude"": 45.46542, ""longitude"": 9.19068}, ""transactions"": [], ""price"": ""\u20ac\u20ac\u20ac"", ""location"": {""address1"": ""Via Foscolo 3"", ""address2"": """", ""address3"": """", ""city"": ""Milan"", ""zip_code"": ""20121"", ""country"": ""IT"", ""state"": ""MI"", ""display_address"": [""Via Foscolo 3"", ""20121 Milan"", ""Italy""]}, ""phone"": ""+390272022411"", ""display_phone"": ""+39 02 7202 2411"", ""distance"": 580.4257589942968}, {""id"": ""JLorm476_BPkINstFYnNow"", ""alias"": ""le-colonne-milano"", ""name"": ""Le Colonne"", ""image_url"": ""https://s3-media3.fl.yelpcdn.com/bphoto/nsTCvmMYQHYmGbIF0Hygpw/o.jpg"", ""is_closed"": false, ""url"": ""https://www.yelp.com/biz/le-colonne-milano?adjust_creative=ULHW7ynqdXE8Z9Fnr4irFw&utm_campaign=yelp_api_v3&utm_medium=api_v3_business_search&utm_source=ULHW7ynqdXE8Z9Fnr4irFw"", ""review_count"": 29, ""categories"": [{""alias"": ""icecream"", ""title"": ""Ice Cream & Frozen Yogurt""}, {""alias"": ""creperies"", ""title"": ""Creperies""}], ""rating"": 4.5, ""coordinates"": {""latitude"": 45.45648, ""longitude"": 9.18085}, ""transactions"": [], ""price"": ""\u20ac"", ""location"": {""address1"": ""Corso di Porta Ticinese 75"", ""address2"": """", ""address3"": """", ""city"": ""Milan"", ""zip_code"": ""20123"", ""country"": ""IT"", ""state"": ""MI"", ""display_address"": [""Corso di Porta Ticinese 75"", ""20123 Milan"", ""Italy""]}, ""phone"": ""+39028372292"", ""display_phone"": ""+39 02 837 2292"", ""distance"": 1684.591101278967}, {""id"": ""4mYbfRKsHZn2EW4dLjvF5w"", ""alias"": ""la-tartina-milano"", ""name"": ""La Tartina"", ""image_url"": ""https://s3-media2.fl.yelpcdn.com/bphoto/inmdDZnGU7kiEIoy_LRQhw/o.jpg"", ""is_closed"": false, ""url"": ""https://www.yelp.com/biz/la-tartina-milano?adjust_creative=ULHW7ynqdXE8Z9Fnr4irFw&utm_campaign=yelp_api_v3&utm_medium=api_v3_business_search&utm_source=ULHW7ynqdXE8Z9Fnr4irFw"", ""review_count"": 21, ""categories"": [{""alias"": ""tapasmallplates"", ""title"": ""Tapas/Small Plates""}, {""alias"": ""tapas"", ""title"": ""Tapas Bars""}], ""rating"": 4.0, ""coordinates"": {""latitude"": 45.47149110917, ""longitude"": 9.18471885656129}, ""transactions"": [], ""price"": ""\u20ac\u20ac"", ""location"": {""address1"": ""Via San Carpoforo 4"", ""address2"": """", ""address3"": """", ""city"": ""Milan"", ""zip_code"": ""20121"", ""country"": ""IT"", ""state"": ""MI"", ""display_address"": [""Via San Carpoforo 4"", ""20121 Milan"", ""Italy""]}, ""phone"": ""+390236704900"", ""display_phone"": ""+39 02 3670 4900"", ""distance"": 354.98633098626925}, {""id"": ""IkRZFMZi8hPgqOcRNff5Xw"", ""alias"": ""hua-cheng-milano"", ""name"": ""Hua Cheng"", ""image_url"": ""https://s3-media1.fl.yelpcdn.com/bphoto/GxM0Io2f78mAifPAGKg26A/o.jpg"", ""is_closed"": false, ""url"": ""https://www.yelp.com/biz/hua-cheng-milano?adjust_creative=ULHW7ynqdXE8Z9Fnr4irFw&utm_campaign=yelp_api_v3&utm_medium=api_v3_business_search&utm_source=ULHW7ynqdXE8Z9Fnr4irFw"", ""review_count"": 37, ""categories"": [{""alias"": ""chinese"", ""title"": ""Chinese""}], ""rating"": 4.0, ""coordinates"": {""latitude"": 45.48062, ""longitude"": 9.17554}, ""transactions"": [], ""price"": ""\u20ac"", ""location"": {""address1"": ""Via Giordano Bruno 13"", ""address2"": """", ""address3"": """", ""city"": ""Milan"", ""zip_code"": ""20154"", ""country"": ""IT"", ""state"": ""MI"", ""display_address"": [""Via Giordano Bruno 13"", ""20154 Milan"", ""Italy""]}, ""phone"": ""+39023451613"", ""display_phone"": ""+39 02 345 1613"", ""distance"": 1541.399868300715}, {""id"": ""7v4muf_XqYpvVU7ldOzJ5Q"", ""alias"": ""botega-caffe-cacao-milano"", ""name"": ""Botega Caffe Cacao"", ""image_url"": ""https://s3-media4.fl.yelpcdn.com/bphoto/cDi2iD8CK8WKClWVyJihdQ/o.jpg"", ""is_closed"": false, ""url"": ""https://www.yelp.com/biz/botega-caffe-cacao-milano?adjust_creative=ULHW7ynqdXE8Z9Fnr4irFw&utm_campaign=yelp_api_v3&utm_medium=api_v3_business_search&utm_source=ULHW7ynqdXE8Z9Fnr4irFw"", ""review_count"": 30, ""categories"": [{""alias"": ""desserts"", ""title"": ""Desserts""}, {""alias"": ""chocolate"", ""title"": ""Chocolatiers & Shops""}, {""alias"": ""cafeteria"", ""title"": ""Cafeteria""}], ""rating"": 4.0, ""coordinates"": {""latitude"": 45.4727, ""longitude"": 9.18394}, ""transactions"": [], ""price"": ""\u20ac"", ""location"": {""address1"": ""Corso Garibaldi 12"", ""address2"": null, ""address3"": null, ""city"": ""Milan"", ""zip_code"": ""20121"", ""country"": ""IT"", ""state"": ""MI"", ""display_address"": [""Corso Garibaldi 12"", ""20121 Milan"", ""Italy""]}, ""phone"": ""+390280506589"", ""display_phone"": ""+39 02 8050 6589"", ""distance"": 463.65275210925665}, {""id"": ""37GSgrErmGNnAI1HtcWVtg"", ""alias"": ""toldo-milano-2"", ""name"": ""Toldo"", ""image_url"": ""https://s3-media2.fl.yelpcdn.com/bphoto/iRXN422J1AQBTXeZtWAKjA/o.jpg"", ""is_closed"": false, ""url"": ""https://www.yelp.com/biz/toldo-milano-2?adjust_creative=ULHW7ynqdXE8Z9Fnr4irFw&utm_campaign=yelp_api_v3&utm_medium=api_v3_business_search&utm_source=ULHW7ynqdXE8Z9Fnr4irFw"", ""review_count"": 15, ""categories"": [{""alias"": ""icecream"", ""title"": ""Ice Cream & Frozen Yogurt""}, {""alias"": ""cafes"", ""title"": ""Cafes""}], ""rating"": 4.5, ""coordinates"": {""latitude"": 45.46952, ""longitude"": 9.18512}, ""transactions"": [], ""price"": ""\u20ac"", ""location"": {""address1"": ""Via Ponte Vetero 9"", ""address2"": null, ""address3"": null, ""city"": ""Milan"", ""zip_code"": ""20121"", ""country"": ""IT"", ""state"": ""MI"", ""display_address"": [""Via Ponte Vetero 9"", ""20121 Milan"", ""Italy""]}, ""phone"": ""+390286460863"", ""display_phone"": ""+39 02 8646 0863"", ""distance"": 330.2361071298975}, {""id"": ""Im1CfuTgeoZS3G6VUDiOGA"", ""alias"": ""obic\u00e0-milano"", ""name"": ""Obic\u00e0"", ""image_url"": ""https://s3-media2.fl.yelpcdn.com/bphoto/8xv8wC-CFkdYFXQsjiK0aA/o.jpg"", ""is_closed"": false, ""url"": ""https://www.yelp.com/biz/obic%C3%A0-milano?adjust_creative=ULHW7ynqdXE8Z9Fnr4irFw&utm_campaign=yelp_api_v3&utm_medium=api_v3_business_search&utm_source=ULHW7ynqdXE8Z9Fnr4irFw"", ""review_count"": 37, ""categories"": [{""alias"": ""italian"", ""title"": ""Italian""}, {""alias"": ""pizza"", ""title"": ""Pizza""}], ""rating"": 4.0, ""coordinates"": {""latitude"": 45.4715879, ""longitude"": 9.1841364}, ""transactions"": [], ""price"": ""\u20ac\u20ac\u20ac"", ""location"": {""address1"": ""Via Mercato 28"", ""address2"": null, ""address3"": null, ""city"": ""Milan"", ""zip_code"": ""20121"", ""country"": ""IT"", ""state"": ""MI"", ""display_address"": [""Via Mercato 28"", ""20121 Milan"", ""Italy""]}, ""phone"": ""+390286450568"", ""display_phone"": ""+39 02 8645 0568"", ""distance"": 401.4880859858252}, {""id"": ""QFx52M6OBaKlTAug1L6OGA"", ""alias"": ""cioccolati-italiani-milano-3"", ""name"": ""Cioccolati Italiani"", ""image_url"": ""https://s3-media3.fl.yelpcdn.com/bphoto/SH0W3jXPSCU0RjDusXVrog/o.jpg"", ""is_closed"": false, ""url"": ""https://www.yelp.com/biz/cioccolati-italiani-milano-3?adjust_creative=ULHW7ynqdXE8Z9Fnr4irFw&utm_campaign=yelp_api_v3&utm_medium=api_v3_business_search&utm_source=ULHW7ynqdXE8Z9Fnr4irFw"", ""review_count"": 51, ""categories"": [{""alias"": ""icecream"", ""title"": ""Ice Cream & Frozen Yogurt""}, {""alias"": ""breakfast_brunch"", ""title"": ""Breakfast & Brunch""}, {""alias"": ""desserts"", ""title"": ""Desserts""}], ""rating"": 4.0, ""coordinates"": {""latitude"": 45.45835, ""longitude"": 9.17828}, ""transactions"": [], ""price"": ""\u20ac\u20ac"", ""location"": {""address1"": ""Via Edmondo De Amicis 25"", ""address2"": """", ""address3"": """", ""city"": ""Milan"", ""zip_code"": ""20123"", ""country"": ""IT"", ""state"": ""MI"", ""display_address"": [""Via Edmondo De Amicis 25"", ""20123 Milan"", ""Italy""]}, ""phone"": ""+390289406651"", ""display_phone"": ""+39 02 8940 6651"", ""distance"": 1598.4412884529356}, {""id"": ""58n_8tvNP6o9hQgN47JKRw"", ""alias"": ""vanilla-gelati-italiani-milano"", ""name"": ""Vanilla Gelati Italiani"", ""image_url"": ""https://s3-media2.fl.yelpcdn.com/bphoto/rQRkqc-snOJTnU8s-NFl5w/o.jpg"", ""is_closed"": false, ""url"": ""https://www.yelp.com/biz/vanilla-gelati-italiani-milano?adjust_creative=ULHW7ynqdXE8Z9Fnr4irFw&utm_campaign=yelp_api_v3&utm_medium=api_v3_business_search&utm_source=ULHW7ynqdXE8Z9Fnr4irFw"", ""review_count"": 24, ""categories"": [{""alias"": ""icecream"", ""title"": ""Ice Cream & Frozen Yogurt""}], ""rating"": 4.5, ""coordinates"": {""latitude"": 45.46391, ""longitude"": 9.19351}, ""transactions"": [], ""price"": ""\u20ac"", ""location"": {""address1"": ""Via Pattari 2"", ""address2"": """", ""address3"": """", ""city"": ""Milan"", ""zip_code"": ""20122"", ""country"": ""IT"", ""state"": ""MI"", ""display_address"": [""Via Pattari 2"", ""20122 Milan"", ""Italy""]}, ""phone"": ""+390289092297"", ""display_phone"": ""+39 02 8909 2297"", ""distance"": 763.9129851215502}, {""id"": ""DcJNJv75JA4q-YEfqI0Z_Q"", ""alias"": ""armani-bamboo-bar-milano"", ""name"": ""Armani Bamboo Bar"", ""image_url"": ""https://s3-media2.fl.yelpcdn.com/bphoto/Yh7iQC_3oNgW047rYLl93w/o.jpg"", ""is_closed"": false, ""url"": ""https://www.yelp.com/biz/armani-bamboo-bar-milano?adjust_creative=ULHW7ynqdXE8Z9Fnr4irFw&utm_campaign=yelp_api_v3&utm_medium=api_v3_business_search&utm_source=ULHW7ynqdXE8Z9Fnr4irFw"", ""review_count"": 22, ""categories"": [{""alias"": ""lounges"", ""title"": ""Lounges""}, {""alias"": ""breakfast_brunch"", ""title"": ""Breakfast & Brunch""}, {""alias"": ""cocktailbars"", ""title"": ""Cocktail Bars""}], ""rating"": 4.0, ""coordinates"": {""latitude"": 45.470417376094, ""longitude"": 9.19285291534425}, ""transactions"": [], ""price"": ""\u20ac\u20ac\u20ac"", ""location"": {""address1"": ""Via Alessandro Manzoni 31"", ""address2"": """", ""address3"": """", ""city"": ""Milan"", ""zip_code"": ""20121"", ""country"": ""IT"", ""state"": ""MI"", ""display_address"": [""Via Alessandro Manzoni 31"", ""20121 Milan"", ""Italy""]}, ""phone"": ""+390288838888"", ""display_phone"": ""+39 02 8883 8888"", ""distance"": 297.8950654695612}, {""id"": ""kOgPxXyc5BHnrkZVVrW-Uw"", ""alias"": ""da-regina-1985-milano"", ""name"": ""Da Regina 1985"", ""image_url"": ""https://s3-media1.fl.yelpcdn.com/bphoto/yZ6E3AirKuVXXk_0HxOUjA/o.jpg"", ""is_closed"": false, ""url"": ""https://www.yelp.com/biz/da-regina-1985-milano?adjust_creative=ULHW7ynqdXE8Z9Fnr4irFw&utm_campaign=yelp_api_v3&utm_medium=api_v3_business_search&utm_source=ULHW7ynqdXE8Z9Fnr4irFw"", ""review_count"": 54, ""categories"": [{""alias"": ""italian"", ""title"": ""Italian""}, {""alias"": ""pizza"", ""title"": ""Pizza""}], ""rating"": 3.5, ""coordinates"": {""latitude"": 45.4650535583496, ""longitude"": 9.18924808502197}, ""transactions"": [], ""price"": ""\u20ac\u20ac"", ""location"": {""address1"": ""Via Silvio Pellico 1"", ""address2"": """", ""address3"": """", ""city"": ""Milan"", ""zip_code"": ""20121"", ""country"": ""IT"", ""state"": ""MI"", ""display_address"": [""Via Silvio Pellico 1"", ""20121 Milan"", ""Italy""]}, ""phone"": ""+390236584500"", ""display_phone"": ""+39 02 3658 4500"", ""distance"": 540.2003747248057}, {""id"": ""0O2nktaQbJVoObloRThx-g"", ""alias"": ""cova-milano"", ""name"": ""Cova"", ""image_url"": ""https://s3-media2.fl.yelpcdn.com/bphoto/dCBKM3JuoJ2aDwfZdPNqnA/o.jpg"", ""is_closed"": false, ""url"": ""https://www.yelp.com/biz/cova-milano?adjust_creative=ULHW7ynqdXE8Z9Fnr4irFw&utm_campaign=yelp_api_v3&utm_medium=api_v3_business_search&utm_source=ULHW7ynqdXE8Z9Fnr4irFw"", ""review_count"": 21, ""categories"": [{""alias"": ""chocolate"", ""title"": ""Chocolatiers & Shops""}, {""alias"": ""desserts"", ""title"": ""Desserts""}, {""alias"": ""cakeshop"", ""title"": ""Patisserie/Cake Shop""}], ""rating"": 4.0, ""coordinates"": {""latitude"": 45.468123, ""longitude"": 9.196099}, ""transactions"": [], ""price"": ""\u20ac\u20ac"", ""location"": {""address1"": ""Via Monte Napoleone 8"", ""address2"": null, ""address3"": null, ""city"": ""Milan"", ""zip_code"": ""20121"", ""country"": ""IT"", ""state"": ""MI"", ""display_address"": [""Via Monte Napoleone 8"", ""20121 Milan"", ""Italy""]}, ""phone"": ""+390276005599"", ""display_phone"": ""+39 02 7600 5599"", ""distance"": 609.7861026237654}, {""id"": ""EiVLKh_EE7H8rkayKwguUQ"", ""alias"": ""grom-milano-5"", ""name"": ""Grom"", ""image_url"": ""https://s3-media1.fl.yelpcdn.com/bphoto/ZroJ4vH7JHkTLREN6qkQfQ/o.jpg"", ""is_closed"": false, ""url"": ""https://www.yelp.com/biz/grom-milano-5?adjust_creative=ULHW7ynqdXE8Z9Fnr4irFw&utm_campaign=yelp_api_v3&utm_medium=api_v3_business_search&utm_source=ULHW7ynqdXE8Z9Fnr4irFw"", ""review_count"": 32, ""categories"": [{""alias"": ""icecream"", ""title"": ""Ice Cream & Frozen Yogurt""}, {""alias"": ""gluten_free"", ""title"": ""Gluten-Free""}], ""rating"": 4.0, ""coordinates"": {""latitude"": 45.466331432119, ""longitude"": 9.18895512915324}, ""transactions"": [], ""price"": ""\u20ac"", ""location"": {""address1"": ""Via Santa Margherita 16"", ""address2"": """", ""address3"": """", ""city"": ""Milan"", ""zip_code"": ""20121"", ""country"": ""IT"", ""state"": ""MI"", ""display_address"": [""Via Santa Margherita 16"", ""20121 Milan"", ""Italy""]}, ""phone"": ""+390280581041"", ""display_phone"": ""+39 02 8058 1041"", ""distance"": 460.54799208160114}, {""id"": ""7PQ7xSpVXEGBxC62LhHRZA"", ""alias"": ""creperia-caff\u00e8-vecchia-brera-milano"", ""name"": ""Creperia Caff\u00e8 Vecchia Brera"", ""image_url"": ""https://s3-media2.fl.yelpcdn.com/bphoto/eMwRckJtKZjFbPcc2Q85tw/o.jpg"", ""is_closed"": false, ""url"": ""https://www.yelp.com/biz/creperia-caff%C3%A8-vecchia-brera-milano?adjust_creative=ULHW7ynqdXE8Z9Fnr4irFw&utm_campaign=yelp_api_v3&utm_medium=api_v3_business_search&utm_source=ULHW7ynqdXE8Z9Fnr4irFw"", ""review_count"": 25, ""categories"": [{""alias"": ""bars"", ""title"": ""Bars""}, {""alias"": ""creperies"", ""title"": ""Creperies""}, {""alias"": ""cafes"", ""title"": ""Cafes""}], ""rating"": 4.0, ""coordinates"": {""latitude"": 45.469056, ""longitude"": 9.1857139}, ""transactions"": [], ""price"": ""\u20ac\u20ac"", ""location"": {""address1"": ""Via dell'Orso 20"", ""address2"": null, ""address3"": null, ""city"": ""Milan"", ""zip_code"": ""20121"", ""country"": ""IT"", ""state"": ""MI"", ""display_address"": [""Via dell'Orso 20"", ""20121 Milan"", ""Italy""]}, ""phone"": ""+390286461695"", ""display_phone"": ""+39 02 8646 1695"", ""distance"": 303.0359459517892}, {""id"": ""gue7C3LgoqZ3JD3P9ytOCQ"", ""alias"": ""princi-milano-5"", ""name"": ""Princi"", ""image_url"": ""https://s3-media3.fl.yelpcdn.com/bphoto/JXodXlOM-52Rf68GgMXhXQ/o.jpg"", ""is_closed"": false, ""url"": ""https://www.yelp.com/biz/princi-milano-5?adjust_creative=ULHW7ynqdXE8Z9Fnr4irFw&utm_campaign=yelp_api_v3&utm_medium=api_v3_business_search&utm_source=ULHW7ynqdXE8Z9Fnr4irFw"", ""review_count"": 36, ""categories"": [{""alias"": ""bakeries"", ""title"": ""Bakeries""}, {""alias"": ""cakeshop"", ""title"": ""Patisserie/Cake Shop""}, {""alias"": ""cafeteria"", ""title"": ""Cafeteria""}], ""rating"": 4.0, ""coordinates"": {""latitude"": 45.4808684572993, ""longitude"": 9.18639742394754}, ""transactions"": [], ""price"": ""\u20ac\u20ac"", ""location"": {""address1"": ""Piazza XXV Aprile 5"", ""address2"": """", ""address3"": """", ""city"": ""Milan"", ""zip_code"": ""20154"", ""country"": ""IT"", ""state"": ""MI"", ""display_address"": [""Piazza XXV Aprile 5"", ""20154 Milan"", ""Italy""]}, ""phone"": ""+390229060832"", ""display_phone"": ""+39 02 2906 0832"", ""distance"": 1174.065586695401}, {""id"": ""Ogmv_UUC3p2eCaiDw-3zsw"", ""alias"": ""antica-locanda-il-tavolino-milano"", ""name"": ""Antica Locanda Il Tavolino"", ""image_url"": ""https://s3-media3.fl.yelpcdn.com/bphoto/b-0LsawD5sd0v9hSCm4o3Q/o.jpg"", ""is_closed"": false, ""url"": ""https://www.yelp.com/biz/antica-locanda-il-tavolino-milano?adjust_creative=ULHW7ynqdXE8Z9Fnr4irFw&utm_campaign=yelp_api_v3&utm_medium=api_v3_business_search&utm_source=ULHW7ynqdXE8Z9Fnr4irFw"", ""review_count"": 71, ""categories"": [{""alias"": ""pizza"", ""title"": ""Pizza""}, {""alias"": ""mediterranean"", ""title"": ""Mediterranean""}, {""alias"": ""steak"", ""title"": ""Steakhouses""}], ""rating"": 3.5, ""coordinates"": {""latitude"": 45.484049, ""longitude"": 9.1984092}, ""transactions"": [], ""price"": ""\u20ac\u20ac\u20ac"", ""location"": {""address1"": ""Via Gustavo Fara 23"", ""address2"": null, ""address3"": null, ""city"": ""Milan"", ""zip_code"": ""20124"", ""country"": ""IT"", ""state"": ""MI"", ""display_address"": [""Via Gustavo Fara 23"", ""20124 Milan"", ""Italy""]}, ""phone"": ""+39026703520"", ""display_phone"": ""+39 02 670 3520"", ""distance"": 1677.275696209688}, {""id"": ""PeAZpK_syvkoPcFD6a3tDw"", ""alias"": ""obic\u00e0-mozzarella-bar-milano-7"", ""name"": ""Obic\u00e0 Mozzarella Bar"", ""image_url"": ""https://s3-media4.fl.yelpcdn.com/bphoto/NGD45DbDT8TyH363fmMJew/o.jpg"", ""is_closed"": false, ""url"": ""https://www.yelp.com/biz/obic%C3%A0-mozzarella-bar-milano-7?adjust_creative=ULHW7ynqdXE8Z9Fnr4irFw&utm_campaign=yelp_api_v3&utm_medium=api_v3_business_search&utm_source=ULHW7ynqdXE8Z9Fnr4irFw"", ""review_count"": 51, ""categories"": [{""alias"": ""italian"", ""title"": ""Italian""}, {""alias"": ""pizza"", ""title"": ""Pizza""}], ""rating"": 3.5, ""coordinates"": {""latitude"": 45.4649368, ""longitude"": 9.191822799999999}, ""transactions"": [], ""price"": ""\u20ac\u20ac\u20ac"", ""location"": {""address1"": ""La Rinascente"", ""address2"": """", ""address3"": """", ""city"": ""Milan"", ""zip_code"": ""20121"", ""country"": ""IT"", ""state"": ""MI"", ""display_address"": [""La Rinascente"", ""20121 Milan"", ""Italy""]}, ""phone"": ""+39028852453"", ""display_phone"": ""+39 02 885 2453"", ""distance"": 652.882485895805}, {""id"": ""diJJAeFKB10GKORxlrJCdg"", ""alias"": ""ronchi-78-milano"", ""name"": ""Ronchi 78"", ""image_url"": ""https://s3-media3.fl.yelpcdn.com/bphoto/SojF4xuMMJapJcXKTt9khQ/o.jpg"", ""is_closed"": false, ""url"": ""https://www.yelp.com/biz/ronchi-78-milano?adjust_creative=ULHW7ynqdXE8Z9Fnr4irFw&utm_campaign=yelp_api_v3&utm_medium=api_v3_business_search&utm_source=ULHW7ynqdXE8Z9Fnr4irFw"", ""review_count"": 22, ""categories"": [{""alias"": ""italian"", ""title"": ""Italian""}], ""rating"": 4.5, ""coordinates"": {""latitude"": 45.46167, ""longitude"": 9.18482}, ""transactions"": [], ""price"": ""\u20ac\u20ac\u20ac"", ""location"": {""address1"": ""Via San Maurilio 7"", ""address2"": """", ""address3"": """", ""city"": ""Milan"", ""zip_code"": ""20123"", ""country"": ""IT"", ""state"": ""MI"", ""display_address"": [""Via San Maurilio 7"", ""20123 Milan"", ""Italy""]}, ""phone"": ""+3902867295"", ""display_phone"": ""+39 02 867295"", ""distance"": 1038.5400391332034}, {""id"": ""r7fUBQk8LG5JgrVyMBJ_3Q"", ""alias"": ""bistrot-milano-centrale-milano"", ""name"": ""Bistrot Milano Centrale"", ""image_url"": ""https://s3-media3.fl.yelpcdn.com/bphoto/D9jwwYlJjU8bqkKy2W2UKA/o.jpg"", ""is_closed"": false, ""url"": ""https://www.yelp.com/biz/bistrot-milano-centrale-milano?adjust_creative=ULHW7ynqdXE8Z9Fnr4irFw&utm_campaign=yelp_api_v3&utm_medium=api_v3_business_search&utm_source=ULHW7ynqdXE8Z9Fnr4irFw"", ""review_count"": 56, ""categories"": [{""alias"": ""sandwiches"", ""title"": ""Sandwiches""}, {""alias"": ""salad"", ""title"": ""Salad""}, {""alias"": ""bistros"", ""title"": ""Bistros""}], ""rating"": 4.0, ""coordinates"": {""latitude"": 45.4870123, ""longitude"": 9.205479}, ""transactions"": [], ""price"": ""\u20ac\u20ac"", ""location"": {""address1"": ""Piazza Duca d'Aosta 1"", ""address2"": """", ""address3"": """", ""city"": ""Milan"", ""zip_code"": ""20125"", ""country"": ""IT"", ""state"": ""MI"", ""display_address"": [""Piazza Duca d'Aosta 1"", ""20125 Milan"", ""Italy""]}, ""phone"": ""+390267481995"", ""display_phone"": ""+39 02 6748 1995"", ""distance"": 2241.9470384454594}, {""id"": ""J99y_isk_V0PE_DklWgq6w"", ""alias"": ""fresco-e-cimmino-milano"", ""name"": ""Fresco e Cimmino"", ""image_url"": ""https://s3-media3.fl.yelpcdn.com/bphoto/Ecov_29vAso96FlJ6Y53RQ/o.jpg"", ""is_closed"": false, ""url"": ""https://www.yelp.com/biz/fresco-e-cimmino-milano?adjust_creative=ULHW7ynqdXE8Z9Fnr4irFw&utm_campaign=yelp_api_v3&utm_medium=api_v3_business_search&utm_source=ULHW7ynqdXE8Z9Fnr4irFw"", ""review_count"": 57, ""categories"": [{""alias"": ""desserts"", ""title"": ""Desserts""}, {""alias"": ""pizza"", ""title"": ""Pizza""}, {""alias"": ""cucinacampana"", ""title"": ""Cucina campana""}], ""rating"": 3.5, ""coordinates"": {""latitude"": 45.4651, ""longitude"": 9.19081}, ""transactions"": [], ""price"": ""\u20ac\u20ac"", ""location"": {""address1"": ""Via Ugo Foscolo 4"", ""address2"": """", ""address3"": """", ""city"": ""Milan"", ""zip_code"": ""20121"", ""country"": ""IT"", ""state"": ""MI"", ""display_address"": [""Via Ugo Foscolo 4"", ""20121 Milan"", ""Italy""]}, ""phone"": ""+390297374869"", ""display_phone"": ""+39 02 9737 4869"", ""distance"": 615.6678023649183}, {""id"": ""sdNGnpgOQO9D57Lch7bPHQ"", ""alias"": ""dolce-e-gabbana-martini-milano-2"", ""name"": ""Dolce & Gabbana Martini"", ""image_url"": ""https://s3-media2.fl.yelpcdn.com/bphoto/un_qFhxUBjfLifqhB6MEvA/o.jpg"", ""is_closed"": false, ""url"": ""https://www.yelp.com/biz/dolce-e-gabbana-martini-milano-2?adjust_creative=ULHW7ynqdXE8Z9Fnr4irFw&utm_campaign=yelp_api_v3&utm_medium=api_v3_business_search&utm_source=ULHW7ynqdXE8Z9Fnr4irFw"", ""review_count"": 28, ""categories"": [{""alias"": ""bars"", ""title"": ""Bars""}, {""alias"": ""bistros"", ""title"": ""Bistros""}, {""alias"": ""sicilian"", ""title"": ""Sicilian""}], ""rating"": 4.0, ""coordinates"": {""latitude"": 45.46838, ""longitude"": 9.1987104}, ""transactions"": [], ""price"": ""\u20ac\u20ac\u20ac"", ""location"": {""address1"": ""Corso Venezia 15"", ""address2"": """", ""address3"": """", ""city"": ""Milan"", ""zip_code"": ""20122"", ""country"": ""IT"", ""state"": ""MI"", ""display_address"": [""Corso Venezia 15"", ""20122 Milan"", ""Italy""]}, ""phone"": ""+390276011154"", ""display_phone"": ""+39 02 7601 1154"", ""distance"": 787.6329025279484}, {""id"": ""KCRHk6KGvvdOd26XVYiAEQ"", ""alias"": ""la-ravioleria-sarpi-milano"", ""name"": ""La Ravioleria Sarpi"", ""image_url"": ""https://s3-media4.fl.yelpcdn.com/bphoto/G8Pw5sNmL_6YdCYfFus_Tw/o.jpg"", ""is_closed"": false, ""url"": ""https://www.yelp.com/biz/la-ravioleria-sarpi-milano?adjust_creative=ULHW7ynqdXE8Z9Fnr4irFw&utm_campaign=yelp_api_v3&utm_medium=api_v3_business_search&utm_source=ULHW7ynqdXE8Z9Fnr4irFw"", ""review_count"": 29, ""categories"": [{""alias"": ""dimsum"", ""title"": ""Dim Sum""}], ""rating"": 4.0, ""coordinates"": {""latitude"": 45.48131, ""longitude"": 9.17603}, ""transactions"": [], ""price"": ""\u20ac"", ""location"": {""address1"": ""Via Paolo Sarpi 27"", ""address2"": """", ""address3"": """", ""city"": ""Milan"", ""zip_code"": ""20154"", ""country"": ""IT"", ""state"": ""MI"", ""display_address"": [""Via Paolo Sarpi 27"", ""20154 Milan"", ""Italy""]}, ""phone"": ""+393318870596"", ""display_phone"": ""+39 331 887 0596"", ""distance"": 1574.1355278243132}, {""id"": ""rX1L-GH0tr0egpxkRDOI1g"", ""alias"": ""panini-durini-milano"", ""name"": ""Panini Durini"", ""image_url"": ""https://s3-media2.fl.yelpcdn.com/bphoto/9U-1HGpsjYQ_q7YohwKwcg/o.jpg"", ""is_closed"": false, ""url"": ""https://www.yelp.com/biz/panini-durini-milano?adjust_creative=ULHW7ynqdXE8Z9Fnr4irFw&utm_campaign=yelp_api_v3&utm_medium=api_v3_business_search&utm_source=ULHW7ynqdXE8Z9Fnr4irFw"", ""review_count"": 20, ""categories"": [{""alias"": ""sandwiches"", ""title"": ""Sandwiches""}, {""alias"": ""desserts"", ""title"": ""Desserts""}, {""alias"": ""cafeteria"", ""title"": ""Cafeteria""}], ""rating"": 4.5, ""coordinates"": {""latitude"": 45.4653854370117, ""longitude"": 9.19822978973389}, ""transactions"": [], ""price"": ""\u20ac"", ""location"": {""address1"": ""Via Durini 26"", ""address2"": """", ""address3"": """", ""city"": ""Milan"", ""zip_code"": ""20122"", ""country"": ""IT"", ""state"": ""MI"", ""display_address"": [""Via Durini 26"", ""20122 Milan"", ""Italy""]}, ""phone"": ""+390276024237"", ""display_phone"": ""+39 02 7602 4237"", ""distance"": 921.9489578833219}, {""id"": ""aQ3nFmGUTLMj9el8CU7_SA"", ""alias"": ""red-read-eat-dream-milano"", ""name"": ""RED - Read Eat Dream"", ""image_url"": ""https://s3-media2.fl.yelpcdn.com/bphoto/Sh4_jTWHbZykuAPyIG9o0Q/o.jpg"", ""is_closed"": false, ""url"": ""https://www.yelp.com/biz/red-read-eat-dream-milano?adjust_creative=ULHW7ynqdXE8Z9Fnr4irFw&utm_campaign=yelp_api_v3&utm_medium=api_v3_business_search&utm_source=ULHW7ynqdXE8Z9Fnr4irFw"", ""review_count"": 31, ""categories"": [{""alias"": ""bookstores"", ""title"": ""Bookstores""}, {""alias"": ""cafes"", ""title"": ""Cafes""}, {""alias"": ""italian"", ""title"": ""Italian""}], ""rating"": 4.0, ""coordinates"": {""latitude"": 45.4836623892925, ""longitude"": 9.18994481168138}, ""transactions"": [], ""price"": ""\u20ac\u20ac"", ""location"": {""address1"": ""Piazza Gae Aulenti 1"", ""address2"": """", ""address3"": """", ""city"": ""Milan"", ""zip_code"": ""20154"", ""country"": ""IT"", ""state"": ""MI"", ""display_address"": [""Piazza Gae Aulenti 1"", ""20154 Milan"", ""Italy""]}, ""phone"": ""+39199151173"", ""display_phone"": ""+39 199 151 173"", ""distance"": 1468.3251239114297}], ""total"": 1100, ""region"": {""center"": {""longitude"": 9.189033508300781, ""latitude"": 45.47047287954827}}}",application/json,false,"OAS disconformity: [Path '/businesses/[item]/price'] Instance value ("""") not found in enum (possible values: [""$"";""$$"";""$$$"";""$$$$""]) --- [Path '/businesses/[item]/price'] Instance value ("""") not found in enum (possible values: [""$"";""$$"";""$$$"";""$$$$""]) --- [Path '/businesses/[item]/price'] Instance value ("""") not found in enum (possible values: [""$"";""$$"";""$$$"";""$$$$""])"
test_sksv8olq5qgm_getBusinesses,400,"{""error"": {""code"": ""VALIDATION_ERROR"", ""description"": ""Please specify a location or a latitude and longitude""}}",application/json,true,none
test_sl67srx8mxpw_getBusinesses,400,"{""error"": {""code"": ""VALIDATION_ERROR"", ""description"": ""Please specify a location or a latitude and longitude""}}",application/json,true,none
test_t4f450b5rrkx_getBusinesses,400,"{""error"": {""code"": ""VALIDATION_ERROR"", ""description"": ""The open_at provided is too long ago, the timestamp must be within the last two weeks.""}}",application/json,true,none
test_t4symfx0zzhe_getBusinesses,400,"{""error"": {""code"": ""VALIDATION_ERROR"", ""description"": ""Please specify a location or a latitude and longitude""}}",application/json,true,none
test_t4tfgi7wrmg1_getBusinesses,400,"{""error"": {""code"": ""VALIDATION_ERROR"", ""description"": ""Please specify a location or a latitude and longitude""}}",application/json,true,none
test_t8cxva1zwjfp_getBusinesses,400,"{""error"": {""code"": ""LOCATION_NOT_FOUND"", ""description"": ""Could not execute search, try specifying a more exact location.""}}",application/json,true,none
test_tocxfqxu2tsz_getBusinesses,400,"{""error"": {""code"": ""VALIDATION_ERROR"", ""description"": ""Please specify a location or a latitude and longitude""}}",application/json,true,none
test_tonykugxg5rl_getBusinesses,400,"{""error"": {""code"": ""VALIDATION_ERROR"", ""description"": ""Please specify a location or a latitude and longitude""}}",application/json,true,none
test_trwwx0oes1m9_getBusinesses,400,"{""error"": {""code"": ""VALIDATION_ERROR"", ""description"": ""Please specify a location or a latitude and longitude""}}",application/json,true,none
test_urhblllm8wv5_getBusinesses,200,"{""businesses"": [], ""total"": 0, ""region"": {""center"": {""longitude"": -122.43644714355469, ""latitude"": 37.76089938976322}}}",application/json,true,none
test_vbpqdfjgqe5v_getBusinesses,400,"{""error"": {""code"": ""VALIDATION_ERROR"", ""description"": ""Please specify a location or a latitude and longitude""}}",application/json,true,none
test_vevctbpqp4dd_getBusinesses,200,"{""businesses"": [], ""total"": 0, ""region"": {""center"": {""longitude"": 9.189033508300781, ""latitude"": 45.47047287954827}}}",application/json,true,none
test_vevucfchf9sx_getBusinesses,400,"{""error"": {""code"": ""VALIDATION_ERROR"", ""description"": ""The open_at provided is too long ago, the timestamp must be within the last two weeks.""}}",application/json,true,none
