testResultId,statusCode,responseBody,outputContentType,passed,failReason
test_1hb878vhk14km_getBusinesses,200,"{""businesses"": [], ""total"": 1, ""region"": {""center"": {""longitude"": -106.44927978515625, ""latitude"": 31.653215982221013}}}",application/json,true,none
test_1hbfz31g2nzg8_getBusinesses,400,"{""error"": {""code"": ""VALIDATION_ERROR"", ""description"": ""Please specify a location or a latitude and longitude""}}",application/json,true,none
test_1hrggkpgelw6x_getBusinesses,200,"{""businesses"": [], ""total"": 0, ""region"": {""center"": {""longitude"": -105.96038818359375, ""latitude"": 35.665062782072155}}}",application/json,true,none
test_1hrj9zfzhop4h_getBusinesses,400,"{""error"": {""code"": ""VALIDATION_ERROR"", ""description"": ""Please specify a location or a latitude and longitude""}}",application/json,true,none
test_1hrrk503cixy9_getBusinesses,400,"{""error"": {""code"": ""OPEN_AT_AND_NOW_PROVIDED"", ""description"": ""You must specify either open_at or open_now, not both.""}}",application/json,true,none
test_1hrud0orf6zht_getBusinesses,200,"{""businesses"": [], ""total"": 0, ""region"": {""center"": {""longitude"": 9.189033508300781, ""latitude"": 45.47047287954827}}}",application/json,true,none
test_1hvbjb3mhm054_getBusinesses,400,"{""error"": {""code"": ""VALIDATION_ERROR"", ""description"": ""Please specify a location or a latitude and longitude""}}",application/json,true,none
test_1iavf8zb26vxy_getBusinesses,400,"{""error"": {""code"": ""VALIDATION_ERROR"", ""description"": ""Please specify a location or a latitude and longitude""}}",application/json,true,none
test_1ib0yepuq82t5_getBusinesses,400,"{""error"": {""code"": ""OPEN_AT_AND_NOW_PROVIDED"", ""description"": ""You must specify either open_at or open_now, not both.""}}",application/json,true,none
test_1ib6gegn17i2b_getBusinesses,400,"{""error"": {""code"": ""VALIDATION_ERROR"", ""description"": ""Please specify a location or a latitude and longitude""}}",application/json,true,none
test_1iv11hc7yd3qu_getBusinesses,400,"{""error"": {""code"": ""VALIDATION_ERROR"", ""description"": ""Please specify a location or a latitude and longitude""}}",application/json,true,none
test_1iyf0swpbvjn5_getBusinesses,400,"{""error"": {""code"": ""VALIDATION_ERROR"", ""description"": ""Please specify a location or a latitude and longitude""}}",application/json,true,none
test_1iyq1k4zxjluq_getBusinesses,400,"{""error"": {""code"": ""VALIDATION_ERROR"", ""description"": ""Please specify a location or a latitude and longitude""}}",application/json,true,none
test_1iyqk7bpgf03c_getBusinesses,400,"{""error"": {""code"": ""LOCATION_NOT_FOUND"", ""description"": ""Could not execute search, try specifying a more exact location.""}}",application/json,true,none
test_1jei9aneyjjg9_getBusinesses,400,"{""error"": {""code"": ""VALIDATION_ERROR"", ""description"": ""Please specify a location or a latitude and longitude""}}",application/json,true,none
test_1jiajbd507nsg_getBusinesses,400,"{""error"": {""code"": ""VALIDATION_ERROR"", ""description"": ""Please specify a location or a latitude and longitude""}}",application/json,true,none
test_1jyd96hkwji3q_getBusinesses,400,"{""error"": {""code"": ""VALIDATION_ERROR"", ""description"": ""Too many results requested, limit+offset must be <= 1000.""}}",application/json,true,none
test_qe14c80cphlv_getBusinesses,400,"{""error"": {""code"": ""LOCATION_NOT_FOUND"", ""description"": ""Could not execute search, try specifying a more exact location.""}}",application/json,true,none
test_qe6nf3wzcbja_getBusinesses,200,"{""businesses"": [{""id"": ""PgZWERNaX9f1NtqG_xfOsQ"", ""alias"": ""decathlon-milano"", ""name"": ""Decathlon"", ""image_url"": ""https://s3-media4.fl.yelpcdn.com/bphoto/AyAc59OegfwEnCkzrFOROQ/o.jpg"", ""is_closed"": false, ""url"": ""https://fr.yelp.ch/biz/decathlon-milano?adjust_creative=ULHW7ynqdXE8Z9Fnr4irFw&utm_campaign=yelp_api_v3&utm_medium=api_v3_business_search&utm_source=ULHW7ynqdXE8Z9Fnr4irFw"", ""review_count"": 23, ""categories"": [{""alias"": ""sportswear"", ""title"": ""V\u00eatements de sport""}], ""rating"": 3.5, ""coordinates"": {""latitude"": 45.4687166181462, ""longitude"": 9.18228695131222}, ""transactions"": [], ""price"": ""\u20ac\u20ac"", ""location"": {""address1"": ""Foro Buonaparte 74"", ""address2"": null, ""address3"": null, ""city"": ""Milan"", ""zip_code"": ""20121"", ""country"": ""IT"", ""state"": ""MI"", ""display_address"": [""Foro Buonaparte 74"", ""20121 Milan"", ""Italie""]}, ""phone"": ""+390280509755"", ""display_phone"": ""+39 02 8050 9755"", ""distance"": 561.1696482021144}, {""id"": ""23yGdupSgFxMMcFFrixHxA"", ""alias"": ""yamato-milano"", ""name"": ""Yamato"", ""image_url"": ""https://s3-media3.fl.yelpcdn.com/bphoto/bTjJa3OFnQbTx9ty-MnA5w/o.jpg"", ""is_closed"": false, ""url"": ""https://fr.yelp.ch/biz/yamato-milano?adjust_creative=ULHW7ynqdXE8Z9Fnr4irFw&utm_campaign=yelp_api_v3&utm_medium=api_v3_business_search&utm_source=ULHW7ynqdXE8Z9Fnr4irFw"", ""review_count"": 16, ""categories"": [{""alias"": ""comicbooks"", ""title"": ""Bandes dessin\u00e9es""}, {""alias"": ""hobbyshops"", ""title"": ""Magasin de loisirs""}, {""alias"": ""videogamestores"", ""title"": ""Vente de jeux vid\u00e9o""}], ""rating"": 4.0, ""coordinates"": {""latitude"": 45.4764511692083, ""longitude"": 9.20540367909848}, ""transactions"": [], ""price"": ""\u20ac\u20ac"", ""location"": {""address1"": ""Via Alessandro Tadino 5"", ""address2"": null, ""address3"": null, ""city"": ""Milan"", ""zip_code"": ""20124"", ""country"": ""IT"", ""state"": ""MI"", ""display_address"": [""Via Alessandro Tadino 5"", ""20124 Milan"", ""Italie""]}, ""phone"": ""+390229409679"", ""display_phone"": ""+39 02 2940 9679"", ""distance"": 1439.1753463635855}, {""id"": ""kWJ4Up9d5BIPkN3e8wirjA"", ""alias"": ""la-borsa-del-fumetto-milano"", ""name"": ""La Borsa del Fumetto"", ""image_url"": ""https://s3-media2.fl.yelpcdn.com/bphoto/aezk4cal7j_RAfEyro9UTw/o.jpg"", ""is_closed"": false, ""url"": ""https://fr.yelp.ch/biz/la-borsa-del-fumetto-milano?adjust_creative=ULHW7ynqdXE8Z9Fnr4irFw&utm_campaign=yelp_api_v3&utm_medium=api_v3_business_search&utm_source=ULHW7ynqdXE8Z9Fnr4irFw"", ""review_count"": 14, ""categories"": [{""alias"": ""comicbooks"", ""title"": ""Bandes dessin\u00e9es""}, {""alias"": ""videogamestores"", ""title"": ""Vente de jeux vid\u00e9o""}], ""rating"": 3.5, ""coordinates"": {""latitude"": 45.4770907685695, ""longitude"": 9.20243871217239}, ""transactions"": [], ""price"": ""\u20ac\u20ac"", ""location"": {""address1"": ""Via Panfilo Castaldi 23"", ""address2"": null, ""address3"": null, ""city"": ""Milan"", ""zip_code"": ""20124"", ""country"": ""IT"", ""state"": ""MI"", ""display_address"": [""Via Panfilo Castaldi 23"", ""20124 Milan"", ""Italie""]}, ""phone"": ""+390266669040"", ""display_phone"": ""+39 02 6666 9040"", ""distance"": 1278.3066164539127}, {""id"": ""ct_XgsOVT-1YbF2M-lHCZg"", ""alias"": ""bianchi-caf\u00e9-e-cycles-milano"", ""name"": ""Bianchi Caf\u00e9 & Cycles"", ""image_url"": ""https://s3-media2.fl.yelpcdn.com/bphoto/UGBf54eonEdnBwBhmVpNtA/o.jpg"", ""is_closed"": false, ""url"": ""https://fr.yelp.ch/biz/bianchi-caf%C3%A9-e-cycles-milano?adjust_creative=ULHW7ynqdXE8Z9Fnr4irFw&utm_campaign=yelp_api_v3&utm_medium=api_v3_business_search&utm_source=ULHW7ynqdXE8Z9Fnr4irFw"", ""review_count"": 5, ""categories"": [{""alias"": ""bistros"", ""title"": ""Bistrot""}, {""alias"": ""bike_repair_maintenance"", ""title"": ""R\u00e9paration de v\u00e9lo/Maintenance""}, {""alias"": ""bikes"", ""title"": ""V\u00e9los""}], ""rating"": 4.5, ""coordinates"": {""latitude"": 45.4637794, ""longitude"": 9.1965303}, ""transactions"": [], ""price"": ""\u20ac\u20ac\u20ac"", ""location"": {""address1"": ""Via Felice Cavallotti 8"", ""address2"": """", ""address3"": """", ""city"": ""Milan"", ""zip_code"": ""20122"", ""country"": ""IT"", ""state"": ""MI"", ""display_address"": [""Via Felice Cavallotti 8"", ""20122 Milan"", ""Italie""]}, ""phone"": ""+390225061039"", ""display_phone"": ""+39 02 2506 1039"", ""distance"": 954.8940542826602}, {""id"": ""vJTL2sjG7gDZTu1LluZ3zg"", ""alias"": ""motoplex-milano"", ""name"": ""Motoplex"", ""image_url"": ""https://s3-media3.fl.yelpcdn.com/bphoto/cbnwLEdgM7TbYBHJYdiKYA/o.jpg"", ""is_closed"": false, ""url"": ""https://fr.yelp.ch/biz/motoplex-milano?adjust_creative=ULHW7ynqdXE8Z9Fnr4irFw&utm_campaign=yelp_api_v3&utm_medium=api_v3_business_search&utm_source=ULHW7ynqdXE8Z9Fnr4irFw"", ""review_count"": 4, ""categories"": [{""alias"": ""motorcyclinggear"", ""title"": ""\u00c9quipement moto""}, {""alias"": ""sportswear"", ""title"": ""V\u00eatements de sport""}], ""rating"": 4.5, ""coordinates"": {""latitude"": 45.4673119, ""longitude"": 9.1856699}, ""transactions"": [], ""location"": {""address1"": ""Via Broletto 13"", ""address2"": """", ""address3"": """", ""city"": ""Milan"", ""zip_code"": ""20121"", ""country"": ""IT"", ""state"": ""MI"", ""display_address"": [""Via Broletto 13"", ""20121 Milan"", ""Italie""]}, ""phone"": ""+390231961223"", ""display_phone"": ""+39 02 3196 1223"", ""distance"": 438.7555160861784}, {""id"": ""rkpaX0NaHkg_P0ULK3VPYw"", ""alias"": ""mondadori-megastore-milano-2"", ""name"": ""Mondadori Megastore"", ""image_url"": ""https://s3-media2.fl.yelpcdn.com/bphoto/AixVSe9K2cMK-4t-qaoUsg/o.jpg"", ""is_closed"": false, ""url"": ""https://fr.yelp.ch/biz/mondadori-megastore-milano-2?adjust_creative=ULHW7ynqdXE8Z9Fnr4irFw&utm_campaign=yelp_api_v3&utm_medium=api_v3_business_search&utm_source=ULHW7ynqdXE8Z9Fnr4irFw"", ""review_count"": 15, ""categories"": [{""alias"": ""videogamestores"", ""title"": ""Vente de jeux vid\u00e9o""}], ""rating"": 3.5, ""coordinates"": {""latitude"": 45.46672, ""longitude"": 9.15147}, ""transactions"": [], ""price"": ""\u20ac\u20ac"", ""location"": {""address1"": ""Via Marghera 28"", ""address2"": null, ""address3"": null, ""city"": ""Milan"", ""zip_code"": ""20149"", ""country"": ""IT"", ""state"": ""MI"", ""display_address"": [""Via Marghera 28"", ""20149 Milan"", ""Italie""]}, ""phone"": ""+3902480471"", ""display_phone"": ""+39 02 480471"", ""distance"": 2972.099709714534}, {""id"": ""kxQZ_Dr1ved7-eqacQWp8g"", ""alias"": ""spectrum-milano-2"", ""name"": ""Spectrum"", ""image_url"": ""https://s3-media1.fl.yelpcdn.com/bphoto/Cn8GzoytRw5yjVllxqmMuQ/o.jpg"", ""is_closed"": false, ""url"": ""https://fr.yelp.ch/biz/spectrum-milano-2?adjust_creative=ULHW7ynqdXE8Z9Fnr4irFw&utm_campaign=yelp_api_v3&utm_medium=api_v3_business_search&utm_source=ULHW7ynqdXE8Z9Fnr4irFw"", ""review_count"": 3, ""categories"": [{""alias"": ""shoes"", ""title"": ""Magasins de chaussures""}, {""alias"": ""sportswear"", ""title"": ""V\u00eatements de sport""}], ""rating"": 4.5, ""coordinates"": {""latitude"": 45.4792645665826, ""longitude"": 9.20218515850677}, ""transactions"": [], ""price"": ""\u20ac\u20ac"", ""location"": {""address1"": ""Via Felice Casati 29"", ""address2"": """", ""address3"": """", ""city"": ""Milan"", ""zip_code"": ""20124"", ""country"": ""IT"", ""state"": ""MI"", ""display_address"": [""Via Felice Casati 29"", ""20124 Milan"", ""Italie""]}, ""phone"": ""+390267071408"", ""display_phone"": ""+39 02 6707 1408"", ""distance"": 1416.7772835384108}, {""id"": ""LS67TOxpl_z8YY4sA4yLWg"", ""alias"": ""nike-store-milano-2"", ""name"": ""Nike Store"", ""image_url"": ""https://s3-media2.fl.yelpcdn.com/bphoto/Cr9NrNnuOhoDiKfXqUSbMg/o.jpg"", ""is_closed"": false, ""url"": ""https://fr.yelp.ch/biz/nike-store-milano-2?adjust_creative=ULHW7ynqdXE8Z9Fnr4irFw&utm_campaign=yelp_api_v3&utm_medium=api_v3_business_search&utm_source=ULHW7ynqdXE8Z9Fnr4irFw"", ""review_count"": 4, ""categories"": [{""alias"": ""sportswear"", ""title"": ""V\u00eatements de sport""}, {""alias"": ""accessories"", ""title"": ""Accessoires""}, {""alias"": ""shoes"", ""title"": ""Magasins de chaussures""}], ""rating"": 4.0, ""coordinates"": {""latitude"": 45.4825977583766, ""longitude"": 9.18873325449215}, ""transactions"": [], ""price"": ""\u20ac\u20ac\u20ac"", ""location"": {""address1"": ""Piazza Gae Aulenti 6"", ""address2"": """", ""address3"": """", ""city"": ""Milan"", ""zip_code"": ""20154"", ""country"": ""IT"", ""state"": ""MI"", ""display_address"": [""Piazza Gae Aulenti 6"", ""20154 Milan"", ""Italie""]}, ""phone"": ""+39263793451"", ""display_phone"": ""+39 263793451"", ""distance"": 1348.4267554724663}, {""id"": ""B-_CqDvHD2DLBWtA-oqzJg"", ""alias"": ""deus-ex-machina-milano"", ""name"": ""Deus Ex Machina"", ""image_url"": ""https://s3-media2.fl.yelpcdn.com/bphoto/1fQ2_yts4bidJqEvjG3j0g/o.jpg"", ""is_closed"": false, ""url"": ""https://fr.yelp.ch/biz/deus-ex-machina-milano?adjust_creative=ULHW7ynqdXE8Z9Fnr4irFw&utm_campaign=yelp_api_v3&utm_medium=api_v3_business_search&utm_source=ULHW7ynqdXE8Z9Fnr4irFw"", ""review_count"": 6, ""categories"": [{""alias"": ""sportswear"", ""title"": ""V\u00eatements de sport""}], ""rating"": 4.0, ""coordinates"": {""latitude"": 45.4908970401687, ""longitude"": 9.18902512639761}, ""transactions"": [], ""price"": ""\u20ac\u20ac"", ""location"": {""address1"": ""Via Thaon de Revel 3"", ""address2"": """", ""address3"": """", ""city"": ""Milan"", ""zip_code"": ""20159"", ""country"": ""IT"", ""state"": ""MI"", ""display_address"": [""Via Thaon de Revel 3"", ""20159 Milan"", ""Italie""]}, ""phone"": ""+390283422610"", ""display_phone"": ""+39 02 8342 2610"", ""distance"": 2271.060617147859}, {""id"": ""ex2TyRzS8gRzBH6Tys90Ww"", ""alias"": ""tutto-per-lo-sport-milano"", ""name"": ""Tutto per Lo Sport"", ""image_url"": ""https://s3-media2.fl.yelpcdn.com/bphoto/VULsUmEKhtTM41oRkY1meg/o.jpg"", ""is_closed"": false, ""url"": ""https://fr.yelp.ch/biz/tutto-per-lo-sport-milano?adjust_creative=ULHW7ynqdXE8Z9Fnr4irFw&utm_campaign=yelp_api_v3&utm_medium=api_v3_business_search&utm_source=ULHW7ynqdXE8Z9Fnr4irFw"", ""review_count"": 3, ""categories"": [{""alias"": ""sportgoods"", ""title"": ""Magasin de sport""}], ""rating"": 4.5, ""coordinates"": {""latitude"": 45.46101, ""longitude"": 9.18436}, ""transactions"": [], ""price"": ""\u20ac\u20ac\u20ac"", ""location"": {""address1"": ""Via Torino, 52"", ""address2"": null, ""address3"": null, ""city"": ""Milan"", ""zip_code"": ""20123"", ""country"": ""IT"", ""state"": ""MI"", ""display_address"": [""Via Torino, 52"", ""20123 Milan"", ""Italie""]}, ""phone"": ""+390286453508"", ""display_phone"": ""+39 02 8645 3508"", ""distance"": 1110.4482545800352}, {""id"": ""Ytt2BpGWIExOh47MaK4O6g"", ""alias"": ""milan-store-milano-4"", ""name"": ""Milan Store"", ""image_url"": ""https://s3-media4.fl.yelpcdn.com/bphoto/og2K86orQ2Fgo-0LQCjLwg/o.jpg"", ""is_closed"": false, ""url"": ""https://fr.yelp.ch/biz/milan-store-milano-4?adjust_creative=ULHW7ynqdXE8Z9Fnr4irFw&utm_campaign=yelp_api_v3&utm_medium=api_v3_business_search&utm_source=ULHW7ynqdXE8Z9Fnr4irFw"", ""review_count"": 3, ""categories"": [{""alias"": ""sportswear"", ""title"": ""V\u00eatements de sport""}], ""rating"": 4.0, ""coordinates"": {""latitude"": 45.4654252, ""longitude"": 9.1954604}, ""transactions"": [], ""price"": ""\u20ac\u20ac\u20ac"", ""location"": {""address1"": ""Galleria San Carlo"", ""address2"": """", ""address3"": """", ""city"": ""Milan"", ""zip_code"": ""20122"", ""country"": ""IT"", ""state"": ""MI"", ""display_address"": [""Galleria San Carlo"", ""20122 Milan"", ""Italie""]}, ""phone"": ""+390249580176"", ""display_phone"": ""+39 02 4958 0176"", ""distance"": 752.4709708098585}, {""id"": ""fZghWAhLrMzOltt2uQ-g5w"", ""alias"": ""born-to-run-milano"", ""name"": ""Born To Run"", ""image_url"": ""https://s3-media2.fl.yelpcdn.com/bphoto/bbe3YbkOo-uLanCmAiGdQQ/o.jpg"", ""is_closed"": false, ""url"": ""https://fr.yelp.ch/biz/born-to-run-milano?adjust_creative=ULHW7ynqdXE8Z9Fnr4irFw&utm_campaign=yelp_api_v3&utm_medium=api_v3_business_search&utm_source=ULHW7ynqdXE8Z9Fnr4irFw"", ""review_count"": 3, ""categories"": [{""alias"": ""outdoorgear"", ""title"": ""\u00c9quipement pour l\u2019ext\u00e9rieur""}, {""alias"": ""sportswear"", ""title"": ""V\u00eatements de sport""}, {""alias"": ""watches"", ""title"": ""Montres""}], ""rating"": 4.5, ""coordinates"": {""latitude"": 45.47758, ""longitude"": 9.17273}, ""transactions"": [], ""price"": ""\u20ac\u20ac\u20ac"", ""location"": {""address1"": ""Via Cagnola 12"", ""address2"": """", ""address3"": """", ""city"": ""Milan"", ""zip_code"": ""20154"", ""country"": ""IT"", ""state"": ""MI"", ""display_address"": [""Via Cagnola 12"", ""20154 Milan"", ""Italie""]}, ""phone"": ""+390239622151"", ""display_phone"": ""+39 02 3962 2151"", ""distance"": 1491.1719803358808}, {""id"": ""9tM3yox9H6qoX-rMAV76ag"", ""alias"": ""moncler-milano"", ""name"": ""Moncler"", ""image_url"": """", ""is_closed"": false, ""url"": ""https://fr.yelp.ch/biz/moncler-milano?adjust_creative=ULHW7ynqdXE8Z9Fnr4irFw&utm_campaign=yelp_api_v3&utm_medium=api_v3_business_search&utm_source=ULHW7ynqdXE8Z9Fnr4irFw"", ""review_count"": 2, ""categories"": [{""alias"": ""menscloth"", ""title"": ""V\u00eatements pour hommes""}, {""alias"": ""womenscloth"", ""title"": ""V\u00eatements pour femmes""}, {""alias"": ""sportswear"", ""title"": ""V\u00eatements de sport""}], ""rating"": 4.5, ""coordinates"": {""latitude"": 45.4691, ""longitude"": 9.19802}, ""transactions"": [], ""location"": {""address1"": ""Via della Spiga 7"", ""address2"": null, ""address3"": null, ""city"": ""Milan"", ""zip_code"": ""20121"", ""country"": ""IT"", ""state"": ""MI"", ""display_address"": [""Via della Spiga 7"", ""20121 Milan"", ""Italie""]}, ""phone"": ""+390276025913"", ""display_phone"": ""+39 02 7602 5913"", ""distance"": 709.7881850820341}, {""id"": ""GN_8yOJZ46Yzw2FM9z82WQ"", ""alias"": ""uptown-milano"", ""name"": ""Uptown"", ""image_url"": ""https://s3-media2.fl.yelpcdn.com/bphoto/FEr8MwHMN6l6pIyWNz384w/o.jpg"", ""is_closed"": false, ""url"": ""https://fr.yelp.ch/biz/uptown-milano?adjust_creative=ULHW7ynqdXE8Z9Fnr4irFw&utm_campaign=yelp_api_v3&utm_medium=api_v3_business_search&utm_source=ULHW7ynqdXE8Z9Fnr4irFw"", ""review_count"": 3, ""categories"": [{""alias"": ""sportswear"", ""title"": ""V\u00eatements de sport""}], ""rating"": 4.5, ""coordinates"": {""latitude"": 45.4764399, ""longitude"": 9.20591}, ""transactions"": [], ""price"": ""\u20ac\u20ac\u20ac"", ""location"": {""address1"": ""Via Palazzi Lazzaro, 4"", ""address2"": null, ""address3"": null, ""city"": ""Milan"", ""zip_code"": ""20124"", ""country"": ""IT"", ""state"": ""MI"", ""display_address"": [""Via Palazzi Lazzaro, 4"", ""20124 Milan"", ""Italie""]}, ""phone"": ""+390229401413"", ""display_phone"": ""+39 02 2940 1413"", ""distance"": 1480.050216161524}, {""id"": ""_ZLxnPe5F3L2c2xz3488Bw"", ""alias"": ""tutto-per-lo-sport-2-milano"", ""name"": ""Tutto per lo Sport 2"", ""image_url"": ""https://s3-media4.fl.yelpcdn.com/bphoto/CCGEvxQDxGRkscHNIK6JNA/o.jpg"", ""is_closed"": false, ""url"": ""https://fr.yelp.ch/biz/tutto-per-lo-sport-2-milano?adjust_creative=ULHW7ynqdXE8Z9Fnr4irFw&utm_campaign=yelp_api_v3&utm_medium=api_v3_business_search&utm_source=ULHW7ynqdXE8Z9Fnr4irFw"", ""review_count"": 3, ""categories"": [{""alias"": ""sportswear"", ""title"": ""V\u00eatements de sport""}], ""rating"": 4.0, ""coordinates"": {""latitude"": 45.4608, ""longitude"": 9.18441}, ""transactions"": [], ""price"": ""\u20ac\u20ac"", ""location"": {""address1"": ""Via Torino, 51"", ""address2"": """", ""address3"": """", ""city"": ""Milan"", ""zip_code"": ""20123"", ""country"": ""IT"", ""state"": ""MI"", ""display_address"": [""Via Torino, 51"", ""20123 Milan"", ""Italie""]}, ""phone"": ""+390286453034"", ""display_phone"": ""+39 02 8645 3034"", ""distance"": 1131.2635779678799}, {""id"": ""63SC2GbNr3W-3iH0QMB_gw"", ""alias"": ""formenti-bulgarelli-milano"", ""name"": ""Formenti Bulgarelli"", ""image_url"": ""https://s3-media2.fl.yelpcdn.com/bphoto/H55OhYjUsqp14mlYKhjLKA/o.jpg"", ""is_closed"": false, ""url"": ""https://fr.yelp.ch/biz/formenti-bulgarelli-milano?adjust_creative=ULHW7ynqdXE8Z9Fnr4irFw&utm_campaign=yelp_api_v3&utm_medium=api_v3_business_search&utm_source=ULHW7ynqdXE8Z9Fnr4irFw"", ""review_count"": 2, ""categories"": [{""alias"": ""hardware"", ""title"": ""Magasins de bricolage""}], ""rating"": 5.0, ""coordinates"": {""latitude"": 45.47577, ""longitude"": 9.20488}, ""transactions"": [], ""location"": {""address1"": ""Via Castaldi 38"", ""address2"": """", ""address3"": """", ""city"": ""Milan"", ""zip_code"": ""20124"", ""country"": ""IT"", ""state"": ""MI"", ""display_address"": [""Via Castaldi 38"", ""20124 Milan"", ""Italie""]}, ""phone"": ""+390229513817"", ""display_phone"": ""+39 02 2951 3817"", ""distance"": 1369.173124431124}, {""id"": ""MPte5KP8SpuX18_K6lHC2w"", ""alias"": ""pleasur-milano"", ""name"": ""Pleasur"", ""image_url"": ""https://s3-media1.fl.yelpcdn.com/bphoto/XVzOwSMg5RgcziAcXX-VCA/o.jpg"", ""is_closed"": false, ""url"": ""https://fr.yelp.ch/biz/pleasur-milano?adjust_creative=ULHW7ynqdXE8Z9Fnr4irFw&utm_campaign=yelp_api_v3&utm_medium=api_v3_business_search&utm_source=ULHW7ynqdXE8Z9Fnr4irFw"", ""review_count"": 4, ""categories"": [{""alias"": ""sportgoods"", ""title"": ""Magasin de sport""}], ""rating"": 4.0, ""coordinates"": {""latitude"": 45.45932, ""longitude"": 9.17669}, ""transactions"": [], ""price"": ""\u20ac\u20ac\u20ac"", ""location"": {""address1"": ""Via De Amicis, 33"", ""address2"": """", ""address3"": """", ""city"": ""Milan"", ""zip_code"": ""20123"", ""country"": ""IT"", ""state"": ""MI"", ""display_address"": [""Via De Amicis, 33"", ""20123 Milan"", ""Italie""]}, ""phone"": """", ""display_phone"": """", ""distance"": 1571.2380571116735}, {""id"": ""Nqlj0vtEzMqK0dM2Wx8CXA"", ""alias"": ""rossignoli-biciclette-milano"", ""name"": ""Rossignoli Biciclette"", ""image_url"": ""https://s3-media3.fl.yelpcdn.com/bphoto/4Dskv3ZCVaP8fMg5CfLxEw/o.jpg"", ""is_closed"": false, ""url"": ""https://fr.yelp.ch/biz/rossignoli-biciclette-milano?adjust_creative=ULHW7ynqdXE8Z9Fnr4irFw&utm_campaign=yelp_api_v3&utm_medium=api_v3_business_search&utm_source=ULHW7ynqdXE8Z9Fnr4irFw"", ""review_count"": 6, ""categories"": [{""alias"": ""bikes"", ""title"": ""V\u00e9los""}, {""alias"": ""bike_repair_maintenance"", ""title"": ""R\u00e9paration de v\u00e9lo/Maintenance""}], ""rating"": 2.5, ""coordinates"": {""latitude"": 45.47502, ""longitude"": 9.18341}, ""transactions"": [], ""price"": ""\u20ac\u20ac\u20ac"", ""location"": {""address1"": ""Corso Garibaldi 71"", ""address2"": """", ""address3"": """", ""city"": ""Milan"", ""zip_code"": ""20121"", ""country"": ""IT"", ""state"": ""MI"", ""display_address"": [""Corso Garibaldi 71"", ""20121 Milan"", ""Italie""]}, ""phone"": ""+3902804960"", ""display_phone"": ""+39 02 804960"", ""distance"": 674.3754763516473}, {""id"": ""FxZ4ooFb5pndIW9g06aH6w"", ""alias"": ""silvestrini-milano"", ""name"": ""Silvestrini"", ""image_url"": ""https://s3-media4.fl.yelpcdn.com/bphoto/NrRvvz-FMRn6RZ51_A6Kmg/o.jpg"", ""is_closed"": false, ""url"": ""https://fr.yelp.ch/biz/silvestrini-milano?adjust_creative=ULHW7ynqdXE8Z9Fnr4irFw&utm_campaign=yelp_api_v3&utm_medium=api_v3_business_search&utm_source=ULHW7ynqdXE8Z9Fnr4irFw"", ""review_count"": 3, ""categories"": [{""alias"": ""bikes"", ""title"": ""V\u00e9los""}], ""rating"": 4.5, ""coordinates"": {""latitude"": 45.4560153, ""longitude"": 9.2034499}, ""transactions"": [], ""location"": {""address1"": ""Viale Caldara 37"", ""address2"": """", ""address3"": """", ""city"": ""Milan"", ""zip_code"": ""20122"", ""country"": ""IT"", ""state"": ""MI"", ""display_address"": [""Viale Caldara 37"", ""20122 Milan"", ""Italie""]}, ""phone"": ""+39025468074"", ""display_phone"": ""+39 02 546 8074"", ""distance"": 1961.753350604031}, {""id"": ""GPzKPm2vNGApQYa5lx1KPA"", ""alias"": ""yoga-shop-milano"", ""name"": ""Yoga Shop"", ""image_url"": ""https://s3-media4.fl.yelpcdn.com/bphoto/gOXUIDnTmmY7N3tP4Liebw/o.jpg"", ""is_closed"": false, ""url"": ""https://fr.yelp.ch/biz/yoga-shop-milano?adjust_creative=ULHW7ynqdXE8Z9Fnr4irFw&utm_campaign=yelp_api_v3&utm_medium=api_v3_business_search&utm_source=ULHW7ynqdXE8Z9Fnr4irFw"", ""review_count"": 3, ""categories"": [{""alias"": ""sportswear"", ""title"": ""V\u00eatements de sport""}, {""alias"": ""yoga"", ""title"": ""Yoga""}], ""rating"": 4.5, ""coordinates"": {""latitude"": 45.45304, ""longitude"": 9.17757}, ""transactions"": [], ""location"": {""address1"": ""Viale Gabriele D'Annunzio 25"", ""address2"": null, ""address3"": null, ""city"": ""Milan"", ""zip_code"": ""20125"", ""country"": ""IT"", ""state"": ""MI"", ""display_address"": [""Viale Gabriele D'Annunzio 25"", ""20125 Milan"", ""Italie""]}, ""phone"": ""+390289077749"", ""display_phone"": ""+39 02 8907 7749"", ""distance"": 2122.658461759121}, {""id"": ""Kgbu-iXpiJQ75Yu6MjqnGQ"", ""alias"": ""detto-pietro-store-milano"", ""name"": ""Detto Pietro Store"", ""image_url"": ""https://s3-media3.fl.yelpcdn.com/bphoto/u80eWqOzCRCwjdzOMcd4fg/o.jpg"", ""is_closed"": false, ""url"": ""https://fr.yelp.ch/biz/detto-pietro-store-milano?adjust_creative=ULHW7ynqdXE8Z9Fnr4irFw&utm_campaign=yelp_api_v3&utm_medium=api_v3_business_search&utm_source=ULHW7ynqdXE8Z9Fnr4irFw"", ""review_count"": 2, ""categories"": [{""alias"": ""bikes"", ""title"": ""V\u00e9los""}], ""rating"": 4.5, ""coordinates"": {""latitude"": 45.47586, ""longitude"": 9.20284}, ""transactions"": [], ""location"": {""address1"": ""Viale Vittorio Veneto 8"", ""address2"": null, ""address3"": null, ""city"": ""Milan"", ""zip_code"": ""20124"", ""country"": ""IT"", ""state"": ""MI"", ""display_address"": [""Viale Vittorio Veneto 8"", ""20124 Milan"", ""Italie""]}, ""phone"": ""+390229405018"", ""display_phone"": ""+39 02 2940 5018"", ""distance"": 1244.3128852689822}, {""id"": ""VCGjkskHcvv88GcHYKUSTw"", ""alias"": ""cr-sport-shoes-milano"", ""name"": ""CR Sport Shoes"", ""image_url"": ""https://s3-media1.fl.yelpcdn.com/bphoto/VyPy3sxonUXcgOms3iQjRg/o.jpg"", ""is_closed"": false, ""url"": ""https://fr.yelp.ch/biz/cr-sport-shoes-milano?adjust_creative=ULHW7ynqdXE8Z9Fnr4irFw&utm_campaign=yelp_api_v3&utm_medium=api_v3_business_search&utm_source=ULHW7ynqdXE8Z9Fnr4irFw"", ""review_count"": 3, ""categories"": [{""alias"": ""shoes"", ""title"": ""Magasins de chaussures""}, {""alias"": ""sportswear"", ""title"": ""V\u00eatements de sport""}], ""rating"": 4.0, ""coordinates"": {""latitude"": 45.47713, ""longitude"": 9.20613}, ""transactions"": [], ""price"": ""\u20ac\u20ac\u20ac\u20ac"", ""location"": {""address1"": ""Viale Tunisia 8"", ""address2"": """", ""address3"": """", ""city"": ""Milan"", ""zip_code"": ""20124"", ""country"": ""IT"", ""state"": ""MI"", ""display_address"": [""Viale Tunisia 8"", ""20124 Milan"", ""Italie""]}, ""phone"": ""+390236521245"", ""display_phone"": ""+39 02 3652 1245"", ""distance"": 1507.5595614492966}, {""id"": ""chvWwX1ZIbPslZVgB5FWmQ"", ""alias"": ""la-bicicletteria-milano-3"", ""name"": ""La Bicicletteria"", ""image_url"": ""https://s3-media3.fl.yelpcdn.com/bphoto/_S3rda0QfeVUyixShDw6DA/o.jpg"", ""is_closed"": false, ""url"": ""https://fr.yelp.ch/biz/la-bicicletteria-milano-3?adjust_creative=ULHW7ynqdXE8Z9Fnr4irFw&utm_campaign=yelp_api_v3&utm_medium=api_v3_business_search&utm_source=ULHW7ynqdXE8Z9Fnr4irFw"", ""review_count"": 3, ""categories"": [{""alias"": ""bikes"", ""title"": ""V\u00e9los""}, {""alias"": ""mountainbiking"", ""title"": ""VTT""}], ""rating"": 5.0, ""coordinates"": {""latitude"": 45.44076, ""longitude"": 9.17609}, ""transactions"": [], ""location"": {""address1"": ""Via Silvio Spaventa 1"", ""address2"": null, ""address3"": null, ""city"": ""Milan"", ""zip_code"": ""20141"", ""country"": ""IT"", ""state"": ""MI"", ""display_address"": [""Via Silvio Spaventa 1"", ""20141 Milan"", ""Italie""]}, ""phone"": ""+39028461286"", ""display_phone"": ""+39 02 846 1286"", ""distance"": 3455.2165965621894}, {""id"": ""w0qZ6veXg_WTyZjhk6FIXA"", ""alias"": ""sante-gaiardoni-milano"", ""name"": ""Sante Gaiardoni"", ""image_url"": ""https://s3-media4.fl.yelpcdn.com/bphoto/2WaweqJsc0a2Uuq-hTZPHA/o.jpg"", ""is_closed"": false, ""url"": ""https://fr.yelp.ch/biz/sante-gaiardoni-milano?adjust_creative=ULHW7ynqdXE8Z9Fnr4irFw&utm_campaign=yelp_api_v3&utm_medium=api_v3_business_search&utm_source=ULHW7ynqdXE8Z9Fnr4irFw"", ""review_count"": 3, ""categories"": [{""alias"": ""bikes"", ""title"": ""V\u00e9los""}], ""rating"": 5.0, ""coordinates"": {""latitude"": 45.45162, ""longitude"": 9.1522}, ""transactions"": [], ""price"": ""\u20ac\u20ac\u20ac"", ""location"": {""address1"": ""Via Giambellino 9"", ""address2"": """", ""address3"": """", ""city"": ""Milan"", ""zip_code"": ""20146"", ""country"": ""IT"", ""state"": ""MI"", ""display_address"": [""Via Giambellino 9"", ""20146 Milan"", ""Italie""]}, ""phone"": ""+3902428643"", ""display_phone"": ""+39 02 428643"", ""distance"": 3558.2459082621767}, {""id"": ""3VRRba5QwV8NhRmBoDhgtg"", ""alias"": ""inter-store-milano"", ""name"": ""Inter Store"", ""image_url"": ""https://s3-media1.fl.yelpcdn.com/bphoto/pQi4svlQy-6CjUl1jUUQyg/o.jpg"", ""is_closed"": false, ""url"": ""https://fr.yelp.ch/biz/inter-store-milano?adjust_creative=ULHW7ynqdXE8Z9Fnr4irFw&utm_campaign=yelp_api_v3&utm_medium=api_v3_business_search&utm_source=ULHW7ynqdXE8Z9Fnr4irFw"", ""review_count"": 2, ""categories"": [{""alias"": ""sportswear"", ""title"": ""V\u00eatements de sport""}], ""rating"": 4.0, ""coordinates"": {""latitude"": 45.46557, ""longitude"": 9.19706}, ""transactions"": [], ""location"": {""address1"": ""Galleria Passarella 2"", ""address2"": """", ""address3"": """", ""city"": ""Milan"", ""zip_code"": ""20122"", ""country"": ""IT"", ""state"": ""MI"", ""display_address"": [""Galleria Passarella 2"", ""20122 Milan"", ""Italie""]}, ""phone"": ""+390276016297"", ""display_phone"": ""+39 02 7601 6297"", ""distance"": 796.0735023603378}, {""id"": ""ush7TEB3F9LtOMAmgP6-FA"", ""alias"": ""dimensione-danza-milano"", ""name"": ""Dimensione Danza"", ""image_url"": ""https://s3-media2.fl.yelpcdn.com/bphoto/kas1reX8s0tyH54Bgm95Ng/o.jpg"", ""is_closed"": false, ""url"": ""https://fr.yelp.ch/biz/dimensione-danza-milano?adjust_creative=ULHW7ynqdXE8Z9Fnr4irFw&utm_campaign=yelp_api_v3&utm_medium=api_v3_business_search&utm_source=ULHW7ynqdXE8Z9Fnr4irFw"", ""review_count"": 2, ""categories"": [{""alias"": ""sportswear"", ""title"": ""V\u00eatements de sport""}], ""rating"": 4.0, ""coordinates"": {""latitude"": 45.46373, ""longitude"": 9.1960599}, ""transactions"": [], ""price"": ""\u20ac\u20ac\u20ac"", ""location"": {""address1"": ""Corso Europa 2"", ""address2"": null, ""address3"": null, ""city"": ""Milan"", ""zip_code"": ""20122"", ""country"": ""IT"", ""state"": ""MI"", ""display_address"": [""Corso Europa 2"", ""20122 Milan"", ""Italie""]}, ""phone"": ""+390276004020"", ""display_phone"": ""+39 02 7600 4020"", ""distance"": 916.2755586128083}, {""id"": ""PGHezZYgFpUvdyc9wtd7cw"", ""alias"": ""space23-milano"", ""name"": ""Space23"", ""image_url"": ""https://s3-media3.fl.yelpcdn.com/bphoto/yAeDX6ULlIRQ2oP_gOPECg/o.jpg"", ""is_closed"": false, ""url"": ""https://fr.yelp.ch/biz/space23-milano?adjust_creative=ULHW7ynqdXE8Z9Fnr4irFw&utm_campaign=yelp_api_v3&utm_medium=api_v3_business_search&utm_source=ULHW7ynqdXE8Z9Fnr4irFw"", ""review_count"": 2, ""categories"": [{""alias"": ""fashion"", ""title"": ""Mode""}, {""alias"": ""sportgoods"", ""title"": ""Magasin de sport""}], ""rating"": 4.0, ""coordinates"": {""latitude"": 45.4787572366502, ""longitude"": 9.18559339906762}, ""transactions"": [], ""price"": ""\u20ac\u20ac"", ""location"": {""address1"": ""Corso Garibaldi 104"", ""address2"": """", ""address3"": """", ""city"": ""Milan"", ""zip_code"": ""20121"", ""country"": ""IT"", ""state"": ""MI"", ""display_address"": [""Corso Garibaldi 104"", ""20121 Milan"", ""Italie""]}, ""phone"": ""+390247950923"", ""display_phone"": ""+39 02 4795 0923"", ""distance"": 959.4360455724944}, {""id"": ""-ujOPf35KYdNI97u1PtNYg"", ""alias"": ""polo-sport-milano"", ""name"": ""Polo Sport"", ""image_url"": ""https://s3-media2.fl.yelpcdn.com/bphoto/vibPDy4x3YR891_VrEncqQ/o.jpg"", ""is_closed"": false, ""url"": ""https://fr.yelp.ch/biz/polo-sport-milano?adjust_creative=ULHW7ynqdXE8Z9Fnr4irFw&utm_campaign=yelp_api_v3&utm_medium=api_v3_business_search&utm_source=ULHW7ynqdXE8Z9Fnr4irFw"", ""review_count"": 3, ""categories"": [{""alias"": ""sportgoods"", ""title"": ""Magasin de sport""}], ""rating"": 4.5, ""coordinates"": {""latitude"": 45.46839, ""longitude"": 9.15628}, ""transactions"": [], ""location"": {""address1"": ""Piazza Wagner 2"", ""address2"": null, ""address3"": null, ""city"": ""Milan"", ""zip_code"": ""20145"", ""country"": ""IT"", ""state"": ""MI"", ""display_address"": [""Piazza Wagner 2"", ""20145 Milan"", ""Italie""]}, ""phone"": ""+390248003262"", ""display_phone"": ""+39 02 4800 3262"", ""distance"": 2566.953452483442}, {""id"": ""dfoOWm2_Mp4PEmUl1VQllQ"", ""alias"": ""deus-cycleworks-milano"", ""name"": ""Deus Cycleworks"", ""image_url"": ""https://s3-media1.fl.yelpcdn.com/bphoto/e21P7QtYrBCe5_z7Jd2uog/o.jpg"", ""is_closed"": false, ""url"": ""https://fr.yelp.ch/biz/deus-cycleworks-milano?adjust_creative=ULHW7ynqdXE8Z9Fnr4irFw&utm_campaign=yelp_api_v3&utm_medium=api_v3_business_search&utm_source=ULHW7ynqdXE8Z9Fnr4irFw"", ""review_count"": 1, ""categories"": [{""alias"": ""cafes"", ""title"": ""Caf\u00e9s""}, {""alias"": ""bikes"", ""title"": ""V\u00e9los""}, {""alias"": ""bike_repair_maintenance"", ""title"": ""R\u00e9paration de v\u00e9lo/Maintenance""}], ""rating"": 5.0, ""coordinates"": {""latitude"": 45.46378, ""longitude"": 9.19653}, ""transactions"": [], ""location"": {""address1"": ""Via Felice Cavallotti 8"", ""address2"": """", ""address3"": null, ""city"": ""Milan"", ""zip_code"": ""20122"", ""country"": ""IT"", ""state"": ""MI"", ""display_address"": [""Via Felice Cavallotti 8"", ""20122 Milan"", ""Italie""]}, ""phone"": ""+390245499601"", ""display_phone"": ""+39 02 4549 9601"", ""distance"": 954.8940542826602}, {""id"": ""KPzlT7iW3Ci8PDzVl7E6mg"", ""alias"": ""aws-bici-milano"", ""name"": ""AWS Bici"", ""image_url"": ""https://s3-media2.fl.yelpcdn.com/bphoto/vdXBz4cW7smYut_c4IvsjQ/o.jpg"", ""is_closed"": false, ""url"": ""https://fr.yelp.ch/biz/aws-bici-milano?adjust_creative=ULHW7ynqdXE8Z9Fnr4irFw&utm_campaign=yelp_api_v3&utm_medium=api_v3_business_search&utm_source=ULHW7ynqdXE8Z9Fnr4irFw"", ""review_count"": 3, ""categories"": [{""alias"": ""bikes"", ""title"": ""V\u00e9los""}], ""rating"": 4.5, ""coordinates"": {""latitude"": 45.48988, ""longitude"": 9.20501}, ""transactions"": [], ""location"": {""address1"": ""Via Ponte Seveso 33"", ""address2"": null, ""address3"": null, ""city"": ""Milan"", ""zip_code"": ""20125"", ""country"": ""IT"", ""state"": ""MI"", ""display_address"": [""Via Ponte Seveso 33"", ""20125 Milan"", ""Italie""]}, ""phone"": ""+390267072145"", ""display_phone"": ""+39 02 6707 2145"", ""distance"": 2494.482057758377}, {""id"": ""w_lRRZq5J09s-FBpKHUVXg"", ""alias"": ""chinelli-milano"", ""name"": ""Chinelli"", ""image_url"": ""https://s3-media3.fl.yelpcdn.com/bphoto/zPvWx0cIovOk57BXF2OK-A/o.jpg"", ""is_closed"": false, ""url"": ""https://fr.yelp.ch/biz/chinelli-milano?adjust_creative=ULHW7ynqdXE8Z9Fnr4irFw&utm_campaign=yelp_api_v3&utm_medium=api_v3_business_search&utm_source=ULHW7ynqdXE8Z9Fnr4irFw"", ""review_count"": 4, ""categories"": [{""alias"": ""hardware"", ""title"": ""Magasins de bricolage""}], ""rating"": 4.0, ""coordinates"": {""latitude"": 45.4836, ""longitude"": 9.20787}, ""transactions"": [], ""location"": {""address1"": ""Via Luigi Settembrini 37"", ""address2"": """", ""address3"": """", ""city"": ""Milan"", ""zip_code"": ""20124"", ""country"": ""IT"", ""state"": ""MI"", ""display_address"": [""Via Luigi Settembrini 37"", ""20124 Milan"", ""Italie""]}, ""phone"": ""+39026692614"", ""display_phone"": ""+39 02 669 2614"", ""distance"": 2070.655069928737}, {""id"": ""ZnqFFfn3fbiIq6SvKzwTBw"", ""alias"": ""footlocker-milano"", ""name"": ""Footlocker"", ""image_url"": ""https://s3-media3.fl.yelpcdn.com/bphoto/slWDVvJ0JVKYw8fRxJtJ8A/o.jpg"", ""is_closed"": false, ""url"": ""https://fr.yelp.ch/biz/footlocker-milano?adjust_creative=ULHW7ynqdXE8Z9Fnr4irFw&utm_campaign=yelp_api_v3&utm_medium=api_v3_business_search&utm_source=ULHW7ynqdXE8Z9Fnr4irFw"", ""review_count"": 5, ""categories"": [{""alias"": ""sportswear"", ""title"": ""V\u00eatements de sport""}, {""alias"": ""shoes"", ""title"": ""Magasins de chaussures""}], ""rating"": 2.5, ""coordinates"": {""latitude"": 45.4654808465196, ""longitude"": 9.19577121734619}, ""transactions"": [], ""price"": ""\u20ac\u20ac\u20ac"", ""location"": {""address1"": ""Corso Vittorio Emanuele II 24"", ""address2"": """", ""address3"": """", ""city"": ""Milan"", ""zip_code"": ""20100"", ""country"": ""IT"", ""state"": ""MI"", ""display_address"": [""Corso Vittorio Emanuele II 24"", ""20100 Milan"", ""Italie""]}, ""phone"": ""+390276307201"", ""display_phone"": ""+39 02 7630 7201"", ""distance"": 764.3215926815208}, {""id"": ""i26Lafo94YS6OtSs3fb7QQ"", ""alias"": ""provini-moto-milano"", ""name"": ""Provini Moto"", ""image_url"": ""https://s3-media4.fl.yelpcdn.com/bphoto/jC4UKg8azv4WOF9foxuyKQ/o.jpg"", ""is_closed"": false, ""url"": ""https://fr.yelp.ch/biz/provini-moto-milano?adjust_creative=ULHW7ynqdXE8Z9Fnr4irFw&utm_campaign=yelp_api_v3&utm_medium=api_v3_business_search&utm_source=ULHW7ynqdXE8Z9Fnr4irFw"", ""review_count"": 3, ""categories"": [{""alias"": ""sportswear"", ""title"": ""V\u00eatements de sport""}], ""rating"": 3.5, ""coordinates"": {""latitude"": 45.48096, ""longitude"": 9.20909}, ""transactions"": [], ""location"": {""address1"": ""Via Vitruvio, 9"", ""address2"": null, ""address3"": null, ""city"": ""Milan"", ""zip_code"": ""20124"", ""country"": ""IT"", ""state"": ""MI"", ""display_address"": [""Via Vitruvio, 9"", ""20124 Milan"", ""Italie""]}, ""phone"": ""+390229529859"", ""display_phone"": ""+39 02 2952 9859"", ""distance"": 1947.8659493882783}, {""id"": ""8JDZehP5QIRn9o8a98OiLg"", ""alias"": ""ferramenta-pietro-vigan\u00f2-milano-2"", ""name"": ""Ferramenta Pietro Vigan\u00f2"", ""image_url"": ""https://s3-media1.fl.yelpcdn.com/bphoto/Kxlu_-Rigz8i3nB4jJ4naQ/o.jpg"", ""is_closed"": false, ""url"": ""https://fr.yelp.ch/biz/ferramenta-pietro-vigan%C3%B2-milano-2?adjust_creative=ULHW7ynqdXE8Z9Fnr4irFw&utm_campaign=yelp_api_v3&utm_medium=api_v3_business_search&utm_source=ULHW7ynqdXE8Z9Fnr4irFw"", ""review_count"": 2, ""categories"": [{""alias"": ""hardware"", ""title"": ""Magasins de bricolage""}, {""alias"": ""locksmiths"", ""title"": ""Cl\u00e9s & Serrurerie""}, {""alias"": ""shutters"", ""title"": ""Volets""}], ""rating"": 4.5, ""coordinates"": {""latitude"": 45.45759, ""longitude"": 9.16524}, ""transactions"": [], ""price"": ""\u20ac\u20ac"", ""location"": {""address1"": ""Via Montevideo"", ""address2"": null, ""address3"": null, ""city"": ""Milan"", ""zip_code"": ""20144"", ""country"": ""IT"", ""state"": ""MI"", ""display_address"": [""Via Montevideo"", ""20144 Milan"", ""Italie""]}, ""phone"": ""+390258100572"", ""display_phone"": ""+39 02 5810 0572"", ""distance"": 2355.976466716996}, {""id"": ""Y31z0A6dFJNDLhvX36lNFg"", ""alias"": ""a-ruota-libera-milano"", ""name"": ""A Ruota Libera"", ""image_url"": ""https://s3-media1.fl.yelpcdn.com/bphoto/z_ep-O3Ast4uYv7LZN_zQA/o.jpg"", ""is_closed"": false, ""url"": ""https://fr.yelp.ch/biz/a-ruota-libera-milano?adjust_creative=ULHW7ynqdXE8Z9Fnr4irFw&utm_campaign=yelp_api_v3&utm_medium=api_v3_business_search&utm_source=ULHW7ynqdXE8Z9Fnr4irFw"", ""review_count"": 2, ""categories"": [{""alias"": ""bikes"", ""title"": ""V\u00e9los""}], ""rating"": 4.5, ""coordinates"": {""latitude"": 45.44889, ""longitude"": 9.20105}, ""transactions"": [], ""price"": ""\u20ac"", ""location"": {""address1"": ""Via Romano Giulio 23"", ""address2"": """", ""address3"": """", ""city"": ""Milan"", ""zip_code"": ""20143"", ""country"": ""IT"", ""state"": ""MI"", ""display_address"": [""Via Romano Giulio 23"", ""20143 Milan"", ""Italie""]}, ""phone"": ""+393497979181"", ""display_phone"": ""+39 349 797 9181"", ""distance"": 2576.646202861463}, {""id"": ""QDrOUb3u8xtu_eOujHAg0A"", ""alias"": ""sporting-san-lorenzo-milano"", ""name"": ""Sporting San Lorenzo"", ""image_url"": """", ""is_closed"": false, ""url"": ""https://fr.yelp.ch/biz/sporting-san-lorenzo-milano?adjust_creative=ULHW7ynqdXE8Z9Fnr4irFw&utm_campaign=yelp_api_v3&utm_medium=api_v3_business_search&utm_source=ULHW7ynqdXE8Z9Fnr4irFw"", ""review_count"": 1, ""categories"": [{""alias"": ""sportgoods"", ""title"": ""Magasin de sport""}], ""rating"": 5.0, ""coordinates"": {""latitude"": 45.46072, ""longitude"": 9.17362}, ""transactions"": [], ""location"": {""address1"": ""Via Carroccio, 6"", ""address2"": null, ""address3"": null, ""city"": ""Milan"", ""zip_code"": ""20123"", ""country"": ""IT"", ""state"": ""MI"", ""display_address"": [""Via Carroccio, 6"", ""20123 Milan"", ""Italie""]}, ""phone"": ""+390287388505"", ""display_phone"": ""+39 02 8738 8505"", ""distance"": 1636.7479425245594}, {""id"": ""5Z1LcLTcT2lLMth5b24E4g"", ""alias"": ""dodici-cicli-milano"", ""name"": ""Dodici Cicli"", ""image_url"": ""https://s3-media2.fl.yelpcdn.com/bphoto/Botycbbrs0L6rHo90yerWg/o.jpg"", ""is_closed"": false, ""url"": ""https://fr.yelp.ch/biz/dodici-cicli-milano?adjust_creative=ULHW7ynqdXE8Z9Fnr4irFw&utm_campaign=yelp_api_v3&utm_medium=api_v3_business_search&utm_source=ULHW7ynqdXE8Z9Fnr4irFw"", ""review_count"": 2, ""categories"": [{""alias"": ""bikes"", ""title"": ""V\u00e9los""}], ""rating"": 5.0, ""coordinates"": {""latitude"": 45.44581, ""longitude"": 9.17733}, ""transactions"": [], ""price"": ""\u20ac\u20ac\u20ac"", ""location"": {""address1"": ""Via Conchetta 17"", ""address2"": """", ""address3"": """", ""city"": ""Milan"", ""zip_code"": ""20141"", ""country"": ""IT"", ""state"": ""MI"", ""display_address"": [""Via Conchetta 17"", ""20141 Milan"", ""Italie""]}, ""phone"": ""+390236704991"", ""display_phone"": ""+39 02 3670 4991"", ""distance"": 2906.941866329488}, {""id"": ""kd2ctKuTu8PLB3hHkOqcsQ"", ""alias"": ""supreme-milano"", ""name"": ""Supreme"", ""image_url"": ""https://s3-media2.fl.yelpcdn.com/bphoto/Cx3OtbRZjzJpOVl1wUBM4Q/o.jpg"", ""is_closed"": false, ""url"": ""https://fr.yelp.ch/biz/supreme-milano?adjust_creative=ULHW7ynqdXE8Z9Fnr4irFw&utm_campaign=yelp_api_v3&utm_medium=api_v3_business_search&utm_source=ULHW7ynqdXE8Z9Fnr4irFw"", ""review_count"": 1, ""categories"": [{""alias"": ""menscloth"", ""title"": ""V\u00eatements pour hommes""}, {""alias"": ""accessories"", ""title"": ""Accessoires""}, {""alias"": ""skateshops"", ""title"": ""Patins et skateboards""}], ""rating"": 4.0, ""coordinates"": {""latitude"": 45.473, ""longitude"": 9.18386}, ""transactions"": [], ""location"": {""address1"": ""Corso Garibaldi 20"", ""address2"": null, ""address3"": """", ""city"": ""Milan"", ""zip_code"": ""20121"", ""country"": ""IT"", ""state"": ""MI"", ""display_address"": [""Corso Garibaldi 20"", ""20121 Milan"", ""Italie""]}, ""phone"": ""+390284349776"", ""display_phone"": ""+39 02 8434 9776"", ""distance"": 534.6706529802318}, {""id"": ""59LPxjzREF2D85SfDEdl2Q"", ""alias"": ""adidas-store-milano"", ""name"": ""Adidas Store"", ""image_url"": ""https://s3-media1.fl.yelpcdn.com/bphoto/Yg5sOxE7VhlPcHM6_Nfnrw/o.jpg"", ""is_closed"": false, ""url"": ""https://fr.yelp.ch/biz/adidas-store-milano?adjust_creative=ULHW7ynqdXE8Z9Fnr4irFw&utm_campaign=yelp_api_v3&utm_medium=api_v3_business_search&utm_source=ULHW7ynqdXE8Z9Fnr4irFw"", ""review_count"": 1, ""categories"": [{""alias"": ""sportswear"", ""title"": ""V\u00eatements de sport""}], ""rating"": 4.0, ""coordinates"": {""latitude"": 45.4659232763578, ""longitude"": 9.19132640681528}, ""transactions"": [], ""location"": {""address1"": ""Via Ragazzi del '99"", ""address2"": """", ""address3"": """", ""city"": ""Milan"", ""zip_code"": ""20121"", ""country"": ""IT"", ""state"": ""MI"", ""display_address"": [""Via Ragazzi del '99"", ""20121 Milan"", ""Italie""]}, ""phone"": ""+390245486224"", ""display_phone"": ""+39 02 4548 6224"", ""distance"": 536.5609767847789}, {""id"": ""1QmZkA17y1MRBwDdYe69Yw"", ""alias"": ""la-montagna-sport-milano"", ""name"": ""La Montagna Sport"", ""image_url"": ""https://s3-media3.fl.yelpcdn.com/bphoto/OVPSYq3CILmf9e8BqitXrA/o.jpg"", ""is_closed"": false, ""url"": ""https://fr.yelp.ch/biz/la-montagna-sport-milano?adjust_creative=ULHW7ynqdXE8Z9Fnr4irFw&utm_campaign=yelp_api_v3&utm_medium=api_v3_business_search&utm_source=ULHW7ynqdXE8Z9Fnr4irFw"", ""review_count"": 2, ""categories"": [{""alias"": ""sportgoods"", ""title"": ""Magasin de sport""}, {""alias"": ""fashion"", ""title"": ""Mode""}], ""rating"": 4.0, ""coordinates"": {""latitude"": 45.48257, ""longitude"": 9.20526}, ""transactions"": [], ""location"": {""address1"": ""Via Mauro Macchi, 13"", ""address2"": """", ""address3"": """", ""city"": ""Milan"", ""zip_code"": ""20124"", ""country"": ""IT"", ""state"": ""MI"", ""display_address"": [""Via Mauro Macchi, 13"", ""20124 Milan"", ""Italie""]}, ""phone"": ""+390229522027"", ""display_phone"": ""+39 02 2952 2027"", ""distance"": 1855.1544749533377}, {""id"": ""hk_DDNF73ftyLe1HqdxDHg"", ""alias"": ""reart-milano"", ""name"": ""Reart"", ""image_url"": ""https://s3-media1.fl.yelpcdn.com/bphoto/CLdytfwJX5oQI6OlTeHpTg/o.jpg"", ""is_closed"": false, ""url"": ""https://fr.yelp.ch/biz/reart-milano?adjust_creative=ULHW7ynqdXE8Z9Fnr4irFw&utm_campaign=yelp_api_v3&utm_medium=api_v3_business_search&utm_source=ULHW7ynqdXE8Z9Fnr4irFw"", ""review_count"": 1, ""categories"": [{""alias"": ""sportgoods"", ""title"": ""Magasin de sport""}], ""rating"": 4.0, ""coordinates"": {""latitude"": 45.4737525, ""longitude"": 9.1833561}, ""transactions"": [], ""price"": ""\u20ac\u20ac\u20ac"", ""location"": {""address1"": ""Corso Garibaldi, 49"", ""address2"": null, ""address3"": null, ""city"": ""Milan"", ""zip_code"": ""20121"", ""country"": ""IT"", ""state"": ""MI"", ""display_address"": [""Corso Garibaldi, 49"", ""20121 Milan"", ""Italie""]}, ""phone"": ""+3902861596"", ""display_phone"": ""+39 02 861596"", ""distance"": 598.7268853934703}, {""id"": ""GuSOUj9tRjxY-u5THYhsRg"", ""alias"": ""doniselli-velo-moto-milano"", ""name"": ""Doniselli Velo Moto"", ""image_url"": ""https://s3-media1.fl.yelpcdn.com/bphoto/UG3VR5EtfpjpszcWyVJ_XA/o.jpg"", ""is_closed"": false, ""url"": ""https://fr.yelp.ch/biz/doniselli-velo-moto-milano?adjust_creative=ULHW7ynqdXE8Z9Fnr4irFw&utm_campaign=yelp_api_v3&utm_medium=api_v3_business_search&utm_source=ULHW7ynqdXE8Z9Fnr4irFw"", ""review_count"": 2, ""categories"": [{""alias"": ""mountainbiking"", ""title"": ""VTT""}, {""alias"": ""bikes"", ""title"": ""V\u00e9los""}], ""rating"": 4.0, ""coordinates"": {""latitude"": 45.48365, ""longitude"": 9.17351}, ""transactions"": [], ""location"": {""address1"": ""Via Procaccini, 11"", ""address2"": null, ""address3"": null, ""city"": ""Milan"", ""zip_code"": ""20154"", ""country"": ""IT"", ""state"": ""MI"", ""display_address"": [""Via Procaccini, 11"", ""20154 Milan"", ""Italie""]}, ""phone"": ""+39023311545"", ""display_phone"": ""+39 02 331 1545"", ""distance"": 1901.8462162610422}, {""id"": ""dV2tfinr8bSdZpZrRNSFTQ"", ""alias"": ""bici-e-radici-milano"", ""name"": ""Bici & Radici"", ""image_url"": ""https://s3-media2.fl.yelpcdn.com/bphoto/OViBcFOqjrogwHHhEylNrg/o.jpg"", ""is_closed"": false, ""url"": ""https://fr.yelp.ch/biz/bici-e-radici-milano?adjust_creative=ULHW7ynqdXE8Z9Fnr4irFw&utm_campaign=yelp_api_v3&utm_medium=api_v3_business_search&utm_source=ULHW7ynqdXE8Z9Fnr4irFw"", ""review_count"": 2, ""categories"": [{""alias"": ""florists"", ""title"": ""Fleuriste""}, {""alias"": ""bikerentals"", ""title"": ""Location de v\u00e9los""}, {""alias"": ""bikes"", ""title"": ""V\u00e9los""}], ""rating"": 5.0, ""coordinates"": {""latitude"": 45.49331, ""longitude"": 9.2163101}, ""transactions"": [], ""price"": ""\u20ac\u20ac"", ""location"": {""address1"": ""Via Apulia 2"", ""address2"": """", ""address3"": """", ""city"": ""Milan"", ""zip_code"": ""20125"", ""country"": ""IT"", ""state"": ""MI"", ""display_address"": [""Via Apulia 2"", ""20125 Milan"", ""Italie""]}, ""phone"": ""+390283418589"", ""display_phone"": ""+39 02 8341 8589"", ""distance"": 3312.192485053275}, {""id"": ""YgsiPi39nLIYAK-Rr-zR9w"", ""alias"": ""armeria-winner-milano"", ""name"": ""Armeria Winner"", ""image_url"": ""https://s3-media1.fl.yelpcdn.com/bphoto/b5_UZYaZpv7W9pr9ElJthQ/o.jpg"", ""is_closed"": false, ""url"": ""https://fr.yelp.ch/biz/armeria-winner-milano?adjust_creative=ULHW7ynqdXE8Z9Fnr4irFw&utm_campaign=yelp_api_v3&utm_medium=api_v3_business_search&utm_source=ULHW7ynqdXE8Z9Fnr4irFw"", ""review_count"": 3, ""categories"": [{""alias"": ""sportgoods"", ""title"": ""Magasin de sport""}], ""rating"": 3.0, ""coordinates"": {""latitude"": 45.4827299, ""longitude"": 9.18162}, ""transactions"": [], ""location"": {""address1"": ""via Farini, 2"", ""address2"": """", ""address3"": """", ""city"": ""Milan"", ""zip_code"": ""20154"", ""country"": ""IT"", ""state"": ""MI"", ""display_address"": [""via Farini, 2"", ""20154 Milan"", ""Italie""]}, ""phone"": ""+3902653902"", ""display_phone"": ""+39 02 653902"", ""distance"": 1478.4777451179361}, {""id"": ""eFMefGF8VlG3lxfNkEpjkg"", ""alias"": ""kim-forniture-scout-milano"", ""name"": ""Kim Forniture Scout"", ""image_url"": """", ""is_closed"": false, ""url"": ""https://fr.yelp.ch/biz/kim-forniture-scout-milano?adjust_creative=ULHW7ynqdXE8Z9Fnr4irFw&utm_campaign=yelp_api_v3&utm_medium=api_v3_business_search&utm_source=ULHW7ynqdXE8Z9Fnr4irFw"", ""review_count"": 1, ""categories"": [{""alias"": ""sportswear"", ""title"": ""V\u00eatements de sport""}], ""rating"": 5.0, ""coordinates"": {""latitude"": 45.45349851, ""longitude"": 9.18438725}, ""transactions"": [], ""price"": ""\u20ac\u20ac"", ""location"": {""address1"": ""Via Burigozzo 11"", ""address2"": """", ""address3"": """", ""city"": ""Milan"", ""zip_code"": ""20122"", ""country"": ""IT"", ""state"": ""MI"", ""display_address"": [""Via Burigozzo 11"", ""20122 Milan"", ""Italie""]}, ""phone"": ""+390258314666"", ""display_phone"": ""+39 02 5831 4666"", ""distance"": 1979.0571855473636}], ""total"": 141, ""region"": {""center"": {""longitude"": 9.189033508300781, ""latitude"": 45.47047287954827}}}",application/json,false,"OAS disconformity: [Path '/businesses/[item]/price'] Instance value ("""") not found in enum (possible values: [""$"";""$$"";""$$$"";""$$$$""]) --- [Path '/businesses/[item]/price'] Instance value ("""") not found in enum (possible values: [""$"";""$$"";""$$$"";""$$$$""]) --- [Path '/businesses/[item]/price'] Instance value ("""") not found in enum (possible values: [""$"";""$$"";""$$$"";""$$$$""]) --- [Path '/businesses/[item]/price'] Instance value ("""") not found in enum (possible values: [""$"";""$$"";""$$$"";""$$$$""])"
test_qxfh6psebs55_getBusinesses,200,"{""businesses"": [], ""total"": 0, ""region"": {""center"": {""longitude"": -96.970474, ""latitude"": 34.611687}}}",application/json,true,none
test_qxntoi75c56b_getBusinesses,400,"{""error"": {""code"": ""VALIDATION_ERROR"", ""description"": ""Please specify a location or a latitude and longitude""}}",application/json,true,none
test_qxqklxc9vol1_getBusinesses,200,"{""businesses"": [{""id"": ""lMtmOKihaiUBq8T2xHvfOg"", ""alias"": ""o2-bbq-bayside"", ""name"": ""O2 BBQ"", ""image_url"": ""https://s3-media1.fl.yelpcdn.com/bphoto/GPCDuffedjevuSQY_WiONQ/o.jpg"", ""is_closed"": false, ""url"": ""https://www.yelp.co.jp/biz/o2-bbq-bayside?adjust_creative=ULHW7ynqdXE8Z9Fnr4irFw&utm_campaign=yelp_api_v3&utm_medium=api_v3_business_search&utm_source=ULHW7ynqdXE8Z9Fnr4irFw"", ""review_count"": 527, ""categories"": [{""alias"": ""korean"", ""title"": ""\u97d3\u56fd\u6599\u7406""}, {""alias"": ""bbq"", ""title"": ""\u30d0\u30fc\u30d9\u30ad\u30e5\u30fc""}, {""alias"": ""buffets"", ""title"": ""\u98df\u3079\u653e\u984c""}], ""rating"": 4.0, ""coordinates"": {""latitude"": 40.7589126, ""longitude"": -73.7683094}, ""transactions"": [], ""price"": ""$$$"", ""location"": {""address1"": ""45-53 Bell Blvd"", ""address2"": """", ""address3"": null, ""city"": ""Bayside"", ""zip_code"": ""11361"", ""country"": ""US"", ""state"": ""NY"", ""display_address"": [""45-53 Bell Blvd"", ""Bayside, NY 11361"", ""\u30a2\u30e1\u30ea\u30ab\u5408\u8846\u56fd""]}, ""phone"": ""+17182241253"", ""display_phone"": ""+1 718-224-1253"", ""distance"": 18683.203786054022}, {""id"": ""Xf6e3HaP0AgMBxY7dEDkOA"", ""alias"": ""99-favor-taste-new-york-new-york"", ""name"": ""99 Favor Taste - New York"", ""image_url"": ""https://s3-media2.fl.yelpcdn.com/bphoto/Ccf_4QQ9rP0jN2TDGV5Aag/o.jpg"", ""is_closed"": false, ""url"": ""https://www.yelp.co.jp/biz/99-favor-taste-new-york-new-york?adjust_creative=ULHW7ynqdXE8Z9Fnr4irFw&utm_campaign=yelp_api_v3&utm_medium=api_v3_business_search&utm_source=ULHW7ynqdXE8Z9Fnr4irFw"", ""review_count"": 2096, ""categories"": [{""alias"": ""chinese"", ""title"": ""\u4e2d\u83ef\u6599\u7406""}, {""alias"": ""hotpot"", ""title"": ""\u934b\u6599\u7406""}, {""alias"": ""bbq"", ""title"": ""\u30d0\u30fc\u30d9\u30ad\u30e5\u30fc""}], ""rating"": 4.0, ""coordinates"": {""latitude"": 40.7176199, ""longitude"": -73.99249}, ""transactions"": [""pickup"", ""delivery""], ""price"": ""$$$"", ""location"": {""address1"": ""285 Grand St"", ""address2"": """", ""address3"": """", ""city"": ""\u30cb\u30e5\u30fc\u30e8\u30fc\u30af"", ""zip_code"": ""10002"", ""country"": ""US"", ""state"": ""NY"", ""display_address"": [""285 Grand St"", ""\u30cb\u30e5\u30fc\u30e8\u30fc\u30af, NY 10002"", ""\u30a2\u30e1\u30ea\u30ab\u5408\u8846\u56fd""]}, ""phone"": ""+16466829162"", ""display_phone"": ""+1 646-682-9162"", ""distance"": 1627.2946536331442}], ""total"": 281, ""region"": {""center"": {""longitude"": -73.97918701171875, ""latitude"": 40.706977710584276}}}",application/json,true,none
test_qy26398i4u29_getBusinesses,200,"{""businesses"": [], ""total"": 0, ""region"": {""center"": {""longitude"": -122.43644714355469, ""latitude"": 37.76089938976322}}}",application/json,true,none
test_r17bmadvybzr_getBusinesses,400,"{""error"": {""code"": ""VALIDATION_ERROR"", ""description"": ""Please specify a location or a latitude and longitude""}}",application/json,true,none
test_r1fkm8ztrh2o_getBusinesses,200,"{""businesses"": [], ""total"": 0, ""region"": {""center"": {""longitude"": -87.81495, ""latitude"": 40.19948}}}",application/json,true,none
test_rkwsf8bldw0z_getBusinesses,400,"{""error"": {""code"": ""OPEN_AT_AND_NOW_PROVIDED"", ""description"": ""You must specify either open_at or open_now, not both.""}}",application/json,true,none
test_rl2ttu9gpnw1_getBusinesses,400,"{""error"": {""code"": ""VALIDATION_ERROR"", ""description"": ""Please specify a location or a latitude and longitude""}}",application/json,true,none
test_rl55ay8okfom_getBusinesses,200,"{""businesses"": [{""id"": ""7Aip9IWSO7vNsK7BibiVPA"", ""alias"": ""law-offices-of-lisa-z-liu-alhambra-3"", ""name"": ""Law Offices Of Lisa Z. Liu"", ""image_url"": ""https://s3-media2.fl.yelpcdn.com/bphoto/_AzKGIkM7LLe_XwqElAwyg/o.jpg"", ""is_closed"": false, ""url"": ""https://www.yelp.com/biz/law-offices-of-lisa-z-liu-alhambra-3?adjust_creative=ULHW7ynqdXE8Z9Fnr4irFw&utm_campaign=yelp_api_v3&utm_medium=api_v3_business_search&utm_source=ULHW7ynqdXE8Z9Fnr4irFw"", ""review_count"": 130, ""categories"": [{""alias"": ""criminaldefense"", ""title"": ""Criminal Defense Law""}, {""alias"": ""duilawyers"", ""title"": ""DUI Law""}, {""alias"": ""privateinvestigation"", ""title"": ""Private Investigation""}], ""rating"": 5.0, ""coordinates"": {""latitude"": 34.0931401, ""longitude"": -118.1248403}, ""transactions"": [], ""location"": {""address1"": ""200 S Garfield Ave"", ""address2"": ""Ste 103"", ""address3"": """", ""city"": ""Alhambra"", ""zip_code"": ""91801"", ""country"": ""US"", ""state"": ""CA"", ""display_address"": [""200 S Garfield Ave"", ""Ste 103"", ""Alhambra, CA 91801""]}, ""phone"": ""+16269886800"", ""display_phone"": ""(626) 988-6800"", ""distance"": 14180.67254098928}, {""id"": ""65r0Y8W1HemIgfurgxNE6w"", ""alias"": ""law-office-of-jesse-a-arana-downey"", ""name"": ""Law Office of Jesse A Arana"", ""image_url"": ""https://s3-media2.fl.yelpcdn.com/bphoto/lIzr2TcXhkDxiXNyuTIR5g/o.jpg"", ""is_closed"": false, ""url"": ""https://www.yelp.com/biz/law-office-of-jesse-a-arana-downey?adjust_creative=ULHW7ynqdXE8Z9Fnr4irFw&utm_campaign=yelp_api_v3&utm_medium=api_v3_business_search&utm_source=ULHW7ynqdXE8Z9Fnr4irFw"", ""review_count"": 89, ""categories"": [{""alias"": ""duilawyers"", ""title"": ""DUI Law""}, {""alias"": ""criminaldefense"", ""title"": ""Criminal Defense Law""}], ""rating"": 5.0, ""coordinates"": {""latitude"": 33.95051, ""longitude"": -118.12439}, ""transactions"": [], ""location"": {""address1"": ""8350 Florence Ave"", ""address2"": ""Fl 2, Ste 700"", ""address3"": """", ""city"": ""Downey"", ""zip_code"": ""90240"", ""country"": ""US"", ""state"": ""CA"", ""display_address"": [""8350 Florence Ave"", ""Fl 2, Ste 700"", ""Downey, CA 90240""]}, ""phone"": ""+15623928209"", ""display_phone"": ""(562) 392-8209"", ""distance"": 29419.507102127012}, {""id"": ""8McIrJaqD-3OowNDBqzMjw"", ""alias"": ""manshoory-law-group-los-angeles-3"", ""name"": ""Manshoory Law Group"", ""image_url"": ""https://s3-media2.fl.yelpcdn.com/bphoto/Dz8LtcLbb9x9xOpfGy0JhQ/o.jpg"", ""is_closed"": false, ""url"": ""https://www.yelp.com/biz/manshoory-law-group-los-angeles-3?adjust_creative=ULHW7ynqdXE8Z9Fnr4irFw&utm_campaign=yelp_api_v3&utm_medium=api_v3_business_search&utm_source=ULHW7ynqdXE8Z9Fnr4irFw"", ""review_count"": 109, ""categories"": [{""alias"": ""duilawyers"", ""title"": ""DUI Law""}, {""alias"": ""criminaldefense"", ""title"": ""Criminal Defense Law""}], ""rating"": 5.0, ""coordinates"": {""latitude"": 34.052931, ""longitude"": -118.2653159}, ""transactions"": [], ""location"": {""address1"": ""1200 Wilshire Blvd"", ""address2"": ""Ste 409"", ""address3"": """", ""city"": ""Los Angeles"", ""zip_code"": ""90017"", ""country"": ""US"", ""state"": ""CA"", ""display_address"": [""1200 Wilshire Blvd"", ""Ste 409"", ""Los Angeles, CA 90017""]}, ""phone"": ""+18779777750"", ""display_phone"": ""(877) 977-7750"", ""distance"": 25467.37690205015}, {""id"": ""T-DHaHVEyYxLy0_wpSssYQ"", ""alias"": ""saros-law-el-segundo"", ""name"": ""Saros Law"", ""image_url"": ""https://s3-media4.fl.yelpcdn.com/bphoto/GzyLQHUapJrFrapkzW2lcA/o.jpg"", ""is_closed"": false, ""url"": ""https://www.yelp.com/biz/saros-law-el-segundo?adjust_creative=ULHW7ynqdXE8Z9Fnr4irFw&utm_campaign=yelp_api_v3&utm_medium=api_v3_business_search&utm_source=ULHW7ynqdXE8Z9Fnr4irFw"", ""review_count"": 1, ""categories"": [{""alias"": ""criminaldefense"", ""title"": ""Criminal Defense Law""}, {""alias"": ""duilawyers"", ""title"": ""DUI Law""}], ""rating"": 5.0, ""coordinates"": {""latitude"": 33.92066, ""longitude"": -118.396}, ""transactions"": [], ""location"": {""address1"": ""360 N Pacific Coast Hwy"", ""address2"": ""Ste 1000"", ""address3"": null, ""city"": ""El Segundo"", ""zip_code"": ""90245"", ""country"": ""US"", ""state"": ""CA"", ""display_address"": [""360 N Pacific Coast Hwy"", ""Ste 1000"", ""El Segundo, CA 90245""]}, ""phone"": ""+13103413466"", ""display_phone"": ""(310) 341-3466"", ""distance"": 44345.1484185258}, {""id"": ""j0yLbr7kjn8rOKEp445GaA"", ""alias"": ""the-law-offices-of-mark-a-gallagher-fullerton-3"", ""name"": ""The Law Offices of Mark A. Gallagher"", ""image_url"": ""https://s3-media4.fl.yelpcdn.com/bphoto/upE-nXnhnkB3EvOnBOE7VA/o.jpg"", ""is_closed"": false, ""url"": ""https://www.yelp.com/biz/the-law-offices-of-mark-a-gallagher-fullerton-3?adjust_creative=ULHW7ynqdXE8Z9Fnr4irFw&utm_campaign=yelp_api_v3&utm_medium=api_v3_business_search&utm_source=ULHW7ynqdXE8Z9Fnr4irFw"", ""review_count"": 53, ""categories"": [{""alias"": ""criminaldefense"", ""title"": ""Criminal Defense Law""}, {""alias"": ""duilawyers"", ""title"": ""DUI Law""}, {""alias"": ""trafficticketinglaw"", ""title"": ""Traffic Ticketing Law""}], ""rating"": 5.0, ""coordinates"": {""latitude"": 33.8841553, ""longitude"": -117.9247966}, ""transactions"": [], ""location"": {""address1"": ""1400 N Harbor Blvd"", ""address2"": ""Ste 515"", ""address3"": """", ""city"": ""Fullerton"", ""zip_code"": ""92835"", ""country"": ""US"", ""state"": ""CA"", ""display_address"": [""1400 N Harbor Blvd"", ""Ste 515"", ""Fullerton, CA 92835""]}, ""phone"": ""+18007978406"", ""display_phone"": ""(800) 797-8406"", ""distance"": 38500.96424333622}, {""id"": ""SUdXa9a95Y4S8q9VA2Q0pA"", ""alias"": ""gurovich-berk-and-associates-los-angeles-9"", ""name"": ""Gurovich, Berk & Associates"", ""image_url"": ""https://s3-media1.fl.yelpcdn.com/bphoto/cRlbwvYxWCr-UBY2GatbsA/o.jpg"", ""is_closed"": false, ""url"": ""https://www.yelp.com/biz/gurovich-berk-and-associates-los-angeles-9?adjust_creative=ULHW7ynqdXE8Z9Fnr4irFw&utm_campaign=yelp_api_v3&utm_medium=api_v3_business_search&utm_source=ULHW7ynqdXE8Z9Fnr4irFw"", ""review_count"": 23, ""categories"": [{""alias"": ""criminaldefense"", ""title"": ""Criminal Defense Law""}, {""alias"": ""duilawyers"", ""title"": ""DUI Law""}], ""rating"": 4.5, ""coordinates"": {""latitude"": 34.1532806, ""longitude"": -118.4651072}, ""transactions"": [], ""location"": {""address1"": ""15250 Ventura Blvd"", ""address2"": ""Ste 1220"", ""address3"": """", ""city"": ""Los Angeles"", ""zip_code"": ""91403"", ""country"": ""US"", ""state"": ""CA"", ""display_address"": [""15250 Ventura Blvd"", ""Ste 1220"", ""Los Angeles, CA 91403""]}, ""phone"": ""+18182051555"", ""display_phone"": ""(818) 205-1555"", ""distance"": 37396.390144989855}, {""id"": ""oUAONo9xLNBRUDotF5NCMA"", ""alias"": ""michele-t-ferroni-attorney-at-law-pasadena"", ""name"": ""Michele T Ferroni, Attorney at Law"", ""image_url"": ""https://s3-media3.fl.yelpcdn.com/bphoto/lDIvHwXEE2P_Vw2hD84xNw/o.jpg"", ""is_closed"": false, ""url"": ""https://www.yelp.com/biz/michele-t-ferroni-attorney-at-law-pasadena?adjust_creative=ULHW7ynqdXE8Z9Fnr4irFw&utm_campaign=yelp_api_v3&utm_medium=api_v3_business_search&utm_source=ULHW7ynqdXE8Z9Fnr4irFw"", ""review_count"": 20, ""categories"": [{""alias"": ""criminaldefense"", ""title"": ""Criminal Defense Law""}, {""alias"": ""duilawyers"", ""title"": ""DUI Law""}], ""rating"": 5.0, ""coordinates"": {""latitude"": 34.14636, ""longitude"": -118.1439488}, ""transactions"": [], ""location"": {""address1"": ""301 E Colorado Blvd"", ""address2"": ""Ste 520"", ""address3"": """", ""city"": ""Pasadena"", ""zip_code"": ""91101"", ""country"": ""US"", ""state"": ""CA"", ""display_address"": [""301 E Colorado Blvd"", ""Ste 520"", ""Pasadena, CA 91101""]}, ""phone"": ""+18182038300"", ""display_phone"": ""(818) 203-8300"", ""distance"": 10211.20784665148}, {""id"": ""TpJ-dsLuFfF3ra3kf4IMYw"", ""alias"": ""the-law-offices-of-paul-s-geller-pasadena"", ""name"": ""The Law Offices of Paul S. Geller"", ""image_url"": ""https://s3-media4.fl.yelpcdn.com/bphoto/s8oknZ0hE0jZjL-ZPzxOKQ/o.jpg"", ""is_closed"": false, ""url"": ""https://www.yelp.com/biz/the-law-offices-of-paul-s-geller-pasadena?adjust_creative=ULHW7ynqdXE8Z9Fnr4irFw&utm_campaign=yelp_api_v3&utm_medium=api_v3_business_search&utm_source=ULHW7ynqdXE8Z9Fnr4irFw"", ""review_count"": 28, ""categories"": [{""alias"": ""criminaldefense"", ""title"": ""Criminal Defense Law""}, {""alias"": ""duilawyers"", ""title"": ""DUI Law""}], ""rating"": 4.5, ""coordinates"": {""latitude"": 34.1496505, ""longitude"": -118.1455874}, ""transactions"": [], ""location"": {""address1"": ""221 E Walnut St"", ""address2"": ""Ste 227"", ""address3"": """", ""city"": ""Pasadena"", ""zip_code"": ""91101"", ""country"": ""US"", ""state"": ""CA"", ""display_address"": [""221 E Walnut St"", ""Ste 227"", ""Pasadena, CA 91101""]}, ""phone"": ""+16267922280"", ""display_phone"": ""(626) 792-2280"", ""distance"": 10044.915429099405}, {""id"": ""IweWZuaBKIWlH6ttqoLuAQ"", ""alias"": ""law-offices-of-jayan-hong-los-angeles"", ""name"": ""Law Offices of Jayan Hong"", ""image_url"": ""https://s3-media4.fl.yelpcdn.com/bphoto/hCLCzOLyQaW6PMeA-0paWg/o.jpg"", ""is_closed"": false, ""url"": ""https://www.yelp.com/biz/law-offices-of-jayan-hong-los-angeles?adjust_creative=ULHW7ynqdXE8Z9Fnr4irFw&utm_campaign=yelp_api_v3&utm_medium=api_v3_business_search&utm_source=ULHW7ynqdXE8Z9Fnr4irFw"", ""review_count"": 11, ""categories"": [{""alias"": ""duilawyers"", ""title"": ""DUI Law""}, {""alias"": ""criminaldefense"", ""title"": ""Criminal Defense Law""}, {""alias"": ""businesslawyers"", ""title"": ""Business Law""}], ""rating"": 5.0, ""coordinates"": {""latitude"": 34.05313, ""longitude"": -118.2919926}, ""transactions"": [], ""location"": {""address1"": ""987 S Vermont Ave"", ""address2"": ""Ste G"", ""address3"": """", ""city"": ""Los Angeles"", ""zip_code"": ""90006"", ""country"": ""US"", ""state"": ""CA"", ""display_address"": [""987 S Vermont Ave"", ""Ste G"", ""Los Angeles, CA 90006""]}, ""phone"": ""+12132226560"", ""display_phone"": ""(213) 222-6560"", ""distance"": 27287.569370737572}, {""id"": ""0MCmBZaDJ4dtoYHdLk2Emw"", ""alias"": ""fix-your-ticket-los-angeles-12"", ""name"": ""Fix Your Ticket"", ""image_url"": ""https://s3-media2.fl.yelpcdn.com/bphoto/bmLvSFb4qbQO1GvIvOSE0w/o.jpg"", ""is_closed"": false, ""url"": ""https://www.yelp.com/biz/fix-your-ticket-los-angeles-12?adjust_creative=ULHW7ynqdXE8Z9Fnr4irFw&utm_campaign=yelp_api_v3&utm_medium=api_v3_business_search&utm_source=ULHW7ynqdXE8Z9Fnr4irFw"", ""review_count"": 54, ""categories"": [{""alias"": ""criminaldefense"", ""title"": ""Criminal Defense Law""}, {""alias"": ""trafficticketinglaw"", ""title"": ""Traffic Ticketing Law""}, {""alias"": ""duilawyers"", ""title"": ""DUI Law""}], ""rating"": 5.0, ""coordinates"": {""latitude"": 34.0308, ""longitude"": -118.26685}, ""transactions"": [], ""location"": {""address1"": ""1933 S Broadway"", ""address2"": ""Ste 1102,"", ""address3"": ""Fl 11"", ""city"": ""Los Angeles"", ""zip_code"": ""90007"", ""country"": ""US"", ""state"": ""CA"", ""display_address"": [""1933 S Broadway"", ""Ste 1102,"", ""Fl 11"", ""Los Angeles, CA 90007""]}, ""phone"": ""+12132636864"", ""display_phone"": ""(213) 263-6864"", ""distance"": 27267.266963623795}, {""id"": ""_WLKt4mLUSvnE9IFQlfhUA"", ""alias"": ""law-offices-of-isaac-dillon-van-nuys"", ""name"": ""Law Offices of Isaac Dillon"", ""image_url"": ""https://s3-media3.fl.yelpcdn.com/bphoto/aNgH6B8iZFnPRG5Q-YFwDw/o.jpg"", ""is_closed"": false, ""url"": ""https://www.yelp.com/biz/law-offices-of-isaac-dillon-van-nuys?adjust_creative=ULHW7ynqdXE8Z9Fnr4irFw&utm_campaign=yelp_api_v3&utm_medium=api_v3_business_search&utm_source=ULHW7ynqdXE8Z9Fnr4irFw"", ""review_count"": 9, ""categories"": [{""alias"": ""criminaldefense"", ""title"": ""Criminal Defense Law""}, {""alias"": ""personal_injury"", ""title"": ""Personal Injury Law""}, {""alias"": ""duilawyers"", ""title"": ""DUI Law""}], ""rating"": 5.0, ""coordinates"": {""latitude"": 34.18801, ""longitude"": -118.44799}, ""transactions"": [], ""location"": {""address1"": ""6454 Van Nuys Blvd"", ""address2"": ""Ste 150"", ""address3"": null, ""city"": ""Van Nuys"", ""zip_code"": ""91401"", ""country"": ""US"", ""state"": ""CA"", ""display_address"": [""6454 Van Nuys Blvd"", ""Ste 150"", ""Van Nuys, CA 91401""]}, ""phone"": ""+18186725388"", ""display_phone"": ""(818) 672-5388"", ""distance"": 35377.90943415151}, {""id"": ""WFuCDWHfWWylcOWDO1CYiw"", ""alias"": ""lijt-law-los-angeles"", ""name"": ""Lijt Law"", ""image_url"": ""https://s3-media1.fl.yelpcdn.com/bphoto/M0d7Lx9WI5yT0uC9ieAULg/o.jpg"", ""is_closed"": false, ""url"": ""https://www.yelp.com/biz/lijt-law-los-angeles?adjust_creative=ULHW7ynqdXE8Z9Fnr4irFw&utm_campaign=yelp_api_v3&utm_medium=api_v3_business_search&utm_source=ULHW7ynqdXE8Z9Fnr4irFw"", ""review_count"": 10, ""categories"": [{""alias"": ""criminaldefense"", ""title"": ""Criminal Defense Law""}, {""alias"": ""duilawyers"", ""title"": ""DUI Law""}, {""alias"": ""immigrationlawyers"", ""title"": ""Immigration Law""}], ""rating"": 5.0, ""coordinates"": {""latitude"": 34.047207, ""longitude"": -118.255446}, ""transactions"": [], ""location"": {""address1"": ""643 S Olive St"", ""address2"": ""Ste 525"", ""address3"": null, ""city"": ""Los Angeles"", ""zip_code"": ""90014"", ""country"": ""US"", ""state"": ""CA"", ""display_address"": [""643 S Olive St"", ""Ste 525"", ""Los Angeles, CA 90014""]}, ""phone"": ""+13233795458"", ""display_phone"": ""(323) 379-5458"", ""distance"": 25269.662887094226}, {""id"": ""D3THn6NZsBKJ1v_GgRD9ww"", ""alias"": ""artz-and-sturm-law-group-los-angeles"", ""name"": ""Artz & Sturm Law Group"", ""image_url"": ""https://s3-media1.fl.yelpcdn.com/bphoto/qnoHT-Vm8afAF0o7G324KA/o.jpg"", ""is_closed"": false, ""url"": ""https://www.yelp.com/biz/artz-and-sturm-law-group-los-angeles?adjust_creative=ULHW7ynqdXE8Z9Fnr4irFw&utm_campaign=yelp_api_v3&utm_medium=api_v3_business_search&utm_source=ULHW7ynqdXE8Z9Fnr4irFw"", ""review_count"": 26, ""categories"": [{""alias"": ""criminaldefense"", ""title"": ""Criminal Defense Law""}, {""alias"": ""duilawyers"", ""title"": ""DUI Law""}, {""alias"": ""legalservices"", ""title"": ""Legal Services""}], ""rating"": 5.0, ""coordinates"": {""latitude"": 34.0515, ""longitude"": -118.26221}, ""transactions"": [], ""location"": {""address1"": ""1010 Wilshire Blvd"", ""address2"": ""Ste 1415"", ""address3"": """", ""city"": ""Los Angeles"", ""zip_code"": ""90017"", ""country"": ""US"", ""state"": ""CA"", ""display_address"": [""1010 Wilshire Blvd"", ""Ste 1415"", ""Los Angeles, CA 90017""]}, ""phone"": ""+13108201315"", ""display_phone"": ""(310) 820-1315"", ""distance"": 25371.231832101916}, {""id"": ""xcIriEEOtma6tMGsoyL5ag"", ""alias"": ""beahm-law-los-angeles-4"", ""name"": ""Beahm Law"", ""image_url"": ""https://s3-media1.fl.yelpcdn.com/bphoto/R1Zv3xY5pvI4IhnEp_ovJA/o.jpg"", ""is_closed"": false, ""url"": ""https://www.yelp.com/biz/beahm-law-los-angeles-4?adjust_creative=ULHW7ynqdXE8Z9Fnr4irFw&utm_campaign=yelp_api_v3&utm_medium=api_v3_business_search&utm_source=ULHW7ynqdXE8Z9Fnr4irFw"", ""review_count"": 12, ""categories"": [{""alias"": ""personal_injury"", ""title"": ""Personal Injury Law""}, {""alias"": ""duilawyers"", ""title"": ""DUI Law""}, {""alias"": ""criminaldefense"", ""title"": ""Criminal Defense Law""}], ""rating"": 5.0, ""coordinates"": {""latitude"": 33.97915, ""longitude"": -118.4157}, ""transactions"": [], ""location"": {""address1"": ""12655 W Jefferson Blvd"", ""address2"": """", ""address3"": """", ""city"": ""Los Angeles"", ""zip_code"": ""90066"", ""country"": ""US"", ""state"": ""CA"", ""display_address"": [""12655 W Jefferson Blvd"", ""Los Angeles, CA 90066""]}, ""phone"": ""+13234893420"", ""display_phone"": ""(323) 489-3420"", ""distance"": 41255.22767133806}, {""id"": ""-7-GC7tBNkh7ipdnOeS08w"", ""alias"": ""chudnovsky-law-criminal-and-dui-lawyers-los-angeles-2"", ""name"": ""Chudnovsky Law - Criminal & DUI Lawyers"", ""image_url"": ""https://s3-media4.fl.yelpcdn.com/bphoto/GTilLuBBSqVU2bj-gXTxig/o.jpg"", ""is_closed"": false, ""url"": ""https://www.yelp.com/biz/chudnovsky-law-criminal-and-dui-lawyers-los-angeles-2?adjust_creative=ULHW7ynqdXE8Z9Fnr4irFw&utm_campaign=yelp_api_v3&utm_medium=api_v3_business_search&utm_source=ULHW7ynqdXE8Z9Fnr4irFw"", ""review_count"": 4, ""categories"": [{""alias"": ""criminaldefense"", ""title"": ""Criminal Defense Law""}, {""alias"": ""duilawyers"", ""title"": ""DUI Law""}], ""rating"": 5.0, ""coordinates"": {""latitude"": 34.0312446, ""longitude"": -118.2666406}, ""transactions"": [], ""location"": {""address1"": ""1933 S Broadway"", ""address2"": ""Ste 1100"", ""address3"": """", ""city"": ""Los Angeles"", ""zip_code"": ""90007"", ""country"": ""US"", ""state"": ""CA"", ""display_address"": [""1933 S Broadway"", ""Ste 1100"", ""Los Angeles, CA 90007""]}, ""phone"": ""+12132125002"", ""display_phone"": ""(213) 212-5002"", ""distance"": 27267.283233746133}, {""id"": ""RlbhlLjgAO8091j_GCFrTA"", ""alias"": ""law-offices-of-kevin-gres-los-angeles"", ""name"": ""Law Offices of Kevin Gres"", ""image_url"": ""https://s3-media4.fl.yelpcdn.com/bphoto/YxRxiXH3eH3-tSXxug8ROw/o.jpg"", ""is_closed"": false, ""url"": ""https://www.yelp.com/biz/law-offices-of-kevin-gres-los-angeles?adjust_creative=ULHW7ynqdXE8Z9Fnr4irFw&utm_campaign=yelp_api_v3&utm_medium=api_v3_business_search&utm_source=ULHW7ynqdXE8Z9Fnr4irFw"", ""review_count"": 14, ""categories"": [{""alias"": ""criminaldefense"", ""title"": ""Criminal Defense Law""}, {""alias"": ""duilawyers"", ""title"": ""DUI Law""}], ""rating"": 4.5, ""coordinates"": {""latitude"": 34.0586062, ""longitude"": -118.4131243}, ""transactions"": [], ""location"": {""address1"": ""2049 Century Park E"", ""address2"": ""Ste 750"", ""address3"": """", ""city"": ""Los Angeles"", ""zip_code"": ""90067"", ""country"": ""US"", ""state"": ""CA"", ""display_address"": [""2049 Century Park E"", ""Ste 750"", ""Los Angeles, CA 90067""]}, ""phone"": ""+13238131910"", ""display_phone"": ""(323) 813-1910"", ""distance"": 36260.53199150514}, {""id"": ""PYGRseBOE3PswUr-HZfVcg"", ""alias"": ""the-law-office-of-ricardo-a-chavez-esq-beverly-hills-2"", ""name"": ""The Law Office of Ricardo A Chavez, Esq"", ""image_url"": ""https://s3-media4.fl.yelpcdn.com/bphoto/R8CcLFZL3gZwTuy1HxMmNQ/o.jpg"", ""is_closed"": false, ""url"": ""https://www.yelp.com/biz/the-law-office-of-ricardo-a-chavez-esq-beverly-hills-2?adjust_creative=ULHW7ynqdXE8Z9Fnr4irFw&utm_campaign=yelp_api_v3&utm_medium=api_v3_business_search&utm_source=ULHW7ynqdXE8Z9Fnr4irFw"", ""review_count"": 9, ""categories"": [{""alias"": ""criminaldefense"", ""title"": ""Criminal Defense Law""}, {""alias"": ""duilawyers"", ""title"": ""DUI Law""}, {""alias"": ""businesslawyers"", ""title"": ""Business Law""}], ""rating"": 4.5, ""coordinates"": {""latitude"": 34.058628, ""longitude"": -118.398232}, ""transactions"": [], ""location"": {""address1"": ""425 S Beverly Dr"", ""address2"": null, ""address3"": """", ""city"": ""Beverly Hills"", ""zip_code"": ""90212"", ""country"": ""US"", ""state"": ""CA"", ""display_address"": [""425 S Beverly Dr"", ""Beverly Hills, CA 90212""]}, ""phone"": ""+13105538580"", ""display_phone"": ""(310) 553-8580"", ""distance"": 35049.41755659458}, {""id"": ""F8PK00XAC0Iw-8EByPVJJw"", ""alias"": ""floyd-skeren-and-kelly-beverly-hills-2"", ""name"": ""Floyd, Skeren & Kelly"", ""image_url"": ""https://s3-media4.fl.yelpcdn.com/bphoto/u1lisjvlrKR3KgfGNpIdbA/o.jpg"", ""is_closed"": false, ""url"": ""https://www.yelp.com/biz/floyd-skeren-and-kelly-beverly-hills-2?adjust_creative=ULHW7ynqdXE8Z9Fnr4irFw&utm_campaign=yelp_api_v3&utm_medium=api_v3_business_search&utm_source=ULHW7ynqdXE8Z9Fnr4irFw"", ""review_count"": 20, ""categories"": [{""alias"": ""criminaldefense"", ""title"": ""Criminal Defense Law""}, {""alias"": ""duilawyers"", ""title"": ""DUI Law""}], ""rating"": 5.0, ""coordinates"": {""latitude"": 34.06501, ""longitude"": -118.37347}, ""transactions"": [], ""location"": {""address1"": ""8383 Wilshire Blvd"", ""address2"": ""Ste 800"", ""address3"": """", ""city"": ""Beverly Hills"", ""zip_code"": ""90211"", ""country"": ""US"", ""state"": ""CA"", ""display_address"": [""8383 Wilshire Blvd"", ""Ste 800"", ""Beverly Hills, CA 90211""]}, ""phone"": ""+13108248896"", ""display_phone"": ""(310) 824-8896"", ""distance"": 32701.88847888414}, {""id"": ""wYwmjhpioOM2To1nYr6Gog"", ""alias"": ""gould-and-jefferson-of-beverly-hills-beverly-hills-5"", ""name"": ""Gould & Jefferson of Beverly Hills"", ""image_url"": ""https://s3-media2.fl.yelpcdn.com/bphoto/fD5j6IXBa6SIzwqaXsfBjg/o.jpg"", ""is_closed"": false, ""url"": ""https://www.yelp.com/biz/gould-and-jefferson-of-beverly-hills-beverly-hills-5?adjust_creative=ULHW7ynqdXE8Z9Fnr4irFw&utm_campaign=yelp_api_v3&utm_medium=api_v3_business_search&utm_source=ULHW7ynqdXE8Z9Fnr4irFw"", ""review_count"": 36, ""categories"": [{""alias"": ""personal_injury"", ""title"": ""Personal Injury Law""}, {""alias"": ""criminaldefense"", ""title"": ""Criminal Defense Law""}, {""alias"": ""duilawyers"", ""title"": ""DUI Law""}], ""rating"": 5.0, ""coordinates"": {""latitude"": 34.06501, ""longitude"": -118.37347}, ""transactions"": [], ""location"": {""address1"": ""8383 Wilshire Blvd"", ""address2"": ""Ste 1038"", ""address3"": """", ""city"": ""Beverly Hills"", ""zip_code"": ""90211"", ""country"": ""US"", ""state"": ""CA"", ""display_address"": [""8383 Wilshire Blvd"", ""Ste 1038"", ""Beverly Hills, CA 90211""]}, ""phone"": ""+13108999529"", ""display_phone"": ""(310) 899-9529"", ""distance"": 32702.166533579206}, {""id"": ""2TrCq6sEsn6M89gdcjLG2Q"", ""alias"": ""law-offices-of-sabado-and-associates-aplc-claremont-3"", ""name"": ""Law Offices of Sabado & Associates, APLC"", ""image_url"": ""https://s3-media3.fl.yelpcdn.com/bphoto/nLGHr-4fIYBPjPvSgxKXDQ/o.jpg"", ""is_closed"": false, ""url"": ""https://www.yelp.com/biz/law-offices-of-sabado-and-associates-aplc-claremont-3?adjust_creative=ULHW7ynqdXE8Z9Fnr4irFw&utm_campaign=yelp_api_v3&utm_medium=api_v3_business_search&utm_source=ULHW7ynqdXE8Z9Fnr4irFw"", ""review_count"": 51, ""categories"": [{""alias"": ""criminaldefense"", ""title"": ""Criminal Defense Law""}, {""alias"": ""duilawyers"", ""title"": ""DUI Law""}], ""rating"": 4.5, ""coordinates"": {""latitude"": 34.1080445, ""longitude"": -117.7209448}, ""transactions"": [], ""location"": {""address1"": ""445 W Foothill Blvd"", ""address2"": ""Ste 102"", ""address3"": """", ""city"": ""Claremont"", ""zip_code"": ""91711"", ""country"": ""US"", ""state"": ""CA"", ""display_address"": [""445 W Foothill Blvd"", ""Ste 102"", ""Claremont, CA 91711""]}, ""phone"": ""+19096262003"", ""display_phone"": ""(909) 626-2003"", ""distance"": 33599.78924785179}], ""total"": 25, ""region"": {""center"": {""longitude"": -118.06449, ""latitude"": 34.210484}}}",application/json,true,none
test_s0v1mrso4gfp_getBusinesses,400,"{""error"": {""code"": ""VALIDATION_ERROR"", ""description"": ""The open_at provided is too long ago, the timestamp must be within the last two weeks.""}}",application/json,true,none
test_s1h7fyryku3p_getBusinesses,200,"{""businesses"": [], ""total"": 0, ""region"": {""center"": {""longitude"": -122.43644714355469, ""latitude"": 37.76089938976322}}}",application/json,true,none
test_s1jytpy4povs_getBusinesses,200,"{""businesses"": [], ""total"": 0, ""region"": {""center"": {""longitude"": -116.53385, ""latitude"": 36.77451}}}",application/json,true,none
test_skstamzy6d6h_getBusinesses,400,"{""error"": {""code"": ""VALIDATION_ERROR"", ""description"": ""Please specify a location or a latitude and longitude""}}",application/json,true,none
test_sl67spjjzucj_getBusinesses,400,"{""error"": {""code"": ""VALIDATION_ERROR"", ""description"": ""Please specify a location or a latitude and longitude""}}",application/json,true,none
test_sof4khu60hfa_getBusinesses,200,"{""businesses"": [], ""total"": 0, ""region"": {""center"": {""longitude"": 9.189033508300781, ""latitude"": 45.47047287954827}}}",application/json,true,none
test_t4a0kryect9w_getBusinesses,200,"{""businesses"": [], ""total"": 0, ""region"": {""center"": {""longitude"": -114.73952, ""latitude"": 36.092194}}}",application/json,true,none
test_t4yzbic853cm_getBusinesses,200,"{""businesses"": [], ""total"": 0, ""region"": {""center"": {""longitude"": 145.052490234375, ""latitude"": -37.97164135293714}}}",application/json,true,none
test_tnz2vnx0upnn_getBusinesses,400,"{""error"": {""code"": ""VALIDATION_ERROR"", ""description"": ""Please specify a location or a latitude and longitude""}}",application/json,true,none
test_toiekjbdmgc2_getBusinesses,200,"{""businesses"": [], ""total"": 0, ""region"": {""center"": {""longitude"": 139.76669311523438, ""latitude"": 35.685011526354074}}}",application/json,true,none
test_u7zlzyxz3bcg_getBusinesses,400,"{""error"": {""code"": ""VALIDATION_ERROR"", ""description"": ""Please specify a location or a latitude and longitude""}}",application/json,true,none
test_u7zoby1h71o5_getBusinesses,200,"{""businesses"": [], ""total"": 0, ""region"": {""center"": {""longitude"": 9.189033508300781, ""latitude"": 45.47047287954827}}}",application/json,true,none
test_u82drn8lrwiq_getBusinesses,200,"{""businesses"": [], ""total"": 0, ""region"": {""center"": {""longitude"": -108.00332, ""latitude"": 35.615032}}}",application/json,true,none
test_u85pf57nh46c_getBusinesses,200,"{""businesses"": [{""id"": ""ofDTJCa4MLpX8ctfO2LLeA"", ""alias"": ""party-city-charlotte-4"", ""name"": ""Party City"", ""image_url"": ""https://s3-media1.fl.yelpcdn.com/bphoto/_RdOudyswMImv92i27GabQ/o.jpg"", ""is_closed"": false, ""url"": ""https://www.yelp.com/biz/party-city-charlotte-4?adjust_creative=ULHW7ynqdXE8Z9Fnr4irFw&utm_campaign=yelp_api_v3&utm_medium=api_v3_business_search&utm_source=ULHW7ynqdXE8Z9Fnr4irFw"", ""review_count"": 31, ""categories"": [{""alias"": ""partysupplies"", ""title"": ""Party Supplies""}, {""alias"": ""costumes"", ""title"": ""Costumes""}], ""rating"": 2.5, ""coordinates"": {""latitude"": 35.162541, ""longitude"": -80.87501}, ""transactions"": [], ""price"": ""$$"", ""location"": {""address1"": ""5401 S Blvd"", ""address2"": """", ""address3"": """", ""city"": ""Charlotte"", ""zip_code"": ""28217"", ""country"": ""US"", ""state"": ""NC"", ""display_address"": [""5401 S Blvd"", ""Charlotte, NC 28217""]}, ""phone"": ""+17045252541"", ""display_phone"": ""(704) 525-2541"", ""distance"": 88329.9849668941}, {""id"": ""j44DGewcJlKEs46nzg4Fgg"", ""alias"": ""party-city-charlotte-7"", ""name"": ""Party City"", ""image_url"": ""https://s3-media1.fl.yelpcdn.com/bphoto/r4DjSjTo7QTEywAZ2u5OUQ/o.jpg"", ""is_closed"": false, ""url"": ""https://www.yelp.com/biz/party-city-charlotte-7?adjust_creative=ULHW7ynqdXE8Z9Fnr4irFw&utm_campaign=yelp_api_v3&utm_medium=api_v3_business_search&utm_source=ULHW7ynqdXE8Z9Fnr4irFw"", ""review_count"": 24, ""categories"": [{""alias"": ""partysupplies"", ""title"": ""Party Supplies""}, {""alias"": ""costumes"", ""title"": ""Costumes""}], ""rating"": 2.0, ""coordinates"": {""latitude"": 35.086477, ""longitude"": -80.848326}, ""transactions"": [], ""price"": ""$$"", ""location"": {""address1"": ""7601 Pineville Matthews Rd"", ""address2"": ""Ste A"", ""address3"": """", ""city"": ""Charlotte"", ""zip_code"": ""28226"", ""country"": ""US"", ""state"": ""NC"", ""display_address"": [""7601 Pineville Matthews Rd"", ""Ste A"", ""Charlotte, NC 28226""]}, ""phone"": ""+17045419393"", ""display_phone"": ""(704) 541-9393"", ""distance"": 95824.35731266982}, {""id"": ""-yDawPcW3jz1zrhWNuMpWw"", ""alias"": ""party-city-gastonia"", ""name"": ""Party City"", ""image_url"": ""https://s3-media1.fl.yelpcdn.com/bphoto/GjJQlQgkBPx46QWYG-UjkQ/o.jpg"", ""is_closed"": false, ""url"": ""https://www.yelp.com/biz/party-city-gastonia?adjust_creative=ULHW7ynqdXE8Z9Fnr4irFw&utm_campaign=yelp_api_v3&utm_medium=api_v3_business_search&utm_source=ULHW7ynqdXE8Z9Fnr4irFw"", ""review_count"": 12, ""categories"": [{""alias"": ""partysupplies"", ""title"": ""Party Supplies""}, {""alias"": ""costumes"", ""title"": ""Costumes""}], ""rating"": 2.5, ""coordinates"": {""latitude"": 35.2577133, ""longitude"": -81.1141663}, ""transactions"": [], ""price"": ""$$"", ""location"": {""address1"": ""3686 E Franklin Blvd"", ""address2"": """", ""address3"": """", ""city"": ""Gastonia"", ""zip_code"": ""28054"", ""country"": ""US"", ""state"": ""NC"", ""display_address"": [""3686 E Franklin Blvd"", ""Gastonia, NC 28054""]}, ""phone"": ""+17048231733"", ""display_phone"": ""(704) 823-1733"", ""distance"": 64767.51411683737}, {""id"": ""xHqrGsQJTRpShSMy4lUOng"", ""alias"": ""party-city-of-hickory-hickory"", ""name"": ""Party City of Hickory"", ""image_url"": ""https://s3-media4.fl.yelpcdn.com/bphoto/rh9-N728wC8hyQ0zYaBLaA/o.jpg"", ""is_closed"": false, ""url"": ""https://www.yelp.com/biz/party-city-of-hickory-hickory?adjust_creative=ULHW7ynqdXE8Z9Fnr4irFw&utm_campaign=yelp_api_v3&utm_medium=api_v3_business_search&utm_source=ULHW7ynqdXE8Z9Fnr4irFw"", ""review_count"": 4, ""categories"": [{""alias"": ""partysupplies"", ""title"": ""Party Supplies""}, {""alias"": ""costumes"", ""title"": ""Costumes""}], ""rating"": 3.0, ""coordinates"": {""latitude"": 35.7018089, ""longitude"": -81.3066635}, ""transactions"": [], ""price"": ""$"", ""location"": {""address1"": ""1942 Catawba Valley Blvd SE"", ""address2"": """", ""address3"": """", ""city"": ""Hickory"", ""zip_code"": ""28602"", ""country"": ""US"", ""state"": ""NC"", ""display_address"": [""1942 Catawba Valley Blvd SE"", ""Hickory, NC 28602""]}, ""phone"": ""+18283273220"", ""display_phone"": ""(828) 327-3220"", ""distance"": 29367.602007425266}], ""total"": 4, ""region"": {""center"": {""longitude"": -81.6284, ""latitude"": 35.666565}}}",application/json,true,none
test_u8diqsxzqe5z_getBusinesses,200,"{""businesses"": [], ""total"": 0, ""region"": {""center"": {""longitude"": -5.985832214355469, ""latitude"": 37.38897024983557}}}",application/json,true,none
test_ubrds16wbhwj_getBusinesses,400,"{""error"": {""code"": ""OPEN_AT_AND_NOW_PROVIDED"", ""description"": ""You must specify either open_at or open_now, not both.""}}",application/json,true,none
test_ubu5xzp6fo6p_getBusinesses,200,"{""businesses"": [], ""total"": 0, ""region"": {""center"": {""longitude"": -106.44927978515625, ""latitude"": 31.653215982221013}}}",application/json,true,none
test_ure0prp13y2h_getBusinesses,400,"{""error"": {""code"": ""VALIDATION_ERROR"", ""description"": ""Please specify a location or a latitude and longitude""}}",application/json,true,none
test_urxz0x4yikaf_getBusinesses,200,"{""businesses"": [], ""total"": 0, ""region"": {""center"": {""longitude"": -122.43644714355469, ""latitude"": 37.76089938976322}}}",application/json,true,none
test_uvjp0flkjzvm_getBusinesses,200,"{""businesses"": [], ""total"": 0, ""region"": {""center"": {""longitude"": -88.26107025146484, ""latitude"": 44.75855738140011}}}",application/json,true,none
test_vb9mw1dp5raa_getBusinesses,400,"{""error"": {""code"": ""OPEN_AT_AND_NOW_PROVIDED"", ""description"": ""You must specify either open_at or open_now, not both.""}}",application/json,true,none
test_vf0xwxiik2t5_getBusinesses,400,"{""error"": {""code"": ""LOCATION_NOT_FOUND"", ""description"": ""Could not execute search, try specifying a more exact location.""}}",application/json,true,none
