testResultId,statusCode,responseBody,outputContentType,passed,failReason
test_1h7zspzaq7ale_getBusinesses,200,"{""businesses"": [], ""total"": 0, ""region"": {""center"": {""longitude"": 139.76669311523438, ""latitude"": 35.685011526354074}}}",application/json,true,none
test_1h82jbtessfug_getBusinesses,400,"{""error"": {""code"": ""VALIDATION_ERROR"", ""description"": ""Please specify a location or a latitude and longitude""}}",application/json,true,none
test_1hbfz37qramnr_getBusinesses,200,"{""businesses"": [], ""total"": 0, ""region"": {""center"": {""longitude"": -106.58145, ""latitude"": 47.240463}}}",application/json,true,none
test_1hv0g4vp2e1yc_getBusinesses,200,"{""businesses"": [{""id"": ""QLCMBXdlg_uveJm3HMbmtQ"", ""alias"": ""degani-bakery-cafe-docklands-6"", ""name"": ""Degani Bakery Cafe"", ""image_url"": """", ""is_closed"": false, ""url"": ""https://www.yelp.com/biz/degani-bakery-cafe-docklands-6?adjust_creative=ULHW7ynqdXE8Z9Fnr4irFw&utm_campaign=yelp_api_v3&utm_medium=api_v3_business_search&utm_source=ULHW7ynqdXE8Z9Fnr4irFw"", ""review_count"": 1, ""categories"": [{""alias"": ""coffee"", ""title"": ""Coffee & Tea""}], ""rating"": 3.0, ""coordinates"": {""latitude"": -37.819672, ""longitude"": 144.94404}, ""transactions"": [], ""location"": {""address1"": ""818 Bourke Street"", ""address2"": """", ""address3"": """", ""city"": ""Docklands"", ""zip_code"": ""3008"", ""country"": ""AU"", ""state"": ""VIC"", ""display_address"": [""818 Bourke Street"", ""Docklands Victoria 3008"", ""Australia""]}, ""phone"": ""+61396707033"", ""display_phone"": ""+61 3 9670 7033"", ""distance"": 2056.906226968705}, {""id"": ""f_bpCRj3AuyQpUZiTvGFtQ"", ""alias"": ""cafe-italia-carlton-3"", ""name"": ""Cafe Italia"", ""image_url"": ""https://s3-media2.fl.yelpcdn.com/bphoto/KdAB1M5IRuT5rsN4pMu2Xw/o.jpg"", ""is_closed"": false, ""url"": ""https://www.yelp.com/biz/cafe-italia-carlton-3?adjust_creative=ULHW7ynqdXE8Z9Fnr4irFw&utm_campaign=yelp_api_v3&utm_medium=api_v3_business_search&utm_source=ULHW7ynqdXE8Z9Fnr4irFw"", ""review_count"": 4, ""categories"": [{""alias"": ""italian"", ""title"": ""Italian""}, {""alias"": ""coffee"", ""title"": ""Coffee & Tea""}, {""alias"": ""pizza"", ""title"": ""Pizza""}], ""rating"": 4.5, ""coordinates"": {""latitude"": -37.799342, ""longitude"": 144.967866}, ""transactions"": [], ""location"": {""address1"": ""56-66 University St"", ""address2"": ""Shop 1"", ""address3"": null, ""city"": ""Carlton"", ""zip_code"": ""3053"", ""country"": ""AU"", ""state"": ""VIC"", ""display_address"": [""56-66 University St"", ""Shop 1"", ""Carlton Victoria 3053"", ""Australia""]}, ""phone"": ""+61393470638"", ""display_phone"": ""+61 3 9347 0638"", ""distance"": 2061.3827753264472}, {""id"": ""m8Lm7-CpcLSHcnxOyhBDSg"", ""alias"": ""chill-out-parkville"", ""name"": ""Chill Out"", ""image_url"": ""https://s3-media4.fl.yelpcdn.com/bphoto/yu_ZlHtitNtmk9FeQ9MmnQ/o.jpg"", ""is_closed"": false, ""url"": ""https://www.yelp.com/biz/chill-out-parkville?adjust_creative=ULHW7ynqdXE8Z9Fnr4irFw&utm_campaign=yelp_api_v3&utm_medium=api_v3_business_search&utm_source=ULHW7ynqdXE8Z9Fnr4irFw"", ""review_count"": 1, ""categories"": [{""alias"": ""coffee"", ""title"": ""Coffee & Tea""}], ""rating"": 2.0, ""coordinates"": {""latitude"": -37.800058, ""longitude"": 144.960817}, ""transactions"": [], ""price"": ""$"", ""location"": {""address1"": ""156 Grattan St"", ""address2"": """", ""address3"": null, ""city"": ""Parkville"", ""zip_code"": ""3052"", ""country"": ""AU"", ""state"": ""VIC"", ""display_address"": [""156 Grattan St"", ""Parkville Victoria 3052"", ""Australia""]}, ""phone"": ""+61393470531"", ""display_phone"": ""+61 3 9347 0531"", ""distance"": 2062.6209440705243}, {""id"": ""Ptp93ABHqG0gM7Uj_09XxA"", ""alias"": ""lygon-foodstore-carlton-2"", ""name"": ""Lygon Foodstore"", ""image_url"": ""https://s3-media1.fl.yelpcdn.com/bphoto/XeCb2z-ybd01C3s8UgiuJQ/o.jpg"", ""is_closed"": false, ""url"": ""https://www.yelp.com/biz/lygon-foodstore-carlton-2?adjust_creative=ULHW7ynqdXE8Z9Fnr4irFw&utm_campaign=yelp_api_v3&utm_medium=api_v3_business_search&utm_source=ULHW7ynqdXE8Z9Fnr4irFw"", ""review_count"": 2, ""categories"": [{""alias"": ""delis"", ""title"": ""Delis""}, {""alias"": ""coffee"", ""title"": ""Coffee & Tea""}, {""alias"": ""international"", ""title"": ""International""}], ""rating"": 2.5, ""coordinates"": {""latitude"": -37.799322, ""longitude"": 144.966991}, ""transactions"": [], ""price"": ""$$"", ""location"": {""address1"": ""263 Lygon St"", ""address2"": """", ""address3"": """", ""city"": ""Carlton"", ""zip_code"": ""3053"", ""country"": ""AU"", ""state"": ""VIC"", ""display_address"": [""263 Lygon St"", ""Carlton Victoria 3053"", ""Australia""]}, ""phone"": """", ""display_phone"": """", ""distance"": 2063.336757610743}, {""id"": ""se0JjZbay55pbrC9V1_yiQ"", ""alias"": ""doc-espresso-carlton"", ""name"": ""DOC Espresso"", ""image_url"": ""https://s3-media3.fl.yelpcdn.com/bphoto/nALkeaZLpSJvFspD-0Q6Mw/o.jpg"", ""is_closed"": false, ""url"": ""https://www.yelp.com/biz/doc-espresso-carlton?adjust_creative=ULHW7ynqdXE8Z9Fnr4irFw&utm_campaign=yelp_api_v3&utm_medium=api_v3_business_search&utm_source=ULHW7ynqdXE8Z9Fnr4irFw"", ""review_count"": 18, ""categories"": [{""alias"": ""cafes"", ""title"": ""Cafes""}], ""rating"": 3.5, ""coordinates"": {""latitude"": -37.799301, ""longitude"": 144.967453}, ""transactions"": [], ""price"": ""$$"", ""location"": {""address1"": ""326 Lygon St"", ""address2"": """", ""address3"": """", ""city"": ""Carlton"", ""zip_code"": ""3053"", ""country"": ""AU"", ""state"": ""VIC"", ""display_address"": [""326 Lygon St"", ""Carlton Victoria 3053"", ""Australia""]}, ""phone"": ""+61393478482"", ""display_phone"": ""+61 3 9347 8482"", ""distance"": 2065.9674721532283}, {""id"": ""ymsj6KaFnTEUSdVOcHzb5g"", ""alias"": ""cafe-metsa-north-melbourne"", ""name"": ""Cafe Metsa"", ""image_url"": ""https://s3-media4.fl.yelpcdn.com/bphoto/EhLNgwY6bfZwxsoXPZ-Adg/o.jpg"", ""is_closed"": false, ""url"": ""https://www.yelp.com/biz/cafe-metsa-north-melbourne?adjust_creative=ULHW7ynqdXE8Z9Fnr4irFw&utm_campaign=yelp_api_v3&utm_medium=api_v3_business_search&utm_source=ULHW7ynqdXE8Z9Fnr4irFw"", ""review_count"": 4, ""categories"": [{""alias"": ""restaurants"", ""title"": ""Restaurants""}, {""alias"": ""coffee"", ""title"": ""Coffee & Tea""}], ""rating"": 2.5, ""coordinates"": {""latitude"": -37.805339, ""longitude"": 144.949961}, ""transactions"": [], ""location"": {""address1"": ""345 Victoria St"", ""address2"": """", ""address3"": """", ""city"": ""North Melbourne"", ""zip_code"": ""3051"", ""country"": ""AU"", ""state"": ""VIC"", ""display_address"": [""345 Victoria St"", ""North Melbourne Victoria 3051"", ""Australia""]}, ""phone"": ""+61393288999"", ""display_phone"": ""+61 3 9328 8999"", ""distance"": 2067.8060438035272}, {""id"": ""V0au5CzIV7kdqh75yRd02A"", ""alias"": ""haymarket-place-carlton"", ""name"": ""Haymarket Place"", ""image_url"": ""https://s3-media2.fl.yelpcdn.com/bphoto/09i6fm3iWv4EAupDENM_fw/o.jpg"", ""is_closed"": false, ""url"": ""https://www.yelp.com/biz/haymarket-place-carlton?adjust_creative=ULHW7ynqdXE8Z9Fnr4irFw&utm_campaign=yelp_api_v3&utm_medium=api_v3_business_search&utm_source=ULHW7ynqdXE8Z9Fnr4irFw"", ""review_count"": 4, ""categories"": [{""alias"": ""coffee"", ""title"": ""Coffee & Tea""}], ""rating"": 4.0, ""coordinates"": {""latitude"": -37.800502, ""longitude"": 144.958894}, ""transactions"": [], ""price"": ""$$"", ""location"": {""address1"": ""212 Berkeley St"", ""address2"": """", ""address3"": """", ""city"": ""Carlton"", ""zip_code"": ""3053"", ""country"": ""AU"", ""state"": ""VIC"", ""display_address"": [""212 Berkeley St"", ""Carlton Victoria 3053"", ""Australia""]}, ""phone"": ""+61393478228"", ""display_phone"": ""+61 3 9347 8228"", ""distance"": 2069.673513501313}, {""id"": ""Qz8kFiqcP6oN0XU3Q5lXQw"", ""alias"": ""smith-and-deli-melbourne"", ""name"": ""Smith & Deli"", ""image_url"": ""https://s3-media2.fl.yelpcdn.com/bphoto/UcTnQD9BtpgEimCdKxup_A/o.jpg"", ""is_closed"": false, ""url"": ""https://www.yelp.com/biz/smith-and-deli-melbourne?adjust_creative=ULHW7ynqdXE8Z9Fnr4irFw&utm_campaign=yelp_api_v3&utm_medium=api_v3_business_search&utm_source=ULHW7ynqdXE8Z9Fnr4irFw"", ""review_count"": 22, ""categories"": [{""alias"": ""delis"", ""title"": ""Delis""}, {""alias"": ""coffee"", ""title"": ""Coffee & Tea""}], ""rating"": 4.5, ""coordinates"": {""latitude"": -37.80154, ""longitude"": 144.97868}, ""transactions"": [], ""price"": ""$$"", ""location"": {""address1"": ""111 Moor St"", ""address2"": """", ""address3"": """", ""city"": ""Melbourne"", ""zip_code"": ""3065"", ""country"": ""AU"", ""state"": ""VIC"", ""display_address"": [""111 Moor St"", ""Melbourne Victoria 3065"", ""Australia""]}, ""phone"": ""+61390424117"", ""display_phone"": ""+61 3 9042 4117"", ""distance"": 2070.9381587019716}, {""id"": ""QN_zz5nRlftypBKviwI55Q"", ""alias"": ""richmond-rush-cafe-richmond"", ""name"": ""Richmond Rush Cafe"", ""image_url"": """", ""is_closed"": false, ""url"": ""https://www.yelp.com/biz/richmond-rush-cafe-richmond?adjust_creative=ULHW7ynqdXE8Z9Fnr4irFw&utm_campaign=yelp_api_v3&utm_medium=api_v3_business_search&utm_source=ULHW7ynqdXE8Z9Fnr4irFw"", ""review_count"": 1, ""categories"": [{""alias"": ""coffee"", ""title"": ""Coffee & Tea""}, {""alias"": ""restaurants"", ""title"": ""Restaurants""}], ""rating"": 4.0, ""coordinates"": {""latitude"": -37.823545, ""longitude"": 144.98981}, ""transactions"": [], ""location"": {""address1"": ""4 Stewart St"", ""address2"": """", ""address3"": null, ""city"": ""Richmond"", ""zip_code"": ""3121"", ""country"": ""AU"", ""state"": ""VIC"", ""display_address"": [""4 Stewart St"", ""Richmond Victoria 3121"", ""Australia""]}, ""phone"": """", ""display_phone"": """", ""distance"": 2071.3901828262274}, {""id"": ""cswJ0pNEtbOsT982gV163Q"", ""alias"": ""kenny-s-bakery-cafe-docklands"", ""name"": ""Kenny\u2019s Bakery Cafe"", ""image_url"": ""https://s3-media3.fl.yelpcdn.com/bphoto/c2Z5CekO0rVS1cBuV3v7nQ/o.jpg"", ""is_closed"": false, ""url"": ""https://www.yelp.com/biz/kenny-s-bakery-cafe-docklands?adjust_creative=ULHW7ynqdXE8Z9Fnr4irFw&utm_campaign=yelp_api_v3&utm_medium=api_v3_business_search&utm_source=ULHW7ynqdXE8Z9Fnr4irFw"", ""review_count"": 1, ""categories"": [{""alias"": ""breakfast_brunch"", ""title"": ""Breakfast & Brunch""}, {""alias"": ""salad"", ""title"": ""Salad""}, {""alias"": ""coffee"", ""title"": ""Coffee & Tea""}], ""rating"": 4.0, ""coordinates"": {""latitude"": -37.82092, ""longitude"": 144.94368}, ""transactions"": [], ""location"": {""address1"": ""35 Merchant St"", ""address2"": """", ""address3"": null, ""city"": ""Docklands"", ""zip_code"": ""3008"", ""country"": ""AU"", ""state"": ""VIC"", ""display_address"": [""35 Merchant St"", ""Docklands Victoria 3008"", ""Australia""]}, ""phone"": ""+61422109567"", ""display_phone"": ""+61 422 109 567"", ""distance"": 2075.601635141296}, {""id"": ""Xp6Jxk6zTLo132a-WxOh7Q"", ""alias"": ""oxford-larder-collingwood"", ""name"": ""Oxford Larder"", ""image_url"": ""https://s3-media1.fl.yelpcdn.com/bphoto/bMgTIAgjE82d0pZlwkXy7Q/o.jpg"", ""is_closed"": false, ""url"": ""https://www.yelp.com/biz/oxford-larder-collingwood?adjust_creative=ULHW7ynqdXE8Z9Fnr4irFw&utm_campaign=yelp_api_v3&utm_medium=api_v3_business_search&utm_source=ULHW7ynqdXE8Z9Fnr4irFw"", ""review_count"": 3, ""categories"": [{""alias"": ""cafes"", ""title"": ""Cafes""}, {""alias"": ""gourmet"", ""title"": ""Specialty Food""}], ""rating"": 4.5, ""coordinates"": {""latitude"": -37.8050829, ""longitude"": 144.9846549}, ""transactions"": [], ""location"": {""address1"": ""18 Peel St"", ""address2"": """", ""address3"": null, ""city"": ""Collingwood"", ""zip_code"": ""3066"", ""country"": ""AU"", ""state"": ""VIC"", ""display_address"": [""18 Peel St"", ""Collingwood Victoria 3066"", ""Australia""]}, ""phone"": ""+61394173675"", ""display_phone"": ""+61 3 9417 3675"", ""distance"": 2082.2006742447047}, {""id"": ""m8iFK4Kv7JVD80iz1wlWhQ"", ""alias"": ""long-island-brew-bar-melbourne"", ""name"": ""Long Island Brew Bar"", ""image_url"": ""https://s3-media1.fl.yelpcdn.com/bphoto/nP0LSyQ_4NYJ3Hj9e5aKjA/o.jpg"", ""is_closed"": false, ""url"": ""https://www.yelp.com/biz/long-island-brew-bar-melbourne?adjust_creative=ULHW7ynqdXE8Z9Fnr4irFw&utm_campaign=yelp_api_v3&utm_medium=api_v3_business_search&utm_source=ULHW7ynqdXE8Z9Fnr4irFw"", ""review_count"": 1, ""categories"": [{""alias"": ""coffee"", ""title"": ""Coffee & Tea""}], ""rating"": 1.0, ""coordinates"": {""latitude"": -37.8360226780878, ""longitude"": 144.973553879263}, ""transactions"": [], ""price"": ""$$"", ""location"": {""address1"": ""1 Queens Rd"", ""address2"": """", ""address3"": """", ""city"": ""Melbourne"", ""zip_code"": ""3004"", ""country"": ""AU"", ""state"": ""VIC"", ""display_address"": [""1 Queens Rd"", ""Melbourne Victoria 3004"", ""Australia""]}, ""phone"": ""+61398637799"", ""display_phone"": ""+61 3 9863 7799"", ""distance"": 2090.184941144666}, {""id"": ""LkHGfXeil9lpqe1JzDhd6w"", ""alias"": ""little-bridge-cafe-richmond"", ""name"": ""Little Bridge Cafe"", ""image_url"": ""https://s3-media3.fl.yelpcdn.com/bphoto/Nj_Mbzzbe5RxL7fuesr3fA/o.jpg"", ""is_closed"": false, ""url"": ""https://www.yelp.com/biz/little-bridge-cafe-richmond?adjust_creative=ULHW7ynqdXE8Z9Fnr4irFw&utm_campaign=yelp_api_v3&utm_medium=api_v3_business_search&utm_source=ULHW7ynqdXE8Z9Fnr4irFw"", ""review_count"": 2, ""categories"": [{""alias"": ""restaurants"", ""title"": ""Restaurants""}, {""alias"": ""coffee"", ""title"": ""Coffee & Tea""}], ""rating"": 5.0, ""coordinates"": {""latitude"": -37.817727, ""longitude"": 144.991144}, ""transactions"": [], ""location"": {""address1"": ""34 Bridge Rd"", ""address2"": """", ""address3"": """", ""city"": ""Richmond"", ""zip_code"": ""3121"", ""country"": ""AU"", ""state"": ""VIC"", ""display_address"": [""34 Bridge Rd"", ""Richmond Victoria 3121"", ""Australia""]}, ""phone"": ""+61394281194"", ""display_phone"": ""+61 3 9428 1194"", ""distance"": 2090.4639668274194}, {""id"": ""2Vfb3gI5mKgkHrHqKW9Zxw"", ""alias"": ""toasta-and-co-west-melbourne"", ""name"": ""Toasta & Co"", ""image_url"": ""https://s3-media2.fl.yelpcdn.com/bphoto/-ZFPGTk52DqFXa8dWAyOxg/o.jpg"", ""is_closed"": false, ""url"": ""https://www.yelp.com/biz/toasta-and-co-west-melbourne?adjust_creative=ULHW7ynqdXE8Z9Fnr4irFw&utm_campaign=yelp_api_v3&utm_medium=api_v3_business_search&utm_source=ULHW7ynqdXE8Z9Fnr4irFw"", ""review_count"": 3, ""categories"": [{""alias"": ""sandwiches"", ""title"": ""Sandwiches""}, {""alias"": ""hotdogs"", ""title"": ""Fast Food""}, {""alias"": ""coffee"", ""title"": ""Coffee & Tea""}], ""rating"": 4.5, ""coordinates"": {""latitude"": -37.8092804048751, ""longitude"": 144.94611684233}, ""transactions"": [], ""price"": ""$"", ""location"": {""address1"": ""181 Adderley St"", ""address2"": """", ""address3"": null, ""city"": ""West Melbourne"", ""zip_code"": ""3003"", ""country"": ""AU"", ""state"": ""VIC"", ""display_address"": [""181 Adderley St"", ""West Melbourne Victoria 3003"", ""Australia""]}, ""phone"": ""+61399950308"", ""display_phone"": ""+61 3 9995 0308"", ""distance"": 2095.550632339037}, {""id"": ""z792E5WtyKhJDhPEepxuug"", ""alias"": ""revel-south-melbourne-south-melbourne"", ""name"": ""Revel South Melbourne"", ""image_url"": ""https://s3-media1.fl.yelpcdn.com/bphoto/_LAeFnUIIo2JuZVrqJHL_Q/o.jpg"", ""is_closed"": false, ""url"": ""https://www.yelp.com/biz/revel-south-melbourne-south-melbourne?adjust_creative=ULHW7ynqdXE8Z9Fnr4irFw&utm_campaign=yelp_api_v3&utm_medium=api_v3_business_search&utm_source=ULHW7ynqdXE8Z9Fnr4irFw"", ""review_count"": 1, ""categories"": [{""alias"": ""coffee"", ""title"": ""Coffee & Tea""}], ""rating"": 5.0, ""coordinates"": {""latitude"": -37.8320180310643, ""longitude"": 144.951526982874}, ""transactions"": [], ""location"": {""address1"": ""151 Montague St"", ""address2"": """", ""address3"": """", ""city"": ""South Melbourne"", ""zip_code"": ""3205"", ""country"": ""AU"", ""state"": ""VIC"", ""display_address"": [""151 Montague St"", ""South Melbourne Victoria 3205"", ""Australia""]}, ""phone"": """", ""display_phone"": """", ""distance"": 2098.414445711659}, {""id"": ""93z1lhuMkKTB6XuXVOxvOg"", ""alias"": ""grinders-coffee-carlton"", ""name"": ""Grinders Coffee"", ""image_url"": ""https://s3-media4.fl.yelpcdn.com/bphoto/knz6UxltRtZAGt8ELNPXFw/o.jpg"", ""is_closed"": false, ""url"": ""https://www.yelp.com/biz/grinders-coffee-carlton?adjust_creative=ULHW7ynqdXE8Z9Fnr4irFw&utm_campaign=yelp_api_v3&utm_medium=api_v3_business_search&utm_source=ULHW7ynqdXE8Z9Fnr4irFw"", ""review_count"": 1, ""categories"": [{""alias"": ""coffee"", ""title"": ""Coffee & Tea""}], ""rating"": 5.0, ""coordinates"": {""latitude"": -37.799003, ""longitude"": 144.966997}, ""transactions"": [], ""price"": ""$$"", ""location"": {""address1"": ""277 Lygon St"", ""address2"": """", ""address3"": """", ""city"": ""Carlton"", ""zip_code"": ""3053"", ""country"": ""AU"", ""state"": ""VIC"", ""display_address"": [""277 Lygon St"", ""Carlton Victoria 3053"", ""Australia""]}, ""phone"": ""+61393477520"", ""display_phone"": ""+61 3 9347 7520"", ""distance"": 2098.796142388119}, {""id"": ""TtAO3APfNjRLPJpn9kBvxQ"", ""alias"": ""baretto-espresso-bar-carlton"", ""name"": ""Baretto Espresso Bar"", ""image_url"": ""https://s3-media2.fl.yelpcdn.com/bphoto/9s-203V3uZHKjMe2e3XJmA/o.jpg"", ""is_closed"": false, ""url"": ""https://www.yelp.com/biz/baretto-espresso-bar-carlton?adjust_creative=ULHW7ynqdXE8Z9Fnr4irFw&utm_campaign=yelp_api_v3&utm_medium=api_v3_business_search&utm_source=ULHW7ynqdXE8Z9Fnr4irFw"", ""review_count"": 4, ""categories"": [{""alias"": ""restaurants"", ""title"": ""Restaurants""}, {""alias"": ""coffee"", ""title"": ""Coffee & Tea""}], ""rating"": 3.5, ""coordinates"": {""latitude"": -37.800019, ""longitude"": 144.959601}, ""transactions"": [], ""price"": ""$$"", ""location"": {""address1"": ""Alan Gilbert Building"", ""address2"": """", ""address3"": """", ""city"": ""Carlton"", ""zip_code"": ""3053"", ""country"": ""AU"", ""state"": ""VIC"", ""display_address"": [""Alan Gilbert Building"", ""Carlton Victoria 3053"", ""Australia""]}, ""phone"": ""+61393472777"", ""display_phone"": ""+61 3 9347 2777"", ""distance"": 2098.944800134796}, {""id"": ""UTYnoebk0dBB_7CZuwSTvA"", ""alias"": ""lemon-middle-and-orange-collingwood"", ""name"": ""Lemon, Middle and Orange"", ""image_url"": ""https://s3-media1.fl.yelpcdn.com/bphoto/JMeVcyGvGz9CaIvEMLtcqg/o.jpg"", ""is_closed"": false, ""url"": ""https://www.yelp.com/biz/lemon-middle-and-orange-collingwood?adjust_creative=ULHW7ynqdXE8Z9Fnr4irFw&utm_campaign=yelp_api_v3&utm_medium=api_v3_business_search&utm_source=ULHW7ynqdXE8Z9Fnr4irFw"", ""review_count"": 19, ""categories"": [{""alias"": ""coffee"", ""title"": ""Coffee & Tea""}, {""alias"": ""breakfast_brunch"", ""title"": ""Breakfast & Brunch""}], ""rating"": 3.5, ""coordinates"": {""latitude"": -37.807955, ""longitude"": 144.987752}, ""transactions"": [], ""price"": ""$$"", ""location"": {""address1"": ""25 - 31 Rokeby St"", ""address2"": """", ""address3"": """", ""city"": ""Collingwood"", ""zip_code"": ""3066"", ""country"": ""AU"", ""state"": ""VIC"", ""display_address"": [""25 - 31 Rokeby St"", ""Collingwood Victoria 3066"", ""Australia""]}, ""phone"": ""+61394151593"", ""display_phone"": ""+61 3 9415 1593"", ""distance"": 2104.8131898086303}, {""id"": ""2n-dJThnFzTUL2bD6lDhrQ"", ""alias"": ""doc-pizza-and-mozzarella-bar-melbourne"", ""name"": ""DOC Pizza & Mozzarella Bar"", ""image_url"": ""https://s3-media4.fl.yelpcdn.com/bphoto/c_W72AfUNc-ggqBhGzBfiA/o.jpg"", ""is_closed"": false, ""url"": ""https://www.yelp.com/biz/doc-pizza-and-mozzarella-bar-melbourne?adjust_creative=ULHW7ynqdXE8Z9Fnr4irFw&utm_campaign=yelp_api_v3&utm_medium=api_v3_business_search&utm_source=ULHW7ynqdXE8Z9Fnr4irFw"", ""review_count"": 55, ""categories"": [{""alias"": ""italian"", ""title"": ""Italian""}, {""alias"": ""pizza"", ""title"": ""Pizza""}, {""alias"": ""coffee"", ""title"": ""Coffee & Tea""}], ""rating"": 4.0, ""coordinates"": {""latitude"": -37.798938, ""longitude"": 144.968551}, ""transactions"": [], ""price"": ""$$"", ""location"": {""address1"": ""295 Drummond St"", ""address2"": null, ""address3"": null, ""city"": ""Melbourne"", ""zip_code"": ""3053"", ""country"": ""AU"", ""state"": ""VIC"", ""display_address"": [""295 Drummond St"", ""Melbourne Victoria 3053"", ""Australia""]}, ""phone"": ""+61393472998"", ""display_phone"": ""+61 3 9347 2998"", ""distance"": 2108.457935262633}, {""id"": ""b5KyrGb1L2GSga_iq70VAw"", ""alias"": ""two-birds-cafe-collingwood"", ""name"": ""Two Birds Cafe"", ""image_url"": ""https://s3-media2.fl.yelpcdn.com/bphoto/ulweTVCDIbK6s6pbbCVpOw/o.jpg"", ""is_closed"": false, ""url"": ""https://www.yelp.com/biz/two-birds-cafe-collingwood?adjust_creative=ULHW7ynqdXE8Z9Fnr4irFw&utm_campaign=yelp_api_v3&utm_medium=api_v3_business_search&utm_source=ULHW7ynqdXE8Z9Fnr4irFw"", ""review_count"": 4, ""categories"": [{""alias"": ""coffee"", ""title"": ""Coffee & Tea""}], ""rating"": 4.0, ""coordinates"": {""latitude"": -37.805279, ""longitude"": 144.985303}, ""transactions"": [], ""price"": ""$$"", ""location"": {""address1"": ""31 Peel St"", ""address2"": """", ""address3"": """", ""city"": ""Collingwood"", ""zip_code"": ""3066"", ""country"": ""AU"", ""state"": ""VIC"", ""display_address"": [""31 Peel St"", ""Collingwood Victoria 3066"", ""Australia""]}, ""phone"": ""+61394172881"", ""display_phone"": ""+61 3 9417 2881"", ""distance"": 2109.5905348531633}, {""id"": ""3wgVnaztYwZqBo2j_jEgSw"", ""alias"": ""aussie-steak-n-burger-melbourne"", ""name"": ""Aussie Steak 'N' Burger"", ""image_url"": ""https://s3-media4.fl.yelpcdn.com/bphoto/fLjs8jCXXCpmrsQfze9xDQ/o.jpg"", ""is_closed"": false, ""url"": ""https://www.yelp.com/biz/aussie-steak-n-burger-melbourne?adjust_creative=ULHW7ynqdXE8Z9Fnr4irFw&utm_campaign=yelp_api_v3&utm_medium=api_v3_business_search&utm_source=ULHW7ynqdXE8Z9Fnr4irFw"", ""review_count"": 10, ""categories"": [{""alias"": ""restaurants"", ""title"": ""Restaurants""}, {""alias"": ""coffee"", ""title"": ""Coffee & Tea""}], ""rating"": 3.0, ""coordinates"": {""latitude"": -37.81374, ""longitude"": 144.94393}, ""transactions"": [], ""price"": ""$$$"", ""location"": {""address1"": ""12-16 New Quay Promenade"", ""address2"": """", ""address3"": """", ""city"": ""Melbourne"", ""zip_code"": ""3008"", ""country"": ""AU"", ""state"": ""VIC"", ""display_address"": [""12-16 New Quay Promenade"", ""Melbourne Victoria 3008"", ""Australia""]}, ""phone"": ""+61396004546"", ""display_phone"": ""+61 3 9600 4546"", ""distance"": 2110.601437034538}, {""id"": ""tU66ubPSRGi3zuEUJ3uTUg"", ""alias"": ""the-old-melbourne-cafe-north-melbourne"", ""name"": ""The Old Melbourne Cafe"", ""image_url"": ""https://s3-media2.fl.yelpcdn.com/bphoto/dkaJA9iqqRR4AFDLGcd9tA/o.jpg"", ""is_closed"": false, ""url"": ""https://www.yelp.com/biz/the-old-melbourne-cafe-north-melbourne?adjust_creative=ULHW7ynqdXE8Z9Fnr4irFw&utm_campaign=yelp_api_v3&utm_medium=api_v3_business_search&utm_source=ULHW7ynqdXE8Z9Fnr4irFw"", ""review_count"": 1, ""categories"": [{""alias"": ""coffee"", ""title"": ""Coffee & Tea""}], ""rating"": 3.0, ""coordinates"": {""latitude"": -37.800983, ""longitude"": 144.956166}, ""transactions"": [], ""price"": ""$"", ""location"": {""address1"": ""5-17 Flemington Rd"", ""address2"": null, ""address3"": null, ""city"": ""North Melbourne"", ""zip_code"": ""3051"", ""country"": ""AU"", ""state"": ""VIC"", ""display_address"": [""5-17 Flemington Rd"", ""North Melbourne Victoria 3051"", ""Australia""]}, ""phone"": ""+61393299972"", ""display_phone"": ""+61 3 9329 9972"", ""distance"": 2119.689890348357}, {""id"": ""3A4dyZhasOqybQGdsI5Mbw"", ""alias"": ""park-lane-cafe-south-melbourne"", ""name"": ""Park Lane Cafe"", ""image_url"": ""https://s3-media1.fl.yelpcdn.com/bphoto/lUXOFkAbQ1XkylfD1Jms0g/o.jpg"", ""is_closed"": false, ""url"": ""https://www.yelp.com/biz/park-lane-cafe-south-melbourne?adjust_creative=ULHW7ynqdXE8Z9Fnr4irFw&utm_campaign=yelp_api_v3&utm_medium=api_v3_business_search&utm_source=ULHW7ynqdXE8Z9Fnr4irFw"", ""review_count"": 3, ""categories"": [{""alias"": ""restaurants"", ""title"": ""Restaurants""}, {""alias"": ""coffee"", ""title"": ""Coffee & Tea""}], ""rating"": 3.5, ""coordinates"": {""latitude"": -37.836528, ""longitude"": 144.962352}, ""transactions"": [], ""price"": ""$"", ""location"": {""address1"": ""387 Clarendon St"", ""address2"": """", ""address3"": """", ""city"": ""South Melbourne"", ""zip_code"": ""3205"", ""country"": ""AU"", ""state"": ""VIC"", ""display_address"": [""387 Clarendon St"", ""South Melbourne Victoria 3205"", ""Australia""]}, ""phone"": ""+61490418134"", ""display_phone"": ""+61 490 418 134"", ""distance"": 2119.8890644561297}, {""id"": ""eVc260CEpFIPIZ8oS5LXZw"", ""alias"": ""gutz-cafe-and-sandwich-bar-fitzroy"", ""name"": ""Gutz Cafe & Sandwich Bar"", ""image_url"": ""https://s3-media3.fl.yelpcdn.com/bphoto/IhZGA4FI1zKIJKomepuPMA/o.jpg"", ""is_closed"": false, ""url"": ""https://www.yelp.com/biz/gutz-cafe-and-sandwich-bar-fitzroy?adjust_creative=ULHW7ynqdXE8Z9Fnr4irFw&utm_campaign=yelp_api_v3&utm_medium=api_v3_business_search&utm_source=ULHW7ynqdXE8Z9Fnr4irFw"", ""review_count"": 5, ""categories"": [{""alias"": ""restaurants"", ""title"": ""Restaurants""}, {""alias"": ""coffee"", ""title"": ""Coffee & Tea""}], ""rating"": 4.0, ""coordinates"": {""latitude"": -37.800719, ""longitude"": 144.977903}, ""transactions"": [], ""location"": {""address1"": ""221 Brunswick St"", ""address2"": null, ""address3"": null, ""city"": ""Fitzroy"", ""zip_code"": ""3065"", ""country"": ""AU"", ""state"": ""VIC"", ""display_address"": [""221 Brunswick St"", ""Fitzroy Victoria 3065"", ""Australia""]}, ""phone"": ""+61394172407"", ""display_phone"": ""+61 3 9417 2407"", ""distance"": 2121.2391810226263}, {""id"": ""ffDuUv73H-nSp9iS4ezzAA"", ""alias"": ""mina-no-ie-collingwood"", ""name"": ""Mina-no-ie"", ""image_url"": ""https://s3-media2.fl.yelpcdn.com/bphoto/lYmfmaQtm_d48dKviuyeyQ/o.jpg"", ""is_closed"": false, ""url"": ""https://www.yelp.com/biz/mina-no-ie-collingwood?adjust_creative=ULHW7ynqdXE8Z9Fnr4irFw&utm_campaign=yelp_api_v3&utm_medium=api_v3_business_search&utm_source=ULHW7ynqdXE8Z9Fnr4irFw"", ""review_count"": 2, ""categories"": [{""alias"": ""restaurants"", ""title"": ""Restaurants""}, {""alias"": ""coffee"", ""title"": ""Coffee & Tea""}], ""rating"": 3.0, ""coordinates"": {""latitude"": -37.805359, ""longitude"": 144.985594}, ""transactions"": [], ""price"": ""$$"", ""location"": {""address1"": ""33 Peel St"", ""address2"": """", ""address3"": """", ""city"": ""Collingwood"", ""zip_code"": ""3066"", ""country"": ""AU"", ""state"": ""VIC"", ""display_address"": [""33 Peel St"", ""Collingwood Victoria 3066"", ""Australia""]}, ""phone"": ""+61394177749"", ""display_phone"": ""+61 3 9417 7749"", ""distance"": 2122.9302159588015}, {""id"": ""HQmi1tZWBVDAzlskOorb7A"", ""alias"": ""nori-sushi-carlton"", ""name"": ""Nori Sushi"", ""image_url"": ""https://s3-media2.fl.yelpcdn.com/bphoto/TnGwSnB9sQWdqANLruPyRA/o.jpg"", ""is_closed"": false, ""url"": ""https://www.yelp.com/biz/nori-sushi-carlton?adjust_creative=ULHW7ynqdXE8Z9Fnr4irFw&utm_campaign=yelp_api_v3&utm_medium=api_v3_business_search&utm_source=ULHW7ynqdXE8Z9Fnr4irFw"", ""review_count"": 2, ""categories"": [{""alias"": ""sushi"", ""title"": ""Sushi Bars""}, {""alias"": ""coffee"", ""title"": ""Coffee & Tea""}], ""rating"": 2.5, ""coordinates"": {""latitude"": -37.798887, ""longitude"": 144.96457}, ""transactions"": [], ""price"": ""$$"", ""location"": {""address1"": ""750 Swanston St"", ""address2"": ""Shop 2"", ""address3"": null, ""city"": ""Carlton"", ""zip_code"": ""3053"", ""country"": ""AU"", ""state"": ""VIC"", ""display_address"": [""750 Swanston St"", ""Shop 2"", ""Carlton Victoria 3053"", ""Australia""]}, ""phone"": ""+61393481123"", ""display_phone"": ""+61 3 9348 1123"", ""distance"": 2125.5095741107043}, {""id"": ""0xdJud8T3B57L1CtqSmu-g"", ""alias"": ""verve-cafe-north-melbourne"", ""name"": ""Verve Cafe"", ""image_url"": """", ""is_closed"": false, ""url"": ""https://www.yelp.com/biz/verve-cafe-north-melbourne?adjust_creative=ULHW7ynqdXE8Z9Fnr4irFw&utm_campaign=yelp_api_v3&utm_medium=api_v3_business_search&utm_source=ULHW7ynqdXE8Z9Fnr4irFw"", ""review_count"": 1, ""categories"": [{""alias"": ""restaurants"", ""title"": ""Restaurants""}, {""alias"": ""coffee"", ""title"": ""Coffee & Tea""}], ""rating"": 1.0, ""coordinates"": {""latitude"": -37.804951, ""longitude"": 144.949453}, ""transactions"": [], ""location"": {""address1"": ""6 Errol St"", ""address2"": null, ""address3"": null, ""city"": ""North Melbourne"", ""zip_code"": ""3051"", ""country"": ""AU"", ""state"": ""VIC"", ""display_address"": [""6 Errol St"", ""North Melbourne Victoria 3051"", ""Australia""]}, ""phone"": ""+61393296344"", ""display_phone"": ""+61 3 9329 6344"", ""distance"": 2129.855957953019}, {""id"": ""qoRfua5AyIc9zG5biXixsg"", ""alias"": ""cafe-rosamond-fitzroy"", ""name"": ""Cafe Rosamond"", ""image_url"": ""https://s3-media2.fl.yelpcdn.com/bphoto/TiUcoFXzMSBtiWuTK3opxg/o.jpg"", ""is_closed"": false, ""url"": ""https://www.yelp.com/biz/cafe-rosamond-fitzroy?adjust_creative=ULHW7ynqdXE8Z9Fnr4irFw&utm_campaign=yelp_api_v3&utm_medium=api_v3_business_search&utm_source=ULHW7ynqdXE8Z9Fnr4irFw"", ""review_count"": 9, ""categories"": [{""alias"": ""restaurants"", ""title"": ""Restaurants""}, {""alias"": ""coffee"", ""title"": ""Coffee & Tea""}], ""rating"": 4.0, ""coordinates"": {""latitude"": -37.803503, ""longitude"": 144.983389}, ""transactions"": [], ""price"": ""$$$"", ""location"": {""address1"": ""191 Smith St"", ""address2"": null, ""address3"": null, ""city"": ""Fitzroy"", ""zip_code"": ""3065"", ""country"": ""AU"", ""state"": ""VIC"", ""display_address"": [""191 Smith St"", ""Fitzroy Victoria 3065"", ""Australia""]}, ""phone"": ""+61394192270"", ""display_phone"": ""+61 3 9419 2270"", ""distance"": 2130.834168565212}, {""id"": ""D_AvZeM9dZycM1FOIr8fqg"", ""alias"": ""house-of-cards-melbourne"", ""name"": ""House of Cards"", ""image_url"": ""https://s3-media2.fl.yelpcdn.com/bphoto/4HI8ATH_iZDX4qqMyp18EA/o.jpg"", ""is_closed"": false, ""url"": ""https://www.yelp.com/biz/house-of-cards-melbourne?adjust_creative=ULHW7ynqdXE8Z9Fnr4irFw&utm_campaign=yelp_api_v3&utm_medium=api_v3_business_search&utm_source=ULHW7ynqdXE8Z9Fnr4irFw"", ""review_count"": 5, ""categories"": [{""alias"": ""restaurants"", ""title"": ""Restaurants""}, {""alias"": ""coffee"", ""title"": ""Coffee & Tea""}], ""rating"": 4.0, ""coordinates"": {""latitude"": -37.799205, ""longitude"": 144.961752}, ""transactions"": [], ""price"": ""$"", ""location"": {""address1"": ""Engineering Lane"", ""address2"": """", ""address3"": """", ""city"": ""Melbourne"", ""zip_code"": ""3052"", ""country"": ""AU"", ""state"": ""VIC"", ""display_address"": [""Engineering Lane"", ""Melbourne Victoria 3052"", ""Australia""]}, ""phone"": """", ""display_phone"": """", ""distance"": 2133.4861917174453}, {""id"": ""IirP93zqzTG4fcego3uVqQ"", ""alias"": ""market-lane-coffee-carlton"", ""name"": ""Market Lane Coffee"", ""image_url"": ""https://s3-media1.fl.yelpcdn.com/bphoto/vZoLw2kX2NV1wSZSdiCbiA/o.jpg"", ""is_closed"": false, ""url"": ""https://www.yelp.com/biz/market-lane-coffee-carlton?adjust_creative=ULHW7ynqdXE8Z9Fnr4irFw&utm_campaign=yelp_api_v3&utm_medium=api_v3_business_search&utm_source=ULHW7ynqdXE8Z9Fnr4irFw"", ""review_count"": 7, ""categories"": [{""alias"": ""coffee"", ""title"": ""Coffee & Tea""}, {""alias"": ""restaurants"", ""title"": ""Restaurants""}], ""rating"": 4.5, ""coordinates"": {""latitude"": -37.798713, ""longitude"": 144.968517}, ""transactions"": [], ""price"": ""$"", ""location"": {""address1"": ""176 Faraday St"", ""address2"": """", ""address3"": """", ""city"": ""Carlton"", ""zip_code"": ""3053"", ""country"": ""AU"", ""state"": ""VIC"", ""display_address"": [""176 Faraday St"", ""Carlton Victoria 3053"", ""Australia""]}, ""phone"": ""+61398047434"", ""display_phone"": ""+61 3 9804 7434"", ""distance"": 2133.2994985381865}, {""id"": ""yil_59IdXdGgMnBM9MpgMQ"", ""alias"": ""cbd-cafe-and-foodery-melbourne"", ""name"": ""CBD Cafe & Foodery"", ""image_url"": ""https://s3-media2.fl.yelpcdn.com/bphoto/ay4z9KclTkQ9VdBlhdztEw/o.jpg"", ""is_closed"": false, ""url"": ""https://www.yelp.com/biz/cbd-cafe-and-foodery-melbourne?adjust_creative=ULHW7ynqdXE8Z9Fnr4irFw&utm_campaign=yelp_api_v3&utm_medium=api_v3_business_search&utm_source=ULHW7ynqdXE8Z9Fnr4irFw"", ""review_count"": 1, ""categories"": [{""alias"": ""coffee"", ""title"": ""Coffee & Tea""}], ""rating"": 2.0, ""coordinates"": {""latitude"": -37.835917, ""longitude"": 144.975747}, ""transactions"": [], ""location"": {""address1"": ""403a St Kilda Rd"", ""address2"": null, ""address3"": null, ""city"": ""Melbourne"", ""zip_code"": ""3000"", ""country"": ""AU"", ""state"": ""VIC"", ""display_address"": [""403a St Kilda Rd"", ""Melbourne Victoria 3000"", ""Australia""]}, ""phone"": ""+61398664958"", ""display_phone"": ""+61 3 9866 4958"", ""distance"": 2137.4588921429295}, {""id"": ""VRtBakewGlkGlnGQt-B45A"", ""alias"": ""mr-albert-eastern-south-melbourne"", ""name"": ""Mr Albert Eastern"", ""image_url"": ""https://s3-media1.fl.yelpcdn.com/bphoto/3Md4WX-kDK6InEgA5WJzTw/o.jpg"", ""is_closed"": false, ""url"": ""https://www.yelp.com/biz/mr-albert-eastern-south-melbourne?adjust_creative=ULHW7ynqdXE8Z9Fnr4irFw&utm_campaign=yelp_api_v3&utm_medium=api_v3_business_search&utm_source=ULHW7ynqdXE8Z9Fnr4irFw"", ""review_count"": 1, ""categories"": [{""alias"": ""cafes"", ""title"": ""Cafes""}], ""rating"": 2.0, ""coordinates"": {""latitude"": -37.8371142241315, ""longitude"": 144.967475389418}, ""transactions"": [], ""price"": ""$$"", ""location"": {""address1"": ""Eastern Rd"", ""address2"": null, ""address3"": """", ""city"": ""South Melbourne"", ""zip_code"": ""3205"", ""country"": ""AU"", ""state"": ""VIC"", ""display_address"": [""Eastern Rd"", ""South Melbourne Victoria 3205"", ""Australia""]}, ""phone"": ""+61396902763"", ""display_phone"": ""+61 3 9690 2763"", ""distance"": 2139.2282288768915}, {""id"": ""zvUl0cWqMdWVfcnXAC8S6A"", ""alias"": ""earl-canteen-st-kilda-rd-melbourne"", ""name"": ""EARL Canteen - St Kilda Rd"", ""image_url"": ""https://s3-media2.fl.yelpcdn.com/bphoto/_O8SGsrcMjEmhcWRYdpFPw/o.jpg"", ""is_closed"": false, ""url"": ""https://www.yelp.com/biz/earl-canteen-st-kilda-rd-melbourne?adjust_creative=ULHW7ynqdXE8Z9Fnr4irFw&utm_campaign=yelp_api_v3&utm_medium=api_v3_business_search&utm_source=ULHW7ynqdXE8Z9Fnr4irFw"", ""review_count"": 1, ""categories"": [{""alias"": ""coffee"", ""title"": ""Coffee & Tea""}, {""alias"": ""sandwiches"", ""title"": ""Sandwiches""}, {""alias"": ""salad"", ""title"": ""Salad""}], ""rating"": 5.0, ""coordinates"": {""latitude"": -37.83588, ""longitude"": 144.97585}, ""transactions"": [], ""price"": ""$"", ""location"": {""address1"": ""403 St Kilda Rd"", ""address2"": """", ""address3"": """", ""city"": ""Melbourne"", ""zip_code"": ""3004"", ""country"": ""AU"", ""state"": ""VIC"", ""display_address"": [""403 St Kilda Rd"", ""Melbourne Victoria 3004"", ""Australia""]}, ""phone"": ""+61398674678"", ""display_phone"": ""+61 3 9867 4678"", ""distance"": 2139.304859075068}, {""id"": ""SO89aIYoOkwXb1HHEWJUeA"", ""alias"": ""castros-kiosk-parkville"", ""name"": ""Castro's Kiosk"", ""image_url"": ""https://s3-media1.fl.yelpcdn.com/bphoto/jMYoLTjY1Ov9UGEWJjvWmg/o.jpg"", ""is_closed"": false, ""url"": ""https://www.yelp.com/biz/castros-kiosk-parkville?adjust_creative=ULHW7ynqdXE8Z9Fnr4irFw&utm_campaign=yelp_api_v3&utm_medium=api_v3_business_search&utm_source=ULHW7ynqdXE8Z9Fnr4irFw"", ""review_count"": 4, ""categories"": [{""alias"": ""restaurants"", ""title"": ""Restaurants""}, {""alias"": ""coffee"", ""title"": ""Coffee & Tea""}], ""rating"": 4.5, ""coordinates"": {""latitude"": -37.799853, ""longitude"": 144.958694}, ""transactions"": [], ""price"": ""$"", ""location"": {""address1"": ""Grattan St"", ""address2"": null, ""address3"": null, ""city"": ""Parkville"", ""zip_code"": ""3052"", ""country"": ""AU"", ""state"": ""VIC"", ""display_address"": [""Grattan St"", ""Parkville Victoria 3052"", ""Australia""]}, ""phone"": ""+61393471355"", ""display_phone"": ""+61 3 9347 1355"", ""distance"": 2143.360445814533}, {""id"": ""G23M-Cjxh_vze9gCdkPOOQ"", ""alias"": ""new-york-minute-melbourne-2"", ""name"": ""New York Minute"", ""image_url"": ""https://s3-media2.fl.yelpcdn.com/bphoto/V2lOz1JEM9DNIjojmsZiDA/o.jpg"", ""is_closed"": false, ""url"": ""https://www.yelp.com/biz/new-york-minute-melbourne-2?adjust_creative=ULHW7ynqdXE8Z9Fnr4irFw&utm_campaign=yelp_api_v3&utm_medium=api_v3_business_search&utm_source=ULHW7ynqdXE8Z9Fnr4irFw"", ""review_count"": 7, ""categories"": [{""alias"": ""burgers"", ""title"": ""Burgers""}, {""alias"": ""coffee"", ""title"": ""Coffee & Tea""}, {""alias"": ""tradamerican"", ""title"": ""American (Traditional)""}], ""rating"": 3.0, ""coordinates"": {""latitude"": -37.798595, ""longitude"": 144.966337}, ""transactions"": [], ""price"": ""$$"", ""location"": {""address1"": ""235 Faraday St"", ""address2"": """", ""address3"": """", ""city"": ""Melbourne"", ""zip_code"": ""3053"", ""country"": ""AU"", ""state"": ""VIC"", ""display_address"": [""235 Faraday St"", ""Melbourne Victoria 3053"", ""Australia""]}, ""phone"": ""+61393471080"", ""display_phone"": ""+61 3 9347 1080"", ""distance"": 2145.7717984764604}, {""id"": ""d6jD7vohuKUAsQus_yWNsA"", ""alias"": ""shanti-bhagwan-cafe-parkville-2"", ""name"": ""Shanti Bhagwan Cafe"", ""image_url"": ""https://s3-media1.fl.yelpcdn.com/bphoto/R65r5nWFHEC3weeLBWq6rA/o.jpg"", ""is_closed"": false, ""url"": ""https://www.yelp.com/biz/shanti-bhagwan-cafe-parkville-2?adjust_creative=ULHW7ynqdXE8Z9Fnr4irFw&utm_campaign=yelp_api_v3&utm_medium=api_v3_business_search&utm_source=ULHW7ynqdXE8Z9Fnr4irFw"", ""review_count"": 3, ""categories"": [{""alias"": ""coffee"", ""title"": ""Coffee & Tea""}, {""alias"": ""restaurants"", ""title"": ""Restaurants""}], ""rating"": 4.5, ""coordinates"": {""latitude"": -37.798775, ""longitude"": 144.963642}, ""transactions"": [], ""price"": ""$"", ""location"": {""address1"": ""University of Melbourne"", ""address2"": """", ""address3"": """", ""city"": ""Parkville"", ""zip_code"": ""3052"", ""country"": ""AU"", ""state"": ""VIC"", ""display_address"": [""University of Melbourne"", ""Parkville Victoria 3052"", ""Australia""]}, ""phone"": ""+61393471992"", ""display_phone"": ""+61 3 9347 1992"", ""distance"": 2148.7092343870004}, {""id"": ""Hhq6ZXS2-pWSDKgBo1Ohlw"", ""alias"": ""grafali-coffee-roasters-richmond"", ""name"": ""Grafali Coffee Roasters"", ""image_url"": ""https://s3-media1.fl.yelpcdn.com/bphoto/YdsG4Mup_g3v4xYcHDFE5w/o.jpg"", ""is_closed"": false, ""url"": ""https://www.yelp.com/biz/grafali-coffee-roasters-richmond?adjust_creative=ULHW7ynqdXE8Z9Fnr4irFw&utm_campaign=yelp_api_v3&utm_medium=api_v3_business_search&utm_source=ULHW7ynqdXE8Z9Fnr4irFw"", ""review_count"": 6, ""categories"": [{""alias"": ""coffee"", ""title"": ""Coffee & Tea""}, {""alias"": ""restaurants"", ""title"": ""Restaurants""}], ""rating"": 3.5, ""coordinates"": {""latitude"": -37.817834, ""longitude"": 144.99192}, ""transactions"": [], ""price"": ""$$"", ""location"": {""address1"": ""58 Bridge Rd"", ""address2"": """", ""address3"": """", ""city"": ""Richmond"", ""zip_code"": ""3121"", ""country"": ""AU"", ""state"": ""VIC"", ""display_address"": [""58 Bridge Rd"", ""Richmond Victoria 3121"", ""Australia""]}, ""phone"": ""+61394289534"", ""display_phone"": ""+61 3 9428 9534"", ""distance"": 2158.5656445940162}, {""id"": ""uNvQBZTpR7eSotrjVLEjvQ"", ""alias"": ""mad-duck-cafe-docklands"", ""name"": ""Mad Duck Cafe"", ""image_url"": ""https://s3-media2.fl.yelpcdn.com/bphoto/7W7OYZ-JmsyPGfdpzx98rg/o.jpg"", ""is_closed"": false, ""url"": ""https://www.yelp.com/biz/mad-duck-cafe-docklands?adjust_creative=ULHW7ynqdXE8Z9Fnr4irFw&utm_campaign=yelp_api_v3&utm_medium=api_v3_business_search&utm_source=ULHW7ynqdXE8Z9Fnr4irFw"", ""review_count"": 3, ""categories"": [{""alias"": ""restaurants"", ""title"": ""Restaurants""}, {""alias"": ""coffee"", ""title"": ""Coffee & Tea""}], ""rating"": 4.0, ""coordinates"": {""latitude"": -37.82451, ""longitude"": 144.944232}, ""transactions"": [], ""location"": {""address1"": ""92 River Esp"", ""address2"": null, ""address3"": null, ""city"": ""Docklands"", ""zip_code"": ""3008"", ""country"": ""AU"", ""state"": ""VIC"", ""display_address"": [""92 River Esp"", ""Docklands Victoria 3008"", ""Australia""]}, ""phone"": ""+61396818882"", ""display_phone"": ""+61 3 9681 8882"", ""distance"": 2160.1164220186447}, {""id"": ""50Ho8eIfss6r-ZGscAAI0g"", ""alias"": ""the-hot-poppy-north-melbourne-2"", ""name"": ""The Hot Poppy"", ""image_url"": ""https://s3-media1.fl.yelpcdn.com/bphoto/-iL2964_5swQuMQ8IboVsg/o.jpg"", ""is_closed"": false, ""url"": ""https://www.yelp.com/biz/the-hot-poppy-north-melbourne-2?adjust_creative=ULHW7ynqdXE8Z9Fnr4irFw&utm_campaign=yelp_api_v3&utm_medium=api_v3_business_search&utm_source=ULHW7ynqdXE8Z9Fnr4irFw"", ""review_count"": 15, ""categories"": [{""alias"": ""restaurants"", ""title"": ""Restaurants""}, {""alias"": ""coffee"", ""title"": ""Coffee & Tea""}], ""rating"": 3.5, ""coordinates"": {""latitude"": -37.804775, ""longitude"": 144.949166}, ""transactions"": [], ""price"": ""$$"", ""location"": {""address1"": ""9 Errol St"", ""address2"": null, ""address3"": null, ""city"": ""North Melbourne"", ""zip_code"": ""3051"", ""country"": ""AU"", ""state"": ""VIC"", ""display_address"": [""9 Errol St"", ""North Melbourne Victoria 3051"", ""Australia""]}, ""phone"": ""+61393269299"", ""display_phone"": ""+61 3 9326 9299"", ""distance"": 2161.671642835977}, {""id"": ""vb3Z77eajeqsUH2CnESyYA"", ""alias"": ""toast-caffe-north-melbourne-3"", ""name"": ""Toast Caffe"", ""image_url"": ""https://s3-media4.fl.yelpcdn.com/bphoto/hOLqACqBhCo4GSWqhKBqNw/o.jpg"", ""is_closed"": false, ""url"": ""https://www.yelp.com/biz/toast-caffe-north-melbourne-3?adjust_creative=ULHW7ynqdXE8Z9Fnr4irFw&utm_campaign=yelp_api_v3&utm_medium=api_v3_business_search&utm_source=ULHW7ynqdXE8Z9Fnr4irFw"", ""review_count"": 8, ""categories"": [{""alias"": ""coffee"", ""title"": ""Coffee & Tea""}, {""alias"": ""restaurants"", ""title"": ""Restaurants""}], ""rating"": 4.0, ""coordinates"": {""latitude"": -37.804657, ""longitude"": 144.949226}, ""transactions"": [], ""price"": ""$$"", ""location"": {""address1"": ""13 Errol St"", ""address2"": """", ""address3"": """", ""city"": ""North Melbourne"", ""zip_code"": ""3051"", ""country"": ""AU"", ""state"": ""VIC"", ""display_address"": [""13 Errol St"", ""North Melbourne Victoria 3051"", ""Australia""]}, ""phone"": ""+61393299322"", ""display_phone"": ""+61 3 9329 9322"", ""distance"": 2166.6611129464563}, {""id"": ""BDP0pLIXC_PEnEWr43FCmg"", ""alias"": ""toothpicks-cafe-carlton"", ""name"": ""Toothpicks Cafe"", ""image_url"": ""https://s3-media1.fl.yelpcdn.com/bphoto/MKxPRJkD-PdorghvC2u99g/o.jpg"", ""is_closed"": false, ""url"": ""https://www.yelp.com/biz/toothpicks-cafe-carlton?adjust_creative=ULHW7ynqdXE8Z9Fnr4irFw&utm_campaign=yelp_api_v3&utm_medium=api_v3_business_search&utm_source=ULHW7ynqdXE8Z9Fnr4irFw"", ""review_count"": 2, ""categories"": [{""alias"": ""restaurants"", ""title"": ""Restaurants""}, {""alias"": ""coffee"", ""title"": ""Coffee & Tea""}], ""rating"": 3.5, ""coordinates"": {""latitude"": -37.79979, ""longitude"": 144.96382}, ""transactions"": [], ""location"": {""address1"": ""761 Swanston St"", ""address2"": """", ""address3"": """", ""city"": ""Carlton"", ""zip_code"": ""3052"", ""country"": ""AU"", ""state"": ""VIC"", ""display_address"": [""761 Swanston St"", ""Carlton Victoria 3052"", ""Australia""]}, ""phone"": """", ""display_phone"": """", ""distance"": 2169.638995604851}, {""id"": ""RS_SNCECXvcW-UzQzt_L6w"", ""alias"": ""the-espressonist-docklands"", ""name"": ""the espressonist."", ""image_url"": ""https://s3-media3.fl.yelpcdn.com/bphoto/nRsz8m2es7ovgvAksJr0Aw/o.jpg"", ""is_closed"": false, ""url"": ""https://www.yelp.com/biz/the-espressonist-docklands?adjust_creative=ULHW7ynqdXE8Z9Fnr4irFw&utm_campaign=yelp_api_v3&utm_medium=api_v3_business_search&utm_source=ULHW7ynqdXE8Z9Fnr4irFw"", ""review_count"": 1, ""categories"": [{""alias"": ""cafes"", ""title"": ""Cafes""}, {""alias"": ""breakfast_brunch"", ""title"": ""Breakfast & Brunch""}, {""alias"": ""bakeries"", ""title"": ""Bakeries""}], ""rating"": 5.0, ""coordinates"": {""latitude"": -37.82434, ""longitude"": 144.9439866}, ""transactions"": [], ""location"": {""address1"": ""108 River Esplanade"", ""address2"": """", ""address3"": """", ""city"": ""Docklands"", ""zip_code"": ""3008"", ""country"": ""AU"", ""state"": ""VIC"", ""display_address"": [""108 River Esplanade"", ""Docklands Victoria 3008"", ""Australia""]}, ""phone"": ""+61426422774"", ""display_phone"": ""+61 426 422 774"", ""distance"": 2174.0676162164973}, {""id"": ""wnlxiMz9O-_hszGw4BFoEQ"", ""alias"": ""apollo-cafe-west-melbourne"", ""name"": ""Apollo Cafe"", ""image_url"": ""https://s3-media3.fl.yelpcdn.com/bphoto/n2TPvzxWkTKXZVEtxrFxzA/o.jpg"", ""is_closed"": false, ""url"": ""https://www.yelp.com/biz/apollo-cafe-west-melbourne?adjust_creative=ULHW7ynqdXE8Z9Fnr4irFw&utm_campaign=yelp_api_v3&utm_medium=api_v3_business_search&utm_source=ULHW7ynqdXE8Z9Fnr4irFw"", ""review_count"": 1, ""categories"": [{""alias"": ""cafes"", ""title"": ""Cafes""}], ""rating"": 5.0, ""coordinates"": {""latitude"": -37.8075406077179, ""longitude"": 144.946339800954}, ""transactions"": [], ""location"": {""address1"": ""109-111 Hawke St"", ""address2"": """", ""address3"": null, ""city"": ""West Melbourne"", ""zip_code"": ""3003"", ""country"": ""AU"", ""state"": ""VIC"", ""display_address"": [""109-111 Hawke St"", ""West Melbourne Victoria 3003"", ""Australia""]}, ""phone"": ""+61390685698"", ""display_phone"": ""+61 3 9068 5698"", ""distance"": 2173.9304531672265}, {""id"": ""X53N0IH_eHj2-qaQNDjcFQ"", ""alias"": ""rowena-parade-corner-store-richmond"", ""name"": ""Rowena Parade Corner Store"", ""image_url"": ""https://s3-media3.fl.yelpcdn.com/bphoto/eY4BEJIdJF3fvxwHRVQ62Q/o.jpg"", ""is_closed"": false, ""url"": ""https://www.yelp.com/biz/rowena-parade-corner-store-richmond?adjust_creative=ULHW7ynqdXE8Z9Fnr4irFw&utm_campaign=yelp_api_v3&utm_medium=api_v3_business_search&utm_source=ULHW7ynqdXE8Z9Fnr4irFw"", ""review_count"": 5, ""categories"": [{""alias"": ""coffee"", ""title"": ""Coffee & Tea""}, {""alias"": ""delis"", ""title"": ""Delis""}], ""rating"": 4.0, ""coordinates"": {""latitude"": -37.820644, ""longitude"": 144.991856}, ""transactions"": [], ""price"": ""$$"", ""location"": {""address1"": ""44 Rowena Pde"", ""address2"": null, ""address3"": null, ""city"": ""Richmond"", ""zip_code"": ""3121"", ""country"": ""AU"", ""state"": ""VIC"", ""display_address"": [""44 Rowena Pde"", ""Richmond Victoria 3121"", ""Australia""]}, ""phone"": ""+61394213262"", ""display_phone"": ""+61 3 9421 3262"", ""distance"": 2174.7889343127363}, {""id"": ""RN4g8hEN-VilZFz2RvJWDQ"", ""alias"": ""sargon-melbourne-6"", ""name"": ""Sargon"", ""image_url"": """", ""is_closed"": false, ""url"": ""https://www.yelp.com/biz/sargon-melbourne-6?adjust_creative=ULHW7ynqdXE8Z9Fnr4irFw&utm_campaign=yelp_api_v3&utm_medium=api_v3_business_search&utm_source=ULHW7ynqdXE8Z9Fnr4irFw"", ""review_count"": 1, ""categories"": [{""alias"": ""cafes"", ""title"": ""Cafes""}], ""rating"": 5.0, ""coordinates"": {""latitude"": -37.80019, ""longitude"": 144.95667}, ""transactions"": [], ""location"": {""address1"": ""305 Grattan St"", ""address2"": """", ""address3"": null, ""city"": ""Melbourne"", ""zip_code"": ""3000"", ""country"": ""AU"", ""state"": ""VIC"", ""display_address"": [""305 Grattan St"", ""Melbourne Victoria 3000"", ""Australia""]}, ""phone"": """", ""display_phone"": """", ""distance"": 2176.5945589684025}, {""id"": ""xXpqmEM9wHr_b99SQKhkEg"", ""alias"": ""fifty-acres-richmond"", ""name"": ""Fifty Acres"", ""image_url"": ""https://s3-media3.fl.yelpcdn.com/bphoto/1Xnb1nDYheGSHczeDsywtg/o.jpg"", ""is_closed"": false, ""url"": ""https://www.yelp.com/biz/fifty-acres-richmond?adjust_creative=ULHW7ynqdXE8Z9Fnr4irFw&utm_campaign=yelp_api_v3&utm_medium=api_v3_business_search&utm_source=ULHW7ynqdXE8Z9Fnr4irFw"", ""review_count"": 19, ""categories"": [{""alias"": ""breakfast_brunch"", ""title"": ""Breakfast & Brunch""}, {""alias"": ""coffee"", ""title"": ""Coffee & Tea""}], ""rating"": 4.0, ""coordinates"": {""latitude"": -37.817717, ""longitude"": 144.992185}, ""transactions"": [], ""price"": ""$$"", ""location"": {""address1"": ""65 Bridge Rd"", ""address2"": """", ""address3"": """", ""city"": ""Richmond"", ""zip_code"": ""3121"", ""country"": ""AU"", ""state"": ""VIC"", ""display_address"": [""65 Bridge Rd"", ""Richmond Victoria 3121"", ""Australia""]}, ""phone"": ""+61394210296"", ""display_phone"": ""+61 3 9421 0296"", ""distance"": 2181.911478221688}, {""id"": ""fUK9lWFmzg_WZJhbL7gFkg"", ""alias"": ""super-eight-carlton"", ""name"": ""Super Eight"", ""image_url"": ""https://s3-media2.fl.yelpcdn.com/bphoto/Q6co3oy5stlwmEqwxLNTew/o.jpg"", ""is_closed"": false, ""url"": ""https://www.yelp.com/biz/super-eight-carlton?adjust_creative=ULHW7ynqdXE8Z9Fnr4irFw&utm_campaign=yelp_api_v3&utm_medium=api_v3_business_search&utm_source=ULHW7ynqdXE8Z9Fnr4irFw"", ""review_count"": 1, ""categories"": [{""alias"": ""cafes"", ""title"": ""Cafes""}], ""rating"": 5.0, ""coordinates"": {""latitude"": -37.7996822609689, ""longitude"": 144.957976889893}, ""transactions"": [], ""location"": {""address1"": ""Ground Floor, Victorian Comprehensive Cancer Centre"", ""address2"": ""303 Grattan St"", ""address3"": null, ""city"": ""Carlton"", ""zip_code"": ""3053"", ""country"": ""AU"", ""state"": ""VIC"", ""display_address"": [""Ground Floor, Victorian Comprehensive Cancer Centre"", ""303 Grattan St"", ""Carlton Victoria 3053"", ""Australia""]}, ""phone"": """", ""display_phone"": """", ""distance"": 2184.0765582846766}, {""id"": ""k85b9p49TuDfsAJiioBbDA"", ""alias"": ""reynaldos-north-melbourne"", ""name"": ""Reynaldo's"", ""image_url"": ""https://s3-media3.fl.yelpcdn.com/bphoto/_09eEN3VYtlX3Meav6rzpg/o.jpg"", ""is_closed"": false, ""url"": ""https://www.yelp.com/biz/reynaldos-north-melbourne?adjust_creative=ULHW7ynqdXE8Z9Fnr4irFw&utm_campaign=yelp_api_v3&utm_medium=api_v3_business_search&utm_source=ULHW7ynqdXE8Z9Fnr4irFw"", ""review_count"": 2, ""categories"": [{""alias"": ""gluten_free"", ""title"": ""Gluten-Free""}, {""alias"": ""filipino"", ""title"": ""Filipino""}, {""alias"": ""cafes"", ""title"": ""Cafes""}], ""rating"": 2.5, ""coordinates"": {""latitude"": -37.80402, ""longitude"": 144.94969}, ""transactions"": [], ""location"": {""address1"": ""50 Errol St"", ""address2"": """", ""address3"": """", ""city"": ""North Melbourne"", ""zip_code"": ""3051"", ""country"": ""AU"", ""state"": ""VIC"", ""display_address"": [""50 Errol St"", ""North Melbourne Victoria 3051"", ""Australia""]}, ""phone"": ""+61393264032"", ""display_phone"": ""+61 3 9326 4032"", ""distance"": 2188.947976571862}, {""id"": ""K9qomUSCnUZDFJe6CyLZSA"", ""alias"": ""brunetti-melbourne-5"", ""name"": ""Brunetti"", ""image_url"": ""https://s3-media2.fl.yelpcdn.com/bphoto/2WzOnQPdoZJG2fHYIpCPsw/o.jpg"", ""is_closed"": false, ""url"": ""https://www.yelp.com/biz/brunetti-melbourne-5?adjust_creative=ULHW7ynqdXE8Z9Fnr4irFw&utm_campaign=yelp_api_v3&utm_medium=api_v3_business_search&utm_source=ULHW7ynqdXE8Z9Fnr4irFw"", ""review_count"": 87, ""categories"": [{""alias"": ""cafes"", ""title"": ""Cafes""}], ""rating"": 4.0, ""coordinates"": {""latitude"": -37.798172, ""longitude"": 144.9677}, ""transactions"": [], ""price"": ""$$"", ""location"": {""address1"": ""380 Lygon St"", ""address2"": null, ""address3"": null, ""city"": ""Melbourne"", ""zip_code"": ""3053"", ""country"": ""AU"", ""state"": ""VIC"", ""display_address"": [""380 Lygon St"", ""Melbourne Victoria 3053"", ""Australia""]}, ""phone"": ""+61393472801"", ""display_phone"": ""+61 3 9347 2801"", ""distance"": 2191.195288020356}], ""total"": 2100, ""region"": {""center"": {""longitude"": 144.96734619140625, ""latitude"": -37.81787593178502}}}",application/json,true,none
test_1hv2rxi3jutro_getBusinesses,400,"{""error"": {""code"": ""VALIDATION_ERROR"", ""description"": ""Please specify a location or a latitude and longitude""}}",application/json,true,none
test_1iay6mzjmokl1_getBusinesses,200,"{""businesses"": [], ""total"": 0, ""region"": {""center"": {""longitude"": -110.76067, ""latitude"": 37.13144}}}",application/json,true,none
test_1iuqgb21ooz8i_getBusinesses,200,"{""businesses"": [], ""total"": 0, ""region"": {""center"": {""longitude"": 144.96734619140625, ""latitude"": -37.81787593178502}}}",application/json,true,none
test_1iusq81mcyots_getBusinesses,400,"{""error"": {""code"": ""VALIDATION_ERROR"", ""description"": ""Please specify a location or a latitude and longitude""}}",application/json,true,none
test_1iyc6lxn61yr7_getBusinesses,200,"{""businesses"": [], ""total"": 0, ""region"": {""center"": {""longitude"": -108.08176, ""latitude"": 37.379448}}}",application/json,true,none
test_1iynrpmjswaqp_getBusinesses,200,"{""businesses"": [{""id"": ""qgDLtBmgGTo2OckGWAkJ7g"", ""alias"": ""weatherford-public-library-weatherford"", ""name"": ""Weatherford Public Library"", ""image_url"": """", ""is_closed"": false, ""url"": ""https://www.yelp.com.tw/biz/weatherford-public-library-weatherford?adjust_creative=ULHW7ynqdXE8Z9Fnr4irFw&utm_campaign=yelp_api_v3&utm_medium=api_v3_business_search&utm_source=ULHW7ynqdXE8Z9Fnr4irFw"", ""review_count"": 3, ""categories"": [{""alias"": ""libraries"", ""title"": ""\u5716\u66f8\u9928""}], ""rating"": 4.5, ""coordinates"": {""latitude"": 35.5273032, ""longitude"": -98.7056287}, ""transactions"": [], ""location"": {""address1"": ""219 East Franklin"", ""address2"": """", ""address3"": """", ""city"": ""Weatherford"", ""zip_code"": ""73096"", ""country"": ""US"", ""state"": ""OK"", ""display_address"": [""219 East Franklin"", ""Weatherford, OK 73096"", ""\u7f8e\u570b""]}, ""phone"": ""+15807723591"", ""display_phone"": ""+1 580-772-3591"", ""distance"": 12263.869314535783}, {""id"": ""A92BOZNbtgZVNuEm_iXQXg"", ""alias"": ""clinton-public-library-clinton-9"", ""name"": ""Clinton Public Library"", ""image_url"": """", ""is_closed"": false, ""url"": ""https://www.yelp.com.tw/biz/clinton-public-library-clinton-9?adjust_creative=ULHW7ynqdXE8Z9Fnr4irFw&utm_campaign=yelp_api_v3&utm_medium=api_v3_business_search&utm_source=ULHW7ynqdXE8Z9Fnr4irFw"", ""review_count"": 1, ""categories"": [{""alias"": ""libraries"", ""title"": ""\u5716\u66f8\u9928""}], ""rating"": 4.0, ""coordinates"": {""latitude"": 35.5144449323416, ""longitude"": -98.9687463641167}, ""transactions"": [], ""location"": {""address1"": ""721 Frisco Ave"", ""address2"": """", ""address3"": """", ""city"": ""Clinton"", ""zip_code"": ""73601"", ""country"": ""US"", ""state"": ""OK"", ""display_address"": [""721 Frisco Ave"", ""Clinton, OK 73601"", ""\u7f8e\u570b""]}, ""phone"": ""+15803232165"", ""display_phone"": ""+1 580-323-2165"", ""distance"": 25963.14678929958}, {""id"": ""GxiVB0SUH1NH85Ea2i-X-w"", ""alias"": ""sentinel-public-schools-sentinel"", ""name"": ""Sentinel Public Schools"", ""image_url"": """", ""is_closed"": false, ""url"": ""https://www.yelp.com.tw/biz/sentinel-public-schools-sentinel?adjust_creative=ULHW7ynqdXE8Z9Fnr4irFw&utm_campaign=yelp_api_v3&utm_medium=api_v3_business_search&utm_source=ULHW7ynqdXE8Z9Fnr4irFw"", ""review_count"": 1, ""categories"": [{""alias"": ""elementaryschools"", ""title"": ""\u5c0f\u5b78""}, {""alias"": ""highschools"", ""title"": ""\u570b\u4e2d\u53ca\u9ad8\u4e2d""}], ""rating"": 5.0, ""coordinates"": {""latitude"": 35.156175001382, ""longitude"": -99.1701500000357}, ""transactions"": [], ""location"": {""address1"": ""708 E Washington St"", ""address2"": """", ""address3"": null, ""city"": ""Sentinel"", ""zip_code"": ""73664"", ""country"": ""US"", ""state"": ""OK"", ""display_address"": [""708 E Washington St"", ""Sentinel, OK 73664"", ""\u7f8e\u570b""]}, ""phone"": ""+15803932101"", ""display_phone"": ""+1 580-393-2101"", ""distance"": 50980.67432041491}, {""id"": ""QBrnU-VWTkd7UUtTmR1AzA"", ""alias"": ""department-of-public-safety-hinton"", ""name"": ""Department of Public Safety"", ""image_url"": ""https://s3-media3.fl.yelpcdn.com/bphoto/9zmnVw_7hzcKgHsDUXkbBA/o.jpg"", ""is_closed"": false, ""url"": ""https://www.yelp.com.tw/biz/department-of-public-safety-hinton?adjust_creative=ULHW7ynqdXE8Z9Fnr4irFw&utm_campaign=yelp_api_v3&utm_medium=api_v3_business_search&utm_source=ULHW7ynqdXE8Z9Fnr4irFw"", ""review_count"": 5, ""categories"": [{""alias"": ""departmentsofmotorvehicles"", ""title"": ""\u904b\u8f38\u7f72""}], ""rating"": 2.0, ""coordinates"": {""latitude"": 35.488204, ""longitude"": -98.351414}, ""transactions"": [], ""location"": {""address1"": ""1802 N Broadway"", ""address2"": """", ""address3"": null, ""city"": ""Hinton"", ""zip_code"": ""73047"", ""country"": ""US"", ""state"": ""OK"", ""display_address"": [""1802 N Broadway"", ""Hinton, OK 73047"", ""\u7f8e\u570b""]}, ""phone"": ""+14055421023"", ""display_phone"": ""+1 405-542-1023"", ""distance"": 33307.14347741433}, {""id"": ""QYECrPqzQDPKtocr-_4oHw"", ""alias"": ""post-office-weatherford-weatherford"", ""name"": ""Post Office- Weatherford"", ""image_url"": """", ""is_closed"": false, ""url"": ""https://www.yelp.com.tw/biz/post-office-weatherford-weatherford?adjust_creative=ULHW7ynqdXE8Z9Fnr4irFw&utm_campaign=yelp_api_v3&utm_medium=api_v3_business_search&utm_source=ULHW7ynqdXE8Z9Fnr4irFw"", ""review_count"": 2, ""categories"": [{""alias"": ""postoffices"", ""title"": ""\u90f5\u5c40""}], ""rating"": 3.5, ""coordinates"": {""latitude"": 35.52743, ""longitude"": -98.70739}, ""transactions"": [], ""location"": {""address1"": ""107 E Franklin"", ""address2"": """", ""address3"": """", ""city"": ""Weatherford"", ""zip_code"": ""73096"", ""country"": ""US"", ""state"": ""OK"", ""display_address"": [""107 E Franklin"", ""Weatherford, OK 73096"", ""\u7f8e\u570b""]}, ""phone"": ""+15807722412"", ""display_phone"": ""+1 580-772-2412"", ""distance"": 12262.733325674693}, {""id"": ""OUvlL9nCByvvxfibc78r-w"", ""alias"": ""police-department-clinton"", ""name"": ""Police Department"", ""image_url"": """", ""is_closed"": false, ""url"": ""https://www.yelp.com.tw/biz/police-department-clinton?adjust_creative=ULHW7ynqdXE8Z9Fnr4irFw&utm_campaign=yelp_api_v3&utm_medium=api_v3_business_search&utm_source=ULHW7ynqdXE8Z9Fnr4irFw"", ""review_count"": 1, ""categories"": [{""alias"": ""policedepartments"", ""title"": ""\u8b66\u5bdf\u5c40""}], ""rating"": 1.0, ""coordinates"": {""latitude"": 35.5156049, ""longitude"": -98.9651111}, ""transactions"": [], ""location"": {""address1"": ""415 W Gary Blvd"", ""address2"": null, ""address3"": null, ""city"": ""Clinton"", ""zip_code"": ""73601"", ""country"": ""US"", ""state"": ""OK"", ""display_address"": [""415 W Gary Blvd"", ""Clinton, OK 73601"", ""\u7f8e\u570b""]}, ""phone"": ""+15803230217"", ""display_phone"": ""+1 580-323-0217"", ""distance"": 25718.20735749488}], ""total"": 9, ""region"": {""center"": {""longitude"": -98.7086, ""latitude"": 35.417038}}}",application/json,true,none
test_1je9wqbv6wu9k_getBusinesses,400,"{""error"": {""code"": ""VALIDATION_ERROR"", ""description"": ""Please specify a location or a latitude and longitude""}}",application/json,true,none
test_1jefgcicd0jtt_getBusinesses,400,"{""error"": {""code"": ""VALIDATION_ERROR"", ""description"": ""Please specify a location or a latitude and longitude""}}",application/json,true,none
test_1jer23229ofub_getBusinesses,400,"{""error"": {""code"": ""LOCATION_NOT_FOUND"", ""description"": ""Could not execute search, try specifying a more exact location.""}}",application/json,true,none
test_1jetsoinwa5gw_getBusinesses,400,"{""error"": {""code"": ""VALIDATION_ERROR"", ""description"": ""Please specify a location or a latitude and longitude""}}",application/json,true,none
test_1jewkjb2mnewn_getBusinesses,200,"{""businesses"": [], ""total"": 0, ""region"": {""center"": {""longitude"": -90.95462, ""latitude"": 37.353035}}}",application/json,true,none
test_1jiai5fcfmbms_getBusinesses,200,"{""businesses"": [], ""total"": 0, ""region"": {""center"": {""longitude"": -114.91756, ""latitude"": 36.406013}}}",application/json,true,none
test_1jxzwjrmfv8dv_getBusinesses,200,"{""businesses"": [{""id"": ""seSofUFgoSEIpW5P7YlmVA"", ""alias"": ""miners-and-stockmens-steakhouse-and-spirits-hartville"", ""name"": ""Miners & Stockmen's Steakhouse & Spirits"", ""image_url"": ""https://s3-media2.fl.yelpcdn.com/bphoto/AUnHjcqA821Pmc8L5X62VA/o.jpg"", ""is_closed"": false, ""url"": ""https://www.yelp.com/biz/miners-and-stockmens-steakhouse-and-spirits-hartville?adjust_creative=ULHW7ynqdXE8Z9Fnr4irFw&utm_campaign=yelp_api_v3&utm_medium=api_v3_business_search&utm_source=ULHW7ynqdXE8Z9Fnr4irFw"", ""review_count"": 42, ""categories"": [{""alias"": ""steak"", ""title"": ""Steakhouses""}], ""rating"": 5.0, ""coordinates"": {""latitude"": 42.3275275, ""longitude"": -104.7258423}, ""transactions"": [], ""price"": ""$$$"", ""location"": {""address1"": ""608 E Main St"", ""address2"": """", ""address3"": """", ""city"": ""Hartville"", ""zip_code"": ""82215"", ""country"": ""US"", ""state"": ""WY"", ""display_address"": [""608 E Main St"", ""Hartville, WY 82215""]}, ""phone"": ""+13078362008"", ""display_phone"": ""(307) 836-2008"", ""distance"": 34158.74210355708}, {""id"": ""vO8exdWAt4pRyY_yh-VVaQ"", ""alias"": ""fort-laramie-national-historic-site-fort-laramie"", ""name"": ""Fort Laramie National Historic Site"", ""image_url"": ""https://s3-media3.fl.yelpcdn.com/bphoto/10skJ_Bcxnbq4O72GZoCrQ/o.jpg"", ""is_closed"": false, ""url"": ""https://www.yelp.com/biz/fort-laramie-national-historic-site-fort-laramie?adjust_creative=ULHW7ynqdXE8Z9Fnr4irFw&utm_campaign=yelp_api_v3&utm_medium=api_v3_business_search&utm_source=ULHW7ynqdXE8Z9Fnr4irFw"", ""review_count"": 9, ""categories"": [{""alias"": ""landmarks"", ""title"": ""Landmarks & Historical Buildings""}], ""rating"": 4.5, ""coordinates"": {""latitude"": 42.203476, ""longitude"": -104.545148}, ""transactions"": [], ""location"": {""address1"": ""965 Gray Rocks Rd"", ""address2"": null, ""address3"": null, ""city"": ""Fort Laramie"", ""zip_code"": ""82212"", ""country"": ""US"", ""state"": ""WY"", ""display_address"": [""965 Gray Rocks Rd"", ""Fort Laramie, WY 82212""]}, ""phone"": ""+13078372221"", ""display_phone"": ""(307) 837-2221"", ""distance"": 31267.28660766453}, {""id"": ""T0_ionmEIS9boVPAHX4ovw"", ""alias"": ""fort-laramie-historic-site-fort-laramie"", ""name"": ""Fort Laramie Historic Site"", ""image_url"": ""https://s3-media2.fl.yelpcdn.com/bphoto/Ns-FAt5g3pgfQrYUC-Ca-Q/o.jpg"", ""is_closed"": false, ""url"": ""https://www.yelp.com/biz/fort-laramie-historic-site-fort-laramie?adjust_creative=ULHW7ynqdXE8Z9Fnr4irFw&utm_campaign=yelp_api_v3&utm_medium=api_v3_business_search&utm_source=ULHW7ynqdXE8Z9Fnr4irFw"", ""review_count"": 7, ""categories"": [{""alias"": ""landmarks"", ""title"": ""Landmarks & Historical Buildings""}], ""rating"": 4.5, ""coordinates"": {""latitude"": 42.206905, ""longitude"": -104.54627}, ""transactions"": [], ""location"": {""address1"": ""965 Gray Rocks Rd"", ""address2"": """", ""address3"": """", ""city"": ""Fort Laramie"", ""zip_code"": ""82212"", ""country"": ""US"", ""state"": ""WY"", ""display_address"": [""965 Gray Rocks Rd"", ""Fort Laramie, WY 82212""]}, ""phone"": ""+13078372221"", ""display_phone"": ""(307) 837-2221"", ""distance"": 30998.272060260944}, {""id"": ""VdXNnqNycV9JzNcfk9o4aw"", ""alias"": ""the-gathering-place-fort-laramie"", ""name"": ""The Gathering Place"", ""image_url"": ""https://s3-media2.fl.yelpcdn.com/bphoto/HJBZ1q8kdStytSR73J6gjQ/o.jpg"", ""is_closed"": false, ""url"": ""https://www.yelp.com/biz/the-gathering-place-fort-laramie?adjust_creative=ULHW7ynqdXE8Z9Fnr4irFw&utm_campaign=yelp_api_v3&utm_medium=api_v3_business_search&utm_source=ULHW7ynqdXE8Z9Fnr4irFw"", ""review_count"": 4, ""categories"": [{""alias"": ""breakfast_brunch"", ""title"": ""Breakfast & Brunch""}], ""rating"": 5.0, ""coordinates"": {""latitude"": 42.212695, ""longitude"": -104.516317}, ""transactions"": [], ""price"": ""$$"", ""location"": {""address1"": ""101 S Lawton Ave"", ""address2"": """", ""address3"": """", ""city"": ""Fort Laramie"", ""zip_code"": ""82212"", ""country"": ""US"", ""state"": ""WY"", ""display_address"": [""101 S Lawton Ave"", ""Fort Laramie, WY 82212""]}, ""phone"": ""+13078373082"", ""display_phone"": ""(307) 837-3082"", ""distance"": 29153.988003365946}, {""id"": ""HCKW-gUep1yREMM0GxPR7Q"", ""alias"": ""oregon-trail-ruts-guernsey"", ""name"": ""Oregon Trail Ruts"", ""image_url"": ""https://s3-media1.fl.yelpcdn.com/bphoto/yQQM_wzdVQy8n4WR_LAd6A/o.jpg"", ""is_closed"": false, ""url"": ""https://www.yelp.com/biz/oregon-trail-ruts-guernsey?adjust_creative=ULHW7ynqdXE8Z9Fnr4irFw&utm_campaign=yelp_api_v3&utm_medium=api_v3_business_search&utm_source=ULHW7ynqdXE8Z9Fnr4irFw"", ""review_count"": 7, ""categories"": [{""alias"": ""landmarks"", ""title"": ""Landmarks & Historical Buildings""}], ""rating"": 4.5, ""coordinates"": {""latitude"": 42.257050327507095, ""longitude"": -104.74886203550415}, ""transactions"": [], ""location"": {""address1"": """", ""address2"": """", ""address3"": """", ""city"": ""Guernsey"", ""zip_code"": ""82214"", ""country"": ""US"", ""state"": ""WY"", ""display_address"": [""Guernsey, WY 82214""]}, ""phone"": """", ""display_phone"": """", ""distance"": 39352.88525334802}, {""id"": ""OW26VqEjohBSw1FNUAh5lA"", ""alias"": ""crazy-tonys-guernsey"", ""name"": ""Crazy Tony's"", ""image_url"": ""https://s3-media1.fl.yelpcdn.com/bphoto/0Nlty7trGZNLPDmcArMwrg/o.jpg"", ""is_closed"": false, ""url"": ""https://www.yelp.com/biz/crazy-tonys-guernsey?adjust_creative=ULHW7ynqdXE8Z9Fnr4irFw&utm_campaign=yelp_api_v3&utm_medium=api_v3_business_search&utm_source=ULHW7ynqdXE8Z9Fnr4irFw"", ""review_count"": 10, ""categories"": [{""alias"": ""bars"", ""title"": ""Bars""}, {""alias"": ""tradamerican"", ""title"": ""American (Traditional)""}], ""rating"": 4.0, ""coordinates"": {""latitude"": 42.269623, ""longitude"": -104.74568}, ""transactions"": [], ""price"": ""$"", ""location"": {""address1"": ""300 W Whalen St"", ""address2"": """", ""address3"": """", ""city"": ""Guernsey"", ""zip_code"": ""82214"", ""country"": ""US"", ""state"": ""WY"", ""display_address"": [""300 W Whalen St"", ""Guernsey, WY 82214""]}, ""phone"": ""+13078362317"", ""display_phone"": ""(307) 836-2317"", ""distance"": 38457.78018981989}, {""id"": ""-bZr6zbsIL9qJVNpLNhOlw"", ""alias"": ""fort-laramie-american-grill-fort-laramie"", ""name"": ""Fort Laramie American Grill"", ""image_url"": ""https://s3-media2.fl.yelpcdn.com/bphoto/vzFucT-pqGoIHwHKxU_SAw/o.jpg"", ""is_closed"": false, ""url"": ""https://www.yelp.com/biz/fort-laramie-american-grill-fort-laramie?adjust_creative=ULHW7ynqdXE8Z9Fnr4irFw&utm_campaign=yelp_api_v3&utm_medium=api_v3_business_search&utm_source=ULHW7ynqdXE8Z9Fnr4irFw"", ""review_count"": 6, ""categories"": [{""alias"": ""newamerican"", ""title"": ""American (New)""}], ""rating"": 4.0, ""coordinates"": {""latitude"": 42.213122472167, ""longitude"": -104.521729052067}, ""transactions"": [], ""price"": ""$$"", ""location"": {""address1"": ""302 Pioneer Ct"", ""address2"": null, ""address3"": null, ""city"": ""Fort Laramie"", ""zip_code"": ""82212"", ""country"": ""US"", ""state"": ""WY"", ""display_address"": [""302 Pioneer Ct"", ""Fort Laramie, WY 82212""]}, ""phone"": ""+13078372324"", ""display_phone"": ""(307) 837-2324"", ""distance"": 29341.49460966502}, {""id"": ""u4rrxPSKIlQ_SGVauY09YA"", ""alias"": ""bens-bar-guernsey"", ""name"": ""Ben's Bar"", ""image_url"": ""https://s3-media2.fl.yelpcdn.com/bphoto/ZlJQw6zF8fD81-NdVJhkIg/o.jpg"", ""is_closed"": false, ""url"": ""https://www.yelp.com/biz/bens-bar-guernsey?adjust_creative=ULHW7ynqdXE8Z9Fnr4irFw&utm_campaign=yelp_api_v3&utm_medium=api_v3_business_search&utm_source=ULHW7ynqdXE8Z9Fnr4irFw"", ""review_count"": 6, ""categories"": [{""alias"": ""bars"", ""title"": ""Bars""}], ""rating"": 3.5, ""coordinates"": {""latitude"": 42.2702301, ""longitude"": -104.7417149}, ""transactions"": [], ""location"": {""address1"": ""39 N Wyoming Ave"", ""address2"": """", ""address3"": """", ""city"": ""Guernsey"", ""zip_code"": ""82214"", ""country"": ""US"", ""state"": ""WY"", ""display_address"": [""39 N Wyoming Ave"", ""Guernsey, WY 82214""]}, ""phone"": ""+13078362500"", ""display_phone"": ""(307) 836-2500"", ""distance"": 38112.020404946015}, {""id"": ""FBo5odQxDomR30ty5EtdKA"", ""alias"": ""lockmans-lunch-box-guernsey"", ""name"": ""Lockmans Lunch Box"", ""image_url"": ""https://s3-media3.fl.yelpcdn.com/bphoto/5yg-2zDe3GDcpmIPwOf8ng/o.jpg"", ""is_closed"": false, ""url"": ""https://www.yelp.com/biz/lockmans-lunch-box-guernsey?adjust_creative=ULHW7ynqdXE8Z9Fnr4irFw&utm_campaign=yelp_api_v3&utm_medium=api_v3_business_search&utm_source=ULHW7ynqdXE8Z9Fnr4irFw"", ""review_count"": 7, ""categories"": [{""alias"": ""breakfast_brunch"", ""title"": ""Breakfast & Brunch""}, {""alias"": ""icecream"", ""title"": ""Ice Cream & Frozen Yogurt""}], ""rating"": 3.5, ""coordinates"": {""latitude"": 42.269654, ""longitude"": -104.737997}, ""transactions"": [], ""location"": {""address1"": ""262 E Whalen St"", ""address2"": null, ""address3"": null, ""city"": ""Guernsey"", ""zip_code"": ""82214"", ""country"": ""US"", ""state"": ""WY"", ""display_address"": [""262 E Whalen St"", ""Guernsey, WY 82214""]}, ""phone"": ""+13073222344"", ""display_phone"": ""(307) 322-2344"", ""distance"": 37869.47154792695}, {""id"": ""BZgCtboVnJNWakoOjycAwQ"", ""alias"": ""register-cliff-guernsey-2"", ""name"": ""Register Cliff"", ""image_url"": ""https://s3-media2.fl.yelpcdn.com/bphoto/-d6dScr580580OJGEgnHDA/o.jpg"", ""is_closed"": false, ""url"": ""https://www.yelp.com/biz/register-cliff-guernsey-2?adjust_creative=ULHW7ynqdXE8Z9Fnr4irFw&utm_campaign=yelp_api_v3&utm_medium=api_v3_business_search&utm_source=ULHW7ynqdXE8Z9Fnr4irFw"", ""review_count"": 3, ""categories"": [{""alias"": ""landmarks"", ""title"": ""Landmarks & Historical Buildings""}], ""rating"": 3.5, ""coordinates"": {""latitude"": 42.26867, ""longitude"": -104.74174}, ""transactions"": [], ""location"": {""address1"": """", ""address2"": """", ""address3"": null, ""city"": ""Guernsey"", ""zip_code"": ""82214"", ""country"": ""US"", ""state"": ""WY"", ""display_address"": [""Guernsey, WY 82214""]}, ""phone"": ""+13078362334"", ""display_phone"": ""(307) 836-2334"", ""distance"": 38126.49300773774}, {""id"": ""Q8Z_2kL6wukFBeK_TRXJJw"", ""alias"": ""vickies-saloon-fort-laramie"", ""name"": ""Vickies Saloon"", ""image_url"": ""https://s3-media2.fl.yelpcdn.com/bphoto/Jpcfpun4krTOXnjCNfXP_g/o.jpg"", ""is_closed"": false, ""url"": ""https://www.yelp.com/biz/vickies-saloon-fort-laramie?adjust_creative=ULHW7ynqdXE8Z9Fnr4irFw&utm_campaign=yelp_api_v3&utm_medium=api_v3_business_search&utm_source=ULHW7ynqdXE8Z9Fnr4irFw"", ""review_count"": 2, ""categories"": [{""alias"": ""bbq"", ""title"": ""Barbeque""}, {""alias"": ""divebars"", ""title"": ""Dive Bars""}], ""rating"": 3.0, ""coordinates"": {""latitude"": 42.2132912, ""longitude"": -104.5173798}, ""transactions"": [], ""location"": {""address1"": ""115 N Laramie"", ""address2"": null, ""address3"": """", ""city"": ""Fort Laramie"", ""zip_code"": ""82212"", ""country"": ""US"", ""state"": ""WY"", ""display_address"": [""115 N Laramie"", ""Fort Laramie, WY 82212""]}, ""phone"": ""+13078372288"", ""display_phone"": ""(307) 837-2288"", ""distance"": 29148.594270184905}, {""id"": ""2Aw50mzbHl0a3z_K2-xGXA"", ""alias"": ""the-hungry-cowboy-fort-laramie"", ""name"": ""The Hungry Cowboy"", ""image_url"": ""https://s3-media1.fl.yelpcdn.com/bphoto/euUgVSR-FOAnnbHJv74FzA/o.jpg"", ""is_closed"": false, ""url"": ""https://www.yelp.com/biz/the-hungry-cowboy-fort-laramie?adjust_creative=ULHW7ynqdXE8Z9Fnr4irFw&utm_campaign=yelp_api_v3&utm_medium=api_v3_business_search&utm_source=ULHW7ynqdXE8Z9Fnr4irFw"", ""review_count"": 1, ""categories"": [{""alias"": ""cafes"", ""title"": ""Cafes""}], ""rating"": 5.0, ""coordinates"": {""latitude"": 42.21247, ""longitude"": -104.5167}, ""transactions"": [], ""location"": {""address1"": ""107 E Merriam St"", ""address2"": """", ""address3"": """", ""city"": ""Fort Laramie"", ""zip_code"": ""82212"", ""country"": ""US"", ""state"": ""WY"", ""display_address"": [""107 E Merriam St"", ""Fort Laramie, WY 82212""]}, ""phone"": ""+13074615457"", ""display_phone"": ""(307) 461-5457"", ""distance"": 29175.93097480332}, {""id"": ""ayKdXcoFrcHmmIaYoP-vdg"", ""alias"": ""kellys-guernsey"", ""name"": ""Kelly's"", ""image_url"": """", ""is_closed"": false, ""url"": ""https://www.yelp.com/biz/kellys-guernsey?adjust_creative=ULHW7ynqdXE8Z9Fnr4irFw&utm_campaign=yelp_api_v3&utm_medium=api_v3_business_search&utm_source=ULHW7ynqdXE8Z9Fnr4irFw"", ""review_count"": 2, ""categories"": [{""alias"": ""bars"", ""title"": ""Bars""}], ""rating"": 1.5, ""coordinates"": {""latitude"": 42.269835, ""longitude"": -104.744384}, ""transactions"": [], ""location"": {""address1"": ""35-99 S Nebraska Ave"", ""address2"": """", ""address3"": """", ""city"": ""Guernsey"", ""zip_code"": ""82214"", ""country"": ""US"", ""state"": ""WY"", ""display_address"": [""35-99 S Nebraska Ave"", ""Guernsey, WY 82214""]}, ""phone"": """", ""display_phone"": """", ""distance"": 38315.23006956006}], ""total"": 13, ""region"": {""center"": {""longitude"": -104.33861, ""latitude"": 42.43959}}}",application/json,true,none
test_1jy87vkycdvmq_getBusinesses,200,"{""businesses"": [], ""total"": 0, ""region"": {""center"": {""longitude"": -115.42799, ""latitude"": 34.312447}}}",application/json,true,none
test_1k1ugw7ai5obl_getBusinesses,400,"{""error"": {""code"": ""VALIDATION_ERROR"", ""description"": ""Please specify a location or a latitude and longitude""}}",application/json,true,none
test_qe3w1h3l1c8l_getBusinesses,400,"{""error"": {""code"": ""VALIDATION_ERROR"", ""description"": ""Please specify a location or a latitude and longitude""}}",application/json,true,none
test_qeffywt02zaq_getBusinesses,200,"{""businesses"": [], ""total"": 0, ""region"": {""center"": {""longitude"": -112.54189, ""latitude"": 45.21855}}}",application/json,true,none
test_qhhs61pkqr75_getBusinesses,400,"{""error"": {""code"": ""VALIDATION_ERROR"", ""description"": ""Please specify a location or a latitude and longitude""}}",application/json,true,none
test_qy1nrr5a1rn6_getBusinesses,400,"{""error"": {""code"": ""OPEN_AT_AND_NOW_PROVIDED"", ""description"": ""You must specify either open_at or open_now, not both.""}}",application/json,true,none
test_r1fnswnxqjoz_getBusinesses,200,"{""businesses"": [{""id"": ""hi2CZsoWsuEbX076YtHpWQ"", ""alias"": ""phoenix-pub-sevilla"", ""name"": ""Phoenix Pub"", ""image_url"": ""https://s3-media2.fl.yelpcdn.com/bphoto/3MQZgv3_6H2rWGqVdZAy0Q/o.jpg"", ""is_closed"": false, ""url"": ""https://it.yelp.ch/biz/phoenix-pub-sevilla?adjust_creative=ULHW7ynqdXE8Z9Fnr4irFw&utm_campaign=yelp_api_v3&utm_medium=api_v3_business_search&utm_source=ULHW7ynqdXE8Z9Fnr4irFw"", ""review_count"": 21, ""categories"": [{""alias"": ""pubs"", ""title"": ""Pub""}, {""alias"": ""sportsbars"", ""title"": ""Bar con sport in TV""}, {""alias"": ""irish_pubs"", ""title"": ""Irish pub""}], ""rating"": 3.5, ""coordinates"": {""latitude"": 37.3802861402956, ""longitude"": -5.99803810370486}, ""transactions"": [], ""price"": ""\u20ac\u20ac"", ""location"": {""address1"": ""Plaza de Cuba, 2"", ""address2"": """", ""address3"": """", ""city"": ""Siviglia"", ""zip_code"": ""41011"", ""country"": ""ES"", ""state"": ""SE"", ""display_address"": [""Plaza de Cuba, 2"", ""41011 Siviglia"", ""Spagna""]}, ""phone"": ""+34954008008"", ""display_phone"": ""+34 954 00 80 08"", ""distance"": 1447.5631288540037}, {""id"": ""LU5JIFtTjGio5gyUipikbQ"", ""alias"": ""vips-sevilla-56"", ""name"": ""VIPS"", ""image_url"": ""https://s3-media3.fl.yelpcdn.com/bphoto/3nbxUBQqEt3W5mehFTXpAg/o.jpg"", ""is_closed"": false, ""url"": ""https://it.yelp.ch/biz/vips-sevilla-56?adjust_creative=ULHW7ynqdXE8Z9Fnr4irFw&utm_campaign=yelp_api_v3&utm_medium=api_v3_business_search&utm_source=ULHW7ynqdXE8Z9Fnr4irFw"", ""review_count"": 18, ""categories"": [{""alias"": ""spanish"", ""title"": ""Cucina spagnola""}, {""alias"": ""cafeteria"", ""title"": ""Caffetteria""}], ""rating"": 4.0, ""coordinates"": {""latitude"": 37.3779429, ""longitude"": -6.0015748}, ""transactions"": [], ""price"": ""\u20ac\u20ac"", ""location"": {""address1"": ""Avenida Rep\u00fablica Argentina, 23-25"", ""address2"": null, ""address3"": null, ""city"": ""Siviglia"", ""zip_code"": ""41011"", ""country"": ""ES"", ""state"": ""SE"", ""display_address"": [""Avenida Rep\u00fablica Argentina, 23-25"", ""41011 Siviglia"", ""Spagna""]}, ""phone"": ""+34638561470"", ""display_phone"": ""+34 638 56 14 70"", ""distance"": 1854.2380577176107}, {""id"": ""tNEHHUqNV35eZGPO1lwJ2w"", ""alias"": ""la-cigala-de-oro-sevilla"", ""name"": ""La Cigala de Oro"", ""image_url"": ""https://s3-media3.fl.yelpcdn.com/bphoto/OzKcOtAdcklQFfvK8xgb6A/o.jpg"", ""is_closed"": false, ""url"": ""https://it.yelp.ch/biz/la-cigala-de-oro-sevilla?adjust_creative=ULHW7ynqdXE8Z9Fnr4irFw&utm_campaign=yelp_api_v3&utm_medium=api_v3_business_search&utm_source=ULHW7ynqdXE8Z9Fnr4irFw"", ""review_count"": 18, ""categories"": [{""alias"": ""spanish"", ""title"": ""Cucina spagnola""}, {""alias"": ""tapas"", ""title"": ""Tapas bar""}], ""rating"": 3.5, ""coordinates"": {""latitude"": 37.39383797522, ""longitude"": -5.9815831278327}, ""transactions"": [], ""price"": ""\u20ac"", ""location"": {""address1"": ""Calle Jos\u00e9 Laguillo, 23"", ""address2"": """", ""address3"": """", ""city"": ""Siviglia"", ""zip_code"": ""41003"", ""country"": ""ES"", ""state"": ""SE"", ""display_address"": [""Calle Jos\u00e9 Laguillo, 23"", ""41003 Siviglia"", ""Spagna""]}, ""phone"": ""+34954539172"", ""display_phone"": ""+34 954 53 91 72"", ""distance"": 658.697692000051}, {""id"": ""PeaOBUF9POmvJqBc9NGEGg"", ""alias"": ""la-abuela-sevilla-2"", ""name"": ""La Abuela"", ""image_url"": ""https://s3-media2.fl.yelpcdn.com/bphoto/BpluymQfExff5Y7pxFslyg/o.jpg"", ""is_closed"": false, ""url"": ""https://it.yelp.ch/biz/la-abuela-sevilla-2?adjust_creative=ULHW7ynqdXE8Z9Fnr4irFw&utm_campaign=yelp_api_v3&utm_medium=api_v3_business_search&utm_source=ULHW7ynqdXE8Z9Fnr4irFw"", ""review_count"": 10, ""categories"": [{""alias"": ""icecream"", ""title"": ""Gelaterie""}], ""rating"": 4.0, ""coordinates"": {""latitude"": 37.3928909, ""longitude"": -5.9935298}, ""transactions"": [], ""price"": ""\u20ac"", ""location"": {""address1"": ""Calle Lara\u00f1a, 10"", ""address2"": """", ""address3"": """", ""city"": ""Siviglia"", ""zip_code"": ""41003"", ""country"": ""ES"", ""state"": ""SE"", ""display_address"": [""Calle Lara\u00f1a, 10"", ""41003 Siviglia"", ""Spagna""]}, ""phone"": """", ""display_phone"": """", ""distance"": 803.2634425861459}, {""id"": ""7GoFYWU8s6ePMK1kqDnU_A"", ""alias"": ""la-manchega-sevilla"", ""name"": ""La Manchega"", ""image_url"": ""https://s3-media2.fl.yelpcdn.com/bphoto/wpPdZFXPSo-yYOO6wTUyzA/o.jpg"", ""is_closed"": false, ""url"": ""https://it.yelp.ch/biz/la-manchega-sevilla?adjust_creative=ULHW7ynqdXE8Z9Fnr4irFw&utm_campaign=yelp_api_v3&utm_medium=api_v3_business_search&utm_source=ULHW7ynqdXE8Z9Fnr4irFw"", ""review_count"": 17, ""categories"": [{""alias"": ""tapas"", ""title"": ""Tapas bar""}, {""alias"": ""spanish"", ""title"": ""Cucina spagnola""}, {""alias"": ""breakfast_brunch"", ""title"": ""Colazioni/Brunch""}], ""rating"": 4.0, ""coordinates"": {""latitude"": 37.4097618144186, ""longitude"": -5.9847928583622}, ""transactions"": [], ""price"": ""\u20ac\u20ac"", ""location"": {""address1"": ""Calle del Dr. Fedriani, 25"", ""address2"": """", ""address3"": """", ""city"": ""Siviglia"", ""zip_code"": ""41009"", ""country"": ""ES"", ""state"": ""SE"", ""display_address"": [""Calle del Dr. Fedriani, 25"", ""41009 Siviglia"", ""Spagna""]}, ""phone"": ""+34954378868"", ""display_phone"": ""+34 954 37 88 68"", ""distance"": 2313.736262855366}, {""id"": ""CTogYYtLJb6YzvzvtoVcbg"", ""alias"": ""rafael-ru\u00edz-sevilla-3"", ""name"": ""Rafael Ru\u00edz"", ""image_url"": ""https://s3-media2.fl.yelpcdn.com/bphoto/CcYkJLXA8fjlR7fpJcw_eg/o.jpg"", ""is_closed"": false, ""url"": ""https://it.yelp.ch/biz/rafael-ru%C3%ADz-sevilla-3?adjust_creative=ULHW7ynqdXE8Z9Fnr4irFw&utm_campaign=yelp_api_v3&utm_medium=api_v3_business_search&utm_source=ULHW7ynqdXE8Z9Fnr4irFw"", ""review_count"": 10, ""categories"": [{""alias"": ""spanish"", ""title"": ""Cucina spagnola""}, {""alias"": ""tapas"", ""title"": ""Tapas bar""}, {""alias"": ""breakfast_brunch"", ""title"": ""Colazioni/Brunch""}], ""rating"": 4.0, ""coordinates"": {""latitude"": 37.3919478, ""longitude"": -5.9825434}, ""transactions"": [], ""price"": ""\u20ac"", ""location"": {""address1"": ""Calle Amador de los R\u00edos, 46"", ""address2"": """", ""address3"": """", ""city"": ""Siviglia"", ""zip_code"": ""41003"", ""country"": ""ES"", ""state"": ""SE"", ""display_address"": [""Calle Amador de los R\u00edos, 46"", ""41003 Siviglia"", ""Spagna""]}, ""phone"": ""+34954415760"", ""display_phone"": ""+34 954 41 57 60"", ""distance"": 434.8621101213843}, {""id"": ""eN5V7aKRs65ssu68wmB97Q"", ""alias"": ""agua-y-vida-bar-sevilla"", ""name"": ""Agua Y Vida Bar"", ""image_url"": ""https://s3-media1.fl.yelpcdn.com/bphoto/5yNIVj-vO2cWSLJO5X3qCw/o.jpg"", ""is_closed"": false, ""url"": ""https://it.yelp.ch/biz/agua-y-vida-bar-sevilla?adjust_creative=ULHW7ynqdXE8Z9Fnr4irFw&utm_campaign=yelp_api_v3&utm_medium=api_v3_business_search&utm_source=ULHW7ynqdXE8Z9Fnr4irFw"", ""review_count"": 10, ""categories"": [{""alias"": ""spanish"", ""title"": ""Cucina spagnola""}], ""rating"": 4.0, ""coordinates"": {""latitude"": 37.384229, ""longitude"": -5.990132}, ""transactions"": [], ""price"": ""\u20ac"", ""location"": {""address1"": ""Calle Vida, 15"", ""address2"": """", ""address3"": """", ""city"": ""Siviglia"", ""zip_code"": ""41004"", ""country"": ""ES"", ""state"": ""SE"", ""display_address"": [""Calle Vida, 15"", ""41004 Siviglia"", ""Spagna""]}, ""phone"": """", ""display_phone"": """", ""distance"": 653.3186142890803}, {""id"": ""xt-IauVT_Ny-q1Kd4MXYsg"", ""alias"": ""el-gallinero-de-sandra-sevilla"", ""name"": ""El Gallinero de Sandra"", ""image_url"": ""https://s3-media2.fl.yelpcdn.com/bphoto/jmONvmbx3oOavwJk6AWIgA/o.jpg"", ""is_closed"": false, ""url"": ""https://it.yelp.ch/biz/el-gallinero-de-sandra-sevilla?adjust_creative=ULHW7ynqdXE8Z9Fnr4irFw&utm_campaign=yelp_api_v3&utm_medium=api_v3_business_search&utm_source=ULHW7ynqdXE8Z9Fnr4irFw"", ""review_count"": 13, ""categories"": [{""alias"": ""spanish"", ""title"": ""Cucina spagnola""}, {""alias"": ""mediterranean"", ""title"": ""Cucina mediterranea""}], ""rating"": 4.0, ""coordinates"": {""latitude"": 37.3953332, ""longitude"": -5.9945185}, ""transactions"": [], ""price"": ""\u20ac\u20ac\u20ac"", ""location"": {""address1"": ""Calle Esperanza Elena Caro, 2"", ""address2"": """", ""address3"": """", ""city"": ""Siviglia"", ""zip_code"": ""41002"", ""country"": ""ES"", ""state"": ""SE"", ""display_address"": [""Calle Esperanza Elena Caro, 2"", ""41002 Siviglia"", ""Spagna""]}, ""phone"": ""+34954909931"", ""display_phone"": ""+34 954 90 99 31"", ""distance"": 1043.7761961849412}, {""id"": ""TLNHlUJb1GuwreApjVcc_w"", ""alias"": ""manolo-le\u00f3n-sevilla-4"", ""name"": ""Manolo Le\u00f3n"", ""image_url"": ""https://s3-media2.fl.yelpcdn.com/bphoto/r6x6uC73_tDlDPLeyNw_jQ/o.jpg"", ""is_closed"": false, ""url"": ""https://it.yelp.ch/biz/manolo-le%C3%B3n-sevilla-4?adjust_creative=ULHW7ynqdXE8Z9Fnr4irFw&utm_campaign=yelp_api_v3&utm_medium=api_v3_business_search&utm_source=ULHW7ynqdXE8Z9Fnr4irFw"", ""review_count"": 9, ""categories"": [{""alias"": ""spanish"", ""title"": ""Cucina spagnola""}, {""alias"": ""andalusian"", ""title"": ""Cucina andalusa""}], ""rating"": 4.5, ""coordinates"": {""latitude"": 37.399868, ""longitude"": -5.997117}, ""transactions"": [], ""price"": ""\u20ac\u20ac\u20ac"", ""location"": {""address1"": ""Calle Guadalquivir, 8"", ""address2"": """", ""address3"": """", ""city"": ""Siviglia"", ""zip_code"": ""41002"", ""country"": ""ES"", ""state"": ""SE"", ""display_address"": [""Calle Guadalquivir, 8"", ""41002 Siviglia"", ""Spagna""]}, ""phone"": ""+34954373735"", ""display_phone"": ""+34 954 37 37 35"", ""distance"": 1569.1495446878837}, {""id"": ""fl8JUvmp8UGktiB3WBiDYQ"", ""alias"": ""taiyo-sevilla"", ""name"": ""Taiyo"", ""image_url"": ""https://s3-media1.fl.yelpcdn.com/bphoto/Z5nPIKtAnEGjdto4kvenyA/o.jpg"", ""is_closed"": false, ""url"": ""https://it.yelp.ch/biz/taiyo-sevilla?adjust_creative=ULHW7ynqdXE8Z9Fnr4irFw&utm_campaign=yelp_api_v3&utm_medium=api_v3_business_search&utm_source=ULHW7ynqdXE8Z9Fnr4irFw"", ""review_count"": 11, ""categories"": [{""alias"": ""japanese"", ""title"": ""Cucina giapponese""}], ""rating"": 4.0, ""coordinates"": {""latitude"": 37.3867858185344, ""longitude"": -5.9708658233285}, ""transactions"": [], ""price"": ""\u20ac\u20ac"", ""location"": {""address1"": ""Calle Benito Mas y Prat, 3"", ""address2"": """", ""address3"": """", ""city"": ""Siviglia"", ""zip_code"": ""41005"", ""country"": ""ES"", ""state"": ""SE"", ""display_address"": [""Calle Benito Mas y Prat, 3"", ""41005 Siviglia"", ""Spagna""]}, ""phone"": ""+34954579409"", ""display_phone"": ""+34 954 57 94 09"", ""distance"": 1344.391393377043}, {""id"": ""LfrwMBKgUZVMUGkfZVElUw"", ""alias"": ""tribeca-sevilla"", ""name"": ""Tribeca"", ""image_url"": ""https://s3-media1.fl.yelpcdn.com/bphoto/f4MSYNG_Ttz1TPqYiZUtmw/o.jpg"", ""is_closed"": false, ""url"": ""https://it.yelp.ch/biz/tribeca-sevilla?adjust_creative=ULHW7ynqdXE8Z9Fnr4irFw&utm_campaign=yelp_api_v3&utm_medium=api_v3_business_search&utm_source=ULHW7ynqdXE8Z9Fnr4irFw"", ""review_count"": 7, ""categories"": [{""alias"": ""spanish"", ""title"": ""Cucina spagnola""}, {""alias"": ""tapas"", ""title"": ""Tapas bar""}], ""rating"": 4.5, ""coordinates"": {""latitude"": 37.3851814, ""longitude"": -5.9797802}, ""transactions"": [], ""price"": ""\u20ac\u20ac\u20ac\u20ac"", ""location"": {""address1"": ""Calle Chaves Nogales, 3"", ""address2"": """", ""address3"": """", ""city"": ""Siviglia"", ""zip_code"": ""41018"", ""country"": ""ES"", ""state"": ""SE"", ""display_address"": [""Calle Chaves Nogales, 3"", ""41018 Siviglia"", ""Spagna""]}, ""phone"": ""+34954426000"", ""display_phone"": ""+34 954 42 60 00"", ""distance"": 679.1600054551602}], ""total"": 2300, ""region"": {""center"": {""longitude"": -5.985832214355469, ""latitude"": 37.38897024983557}}}",application/json,false,"OAS disconformity: [Path '/businesses/[item]/price'] Instance value ("""") not found in enum (possible values: [""$"";""$$"";""$$$"";""$$$$""]) --- [Path '/businesses/[item]/price'] Instance value ("""") not found in enum (possible values: [""$"";""$$"";""$$$"";""$$$$""]) --- [Path '/businesses/[item]/price'] Instance value ("""") not found in enum (possible values: [""$"";""$$"";""$$$"";""$$$$""]) --- [Path '/businesses/[item]/price'] Instance value ("""") not found in enum (possible values: [""$"";""$$"";""$$$"";""$$$$""])"
test_rhowx1uxjk1c_getBusinesses,400,"{""error"": {""code"": ""VALIDATION_ERROR"", ""description"": ""Please specify a location or a latitude and longitude""}}",application/json,true,none
test_rl2uoj5m4g9x_getBusinesses,400,"{""error"": {""code"": ""VALIDATION_ERROR"", ""description"": ""Please specify a location or a latitude and longitude""}}",application/json,true,none
test_s0x9x9qm5i04_getBusinesses,400,"{""error"": {""code"": ""VALIDATION_ERROR"", ""description"": ""Please specify a location or a latitude and longitude""}}",application/json,true,none
test_s1bn16dhhw6v_getBusinesses,400,"{""error"": {""code"": ""VALIDATION_ERROR"", ""description"": ""Please specify a location or a latitude and longitude""}}",application/json,true,none
test_s1eflk8zj2nm_getBusinesses,400,"{""error"": {""code"": ""VALIDATION_ERROR"", ""description"": ""Please specify a location or a latitude and longitude""}}",application/json,true,none
test_s4plwallp5ra_getBusinesses,400,"{""error"": {""code"": ""VALIDATION_ERROR"", ""description"": ""Please specify a location or a latitude and longitude""}}",application/json,true,none
test_s4uksrbhe0c1_getBusinesses,200,"{""businesses"": [], ""total"": 0, ""region"": {""center"": {""longitude"": -106.44927978515625, ""latitude"": 31.653215982221013}}}",application/json,true,none
test_s505z4j7vrxz_getBusinesses,200,"{""businesses"": [], ""total"": 0, ""region"": {""center"": {""longitude"": 144.96734619140625, ""latitude"": -37.81787593178502}}}",application/json,true,none
test_sl0maof6cns6_getBusinesses,200,"{""businesses"": [], ""total"": 0, ""region"": {""center"": {""longitude"": -96.29171, ""latitude"": 40.452553}}}",application/json,true,none
test_sohc5ecwa738_getBusinesses,400,"{""error"": {""code"": ""VALIDATION_ERROR"", ""description"": ""Please specify a location or a latitude and longitude""}}",application/json,true,none
test_somw3ezn2dlx_getBusinesses,400,"{""error"": {""code"": ""OPEN_AT_AND_NOW_PROVIDED"", ""description"": ""You must specify either open_at or open_now, not both.""}}",application/json,true,none
test_t49huwkl6kab_getBusinesses,400,"{""error"": {""code"": ""VALIDATION_ERROR"", ""description"": ""The open_at provided is too long ago, the timestamp must be within the last two weeks.""}}",application/json,true,none
test_t4q5qzhs5wf9_getBusinesses,400,"{""error"": {""code"": ""VALIDATION_ERROR"", ""description"": ""Please specify a location or a latitude and longitude""}}",application/json,true,none
test_t4w7mdjlnghf_getBusinesses,200,"{""businesses"": [{""id"": ""0TEeX_kuBENR06fkR-Wx6A"", ""alias"": ""copenhagen-crown-bakery-and-deli-santa-clara-2"", ""name"": ""Copenhagen Crown Bakery & Deli"", ""image_url"": ""https://s3-media3.fl.yelpcdn.com/bphoto/EsYorX9ENuntyoXJWwMdig/o.jpg"", ""is_closed"": false, ""url"": ""https://en.yelp.com.hk/biz/copenhagen-crown-bakery-and-deli-santa-clara-2?adjust_creative=ULHW7ynqdXE8Z9Fnr4irFw&utm_campaign=yelp_api_v3&utm_medium=api_v3_business_search&utm_source=ULHW7ynqdXE8Z9Fnr4irFw"", ""review_count"": 340, ""categories"": [{""alias"": ""bakeries"", ""title"": ""Bakeries""}, {""alias"": ""delis"", ""title"": ""Delis""}], ""rating"": 3.5, ""coordinates"": {""latitude"": 37.352471, ""longitude"": -121.960683}, ""transactions"": [], ""price"": ""$"", ""location"": {""address1"": ""2079 El Camino Real"", ""address2"": """", ""address3"": """", ""city"": ""Santa Clara"", ""zip_code"": ""95050"", ""country"": ""US"", ""state"": ""CA"", ""display_address"": [""2079 El Camino Real"", ""Santa Clara, CA 95050"", ""United States""]}, ""phone"": ""+14082435443"", ""display_phone"": ""+1 408-243-5443"", ""distance"": 61817.03170012912}], ""total"": 1, ""region"": {""center"": {""longitude"": -122.43644714355469, ""latitude"": 37.76089938976322}}}",application/json,true,none
test_to4khfxj6xwz_getBusinesses,400,"{""error"": {""code"": ""VALIDATION_ERROR"", ""description"": ""Please specify a location or a latitude and longitude""}}",application/json,true,none
test_tog72eqff3hd_getBusinesses,200,"{""businesses"": [], ""total"": 0, ""region"": {""center"": {""longitude"": -106.44927978515625, ""latitude"": 31.653215982221013}}}",application/json,true,none
test_toixaa17xrg9_getBusinesses,200,"{""businesses"": [], ""total"": 0, ""region"": {""center"": {""longitude"": -97.23952, ""latitude"": 40.150703}}}",application/json,true,none
test_tolqot23zp6d_getBusinesses,200,"{""businesses"": [], ""total"": 1, ""region"": {""center"": {""longitude"": -105.96038818359375, ""latitude"": 35.665062782072155}}}",application/json,true,none
test_too0gt1thu0l_getBusinesses,200,"{""businesses"": [], ""total"": 0, ""region"": {""center"": {""longitude"": -103.26711, ""latitude"": 42.95956}}}",application/json,true,none
test_ubgcmt0lj8du_getBusinesses,200,"{""businesses"": [], ""total"": 0, ""region"": {""center"": {""longitude"": -105.96038818359375, ""latitude"": 35.665062782072155}}}",application/json,true,none
test_ubu7hy9ynghg_getBusinesses,400,"{""error"": {""code"": ""VALIDATION_ERROR"", ""description"": ""Please specify a location or a latitude and longitude""}}",application/json,true,none
test_urp65jmbi5wm_getBusinesses,400,"{""error"": {""code"": ""VALIDATION_ERROR"", ""description"": ""Please specify a location or a latitude and longitude""}}",application/json,true,none
test_uv8mot0hkmye_getBusinesses,200,"{""businesses"": [], ""total"": 0, ""region"": {""center"": {""longitude"": -5.985832214355469, ""latitude"": 37.38897024983557}}}",application/json,true,none
test_vb6auttvuwc9_getBusinesses,400,"{""error"": {""code"": ""VALIDATION_ERROR"", ""description"": ""Please specify a location or a latitude and longitude""}}",application/json,true,none
test_vb6t620uauk1_getBusinesses,400,"{""error"": {""code"": ""VALIDATION_ERROR"", ""description"": ""Please specify a location or a latitude and longitude""}}",application/json,true,none
test_veynaeitmk3d_getBusinesses,400,"{""error"": {""code"": ""VALIDATION_ERROR"", ""description"": ""Please specify a location or a latitude and longitude""}}",application/json,true,none
