testResultId,statusCode,responseBody,outputContentType,passed,failReason
test_1h7opoyssj9rk_getBusinesses,400,"{""error"": {""code"": ""VALIDATION_ERROR"", ""description"": ""Please specify a location or a latitude and longitude""}}",application/json,true,none
test_1h7qyajnoufz6_getBusinesses,400,"{""error"": {""code"": ""VALIDATION_ERROR"", ""description"": ""Please specify a location or a latitude and longitude""}}",application/json,true,none
test_1h7wip3sg125u_getBusinesses,400,"{""error"": {""code"": ""VALIDATION_ERROR"", ""description"": ""Please specify a location or a latitude and longitude""}}",application/json,true,none
test_1hrgfsn7qv23n_getBusinesses,400,"{""error"": {""code"": ""VALIDATION_ERROR"", ""description"": ""Please specify a location or a latitude and longitude""}}",application/json,true,none
test_1hrm0wus2r4fm_getBusinesses,200,"{""businesses"": [{""id"": ""5gKET2UXnkMdbB1SX1UR1Q"", ""alias"": ""southside-station-berkeley"", ""name"": ""Southside Station"", ""image_url"": ""https://s3-media4.fl.yelpcdn.com/bphoto/QBP7NRrqNNjIjBNCT-BiQg/o.jpg"", ""is_closed"": false, ""url"": ""https://zh.yelp.com.hk/biz/southside-station-berkeley?adjust_creative=ULHW7ynqdXE8Z9Fnr4irFw&utm_campaign=yelp_api_v3&utm_medium=api_v3_business_search&utm_source=ULHW7ynqdXE8Z9Fnr4irFw"", ""review_count"": 180, ""categories"": [{""alias"": ""sandwiches"", ""title"": ""\u4e09\u6587\u6cbb""}, {""alias"": ""comfortfood"", ""title"": ""\u6eab\u99a8\u98df\u54c1""}, {""alias"": ""chicken_wings"", ""title"": ""\u96de\u7ffc""}], ""rating"": 5.0, ""coordinates"": {""latitude"": 37.863675, ""longitude"": -122.267658}, ""transactions"": [""delivery"", ""pickup""], ""price"": ""$$"", ""location"": {""address1"": ""2504 Shattuck Ave"", ""address2"": null, ""address3"": """", ""city"": ""\u67cf\u514b\u840a"", ""zip_code"": ""94704"", ""country"": ""US"", ""state"": ""CA"", ""display_address"": [""2504 Shattuck Ave"", ""\u67cf\u514b\u840a, CA 94704"", ""\u7f8e\u570b""]}, ""phone"": ""+15109899835"", ""display_phone"": ""+1 510-989-9835"", ""distance"": 18722.21867457685}, {""id"": ""0jvQ5MYU-1u7xOnVCAPgpQ"", ""alias"": ""sams-food-market-san-bruno"", ""name"": ""Sam's Food Market"", ""image_url"": ""https://s3-media3.fl.yelpcdn.com/bphoto/TmKuyFBC1Px3cfPxQCYZnA/o.jpg"", ""is_closed"": false, ""url"": ""https://zh.yelp.com.hk/biz/sams-food-market-san-bruno?adjust_creative=ULHW7ynqdXE8Z9Fnr4irFw&utm_campaign=yelp_api_v3&utm_medium=api_v3_business_search&utm_source=ULHW7ynqdXE8Z9Fnr4irFw"", ""review_count"": 46, ""categories"": [{""alias"": ""grocery"", ""title"": ""\u8d85\u7d1a\u5e02\u5834""}, {""alias"": ""sandwiches"", ""title"": ""\u4e09\u6587\u6cbb""}], ""rating"": 5.0, ""coordinates"": {""latitude"": 37.6324513, ""longitude"": -122.4115449}, ""transactions"": [], ""price"": ""$"", ""location"": {""address1"": ""899 San Mateo Ave"", ""address2"": """", ""address3"": """", ""city"": ""San Bruno"", ""zip_code"": ""94066"", ""country"": ""US"", ""state"": ""CA"", ""display_address"": [""899 San Mateo Ave"", ""San Bruno, CA 94066"", ""\u7f8e\u570b""]}, ""phone"": ""+16508731470"", ""display_phone"": ""+1 650-873-1470"", ""distance"": 14446.180980366089}, {""id"": ""jbiOlEWZa7Sa_7eheb3q7Q"", ""alias"": ""krumbs-cakes-san-rafael"", ""name"": ""Krumbs Cakes"", ""image_url"": ""https://s3-media2.fl.yelpcdn.com/bphoto/qKMtD3k5ueKe2RxeojMg7g/o.jpg"", ""is_closed"": false, ""url"": ""https://zh.yelp.com.hk/biz/krumbs-cakes-san-rafael?adjust_creative=ULHW7ynqdXE8Z9Fnr4irFw&utm_campaign=yelp_api_v3&utm_medium=api_v3_business_search&utm_source=ULHW7ynqdXE8Z9Fnr4irFw"", ""review_count"": 255, ""categories"": [{""alias"": ""desserts"", ""title"": ""\u751c\u54c1""}, {""alias"": ""bakeries"", ""title"": ""\u9eb5\u5305\u8216""}], ""rating"": 5.0, ""coordinates"": {""latitude"": 37.973594, ""longitude"": -122.535354}, ""transactions"": [""delivery"", ""pickup""], ""price"": ""$$"", ""location"": {""address1"": ""1545 4th St"", ""address2"": """", ""address3"": """", ""city"": ""San Rafael"", ""zip_code"": ""94901"", ""country"": ""US"", ""state"": ""CA"", ""display_address"": [""1545 4th St"", ""San Rafael, CA 94901"", ""\u7f8e\u570b""]}, ""phone"": ""+14153202400"", ""display_phone"": ""+1 415-320-2400"", ""distance"": 25199.180530247046}, {""id"": ""hhBBEtlVB_QsNtCFyceV6A"", ""alias"": ""sweet-tweets-bakeshop-oakland"", ""name"": ""Sweet Tweets Bakeshop"", ""image_url"": ""https://s3-media1.fl.yelpcdn.com/bphoto/4cibKr19_pd2Tvci5hHjbQ/o.jpg"", ""is_closed"": false, ""url"": ""https://zh.yelp.com.hk/biz/sweet-tweets-bakeshop-oakland?adjust_creative=ULHW7ynqdXE8Z9Fnr4irFw&utm_campaign=yelp_api_v3&utm_medium=api_v3_business_search&utm_source=ULHW7ynqdXE8Z9Fnr4irFw"", ""review_count"": 120, ""categories"": [{""alias"": ""desserts"", ""title"": ""\u751c\u54c1""}], ""rating"": 5.0, ""coordinates"": {""latitude"": 37.81239, ""longitude"": -122.25123}, ""transactions"": [], ""price"": ""$$"", ""location"": {""address1"": null, ""address2"": null, ""address3"": """", ""city"": ""\u5967\u514b\u862d (\u52a0\u5229\u798f\u5c3c\u4e9e\u5dde)"", ""zip_code"": ""94610"", ""country"": ""US"", ""state"": ""CA"", ""display_address"": [""\u5967\u514b\u862d (\u52a0\u5229\u798f\u5c3c\u4e9e\u5dde), CA 94610"", ""\u7f8e\u570b""]}, ""phone"": """", ""display_phone"": """", ""distance"": 18132.707431244686}, {""id"": ""Oz7Uch-u5Qf7i5BlriLhTg"", ""alias"": ""caliente-bistro-kitchen-san-francisco"", ""name"": ""Caliente Bistro Kitchen"", ""image_url"": ""https://s3-media2.fl.yelpcdn.com/bphoto/OKKzIK03oli_I1cFYGWQEQ/o.jpg"", ""is_closed"": false, ""url"": ""https://zh.yelp.com.hk/biz/caliente-bistro-kitchen-san-francisco?adjust_creative=ULHW7ynqdXE8Z9Fnr4irFw&utm_campaign=yelp_api_v3&utm_medium=api_v3_business_search&utm_source=ULHW7ynqdXE8Z9Fnr4irFw"", ""review_count"": 161, ""categories"": [{""alias"": ""tacos"", ""title"": ""\u58a8\u897f\u54e5\u593e\u9905""}, {""alias"": ""latin"", ""title"": ""\u62c9\u4e01\u7f8e\u6d32\u83dc""}, {""alias"": ""sandwiches"", ""title"": ""\u4e09\u6587\u6cbb""}], ""rating"": 5.0, ""coordinates"": {""latitude"": 37.78101, ""longitude"": -122.47126}, ""transactions"": [""delivery"", ""pickup""], ""price"": ""$$"", ""location"": {""address1"": ""4828 Geary Blvd"", ""address2"": null, ""address3"": """", ""city"": ""\u820a\u91d1\u5c71"", ""zip_code"": ""94118"", ""country"": ""US"", ""state"": ""CA"", ""display_address"": [""4828 Geary Blvd"", ""\u820a\u91d1\u5c71, CA 94118"", ""\u7f8e\u570b""]}, ""phone"": ""+14153796250"", ""display_phone"": ""+1 415-379-6250"", ""distance"": 3790.3553686710543}, {""id"": ""gVwKmTITJjqh-L193vvI_w"", ""alias"": ""royal-egyptian-cuisine-berkeley"", ""name"": ""Royal Egyptian Cuisine"", ""image_url"": ""https://s3-media2.fl.yelpcdn.com/bphoto/9A_FB6qIjVzs8Varf_3Aag/o.jpg"", ""is_closed"": false, ""url"": ""https://zh.yelp.com.hk/biz/royal-egyptian-cuisine-berkeley?adjust_creative=ULHW7ynqdXE8Z9Fnr4irFw&utm_campaign=yelp_api_v3&utm_medium=api_v3_business_search&utm_source=ULHW7ynqdXE8Z9Fnr4irFw"", ""review_count"": 243, ""categories"": [{""alias"": ""foodtrucks"", ""title"": ""\u5feb\u9910\u8eca""}, {""alias"": ""egyptian"", ""title"": ""\u57c3\u53ca\u83dc""}], ""rating"": 5.0, ""coordinates"": {""latitude"": 37.869056701660156, ""longitude"": -122.27046203613281}, ""transactions"": [""pickup""], ""price"": ""$"", ""location"": {""address1"": """", ""address2"": """", ""address3"": """", ""city"": ""\u67cf\u514b\u840a"", ""zip_code"": ""94607"", ""country"": ""US"", ""state"": ""CA"", ""display_address"": [""\u67cf\u514b\u840a, CA 94607"", ""\u7f8e\u570b""]}, ""phone"": ""+19257520606"", ""display_phone"": ""+1 925-752-0606"", ""distance"": 12717.69179512006}, {""id"": ""uMKJyUss4cesRiqEj3oaQQ"", ""alias"": ""masala-kitchen-san-rafael"", ""name"": ""Masala Kitchen"", ""image_url"": ""https://s3-media2.fl.yelpcdn.com/bphoto/nQcUN8HdllZ9Kb_gXjakBA/o.jpg"", ""is_closed"": false, ""url"": ""https://zh.yelp.com.hk/biz/masala-kitchen-san-rafael?adjust_creative=ULHW7ynqdXE8Z9Fnr4irFw&utm_campaign=yelp_api_v3&utm_medium=api_v3_business_search&utm_source=ULHW7ynqdXE8Z9Fnr4irFw"", ""review_count"": 78, ""categories"": [{""alias"": ""indpak"", ""title"": ""\u5370\u5ea6\u83dc""}, {""alias"": ""himalayan"", ""title"": ""\u559c\u99ac\u62c9\u96c5\u5c71\uff0f\u5c3c\u6cca\u723e""}, {""alias"": ""vegetarian"", ""title"": ""\u7d20\u98df""}], ""rating"": 5.0, ""coordinates"": {""latitude"": 37.969475, ""longitude"": -122.515547}, ""transactions"": [""delivery"", ""pickup""], ""price"": ""$$"", ""location"": {""address1"": ""227 3rd St"", ""address2"": null, ""address3"": """", ""city"": ""San Rafael $$"", ""zip_code"": ""94901"", ""country"": ""US"", ""state"": ""CA"", ""display_address"": [""227 3rd St"", ""San Rafael $$, CA 94901"", ""\u7f8e\u570b""]}, ""phone"": ""+14155263161"", ""display_phone"": ""+1 415-526-3161"", ""distance"": 24209.657150364597}, {""id"": ""EQkFHQALSTJJM_gurKgsYw"", ""alias"": ""yo-yos-cakes-san-pablo"", ""name"": ""Yo Yo's Cakes"", ""image_url"": ""https://s3-media2.fl.yelpcdn.com/bphoto/I-61qTGmnGQpotuxA2g2Yw/o.jpg"", ""is_closed"": false, ""url"": ""https://zh.yelp.com.hk/biz/yo-yos-cakes-san-pablo?adjust_creative=ULHW7ynqdXE8Z9Fnr4irFw&utm_campaign=yelp_api_v3&utm_medium=api_v3_business_search&utm_source=ULHW7ynqdXE8Z9Fnr4irFw"", ""review_count"": 41, ""categories"": [{""alias"": ""bakeries"", ""title"": ""\u9eb5\u5305\u8216""}, {""alias"": ""desserts"", ""title"": ""\u751c\u54c1""}, {""alias"": ""cupcakes"", ""title"": ""\u676f\u5b50\u86cb\u7cd5""}], ""rating"": 5.0, ""coordinates"": {""latitude"": 37.96042, ""longitude"": -122.34382}, ""transactions"": [], ""price"": ""$$"", ""location"": {""address1"": """", ""address2"": """", ""address3"": """", ""city"": ""San Pablo"", ""zip_code"": ""94806"", ""country"": ""US"", ""state"": ""CA"", ""display_address"": [""San Pablo, CA 94806"", ""\u7f8e\u570b""]}, ""phone"": ""+15103252601"", ""display_phone"": ""+1 510-325-2601"", ""distance"": 23758.42196095107}, {""id"": ""UpPHMn0FJjx6h9HWO2N5rg"", ""alias"": ""tiffanys-cake-poppery-san-bruno"", ""name"": ""Tiffany's Cake Poppery"", ""image_url"": ""https://s3-media1.fl.yelpcdn.com/bphoto/DwgPgBwfC2xIUJU2GeYtpw/o.jpg"", ""is_closed"": false, ""url"": ""https://zh.yelp.com.hk/biz/tiffanys-cake-poppery-san-bruno?adjust_creative=ULHW7ynqdXE8Z9Fnr4irFw&utm_campaign=yelp_api_v3&utm_medium=api_v3_business_search&utm_source=ULHW7ynqdXE8Z9Fnr4irFw"", ""review_count"": 45, ""categories"": [{""alias"": ""bakeries"", ""title"": ""\u9eb5\u5305\u8216""}, {""alias"": ""desserts"", ""title"": ""\u751c\u54c1""}], ""rating"": 5.0, ""coordinates"": {""latitude"": 37.62653, ""longitude"": -122.42771}, ""transactions"": [], ""price"": ""$"", ""location"": {""address1"": """", ""address2"": """", ""address3"": """", ""city"": ""San Bruno"", ""zip_code"": ""94066"", ""country"": ""US"", ""state"": ""CA"", ""display_address"": [""San Bruno, CA 94066"", ""\u7f8e\u570b""]}, ""phone"": ""+16502356422"", ""display_phone"": ""+1 650-235-6422"", ""distance"": 15559.552684500082}, {""id"": ""eJUZoIDkegAiddQ_cnM0Dg"", ""alias"": ""new-delhi-indian-cuisine-san-rafael-2"", ""name"": ""New Delhi Indian Cuisine"", ""image_url"": ""https://s3-media4.fl.yelpcdn.com/bphoto/89zHk989j89603jmOJkH9Q/o.jpg"", ""is_closed"": false, ""url"": ""https://zh.yelp.com.hk/biz/new-delhi-indian-cuisine-san-rafael-2?adjust_creative=ULHW7ynqdXE8Z9Fnr4irFw&utm_campaign=yelp_api_v3&utm_medium=api_v3_business_search&utm_source=ULHW7ynqdXE8Z9Fnr4irFw"", ""review_count"": 77, ""categories"": [{""alias"": ""indpak"", ""title"": ""\u5370\u5ea6\u83dc""}, {""alias"": ""seafood"", ""title"": ""\u6d77\u9bae""}, {""alias"": ""wine_bars"", ""title"": ""\u54c1\u9152\u5ba4""}], ""rating"": 5.0, ""coordinates"": {""latitude"": 37.9727, ""longitude"": -122.52288}, ""transactions"": [""delivery"", ""pickup""], ""price"": ""$$"", ""location"": {""address1"": ""704 4th St"", ""address2"": null, ""address3"": """", ""city"": ""San Rafael"", ""zip_code"": ""94901"", ""country"": ""US"", ""state"": ""CA"", ""display_address"": [""704 4th St"", ""San Rafael, CA 94901"", ""\u7f8e\u570b""]}, ""phone"": ""+14152957162"", ""display_phone"": ""+1 415-295-7162"", ""distance"": 24738.928104421884}, {""id"": ""PcQ-jUJPWhld7UjSY9MuEQ"", ""alias"": ""bumblebee-bakeshop-san-francisco-2"", ""name"": ""Bumblebee Bakeshop"", ""image_url"": ""https://s3-media2.fl.yelpcdn.com/bphoto/JtoTQhqPTyi6QuiB8yMRDQ/o.jpg"", ""is_closed"": false, ""url"": ""https://zh.yelp.com.hk/biz/bumblebee-bakeshop-san-francisco-2?adjust_creative=ULHW7ynqdXE8Z9Fnr4irFw&utm_campaign=yelp_api_v3&utm_medium=api_v3_business_search&utm_source=ULHW7ynqdXE8Z9Fnr4irFw"", ""review_count"": 81, ""categories"": [{""alias"": ""cupcakes"", ""title"": ""\u676f\u5b50\u86cb\u7cd5""}, {""alias"": ""customcakes"", ""title"": ""\u7279\u88fd\u86cb\u7cd5""}], ""rating"": 5.0, ""coordinates"": {""latitude"": 37.7858619689941, ""longitude"": -122.437454223633}, ""transactions"": [], ""price"": ""$$"", ""location"": {""address1"": """", ""address2"": """", ""address3"": """", ""city"": ""\u820a\u91d1\u5c71"", ""zip_code"": ""94115"", ""country"": ""US"", ""state"": ""CA"", ""display_address"": [""\u820a\u91d1\u5c71, CA 94115"", ""\u7f8e\u570b""]}, ""phone"": ""+14156803767"", ""display_phone"": ""+1 415-680-3767"", ""distance"": 2990.00507360789}, {""id"": ""CTYe2aZzmRavw0GMV490BQ"", ""alias"": ""telescope-coffee-san-francisco-3"", ""name"": ""Telescope Coffee"", ""image_url"": ""https://s3-media3.fl.yelpcdn.com/bphoto/9C9LtK6mm_U0nqsZpJ1Ugg/o.jpg"", ""is_closed"": false, ""url"": ""https://zh.yelp.com.hk/biz/telescope-coffee-san-francisco-3?adjust_creative=ULHW7ynqdXE8Z9Fnr4irFw&utm_campaign=yelp_api_v3&utm_medium=api_v3_business_search&utm_source=ULHW7ynqdXE8Z9Fnr4irFw"", ""review_count"": 101, ""categories"": [{""alias"": ""bakeries"", ""title"": ""\u9eb5\u5305\u8216""}, {""alias"": ""coffee"", ""title"": ""\u5496\u5561\u6216\u8336""}, {""alias"": ""desserts"", ""title"": ""\u751c\u54c1""}], ""rating"": 5.0, ""coordinates"": {""latitude"": 37.77211, ""longitude"": -122.4091}, ""transactions"": [], ""price"": ""$$"", ""location"": {""address1"": ""451 9th St"", ""address2"": null, ""address3"": """", ""city"": ""\u820a\u91d1\u5c71"", ""zip_code"": ""94103"", ""country"": ""US"", ""state"": ""CA"", ""display_address"": [""451 9th St"", ""\u820a\u91d1\u5c71, CA 94103"", ""\u7f8e\u570b""]}, ""phone"": """", ""display_phone"": """", ""distance"": 2701.763205548907}, {""id"": ""a9NgquuCzte0YT7M9VpLeA"", ""alias"": ""modigliani-cafe-oakland"", ""name"": ""Modigliani Cafe"", ""image_url"": ""https://s3-media3.fl.yelpcdn.com/bphoto/NmLOr6Fhncxa4TfVZ-pNyA/o.jpg"", ""is_closed"": false, ""url"": ""https://zh.yelp.com.hk/biz/modigliani-cafe-oakland?adjust_creative=ULHW7ynqdXE8Z9Fnr4irFw&utm_campaign=yelp_api_v3&utm_medium=api_v3_business_search&utm_source=ULHW7ynqdXE8Z9Fnr4irFw"", ""review_count"": 395, ""categories"": [{""alias"": ""sandwiches"", ""title"": ""\u4e09\u6587\u6cbb""}, {""alias"": ""salad"", ""title"": ""\u6c99\u5f8b""}, {""alias"": ""cafes"", ""title"": ""\u5496\u5561\u5ba4""}], ""rating"": 5.0, ""coordinates"": {""latitude"": 37.8115099, ""longitude"": -122.2476793}, ""transactions"": [""delivery"", ""pickup""], ""price"": ""$$"", ""location"": {""address1"": ""3208-3210 Grand Ave"", ""address2"": """", ""address3"": """", ""city"": ""\u5967\u514b\u862d (\u52a0\u5229\u798f\u5c3c\u4e9e\u5dde)"", ""zip_code"": ""94610"", ""country"": ""US"", ""state"": ""CA"", ""display_address"": [""3208-3210 Grand Ave"", ""\u5967\u514b\u862d (\u52a0\u5229\u798f\u5c3c\u4e9e\u5dde), CA 94610"", ""\u7f8e\u570b""]}, ""phone"": ""+15109861599"", ""display_phone"": ""+1 510-986-1599"", ""distance"": 17526.083040835656}, {""id"": ""5JnRBNZ53e3pgKUNOI5kig"", ""alias"": ""spork-restaurant-san-francisco-3"", ""name"": ""Spork Restaurant"", ""image_url"": ""https://s3-media1.fl.yelpcdn.com/bphoto/LQ89SFDzvT8mkCceSEEJNw/o.jpg"", ""is_closed"": false, ""url"": ""https://zh.yelp.com.hk/biz/spork-restaurant-san-francisco-3?adjust_creative=ULHW7ynqdXE8Z9Fnr4irFw&utm_campaign=yelp_api_v3&utm_medium=api_v3_business_search&utm_source=ULHW7ynqdXE8Z9Fnr4irFw"", ""review_count"": 141, ""categories"": [{""alias"": ""asianfusion"", ""title"": ""\u4e9e\u6d32\u878d\u5408""}, {""alias"": ""breakfast_brunch"", ""title"": ""\u65e9\u9910\u53caBrunch""}, {""alias"": ""tapasmallplates"", ""title"": ""\u897f\u73ed\u7259\u5c0f\u98df""}], ""rating"": 5.0, ""coordinates"": {""latitude"": 37.797677215135884, ""longitude"": -122.4075332}, ""transactions"": [""delivery"", ""restaurant_reservation"", ""pickup""], ""price"": ""$$"", ""location"": {""address1"": ""631 Broadway"", ""address2"": null, ""address3"": """", ""city"": ""\u820a\u91d1\u5c71"", ""zip_code"": ""94133"", ""country"": ""US"", ""state"": ""CA"", ""display_address"": [""631 Broadway"", ""\u820a\u91d1\u5c71, CA 94133"", ""\u7f8e\u570b""]}, ""phone"": ""+14152910879"", ""display_phone"": ""+1 415-291-0879"", ""distance"": 4814.700979264388}, {""id"": ""FpiSXFPaE1fSUZ27P7L1jg"", ""alias"": ""waffles-and-cream-richmond"", ""name"": ""Waffles & Cream"", ""image_url"": ""https://s3-media3.fl.yelpcdn.com/bphoto/wlFg80D5j4qS2i4bcBM9EQ/o.jpg"", ""is_closed"": false, ""url"": ""https://zh.yelp.com.hk/biz/waffles-and-cream-richmond?adjust_creative=ULHW7ynqdXE8Z9Fnr4irFw&utm_campaign=yelp_api_v3&utm_medium=api_v3_business_search&utm_source=ULHW7ynqdXE8Z9Fnr4irFw"", ""review_count"": 20, ""categories"": [{""alias"": ""waffles"", ""title"": ""\u7aa9\u592b""}, {""alias"": ""icecream"", ""title"": ""\u96ea\u7cd5\uff0f\u51b0\u51cd\u4e73\u916a""}], ""rating"": 5.0, ""coordinates"": {""latitude"": 37.94077300457507, ""longitude"": -122.32799601166043}, ""transactions"": [], ""price"": ""$"", ""location"": {""address1"": ""12513 San Pablo Ave"", ""address2"": """", ""address3"": null, ""city"": ""Richmond"", ""zip_code"": ""94805"", ""country"": ""US"", ""state"": ""CA"", ""display_address"": [""12513 San Pablo Ave"", ""Richmond, CA 94805"", ""\u7f8e\u570b""]}, ""phone"": ""+15102304959"", ""display_phone"": ""+1 510-230-4959"", ""distance"": 22151.97937249723}, {""id"": ""RSyNjTiTLbZVgf-euiQJxg"", ""alias"": ""sushi-salon-berkeley"", ""name"": ""Sushi Salon"", ""image_url"": ""https://s3-media1.fl.yelpcdn.com/bphoto/JMN5UBpn0_lbtrULsQTuZQ/o.jpg"", ""is_closed"": false, ""url"": ""https://zh.yelp.com.hk/biz/sushi-salon-berkeley?adjust_creative=ULHW7ynqdXE8Z9Fnr4irFw&utm_campaign=yelp_api_v3&utm_medium=api_v3_business_search&utm_source=ULHW7ynqdXE8Z9Fnr4irFw"", ""review_count"": 8, ""categories"": [{""alias"": ""sushi"", ""title"": ""\u58fd\u53f8\u5e97""}, {""alias"": ""japanese"", ""title"": ""\u65e5\u672c\u83dc""}, {""alias"": ""fooddeliveryservices"", ""title"": ""\u5916\u8ce3\u9001\u905e\u670d\u52d9""}], ""rating"": 5.0, ""coordinates"": {""latitude"": 37.86468, ""longitude"": -122.26684}, ""transactions"": [], ""price"": ""$$$$"", ""location"": {""address1"": ""2451 Shattuck Ave"", ""address2"": """", ""address3"": null, ""city"": ""\u67cf\u514b\u840a"", ""zip_code"": ""94704"", ""country"": ""US"", ""state"": ""CA"", ""display_address"": [""2451 Shattuck Ave"", ""\u67cf\u514b\u840a, CA 94704"", ""\u7f8e\u570b""]}, ""phone"": """", ""display_phone"": """", ""distance"": 18829.564123332304}, {""id"": ""fL330pc90Adjo3G3w5zEDQ"", ""alias"": ""koolah-cafe-san-francisco"", ""name"": ""Koolah Cafe"", ""image_url"": ""https://s3-media3.fl.yelpcdn.com/bphoto/fthMd9QlihUr0THCKyursg/o.jpg"", ""is_closed"": false, ""url"": ""https://zh.yelp.com.hk/biz/koolah-cafe-san-francisco?adjust_creative=ULHW7ynqdXE8Z9Fnr4irFw&utm_campaign=yelp_api_v3&utm_medium=api_v3_business_search&utm_source=ULHW7ynqdXE8Z9Fnr4irFw"", ""review_count"": 12, ""categories"": [{""alias"": ""coffee"", ""title"": ""\u5496\u5561\u6216\u8336""}, {""alias"": ""sandwiches"", ""title"": ""\u4e09\u6587\u6cbb""}, {""alias"": ""cafes"", ""title"": ""\u5496\u5561\u5ba4""}], ""rating"": 5.0, ""coordinates"": {""latitude"": 37.77953048940924, ""longitude"": -122.49344914941616}, ""transactions"": [""delivery"", ""pickup""], ""price"": ""$"", ""location"": {""address1"": ""6909 Geary Blvd"", ""address2"": null, ""address3"": """", ""city"": ""\u820a\u91d1\u5c71"", ""zip_code"": ""94121"", ""country"": ""US"", ""state"": ""CA"", ""display_address"": [""6909 Geary Blvd"", ""\u820a\u91d1\u5c71, CA 94121"", ""\u7f8e\u570b""]}, ""phone"": ""+14153794366"", ""display_phone"": ""+1 415-379-4366"", ""distance"": 5421.693811831236}, {""id"": ""mQVB6LuFMZ3BcMBIY0rbPw"", ""alias"": ""yoconut-dairy-free-san-francisco"", ""name"": ""Yoconut Dairy Free"", ""image_url"": ""https://s3-media3.fl.yelpcdn.com/bphoto/alpm0G3J6_tWbhW6DnZgtg/o.jpg"", ""is_closed"": false, ""url"": ""https://zh.yelp.com.hk/biz/yoconut-dairy-free-san-francisco?adjust_creative=ULHW7ynqdXE8Z9Fnr4irFw&utm_campaign=yelp_api_v3&utm_medium=api_v3_business_search&utm_source=ULHW7ynqdXE8Z9Fnr4irFw"", ""review_count"": 4, ""categories"": [{""alias"": ""icecream"", ""title"": ""\u96ea\u7cd5\uff0f\u51b0\u51cd\u4e73\u916a""}, {""alias"": ""juicebars"", ""title"": ""\u679c\u6c41\u6c99\u51b0\u5e97""}], ""rating"": 5.0, ""coordinates"": {""latitude"": 37.80536, ""longitude"": -122.431903}, ""transactions"": [""delivery""], ""price"": ""$"", ""location"": {""address1"": ""99 Marina Blvd"", ""address2"": """", ""address3"": """", ""city"": ""\u820a\u91d1\u5c71"", ""zip_code"": ""94123"", ""country"": ""US"", ""state"": ""CA"", ""display_address"": [""99 Marina Blvd"", ""\u820a\u91d1\u5c71, CA 94123"", ""\u7f8e\u570b""]}, ""phone"": ""+14155989626"", ""display_phone"": ""+1 415-598-9626"", ""distance"": 4959.891533235759}, {""id"": ""sB8oDXgYE751SCTFN7YURQ"", ""alias"": ""eagle-club-indoor-golf-san-francisco-2"", ""name"": ""Eagle Club Indoor Golf"", ""image_url"": ""https://s3-media2.fl.yelpcdn.com/bphoto/XnZMu30bLM1qhhvsom6c_g/o.jpg"", ""is_closed"": false, ""url"": ""https://zh.yelp.com.hk/biz/eagle-club-indoor-golf-san-francisco-2?adjust_creative=ULHW7ynqdXE8Z9Fnr4irFw&utm_campaign=yelp_api_v3&utm_medium=api_v3_business_search&utm_source=ULHW7ynqdXE8Z9Fnr4irFw"", ""review_count"": 72, ""categories"": [{""alias"": ""golf"", ""title"": ""\u9ad8\u723e\u592b\u7403""}, {""alias"": ""golfequipment"", ""title"": ""\u9ad8\u723e\u592b\u7403\u7528\u54c1""}, {""alias"": ""venues"", ""title"": ""\u6703\u5834\u53ca\u6d3b\u52d5\u7a7a\u9593""}], ""rating"": 5.0, ""coordinates"": {""latitude"": 37.78135, ""longitude"": -122.40228}, ""transactions"": [], ""price"": ""$$"", ""location"": {""address1"": ""840 Folsom St"", ""address2"": """", ""address3"": """", ""city"": ""\u820a\u91d1\u5c71"", ""zip_code"": ""94107"", ""country"": ""US"", ""state"": ""CA"", ""display_address"": [""840 Folsom St"", ""\u820a\u91d1\u5c71, CA 94107"", ""\u7f8e\u570b""]}, ""phone"": ""+14157954145"", ""display_phone"": ""+1 415-795-4145"", ""distance"": 3766.642903373252}, {""id"": ""LqGgt7C-LmkT7XPBHu7Wqw"", ""alias"": ""mmm-butter-san-francisco"", ""name"": ""Mmm, Butter!"", ""image_url"": ""https://s3-media1.fl.yelpcdn.com/bphoto/Dp5qC6k85aJPX9dgTBQ_Bg/o.jpg"", ""is_closed"": false, ""url"": ""https://zh.yelp.com.hk/biz/mmm-butter-san-francisco?adjust_creative=ULHW7ynqdXE8Z9Fnr4irFw&utm_campaign=yelp_api_v3&utm_medium=api_v3_business_search&utm_source=ULHW7ynqdXE8Z9Fnr4irFw"", ""review_count"": 4, ""categories"": [{""alias"": ""foodstands"", ""title"": ""\u5c0f\u98df\u6a94""}, {""alias"": ""gourmet"", ""title"": ""\u7279\u8272\u98df\u54c1""}], ""rating"": 5.0, ""coordinates"": {""latitude"": 37.7497024536133, ""longitude"": -122.415405273438}, ""transactions"": [], ""price"": ""$$"", ""location"": {""address1"": """", ""address2"": """", ""address3"": """", ""city"": ""\u820a\u91d1\u5c71"", ""zip_code"": ""94110"", ""country"": ""US"", ""state"": ""CA"", ""display_address"": [""\u820a\u91d1\u5c71, CA 94110"", ""\u7f8e\u570b""]}, ""phone"": """", ""display_phone"": """", ""distance"": 2095.255154655183}], ""total"": 8400, ""region"": {""center"": {""longitude"": -122.43644714355469, ""latitude"": 37.76089938976322}}}",application/json,true,none
test_1hrrjoabisdpf_getBusinesses,400,"{""error"": {""code"": ""VALIDATION_ERROR"", ""description"": ""Please specify a location or a latitude and longitude""}}",application/json,true,none
test_1hvb052jnfqk1_getBusinesses,400,"{""error"": {""code"": ""LOCATION_NOT_FOUND"", ""description"": ""Could not execute search, try specifying a more exact location.""}}",application/json,true,none
test_1iaxlzf4x0a45_getBusinesses,400,"{""error"": {""code"": ""VALIDATION_ERROR"", ""description"": ""Please specify a location or a latitude and longitude""}}",application/json,true,none
test_1ib0gk7eix8hg_getBusinesses,200,"{""businesses"": [], ""total"": 0, ""region"": {""center"": {""longitude"": -81.57919, ""latitude"": 46.032322}}}",application/json,true,none
test_1ibbj72j60sab_getBusinesses,400,"{""error"": {""code"": ""LOCATION_NOT_FOUND"", ""description"": ""Could not execute search, try specifying a more exact location.""}}",application/json,true,none
test_1ibe9hgy72qsz_getBusinesses,400,"{""error"": {""code"": ""VALIDATION_ERROR"", ""description"": ""Please specify a location or a latitude and longitude""}}",application/json,true,none
test_1if12otzyrrjn_getBusinesses,200,"{""businesses"": [], ""total"": 0, ""region"": {""center"": {""longitude"": -83.40928, ""latitude"": 46.840763}}}",application/json,true,none
test_1iv3sh7th8svl_getBusinesses,200,"{""businesses"": [], ""total"": 0, ""region"": {""center"": {""longitude"": -5.985832214355469, ""latitude"": 37.38897024983557}}}",application/json,true,none
test_1iyey047jhlpy_getBusinesses,200,"{""businesses"": [], ""total"": 0, ""region"": {""center"": {""longitude"": -82.79953, ""latitude"": 38.62263}}}",application/json,true,none
test_1iyf0qbxtar75_getBusinesses,400,"{""error"": {""code"": ""VALIDATION_ERROR"", ""description"": ""Please specify a location or a latitude and longitude""}}",application/json,true,none
test_1je9uup3xkbw7_getBusinesses,200,"{""businesses"": [], ""total"": 0, ""region"": {""center"": {""longitude"": -106.44927978515625, ""latitude"": 31.653215982221013}}}",application/json,true,none
test_1jew25c6i9wz5_getBusinesses,400,"{""error"": {""code"": ""VALIDATION_ERROR"", ""description"": ""Please specify a location or a latitude and longitude""}}",application/json,true,none
test_1jew2jh8fjos5_getBusinesses,200,"{""businesses"": [], ""total"": 0, ""region"": {""center"": {""longitude"": -87.324234, ""latitude"": 46.48479}}}",application/json,true,none
test_1jyag63mx5eeq_getBusinesses,200,"{""businesses"": [], ""total"": 0, ""region"": {""center"": {""longitude"": -111.23605, ""latitude"": 36.741573}}}",application/json,true,none
test_1k1uiwnq6ty5u_getBusinesses,400,"{""error"": {""code"": ""VALIDATION_ERROR"", ""description"": ""Please specify a location or a latitude and longitude""}}",application/json,true,none
test_1k1wpmzzjcu2c_getBusinesses,200,"{""businesses"": [], ""total"": 2, ""region"": {""center"": {""longitude"": -86.42035, ""latitude"": 37.633224}}}",application/json,true,none
test_qe3v96mtim2f_getBusinesses,400,"{""error"": {""code"": ""VALIDATION_ERROR"", ""description"": ""Please specify a location or a latitude and longitude""}}",application/json,true,none
test_qhiahnd7yszc_getBusinesses,200,"{""businesses"": [], ""total"": 0, ""region"": {""center"": {""longitude"": 144.96734619140625, ""latitude"": -37.81787593178502}}}",application/json,true,none
test_qxr3b4b923w0_getBusinesses,400,"{""error"": {""code"": ""VALIDATION_ERROR"", ""description"": ""Please specify a location or a latitude and longitude""}}",application/json,true,none
test_qxtcrpxqnb5l_getBusinesses,200,"{""businesses"": [], ""total"": 0, ""region"": {""center"": {""longitude"": -116.69833, ""latitude"": 44.78289}}}",application/json,true,none
test_r1cus6vzp8ag_getBusinesses,200,"{""businesses"": [], ""total"": 0, ""region"": {""center"": {""longitude"": -106.44927978515625, ""latitude"": 31.653215982221013}}}",application/json,true,none
test_r1cus8usmjoy_getBusinesses,200,"{""businesses"": [{""id"": ""lXUdagAGNfWKFz7lteyPPA"", ""alias"": ""gametyrant-north-salt-lake"", ""name"": ""GameTyrant"", ""image_url"": ""https://s3-media3.fl.yelpcdn.com/bphoto/ilKj8dM5rRGUfUSGvvevyw/o.jpg"", ""is_closed"": false, ""url"": ""https://en.yelp.my/biz/gametyrant-north-salt-lake?adjust_creative=ULHW7ynqdXE8Z9Fnr4irFw&utm_campaign=yelp_api_v3&utm_medium=api_v3_business_search&utm_source=ULHW7ynqdXE8Z9Fnr4irFw"", ""review_count"": 5, ""categories"": [{""alias"": ""videogamestores"", ""title"": ""Video Game Stores""}, {""alias"": ""lancenters"", ""title"": ""LAN Centers""}, {""alias"": ""venues"", ""title"": ""Venues & Event Spaces""}], ""rating"": 5.0, ""coordinates"": {""latitude"": 40.8535394, ""longitude"": -111.9105259}, ""transactions"": [], ""price"": ""$"", ""location"": {""address1"": ""650 N Main St"", ""address2"": """", ""address3"": """", ""city"": ""North Salt Lake"", ""zip_code"": ""84054"", ""country"": ""US"", ""state"": ""UT"", ""display_address"": [""650 N Main St"", ""North Salt Lake, UT 84054"", ""United States""]}, ""phone"": ""+13852583487"", ""display_phone"": ""+1 385-258-3487"", ""distance"": 35921.71307463569}], ""total"": 1, ""region"": {""center"": {""longitude"": -112.179474, ""latitude"": 41.10481}}}",application/json,true,none
test_rhuhbghb54qf_getBusinesses,200,"{""businesses"": [], ""total"": 0, ""region"": {""center"": {""longitude"": -118.846535, ""latitude"": 35.958332}}}",application/json,true,none
test_s0v0un9w0rw5_getBusinesses,200,"{""businesses"": [], ""total"": 0, ""region"": {""center"": {""longitude"": 2.3421478271484375, ""latitude"": 48.86195860677958}}}",application/json,true,none
test_s100ugza5lx5_getBusinesses,400,"{""error"": {""code"": ""LOCATION_NOT_FOUND"", ""description"": ""Could not execute search, try specifying a more exact location.""}}",application/json,true,none
test_s13c3kfax084_getBusinesses,200,"{""businesses"": [], ""total"": 0, ""region"": {""center"": {""longitude"": -113.68864, ""latitude"": 35.882507}}}",application/json,true,none
test_s15josstkbp1_getBusinesses,400,"{""error"": {""code"": ""OPEN_AT_AND_NOW_PROVIDED"", ""description"": ""You must specify either open_at or open_now, not both.""}}",application/json,true,none
test_s1bo9ye8i14g_getBusinesses,200,"{""businesses"": [{""id"": ""Uw-6buo3kAPJt5FZGuxHtg"", ""alias"": ""\u9ad8\u7530\u99ac\u5834\u7b2c\u4e8c\u5150\u7ae5\u9928-\u65b0\u5bbf\u533a"", ""name"": ""\u9ad8\u7530\u99ac\u5834\u7b2c\u4e8c\u5150\u7ae5\u9928"", ""image_url"": ""https://s3-media3.fl.yelpcdn.com/bphoto/mXpo76wqtquNcwjOXVxu3g/o.jpg"", ""is_closed"": false, ""url"": ""https://www.yelp.com/biz/%E9%AB%98%E7%94%B0%E9%A6%AC%E5%A0%B4%E7%AC%AC%E4%BA%8C%E5%85%90%E7%AB%A5%E9%A4%A8-%E6%96%B0%E5%AE%BF%E5%8C%BA?adjust_creative=ULHW7ynqdXE8Z9Fnr4irFw&utm_campaign=yelp_api_v3&utm_medium=api_v3_business_search&utm_source=ULHW7ynqdXE8Z9Fnr4irFw"", ""review_count"": 1, ""categories"": [{""alias"": ""kids_activities"", ""title"": ""Kids Activities""}, {""alias"": ""publicservicesgovt"", ""title"": ""Public Services & Government""}], ""rating"": 4.0, ""coordinates"": {""latitude"": 35.710995263323, ""longitude"": 139.709235145086}, ""transactions"": [], ""location"": {""address1"": ""\u9ad8\u7530\u99ac\u58341\u4e01\u76ee4-17"", ""address2"": null, ""address3"": null, ""city"": ""Shinjuku"", ""zip_code"": ""169-0075"", ""country"": ""JP"", ""state"": ""13"", ""display_address"": [""\u9ad8\u7530\u99ac\u58341\u4e01\u76ee4-17"", ""Shinjuku, \u6771\u4eac\u90fd \u3012169-0075"", ""Japan""]}, ""phone"": ""+81332005038"", ""display_phone"": ""+81 3-3200-5038"", ""distance"": 5938.762034393636}, {""id"": ""HE8pXH0xuTaD5joqtKsLtw"", ""alias"": ""\u81e8\u5ddd\u307f\u3093\u306a\u306e\u56f3\u66f8\u9928-\u6e0b\u8c37\u533a-2"", ""name"": ""Rinsen Minnano Toshokan"", ""image_url"": ""https://s3-media1.fl.yelpcdn.com/bphoto/IoSzvdYRfUz1zhvv6r28wA/o.jpg"", ""is_closed"": false, ""url"": ""https://www.yelp.com/biz/%E8%87%A8%E5%B7%9D%E3%81%BF%E3%82%93%E3%81%AA%E3%81%AE%E5%9B%B3%E6%9B%B8%E9%A4%A8-%E6%B8%8B%E8%B0%B7%E5%8C%BA-2?adjust_creative=ULHW7ynqdXE8Z9Fnr4irFw&utm_campaign=yelp_api_v3&utm_medium=api_v3_business_search&utm_source=ULHW7ynqdXE8Z9Fnr4irFw"", ""review_count"": 1, ""categories"": [{""alias"": ""libraries"", ""title"": ""Libraries""}], ""rating"": 4.0, ""coordinates"": {""latitude"": 35.649466, ""longitude"": 139.716195}, ""transactions"": [], ""location"": {""address1"": ""\u5e83\u5c3e1-9-17"", ""address2"": """", ""address3"": """", ""city"": ""Shibuya"", ""zip_code"": ""150-0012"", ""country"": ""JP"", ""state"": ""13"", ""display_address"": [""\u5e83\u5c3e1-9-17"", ""Shibuya, \u6771\u4eac\u90fd \u3012150-0012"", ""Japan""]}, ""phone"": ""+81357939500"", ""display_phone"": ""+81 3-5793-9500"", ""distance"": 6035.920227134345}, {""id"": ""1iBayzW_8hW42uf3RWOR4Q"", ""alias"": ""\u4e94\u53cd\u7530\u56f3\u66f8\u9928-\u54c1\u5ddd\u533a"", ""name"": ""\u4e94\u53cd\u7530\u56f3\u66f8\u9928"", ""image_url"": ""https://s3-media2.fl.yelpcdn.com/bphoto/uuIQmfciosRrLIp_Y0USEA/o.jpg"", ""is_closed"": false, ""url"": ""https://www.yelp.com/biz/%E4%BA%94%E5%8F%8D%E7%94%B0%E5%9B%B3%E6%9B%B8%E9%A4%A8-%E5%93%81%E5%B7%9D%E5%8C%BA?adjust_creative=ULHW7ynqdXE8Z9Fnr4irFw&utm_campaign=yelp_api_v3&utm_medium=api_v3_business_search&utm_source=ULHW7ynqdXE8Z9Fnr4irFw"", ""review_count"": 2, ""categories"": [{""alias"": ""publicservicesgovt"", ""title"": ""Public Services & Government""}], ""rating"": 4.5, ""coordinates"": {""latitude"": 35.6225051305261, ""longitude"": 139.716606138481}, ""transactions"": [], ""location"": {""address1"": ""\u897f\u4e94\u53cd\u75306\u4e01\u76ee5-1"", ""address2"": null, ""address3"": null, ""city"": ""Shinagawa"", ""zip_code"": ""141-0031"", ""country"": ""JP"", ""state"": ""13"", ""display_address"": [""\u897f\u4e94\u53cd\u75306\u4e01\u76ee5-1"", ""Shinagawa, \u6771\u4eac\u90fd \u3012141-0031"", ""Japan""]}, ""phone"": ""+81334922131"", ""display_phone"": ""+81 3-3492-2131"", ""distance"": 8293.826174033638}, {""id"": ""otrfLViZXczfEjC5hv_HRg"", ""alias"": ""\u660e\u65e5\u306e\u795e\u8a71-\u6e0b\u8c37\u533a-2"", ""name"": ""Asunoshinwa "", ""image_url"": ""https://s3-media4.fl.yelpcdn.com/bphoto/TExyMMVPaI7-dwYSNqc_Hg/o.jpg"", ""is_closed"": false, ""url"": ""https://www.yelp.com/biz/%E6%98%8E%E6%97%A5%E3%81%AE%E7%A5%9E%E8%A9%B1-%E6%B8%8B%E8%B0%B7%E5%8C%BA-2?adjust_creative=ULHW7ynqdXE8Z9Fnr4irFw&utm_campaign=yelp_api_v3&utm_medium=api_v3_business_search&utm_source=ULHW7ynqdXE8Z9Fnr4irFw"", ""review_count"": 3, ""categories"": [{""alias"": ""publicart"", ""title"": ""Public Art""}], ""rating"": 5.0, ""coordinates"": {""latitude"": 35.6593968, ""longitude"": 139.6964402}, ""transactions"": [], ""location"": {""address1"": ""\u9053\u7384\u57421-12-1"", ""address2"": ""\u6e0b\u8c37\u30de\u30fc\u30af\u30b7\u30c6\u30a3 2F"", ""address3"": """", ""city"": ""Shibuya"", ""zip_code"": ""150-0043"", ""country"": ""JP"", ""state"": ""13"", ""display_address"": [""\u9053\u7384\u57421-12-1"", ""\u6e0b\u8c37\u30de\u30fc\u30af\u30b7\u30c6\u30a3 2F"", ""Shibuya, \u6771\u4eac\u90fd \u3012150-0043"", ""Japan""]}, ""phone"": ""+81337806503"", ""display_phone"": ""+81 3-3780-6503"", ""distance"": 6955.878242070069}, {""id"": ""OkmT2HepOPy0MAZXIAElqQ"", ""alias"": ""\u5b9f\u7269\u5927\u30e6\u30cb\u30b3\u30fc\u30f3\u30ac\u30f3\u30c0\u30e0\u7acb\u50cf-\u6c5f\u6771\u533a"", ""name"": ""THE LIFE-SIZED UNICORN GUNDAM STATUE"", ""image_url"": ""https://s3-media4.fl.yelpcdn.com/bphoto/8ctFqe6SrMR6wx21wV3zeg/o.jpg"", ""is_closed"": false, ""url"": ""https://www.yelp.com/biz/%E5%AE%9F%E7%89%A9%E5%A4%A7%E3%83%A6%E3%83%8B%E3%82%B3%E3%83%BC%E3%83%B3%E3%82%AC%E3%83%B3%E3%83%80%E3%83%A0%E7%AB%8B%E5%83%8F-%E6%B1%9F%E6%9D%B1%E5%8C%BA?adjust_creative=ULHW7ynqdXE8Z9Fnr4irFw&utm_campaign=yelp_api_v3&utm_medium=api_v3_business_search&utm_source=ULHW7ynqdXE8Z9Fnr4irFw"", ""review_count"": 7, ""categories"": [{""alias"": ""publicart"", ""title"": ""Public Art""}], ""rating"": 4.5, ""coordinates"": {""latitude"": 35.6244542871795, ""longitude"": 139.77549483671}, ""transactions"": [], ""location"": {""address1"": ""\u9752\u6d771-1-10"", ""address2"": ""\u30c0\u30a4\u30d0\u30fc\u30b7\u30c6\u30a3\u6771\u4eac\u30d7\u30e9\u30b6"", ""address3"": null, ""city"": ""Koto"", ""zip_code"": ""135-0064"", ""country"": ""JP"", ""state"": ""13"", ""display_address"": [""\u9752\u6d771-1-10"", ""\u30c0\u30a4\u30d0\u30fc\u30b7\u30c6\u30a3\u6771\u4eac\u30d7\u30e9\u30b6"", ""Koto, \u6771\u4eac\u90fd \u3012135-0064"", ""Japan""]}, ""phone"": """", ""display_phone"": """", ""distance"": 6780.446565064836}, {""id"": ""g8PUW4MCEO380qCLs_RvmA"", ""alias"": ""\u30b5\u30f3\u30b7\u30e3\u30a4\u30f3\u30b7\u30c6\u30a3\u30d7\u30ea\u30f3\u30b9\u30db\u30c6\u30eb-\u8c4a\u5cf6\u533a"", ""name"": ""Sunshine City Prince Hotel"", ""image_url"": ""https://s3-media3.fl.yelpcdn.com/bphoto/tHRrCMcmoKw47SN_KUJShA/o.jpg"", ""is_closed"": false, ""url"": ""https://www.yelp.com/biz/%E3%82%B5%E3%83%B3%E3%82%B7%E3%83%A3%E3%82%A4%E3%83%B3%E3%82%B7%E3%83%86%E3%82%A3%E3%83%97%E3%83%AA%E3%83%B3%E3%82%B9%E3%83%9B%E3%83%86%E3%83%AB-%E8%B1%8A%E5%B3%B6%E5%8C%BA?adjust_creative=ULHW7ynqdXE8Z9Fnr4irFw&utm_campaign=yelp_api_v3&utm_medium=api_v3_business_search&utm_source=ULHW7ynqdXE8Z9Fnr4irFw"", ""review_count"": 20, ""categories"": [{""alias"": ""hotels"", ""title"": ""Hotels""}], ""rating"": 3.5, ""coordinates"": {""latitude"": 35.729465, ""longitude"": 139.719488}, ""transactions"": [], ""price"": ""\uffe5\uffe5"", ""location"": {""address1"": ""\u6771\u6c60\u888b3-1-5"", ""address2"": """", ""address3"": null, ""city"": ""Toshima"", ""zip_code"": ""170-0013"", ""country"": ""JP"", ""state"": ""13"", ""display_address"": [""\u6771\u6c60\u888b3-1-5"", ""Toshima, \u6771\u4eac\u90fd \u3012170-0013"", ""Japan""]}, ""phone"": ""+81339881111"", ""display_phone"": ""+81 3-3988-1111"", ""distance"": 6526.839350930066}, {""id"": ""qIM-Gwat1v2_kn85HNN6Zg"", ""alias"": ""\u6d45\u8349\u795e\u793e-\u53f0\u6771\u533a"", ""name"": ""Asakusa Shrine"", ""image_url"": ""https://s3-media1.fl.yelpcdn.com/bphoto/Uvg4FYmX8RGMvygtE0Zofg/o.jpg"", ""is_closed"": false, ""url"": ""https://www.yelp.com/biz/%E6%B5%85%E8%8D%89%E7%A5%9E%E7%A4%BE-%E5%8F%B0%E6%9D%B1%E5%8C%BA?adjust_creative=ULHW7ynqdXE8Z9Fnr4irFw&utm_campaign=yelp_api_v3&utm_medium=api_v3_business_search&utm_source=ULHW7ynqdXE8Z9Fnr4irFw"", ""review_count"": 42, ""categories"": [{""alias"": ""shrines"", ""title"": ""Shrines""}], ""rating"": 4.5, ""coordinates"": {""latitude"": 35.715083, ""longitude"": 139.797455}, ""transactions"": [], ""location"": {""address1"": ""\u6d45\u83492-3-1"", ""address2"": null, ""address3"": null, ""city"": ""Tait\u014d"", ""zip_code"": ""111-0032"", ""country"": ""JP"", ""state"": ""13"", ""display_address"": [""\u6d45\u83492-3-1"", ""Tait\u014d, \u6771\u4eac\u90fd \u3012111-0032"", ""Japan""]}, ""phone"": ""+81338441575"", ""display_phone"": ""+81 3-3844-1575"", ""distance"": 4347.068493144171}, {""id"": ""rgA4jfETQ66y2yA08tlOPw"", ""alias"": ""\u52dd\u6d77\u821f\u9285\u50cf-\u58a8\u7530\u533a"", ""name"": ""Katsukaish\u016b D\u014dz\u014d"", ""image_url"": ""https://s3-media2.fl.yelpcdn.com/bphoto/ZuaR829G1kqzbVMP3-M7HQ/o.jpg"", ""is_closed"": false, ""url"": ""https://www.yelp.com/biz/%E5%8B%9D%E6%B5%B7%E8%88%9F%E9%8A%85%E5%83%8F-%E5%A2%A8%E7%94%B0%E5%8C%BA?adjust_creative=ULHW7ynqdXE8Z9Fnr4irFw&utm_campaign=yelp_api_v3&utm_medium=api_v3_business_search&utm_source=ULHW7ynqdXE8Z9Fnr4irFw"", ""review_count"": 1, ""categories"": [{""alias"": ""landmarks"", ""title"": ""Landmarks & Historical Buildings""}], ""rating"": 3.0, ""coordinates"": {""latitude"": 35.710631, ""longitude"": 139.801047}, ""transactions"": [], ""location"": {""address1"": ""\u543e\u59bb\u6a4b1-23-20"", ""address2"": ""\u58a8\u7530\u533a\u5f79\u6240\u524d\u3046\u308b\u304a\u3044\u5e83\u5834"", ""address3"": null, ""city"": ""Sumida"", ""zip_code"": ""130-0001"", ""country"": ""JP"", ""state"": ""13"", ""display_address"": [""\u543e\u59bb\u6a4b1-23-20"", ""\u58a8\u7530\u533a\u5f79\u6240\u524d\u3046\u308b\u304a\u3044\u5e83\u5834"", ""Sumida, \u6771\u4eac\u90fd \u3012130-0001"", ""Japan""]}, ""phone"": ""+81356086951"", ""display_phone"": ""+81 3-5608-6951"", ""distance"": 4211.789695165028}, {""id"": ""SMcMREqJViNhB40oLzeoAQ"", ""alias"": ""\u30e9\u30aa\u30b9\u5927\u4f7f\u9928-\u6e2f\u533a"", ""name"": ""\u30e9\u30aa\u30b9\u5927\u4f7f\u9928"", ""image_url"": ""https://s3-media4.fl.yelpcdn.com/bphoto/0TiRh2flN5mkNqw5ain1Ng/o.jpg"", ""is_closed"": false, ""url"": ""https://www.yelp.com/biz/%E3%83%A9%E3%82%AA%E3%82%B9%E5%A4%A7%E4%BD%BF%E9%A4%A8-%E6%B8%AF%E5%8C%BA?adjust_creative=ULHW7ynqdXE8Z9Fnr4irFw&utm_campaign=yelp_api_v3&utm_medium=api_v3_business_search&utm_source=ULHW7ynqdXE8Z9Fnr4irFw"", ""review_count"": 1, ""categories"": [{""alias"": ""publicservicesgovt"", ""title"": ""Public Services & Government""}], ""rating"": 3.0, ""coordinates"": {""latitude"": 35.6581663987628, ""longitude"": 139.726878000649}, ""transactions"": [], ""location"": {""address1"": ""\u897f\u9ebb\u5e033\u4e01\u76ee3-21"", ""address2"": null, ""address3"": null, ""city"": ""Minato"", ""zip_code"": ""106-0031"", ""country"": ""JP"", ""state"": ""13"", ""display_address"": [""\u897f\u9ebb\u5e033\u4e01\u76ee3-21"", ""Minato, \u6771\u4eac\u90fd \u3012106-0031"", ""Japan""]}, ""phone"": ""+81354112291"", ""display_phone"": ""+81 3-5411-2291"", ""distance"": 4673.941569404888}, {""id"": ""lAudyHcJNtICkqnGGaAO1g"", ""alias"": ""\u6771\u4eac\u90fd\u751f\u6d3b\u6587\u5316\u5c40\u90fd\u6c11\u751f\u6d3b\u90e8\u65c5\u5238\u8ab2-\u65b0\u5bbf\u533a"", ""name"": ""Tokyo-to seikatsu bunka-kyoku tomin seikatsu-bu ryoken-ka"", ""image_url"": ""https://s3-media3.fl.yelpcdn.com/bphoto/5dHSfLu5RkQFYYPc78-SOQ/o.jpg"", ""is_closed"": false, ""url"": ""https://www.yelp.com/biz/%E6%9D%B1%E4%BA%AC%E9%83%BD%E7%94%9F%E6%B4%BB%E6%96%87%E5%8C%96%E5%B1%80%E9%83%BD%E6%B0%91%E7%94%9F%E6%B4%BB%E9%83%A8%E6%97%85%E5%88%B8%E8%AA%B2-%E6%96%B0%E5%AE%BF%E5%8C%BA?adjust_creative=ULHW7ynqdXE8Z9Fnr4irFw&utm_campaign=yelp_api_v3&utm_medium=api_v3_business_search&utm_source=ULHW7ynqdXE8Z9Fnr4irFw"", ""review_count"": 1, ""categories"": [{""alias"": ""publicservicesgovt"", ""title"": ""Public Services & Government""}], ""rating"": 4.0, ""coordinates"": {""latitude"": 35.6891864109228, ""longitude"": 139.691646960256}, ""transactions"": [], ""location"": {""address1"": ""\u897f\u65b0\u5bbf2\u4e01\u76ee8-1"", ""address2"": ""\u90fd\u5e81\u90fd\u6c11\u5e83\u5834\u5730\u4e0b1\u968e"", ""address3"": null, ""city"": ""Shinjuku"", ""zip_code"": ""160-0023"", ""country"": ""JP"", ""state"": ""13"", ""display_address"": [""\u897f\u65b0\u5bbf2\u4e01\u76ee8-1"", ""\u90fd\u5e81\u90fd\u6c11\u5e83\u5834\u5730\u4e0b1\u968e"", ""Shinjuku, \u6771\u4eac\u90fd \u3012160-0023"", ""Japan""]}, ""phone"": ""+81359080400"", ""display_phone"": ""+81 3-5908-0400"", ""distance"": 6793.603432035614}, {""id"": ""etwDSVFL9NlECZ5e5y75PA"", ""alias"": ""\u6c60\u888b\u6771\u53e3\u516c\u5171\u5730\u4e0b\u99d0\u8eca\u5834-\u8c4a\u5cf6\u533a-3"", ""name"": ""Ikebukuro Higashiguchi Public Underground Parking"", ""image_url"": ""https://s3-media2.fl.yelpcdn.com/bphoto/q5rDUXhU52aTv2wtTO_row/o.jpg"", ""is_closed"": false, ""url"": ""https://www.yelp.com/biz/%E6%B1%A0%E8%A2%8B%E6%9D%B1%E5%8F%A3%E5%85%AC%E5%85%B1%E5%9C%B0%E4%B8%8B%E9%A7%90%E8%BB%8A%E5%A0%B4-%E8%B1%8A%E5%B3%B6%E5%8C%BA-3?adjust_creative=ULHW7ynqdXE8Z9Fnr4irFw&utm_campaign=yelp_api_v3&utm_medium=api_v3_business_search&utm_source=ULHW7ynqdXE8Z9Fnr4irFw"", ""review_count"": 1, ""categories"": [{""alias"": ""parking"", ""title"": ""Parking""}], ""rating"": 5.0, ""coordinates"": {""latitude"": 35.730584, ""longitude"": 139.712866}, ""transactions"": [], ""location"": {""address1"": ""\u5357\u6c60\u888b1-29-1"", ""address2"": """", ""address3"": null, ""city"": ""Toshima"", ""zip_code"": ""114-0003"", ""country"": ""JP"", ""state"": ""13"", ""display_address"": [""\u5357\u6c60\u888b1-29-1"", ""Toshima, \u6771\u4eac\u90fd \u3012114-0003"", ""Japan""]}, ""phone"": ""+81339822111"", ""display_phone"": ""+81 3-3982-2111"", ""distance"": 7021.337881913451}, {""id"": ""ek1rSi-5lGKCpmhIJgLiOg"", ""alias"": ""foot-town-\u6e2f\u533a"", ""name"": ""Foot Town"", ""image_url"": ""https://s3-media1.fl.yelpcdn.com/bphoto/JrTp4gzXjXK6l_ueP1YUeA/o.jpg"", ""is_closed"": false, ""url"": ""https://www.yelp.com/biz/foot-town-%E6%B8%AF%E5%8C%BA?adjust_creative=ULHW7ynqdXE8Z9Fnr4irFw&utm_campaign=yelp_api_v3&utm_medium=api_v3_business_search&utm_source=ULHW7ynqdXE8Z9Fnr4irFw"", ""review_count"": 1, ""categories"": [{""alias"": ""shoppingcenters"", ""title"": ""Shopping Centers""}], ""rating"": 4.0, ""coordinates"": {""latitude"": 35.6587039, ""longitude"": 139.7454081}, ""transactions"": [], ""location"": {""address1"": ""\u829d\u516c\u57124-2-8"", ""address2"": """", ""address3"": """", ""city"": ""Minato"", ""zip_code"": """", ""country"": ""JP"", ""state"": ""13"", ""display_address"": [""\u829d\u516c\u57124-2-8"", ""Minato, \u6771\u4eac\u90fd"", ""Japan""]}, ""phone"": ""+81334335111"", ""display_phone"": ""+81 3-3433-5111"", ""distance"": 3500.5716257944778}, {""id"": ""z3YIgI1RVdqL5dALK4E9Pg"", ""alias"": ""\u76ee\u9ed2\u533a\u5f79\u6240\u4fdd\u5065\u798f\u7949\u30b5\u30fc\u30d3\u30b9\u4e8b\u52d9\u6240\u5357\u90e8-\u76ee\u9ed2\u533a"", ""name"": ""\u76ee\u9ed2\u533a\u5f79\u6240\u4fdd\u5065\u798f\u7949\u30b5\u30fc\u30d3\u30b9\u4e8b\u52d9\u6240\u5357\u90e8"", ""image_url"": """", ""is_closed"": false, ""url"": ""https://www.yelp.com/biz/%E7%9B%AE%E9%BB%92%E5%8C%BA%E5%BD%B9%E6%89%80%E4%BF%9D%E5%81%A5%E7%A6%8F%E7%A5%89%E3%82%B5%E3%83%BC%E3%83%93%E3%82%B9%E4%BA%8B%E5%8B%99%E6%89%80%E5%8D%97%E9%83%A8-%E7%9B%AE%E9%BB%92%E5%8C%BA?adjust_creative=ULHW7ynqdXE8Z9Fnr4irFw&utm_campaign=yelp_api_v3&utm_medium=api_v3_business_search&utm_source=ULHW7ynqdXE8Z9Fnr4irFw"", ""review_count"": 1, ""categories"": [{""alias"": ""publicservicesgovt"", ""title"": ""Public Services & Government""}], ""rating"": 5.0, ""coordinates"": {""latitude"": 35.6193950645824, ""longitude"": 139.690727623167}, ""transactions"": [], ""location"": {""address1"": ""\u7891\u6587\u8c371\u4e01\u76ee18-2"", ""address2"": null, ""address3"": null, ""city"": ""Meguro"", ""zip_code"": ""152-0003"", ""country"": ""JP"", ""state"": ""13"", ""display_address"": [""\u7891\u6587\u8c371\u4e01\u76ee18-2"", ""Meguro, \u6771\u4eac\u90fd \u3012152-0003"", ""Japan""]}, ""phone"": ""+81337192081"", ""display_phone"": ""+81 3-3719-2081"", ""distance"": 10017.273328402205}, {""id"": ""99EndH6Vd5ta-oQ1z58n2w"", ""alias"": ""\u68ee\u7f8e\u8853\u9928-\u6e2f\u533a-3"", ""name"": ""MORI ART MUSEUM"", ""image_url"": ""https://s3-media3.fl.yelpcdn.com/bphoto/WcVeIX8rZuPk0kl23m09ng/o.jpg"", ""is_closed"": false, ""url"": ""https://www.yelp.com/biz/%E6%A3%AE%E7%BE%8E%E8%A1%93%E9%A4%A8-%E6%B8%AF%E5%8C%BA-3?adjust_creative=ULHW7ynqdXE8Z9Fnr4irFw&utm_campaign=yelp_api_v3&utm_medium=api_v3_business_search&utm_source=ULHW7ynqdXE8Z9Fnr4irFw"", ""review_count"": 45, ""categories"": [{""alias"": ""artmuseums"", ""title"": ""Art Museums""}], ""rating"": 4.5, ""coordinates"": {""latitude"": 35.6603116, ""longitude"": 139.7290063}, ""transactions"": [], ""location"": {""address1"": ""\u516d\u672c\u67286-10-1"", ""address2"": ""\u516d\u672c\u6728\u30d2\u30eb\u30ba \u68ee\u30bf\u30ef\u30fc52-53F"", ""address3"": null, ""city"": ""Minato"", ""zip_code"": ""106-6153"", ""country"": ""JP"", ""state"": ""13"", ""display_address"": [""\u516d\u672c\u67286-10-1"", ""\u516d\u672c\u6728\u30d2\u30eb\u30ba \u68ee\u30bf\u30ef\u30fc52-53F"", ""Minato, \u6771\u4eac\u90fd \u3012106-6153"", ""Japan""]}, ""phone"": ""+81357778600"", ""display_phone"": ""+81 3-5777-8600"", ""distance"": 4374.049168159464}, {""id"": ""GhFTBCptZq0NyiFQ2fiNbg"", ""alias"": ""\u9b3c\u5e73\u60c5\u666f-\u9ad8\u6749\u9280\u5e73\u9053\u5834-\u58a8\u7530\u533a"", ""name"": ""oniheijoukei\uff08takasugiginpeidoujou\uff09"", ""image_url"": ""https://s3-media1.fl.yelpcdn.com/bphoto/3Y5NwgZAnJFZ0QzF31O5Iw/o.jpg"", ""is_closed"": false, ""url"": ""https://www.yelp.com/biz/%E9%AC%BC%E5%B9%B3%E6%83%85%E6%99%AF-%E9%AB%98%E6%9D%89%E9%8A%80%E5%B9%B3%E9%81%93%E5%A0%B4-%E5%A2%A8%E7%94%B0%E5%8C%BA?adjust_creative=ULHW7ynqdXE8Z9Fnr4irFw&utm_campaign=yelp_api_v3&utm_medium=api_v3_business_search&utm_source=ULHW7ynqdXE8Z9Fnr4irFw"", ""review_count"": 1, ""categories"": [{""alias"": ""landmarks"", ""title"": ""Landmarks & Historical Buildings""}], ""rating"": 3.0, ""coordinates"": {""latitude"": 35.7017834, ""longitude"": 139.8095853}, ""transactions"": [], ""location"": {""address1"": ""\u592a\u5e731-25-4"", ""address2"": """", ""address3"": """", ""city"": ""Sumida"", ""zip_code"": """", ""country"": ""JP"", ""state"": ""13"", ""display_address"": [""\u592a\u5e731-25-4"", ""Sumida, \u6771\u4eac\u90fd"", ""Japan""]}, ""phone"": """", ""display_phone"": """", ""distance"": 4299.038166366908}, {""id"": ""Z1g_7N2xFD3vqVyeJrFzfw"", ""alias"": ""\u30db\u30fc\u30d7\u304f\u3093-\u6e0b\u8c37\u533a-2"", ""name"": ""Hope Kun"", ""image_url"": ""https://s3-media1.fl.yelpcdn.com/bphoto/pFDYsqNikkGLbJN9kHSgLg/o.jpg"", ""is_closed"": false, ""url"": ""https://www.yelp.com/biz/%E3%83%9B%E3%83%BC%E3%83%97%E3%81%8F%E3%82%93-%E6%B8%8B%E8%B0%B7%E5%8C%BA-2?adjust_creative=ULHW7ynqdXE8Z9Fnr4irFw&utm_campaign=yelp_api_v3&utm_medium=api_v3_business_search&utm_source=ULHW7ynqdXE8Z9Fnr4irFw"", ""review_count"": 2, ""categories"": [{""alias"": ""landmarks"", ""title"": ""Landmarks & Historical Buildings""}], ""rating"": 5.0, ""coordinates"": {""latitude"": 35.6628211, ""longitude"": 139.7036224}, ""transactions"": [], ""location"": {""address1"": ""\u6e0b\u8c371-24-12"", ""address2"": """", ""address3"": """", ""city"": ""Shibuya"", ""zip_code"": ""150-0002"", ""country"": ""JP"", ""state"": ""13"", ""display_address"": [""\u6e0b\u8c371-24-12"", ""Shibuya, \u6771\u4eac\u90fd \u3012150-0002"", ""Japan""]}, ""phone"": """", ""display_phone"": """", ""distance"": 6208.499900256322}, {""id"": ""KFtpmcfg63y1FdGhDH47lQ"", ""alias"": ""\u8a00\u554f\u6a4b-\u58a8\u7530\u533a"", ""name"": ""Kototoibashi"", ""image_url"": ""https://s3-media3.fl.yelpcdn.com/bphoto/VDyp3l64im2Ii1v4eCT8IA/o.jpg"", ""is_closed"": false, ""url"": ""https://www.yelp.com/biz/%E8%A8%80%E5%95%8F%E6%A9%8B-%E5%A2%A8%E7%94%B0%E5%8C%BA?adjust_creative=ULHW7ynqdXE8Z9Fnr4irFw&utm_campaign=yelp_api_v3&utm_medium=api_v3_business_search&utm_source=ULHW7ynqdXE8Z9Fnr4irFw"", ""review_count"": 2, ""categories"": [{""alias"": ""landmarks"", ""title"": ""Landmarks & Historical Buildings""}], ""rating"": 3.5, ""coordinates"": {""latitude"": 35.714153, ""longitude"": 139.803419}, ""transactions"": [], ""location"": {""address1"": ""\u5411\u5cf62\u4e01\u76ee"", ""address2"": """", ""address3"": """", ""city"": ""Sumida"", ""zip_code"": ""131-0032"", ""country"": ""JP"", ""state"": ""13"", ""display_address"": [""\u5411\u5cf62\u4e01\u76ee"", ""Sumida, \u6771\u4eac\u90fd \u3012131-0032"", ""Japan""]}, ""phone"": """", ""display_phone"": """", ""distance"": 4636.616255549534}, {""id"": ""-QGOOy7to10NzXK9T90iqg"", ""alias"": ""\u65b0\u5bbf\u6771\u5b9d\u30d3\u30eb-\u30b4\u30b8\u30e9\u30d8\u30c3\u30c9-\u65b0\u5bbf\u533a"", ""name"": ""Shinjuku Toho Building Godzilla Head"", ""image_url"": ""https://s3-media4.fl.yelpcdn.com/bphoto/pj-zCQr2CCSAcmw_3R8vBg/o.jpg"", ""is_closed"": false, ""url"": ""https://www.yelp.com/biz/%E6%96%B0%E5%AE%BF%E6%9D%B1%E5%AE%9D%E3%83%93%E3%83%AB-%E3%82%B4%E3%82%B8%E3%83%A9%E3%83%98%E3%83%83%E3%83%89-%E6%96%B0%E5%AE%BF%E5%8C%BA?adjust_creative=ULHW7ynqdXE8Z9Fnr4irFw&utm_campaign=yelp_api_v3&utm_medium=api_v3_business_search&utm_source=ULHW7ynqdXE8Z9Fnr4irFw"", ""review_count"": 15, ""categories"": [{""alias"": ""landmarks"", ""title"": ""Landmarks & Historical Buildings""}], ""rating"": 4.5, ""coordinates"": {""latitude"": 35.6953621, ""longitude"": 139.7018134}, ""transactions"": [], ""location"": {""address1"": ""\u6b4c\u821e\u4f0e\u753a1-19-1"", ""address2"": ""\u65b0\u5bbf\u6771\u5b9d\u30d3\u30eb8F \u30c6\u30e9\u30b9"", ""address3"": null, ""city"": ""Shinjuku"", ""zip_code"": ""160-0021"", ""country"": ""JP"", ""state"": ""13"", ""display_address"": [""\u6b4c\u821e\u4f0e\u753a1-19-1"", ""\u65b0\u5bbf\u6771\u5b9d\u30d3\u30eb8F \u30c6\u30e9\u30b9"", ""Shinjuku, \u6771\u4eac\u90fd \u3012160-0021"", ""Japan""]}, ""phone"": """", ""display_phone"": """", ""distance"": 5971.291694542304}, {""id"": ""40M59NKODH6XXVXZBsOJSA"", ""alias"": ""\u6e0b\u8c37\u533a\u7acb\u6e0b\u8c37\u56f3\u66f8\u9928-\u6e0b\u8c37\u533a"", ""name"": ""\u6e0b\u8c37\u533a\u7acb\u6e0b\u8c37\u56f3\u66f8\u9928"", ""image_url"": ""https://s3-media3.fl.yelpcdn.com/bphoto/7keLt5r_3hosEMq7xOB_eA/o.jpg"", ""is_closed"": false, ""url"": ""https://www.yelp.com/biz/%E6%B8%8B%E8%B0%B7%E5%8C%BA%E7%AB%8B%E6%B8%8B%E8%B0%B7%E5%9B%B3%E6%9B%B8%E9%A4%A8-%E6%B8%8B%E8%B0%B7%E5%8C%BA?adjust_creative=ULHW7ynqdXE8Z9Fnr4irFw&utm_campaign=yelp_api_v3&utm_medium=api_v3_business_search&utm_source=ULHW7ynqdXE8Z9Fnr4irFw"", ""review_count"": 1, ""categories"": [{""alias"": ""libraries"", ""title"": ""Libraries""}], ""rating"": 4.0, ""coordinates"": {""latitude"": 35.6564866851502, ""longitude"": 139.709801737598}, ""transactions"": [], ""location"": {""address1"": ""\u67711\u4e01\u76ee6-6"", ""address2"": null, ""address3"": null, ""city"": ""Shibuya"", ""zip_code"": ""150-0011"", ""country"": ""JP"", ""state"": ""13"", ""display_address"": [""\u67711\u4e01\u76ee6-6"", ""Shibuya, \u6771\u4eac\u90fd \u3012150-0011"", ""Japan""]}, ""phone"": ""+81334077544"", ""display_phone"": ""+81 3-3407-7544"", ""distance"": 6039.140222154037}, {""id"": ""HPW3tDlwto56RbZHqwSbyw"", ""alias"": ""\u8c4a\u5cf6\u533a\u5f79\u6240\u751f\u6d3b\u7523\u696d\u30d7\u30e9\u30b6\u751f\u6d3b\u7523\u696d\u8ab2-\u8c4a\u5cf6\u533a"", ""name"": ""\u8c4a\u5cf6\u533a\u5f79\u6240\u751f\u6d3b\u7523\u696d\u30d7\u30e9\u30b6\u751f\u6d3b\u7523\u696d\u8ab2"", ""image_url"": ""https://s3-media4.fl.yelpcdn.com/bphoto/gvgIu817s7IBL-MsaZD2nQ/o.jpg"", ""is_closed"": false, ""url"": ""https://www.yelp.com/biz/%E8%B1%8A%E5%B3%B6%E5%8C%BA%E5%BD%B9%E6%89%80%E7%94%9F%E6%B4%BB%E7%94%A3%E6%A5%AD%E3%83%97%E3%83%A9%E3%82%B6%E7%94%9F%E6%B4%BB%E7%94%A3%E6%A5%AD%E8%AA%B2-%E8%B1%8A%E5%B3%B6%E5%8C%BA?adjust_creative=ULHW7ynqdXE8Z9Fnr4irFw&utm_campaign=yelp_api_v3&utm_medium=api_v3_business_search&utm_source=ULHW7ynqdXE8Z9Fnr4irFw"", ""review_count"": 1, ""categories"": [{""alias"": ""publicservicesgovt"", ""title"": ""Public Services & Government""}], ""rating"": 4.0, ""coordinates"": {""latitude"": 35.731466472568, ""longitude"": 139.715889031101}, ""transactions"": [], ""location"": {""address1"": ""\u6771\u6c60\u888b1\u4e01\u76ee20-15"", ""address2"": null, ""address3"": null, ""city"": ""Toshima"", ""zip_code"": ""170-0013"", ""country"": ""JP"", ""state"": ""13"", ""display_address"": [""\u6771\u6c60\u888b1\u4e01\u76ee20-15"", ""Toshima, \u6771\u4eac\u90fd \u3012170-0013"", ""Japan""]}, ""phone"": ""+81359927011"", ""display_phone"": ""+81 3-5992-7011"", ""distance"": 6908.2882106895295}], ""total"": 936, ""region"": {""center"": {""longitude"": 139.76669311523438, ""latitude"": 35.685011526354074}}}",application/json,false,"OAS disconformity: [Path '/businesses/[item]/price'] Instance value ("""") not found in enum (possible values: [""$"";""$$"";""$$$"";""$$$$""])"
test_s1go9zp9d1kk_getBusinesses,200,"{""businesses"": [], ""total"": 0, ""region"": {""center"": {""longitude"": -105.96038818359375, ""latitude"": 35.665062782072155}}}",application/json,true,none
test_sl0o8zwo52li_getBusinesses,400,"{""error"": {""code"": ""VALIDATION_ERROR"", ""description"": ""Please specify a location or a latitude and longitude""}}",application/json,true,none
test_sl9g96fnvl81_getBusinesses,400,"{""error"": {""code"": ""OPEN_AT_AND_NOW_PROVIDED"", ""description"": ""You must specify either open_at or open_now, not both.""}}",application/json,true,none
test_sohvkr7r4b4z_getBusinesses,400,"{""error"": {""code"": ""VALIDATION_ERROR"", ""description"": ""Please specify a location or a latitude and longitude""}}",application/json,true,none
test_t4f1t1j9cqwk_getBusinesses,400,"{""error"": {""code"": ""VALIDATION_ERROR"", ""description"": ""Please specify a location or a latitude and longitude""}}",application/json,true,none
test_t4q78rgp0rax_getBusinesses,200,"{""businesses"": [], ""total"": 0, ""region"": {""center"": {""longitude"": 2.3421478271484375, ""latitude"": 48.86195860677958}}}",application/json,true,none
test_t4sx2hc70rw2_getBusinesses,400,"{""error"": {""code"": ""VALIDATION_ERROR"", ""description"": ""Please specify a location or a latitude and longitude""}}",application/json,true,none
test_t4vq0iiq8okm_getBusinesses,200,"{""businesses"": [{""id"": ""CDt8XvT9qq00_nhuJgZScw"", ""alias"": ""aaajiji-ciudad-ju\u00e1rez"", ""name"": ""Aaajiji"", ""image_url"": ""https://s3-media1.fl.yelpcdn.com/bphoto/2jtIqw-fNlT0CLD1vBunnQ/o.jpg"", ""is_closed"": false, ""url"": ""https://www.yelp.co.nz/biz/aaajiji-ciudad-ju%C3%A1rez?adjust_creative=ULHW7ynqdXE8Z9Fnr4irFw&utm_campaign=yelp_api_v3&utm_medium=api_v3_business_search&utm_source=ULHW7ynqdXE8Z9Fnr4irFw"", ""review_count"": 26, ""categories"": [{""alias"": ""mexican"", ""title"": ""Mexican""}], ""rating"": 4.5, ""coordinates"": {""latitude"": 31.697518, ""longitude"": -106.391687}, ""transactions"": [], ""price"": ""$$"", ""location"": {""address1"": ""Blvd. Manuel Gomez Morin 9339"", ""address2"": """", ""address3"": """", ""city"": ""Ciudad Ju\u00e1rez"", ""zip_code"": ""32459"", ""country"": ""MX"", ""state"": ""CHH"", ""display_address"": [""Blvd. Manuel Gomez Morin 9339"", ""32459 Ciudad Ju\u00e1rez, Chihuahua"", ""Mexico""]}, ""phone"": ""+526565586476"", ""display_phone"": ""+52 656 558 6476"", ""distance"": 7346.434798822201}, {""id"": ""S1JTTKx2boEAV251u0Ls6Q"", ""alias"": ""barrigas-ciudad-ju\u00e1rez"", ""name"": ""Barrigas"", ""image_url"": ""https://s3-media1.fl.yelpcdn.com/bphoto/Nf_SwMpq6obIcgWn0TkuoQ/o.jpg"", ""is_closed"": false, ""url"": ""https://www.yelp.co.nz/biz/barrigas-ciudad-ju%C3%A1rez?adjust_creative=ULHW7ynqdXE8Z9Fnr4irFw&utm_campaign=yelp_api_v3&utm_medium=api_v3_business_search&utm_source=ULHW7ynqdXE8Z9Fnr4irFw"", ""review_count"": 53, ""categories"": [{""alias"": ""mexican"", ""title"": ""Mexican""}], ""rating"": 4.0, ""coordinates"": {""latitude"": 31.6842306686974, ""longitude"": -106.406780774261}, ""transactions"": [], ""price"": ""$$"", ""location"": {""address1"": ""Paseo de la Victoria S/N"", ""address2"": """", ""address3"": """", ""city"": ""Ciudad Ju\u00e1rez"", ""zip_code"": """", ""country"": ""MX"", ""state"": ""CHH"", ""display_address"": [""Paseo de la Victoria S/N"", ""Ciudad Ju\u00e1rez, Chihuahua"", ""Mexico""]}, ""phone"": """", ""display_phone"": """", ""distance"": 5298.10113025189}, {""id"": ""AgY-yqh7zcejzRqpbwkr-A"", ""alias"": ""la-diana-ciudad-ju\u00e1rez"", ""name"": ""La Diana"", ""image_url"": ""https://s3-media2.fl.yelpcdn.com/bphoto/AQ5MM88fcxhl6UZNjCuktw/o.jpg"", ""is_closed"": false, ""url"": ""https://www.yelp.co.nz/biz/la-diana-ciudad-ju%C3%A1rez?adjust_creative=ULHW7ynqdXE8Z9Fnr4irFw&utm_campaign=yelp_api_v3&utm_medium=api_v3_business_search&utm_source=ULHW7ynqdXE8Z9Fnr4irFw"", ""review_count"": 21, ""categories"": [{""alias"": ""mexican"", ""title"": ""Mexican""}, {""alias"": ""breakfast_brunch"", ""title"": ""Breakfast & Brunch""}, {""alias"": ""international"", ""title"": ""International""}], ""rating"": 4.5, ""coordinates"": {""latitude"": 31.6913708, ""longitude"": -106.4043764}, ""transactions"": [], ""price"": ""$$$$"", ""location"": {""address1"": ""Av. Paseo de la Victoria 3508"", ""address2"": """", ""address3"": """", ""city"": ""Ciudad Ju\u00e1rez"", ""zip_code"": ""31065"", ""country"": ""MX"", ""state"": ""CHH"", ""display_address"": [""Av. Paseo de la Victoria 3508"", ""31065 Ciudad Ju\u00e1rez, Chihuahua"", ""Mexico""]}, ""phone"": ""+526561704024"", ""display_phone"": ""+52 656 170 4024"", ""distance"": 6004.756238989281}, {""id"": ""i_wZvXNMjcowESiWZ7ObQA"", ""alias"": ""viva-m\u00e9xico-ciudad-ju\u00e1rez"", ""name"": ""Viva M\u00e9xico"", ""image_url"": ""https://s3-media2.fl.yelpcdn.com/bphoto/acP30Q3xoMW-NWDl9tVNIw/o.jpg"", ""is_closed"": false, ""url"": ""https://www.yelp.co.nz/biz/viva-m%C3%A9xico-ciudad-ju%C3%A1rez?adjust_creative=ULHW7ynqdXE8Z9Fnr4irFw&utm_campaign=yelp_api_v3&utm_medium=api_v3_business_search&utm_source=ULHW7ynqdXE8Z9Fnr4irFw"", ""review_count"": 17, ""categories"": [{""alias"": ""mexican"", ""title"": ""Mexican""}], ""rating"": 4.5, ""coordinates"": {""latitude"": 31.7447047415334, ""longitude"": -106.453388736613}, ""transactions"": [], ""price"": ""$$"", ""location"": {""address1"": ""Av. Abraham Lincoln 900"", ""address2"": """", ""address3"": """", ""city"": ""Ciudad Ju\u00e1rez"", ""zip_code"": ""32315"", ""country"": ""MX"", ""state"": ""CHH"", ""display_address"": [""Av. Abraham Lincoln 900"", ""32315 Ciudad Ju\u00e1rez, Chihuahua"", ""Mexico""]}, ""phone"": ""+526566290157"", ""display_phone"": ""+52 656 629 0157"", ""distance"": 10180.499079751939}, {""id"": ""tp7svfTZZGeid8qmSTIaBw"", ""alias"": ""macs-downtown-el-paso"", ""name"": ""Mac's Downtown"", ""image_url"": ""https://s3-media3.fl.yelpcdn.com/bphoto/vugUpsTHfGDUyDdysbRxpw/o.jpg"", ""is_closed"": false, ""url"": ""https://www.yelp.co.nz/biz/macs-downtown-el-paso?adjust_creative=ULHW7ynqdXE8Z9Fnr4irFw&utm_campaign=yelp_api_v3&utm_medium=api_v3_business_search&utm_source=ULHW7ynqdXE8Z9Fnr4irFw"", ""review_count"": 207, ""categories"": [{""alias"": ""seafood"", ""title"": ""Seafood""}, {""alias"": ""cajun"", ""title"": ""Cajun/Creole""}, {""alias"": ""tradamerican"", ""title"": ""American (Traditional)""}], ""rating"": 4.5, ""coordinates"": {""latitude"": 31.760696, ""longitude"": -106.48643}, ""transactions"": [""delivery"", ""pickup""], ""price"": ""$"", ""location"": {""address1"": ""315 E Mills Ave"", ""address2"": """", ""address3"": """", ""city"": ""El Paso"", ""zip_code"": ""79901"", ""country"": ""US"", ""state"": ""TX"", ""display_address"": [""315 E Mills Ave"", ""El Paso, TX 79901"", ""United States""]}, ""phone"": ""+19155338100"", ""display_phone"": ""+1 915-533-8100"", ""distance"": 12457.2217330211}, {""id"": ""oUN72_7RCxKOKidGTTGEAA"", ""alias"": ""anson-eleven-el-paso-5"", ""name"": ""Anson Eleven"", ""image_url"": ""https://s3-media3.fl.yelpcdn.com/bphoto/-Oyy7P5zj0NtdaIRHmxEhg/o.jpg"", ""is_closed"": false, ""url"": ""https://www.yelp.co.nz/biz/anson-eleven-el-paso-5?adjust_creative=ULHW7ynqdXE8Z9Fnr4irFw&utm_campaign=yelp_api_v3&utm_medium=api_v3_business_search&utm_source=ULHW7ynqdXE8Z9Fnr4irFw"", ""review_count"": 475, ""categories"": [{""alias"": ""newamerican"", ""title"": ""American (New)""}, {""alias"": ""venues"", ""title"": ""Venues & Event Spaces""}], ""rating"": 4.0, ""coordinates"": {""latitude"": 31.759125, ""longitude"": -106.489095}, ""transactions"": [""delivery""], ""price"": ""$$"", ""location"": {""address1"": ""303 N Oregon St"", ""address2"": ""Ste 110"", ""address3"": """", ""city"": ""El Paso"", ""zip_code"": ""79901"", ""country"": ""US"", ""state"": ""TX"", ""display_address"": [""303 N Oregon St"", ""Ste 110"", ""El Paso, TX 79901"", ""United States""]}, ""phone"": ""+19155046400"", ""display_phone"": ""+1 915-504-6400"", ""distance"": 12364.19098381147}, {""id"": ""wQXpmRe0enTSchHdqVmf0A"", ""alias"": ""frontera-churros-coffee-and-beer-el-paso"", ""name"": ""Frontera Churros, Coffee, & Beer"", ""image_url"": ""https://s3-media2.fl.yelpcdn.com/bphoto/gMhP62x3pVeV12Qet8WsMQ/o.jpg"", ""is_closed"": false, ""url"": ""https://www.yelp.co.nz/biz/frontera-churros-coffee-and-beer-el-paso?adjust_creative=ULHW7ynqdXE8Z9Fnr4irFw&utm_campaign=yelp_api_v3&utm_medium=api_v3_business_search&utm_source=ULHW7ynqdXE8Z9Fnr4irFw"", ""review_count"": 83, ""categories"": [{""alias"": ""mexican"", ""title"": ""Mexican""}, {""alias"": ""breakfast_brunch"", ""title"": ""Breakfast & Brunch""}, {""alias"": ""beerbar"", ""title"": ""Beer Bars""}], ""rating"": 5.0, ""coordinates"": {""latitude"": 31.755139, ""longitude"": -106.4830132}, ""transactions"": [""delivery"", ""pickup""], ""location"": {""address1"": ""501 South Campbell St"", ""address2"": ""Ste E1"", ""address3"": """", ""city"": ""El Paso"", ""zip_code"": ""79901"", ""country"": ""US"", ""state"": ""TX"", ""display_address"": [""501 South Campbell St"", ""Ste E1"", ""El Paso, TX 79901"", ""United States""]}, ""phone"": ""+19152450560"", ""display_phone"": ""+1 915-245-0560"", ""distance"": 11774.033723693132}, {""id"": ""Ioe1OstwQfZTz1Vm3EYDAQ"", ""alias"": ""craft-and-social-el-paso"", ""name"": ""Craft and Social"", ""image_url"": ""https://s3-media1.fl.yelpcdn.com/bphoto/IPJzD6qiyfHXWXBGOuQCJA/o.jpg"", ""is_closed"": false, ""url"": ""https://www.yelp.co.nz/biz/craft-and-social-el-paso?adjust_creative=ULHW7ynqdXE8Z9Fnr4irFw&utm_campaign=yelp_api_v3&utm_medium=api_v3_business_search&utm_source=ULHW7ynqdXE8Z9Fnr4irFw"", ""review_count"": 157, ""categories"": [{""alias"": ""pubs"", ""title"": ""Pubs""}, {""alias"": ""wine_bars"", ""title"": ""Wine Bars""}], ""rating"": 4.5, ""coordinates"": {""latitude"": 31.7617532, ""longitude"": -106.4881435}, ""transactions"": [""delivery""], ""price"": ""$$"", ""location"": {""address1"": ""305 E Franklin Ave"", ""address2"": null, ""address3"": """", ""city"": ""El Paso"", ""zip_code"": ""79901"", ""country"": ""US"", ""state"": ""TX"", ""display_address"": [""305 E Franklin Ave"", ""El Paso, TX 79901"", ""United States""]}, ""phone"": ""+19154011909"", ""display_phone"": ""+1 915-401-1909"", ""distance"": 12619.443227422156}, {""id"": ""Dc3l1lpvQvi4C2ZVp0pySg"", ""alias"": ""park-tavern-el-paso"", ""name"": ""Park Tavern"", ""image_url"": ""https://s3-media2.fl.yelpcdn.com/bphoto/25mBmFXg0gc6mJISt1F9QA/o.jpg"", ""is_closed"": false, ""url"": ""https://www.yelp.co.nz/biz/park-tavern-el-paso?adjust_creative=ULHW7ynqdXE8Z9Fnr4irFw&utm_campaign=yelp_api_v3&utm_medium=api_v3_business_search&utm_source=ULHW7ynqdXE8Z9Fnr4irFw"", ""review_count"": 229, ""categories"": [{""alias"": ""newamerican"", ""title"": ""American (New)""}], ""rating"": 4.0, ""coordinates"": {""latitude"": 31.75959, ""longitude"": -106.48735}, ""transactions"": [""delivery"", ""pickup""], ""price"": ""$$"", ""location"": {""address1"": ""204 E Mills Ave"", ""address2"": """", ""address3"": null, ""city"": ""El Paso"", ""zip_code"": ""79901"", ""country"": ""US"", ""state"": ""TX"", ""display_address"": [""204 E Mills Ave"", ""El Paso, TX 79901"", ""United States""]}, ""phone"": ""+19152289050"", ""display_phone"": ""+1 915-228-9050"", ""distance"": 12367.145012948506}, {""id"": ""xM7oSoDVVveJ1E0ZY9P_7g"", ""alias"": ""elemi-el-paso"", ""name"": ""ELEMI"", ""image_url"": ""https://s3-media4.fl.yelpcdn.com/bphoto/oAdz8OP062-aVw1QZFjI1g/o.jpg"", ""is_closed"": false, ""url"": ""https://www.yelp.co.nz/biz/elemi-el-paso?adjust_creative=ULHW7ynqdXE8Z9Fnr4irFw&utm_campaign=yelp_api_v3&utm_medium=api_v3_business_search&utm_source=ULHW7ynqdXE8Z9Fnr4irFw"", ""review_count"": 294, ""categories"": [{""alias"": ""tacos"", ""title"": ""Tacos""}], ""rating"": 4.0, ""coordinates"": {""latitude"": 31.7607003, ""longitude"": -106.4863131}, ""transactions"": [""delivery""], ""price"": ""$$"", ""location"": {""address1"": ""313 N Kansas St"", ""address2"": null, ""address3"": """", ""city"": ""El Paso"", ""zip_code"": ""79901"", ""country"": ""US"", ""state"": ""TX"", ""display_address"": [""313 N Kansas St"", ""El Paso, TX 79901"", ""United States""]}, ""phone"": ""+19155322090"", ""display_phone"": ""+1 915-532-2090"", ""distance"": 12476.235963121844}, {""id"": ""HkcVo4HYQPTlfhDBKV1p0Q"", ""alias"": ""great-american-steakhouse-ciudad-ju\u00e1rez"", ""name"": ""Great American Steakhouse"", ""image_url"": ""https://s3-media4.fl.yelpcdn.com/bphoto/sPNOk_Q6YxPPGzRLthShbQ/o.jpg"", ""is_closed"": false, ""url"": ""https://www.yelp.co.nz/biz/great-american-steakhouse-ciudad-ju%C3%A1rez?adjust_creative=ULHW7ynqdXE8Z9Fnr4irFw&utm_campaign=yelp_api_v3&utm_medium=api_v3_business_search&utm_source=ULHW7ynqdXE8Z9Fnr4irFw"", ""review_count"": 22, ""categories"": [{""alias"": ""steak"", ""title"": ""Steakhouses""}], ""rating"": 4.0, ""coordinates"": {""latitude"": 31.6874642112638, ""longitude"": -106.409601463195}, ""transactions"": [], ""price"": ""$$"", ""location"": {""address1"": ""Blvd. Teofilo Borunda 8681"", ""address2"": ""Col. Partido Iglesias"", ""address3"": ""Local 3"", ""city"": ""Ciudad Ju\u00e1rez"", ""zip_code"": ""23663"", ""country"": ""MX"", ""state"": ""CHH"", ""display_address"": [""Blvd. Teofilo Borunda 8681"", ""Col. Partido Iglesias"", ""Local 3"", ""23663 Ciudad Ju\u00e1rez, Chihuahua"", ""Mexico""]}, ""phone"": ""+526563780429"", ""display_phone"": ""+52 656 378 0429"", ""distance"": 5348.138675995602}, {""id"": ""xl1fiUdS3FpQosfxWo6k_g"", ""alias"": ""district-coffee-el-paso-4"", ""name"": ""District Coffee"", ""image_url"": ""https://s3-media1.fl.yelpcdn.com/bphoto/qpJqtMJokEFJrBEhs2iuYA/o.jpg"", ""is_closed"": false, ""url"": ""https://www.yelp.co.nz/biz/district-coffee-el-paso-4?adjust_creative=ULHW7ynqdXE8Z9Fnr4irFw&utm_campaign=yelp_api_v3&utm_medium=api_v3_business_search&utm_source=ULHW7ynqdXE8Z9Fnr4irFw"", ""review_count"": 115, ""categories"": [{""alias"": ""coffee"", ""title"": ""Coffee & Tea Shops""}], ""rating"": 4.5, ""coordinates"": {""latitude"": 31.75922876188626, ""longitude"": -106.48634149634579}, ""transactions"": [""delivery"", ""pickup""], ""price"": ""$$"", ""location"": {""address1"": ""222 Texas Ave"", ""address2"": ""Ste F"", ""address3"": null, ""city"": ""El Paso"", ""zip_code"": ""79901"", ""country"": ""US"", ""state"": ""TX"", ""display_address"": [""222 Texas Ave"", ""Ste F"", ""El Paso, TX 79901"", ""United States""]}, ""phone"": ""+19155333226"", ""display_phone"": ""+1 915-533-3226"", ""distance"": 12298.404122209135}, {""id"": ""79O92M8u55Tvb8aUkhKn6w"", ""alias"": ""mercado-san-benito-ciudad-ju\u00e1rez"", ""name"": ""Mercado San Benito"", ""image_url"": ""https://s3-media2.fl.yelpcdn.com/bphoto/iJ5Z9_fgu0Ue9YnwH8Erqw/o.jpg"", ""is_closed"": false, ""url"": ""https://www.yelp.co.nz/biz/mercado-san-benito-ciudad-ju%C3%A1rez?adjust_creative=ULHW7ynqdXE8Z9Fnr4irFw&utm_campaign=yelp_api_v3&utm_medium=api_v3_business_search&utm_source=ULHW7ynqdXE8Z9Fnr4irFw"", ""review_count"": 18, ""categories"": [{""alias"": ""mexican"", ""title"": ""Mexican""}], ""rating"": 4.0, ""coordinates"": {""latitude"": 31.7150945136425, ""longitude"": -106.421435812599}, ""transactions"": [], ""location"": {""address1"": ""Calle Pedro Rosales de Le\u00f3n 7147"", ""address2"": ""Col. Fuentes Del Valle"", ""address3"": null, ""city"": ""Ciudad Ju\u00e1rez"", ""zip_code"": ""32500"", ""country"": ""MX"", ""state"": ""CHH"", ""display_address"": [""Calle Pedro Rosales de Le\u00f3n 7147"", ""Col. Fuentes Del Valle"", ""32500 Ciudad Ju\u00e1rez, Chihuahua"", ""Mexico""]}, ""phone"": ""+526566170370"", ""display_phone"": ""+52 656 617 0370"", ""distance"": 7367.743227130786}, {""id"": ""JQ6zURXabBGlVMe_vnRNvA"", ""alias"": ""mamacitas-cafe-and-cantina-el-paso"", ""name"": ""Mamacitas Cafe and Cantina"", ""image_url"": ""https://s3-media2.fl.yelpcdn.com/bphoto/wZOrxhlEq_QxygNYFmJFlg/o.jpg"", ""is_closed"": false, ""url"": ""https://www.yelp.co.nz/biz/mamacitas-cafe-and-cantina-el-paso?adjust_creative=ULHW7ynqdXE8Z9Fnr4irFw&utm_campaign=yelp_api_v3&utm_medium=api_v3_business_search&utm_source=ULHW7ynqdXE8Z9Fnr4irFw"", ""review_count"": 171, ""categories"": [{""alias"": ""cocktailbars"", ""title"": ""Cocktail Bars""}, {""alias"": ""breakfast_brunch"", ""title"": ""Breakfast & Brunch""}, {""alias"": ""mexican"", ""title"": ""Mexican""}], ""rating"": 4.0, ""coordinates"": {""latitude"": 31.761079, ""longitude"": -106.486794}, ""transactions"": [""delivery""], ""price"": ""$$"", ""location"": {""address1"": ""325 N Kansas St"", ""address2"": """", ""address3"": """", ""city"": ""El Paso"", ""zip_code"": ""79901"", ""country"": ""US"", ""state"": ""TX"", ""display_address"": [""325 N Kansas St"", ""El Paso, TX 79901"", ""United States""]}, ""phone"": ""+19155325205"", ""display_phone"": ""+1 915-532-5205"", ""distance"": 12480.676423271125}, {""id"": ""7bO8KgM_QBhv935oqONfzw"", ""alias"": ""rudys-country-store-and-bar-b-q-el-paso-5"", ""name"": ""Rudy's \""Country Store\"" and Bar-B-Q"", ""image_url"": ""https://s3-media1.fl.yelpcdn.com/bphoto/HjpKGSTpXJZDXtjmG8f8yQ/o.jpg"", ""is_closed"": false, ""url"": ""https://www.yelp.co.nz/biz/rudys-country-store-and-bar-b-q-el-paso-5?adjust_creative=ULHW7ynqdXE8Z9Fnr4irFw&utm_campaign=yelp_api_v3&utm_medium=api_v3_business_search&utm_source=ULHW7ynqdXE8Z9Fnr4irFw"", ""review_count"": 293, ""categories"": [{""alias"": ""tacos"", ""title"": ""Tacos""}, {""alias"": ""sandwiches"", ""title"": ""Sandwiches""}, {""alias"": ""desserts"", ""title"": ""Desserts""}], ""rating"": 4.0, ""coordinates"": {""latitude"": 31.7504738803027, ""longitude"": -106.344113051891}, ""transactions"": [""delivery""], ""price"": ""$$"", ""location"": {""address1"": ""7970 Gateway E Blvd"", ""address2"": """", ""address3"": """", ""city"": ""El Paso"", ""zip_code"": ""79907"", ""country"": ""US"", ""state"": ""TX"", ""display_address"": [""7970 Gateway E Blvd"", ""El Paso, TX 79907"", ""United States""]}, ""phone"": ""+19155914877"", ""display_phone"": ""+1 915-591-4877"", ""distance"": 14694.936413900494}, {""id"": ""fAheMOZlwY8U4Lqgsw38lQ"", ""alias"": ""coffee-box-el-paso"", ""name"": ""Coffee Box"", ""image_url"": ""https://s3-media1.fl.yelpcdn.com/bphoto/Hn1w5QhnR89HAnE-yHPzgg/o.jpg"", ""is_closed"": false, ""url"": ""https://www.yelp.co.nz/biz/coffee-box-el-paso?adjust_creative=ULHW7ynqdXE8Z9Fnr4irFw&utm_campaign=yelp_api_v3&utm_medium=api_v3_business_search&utm_source=ULHW7ynqdXE8Z9Fnr4irFw"", ""review_count"": 177, ""categories"": [{""alias"": ""coffee"", ""title"": ""Coffee & Tea Shops""}], ""rating"": 4.0, ""coordinates"": {""latitude"": 31.76034820851659, ""longitude"": -106.48865904662699}, ""transactions"": [""delivery""], ""price"": ""$"", ""location"": {""address1"": ""401 N Mesa St"", ""address2"": null, ""address3"": """", ""city"": ""El Paso"", ""zip_code"": ""79901"", ""country"": ""US"", ""state"": ""TX"", ""display_address"": [""401 N Mesa St"", ""El Paso, TX 79901"", ""United States""]}, ""phone"": ""+14029357733"", ""display_phone"": ""+1 402-935-7733"", ""distance"": 12481.431209247261}, {""id"": ""FFlkiyHfffcy5g9D6RF8_g"", ""alias"": ""gom-ramen-el-paso-2"", ""name"": ""Gom Ramen"", ""image_url"": ""https://s3-media3.fl.yelpcdn.com/bphoto/e_-9I-RNyZrj93QD8yxWWg/o.jpg"", ""is_closed"": false, ""url"": ""https://www.yelp.co.nz/biz/gom-ramen-el-paso-2?adjust_creative=ULHW7ynqdXE8Z9Fnr4irFw&utm_campaign=yelp_api_v3&utm_medium=api_v3_business_search&utm_source=ULHW7ynqdXE8Z9Fnr4irFw"", ""review_count"": 128, ""categories"": [{""alias"": ""noodles"", ""title"": ""Noodles""}, {""alias"": ""ramen"", ""title"": ""Ramen""}, {""alias"": ""korean"", ""title"": ""Korean""}], ""rating"": 4.5, ""coordinates"": {""latitude"": 31.7632625, ""longitude"": -106.3653515}, ""transactions"": [""delivery""], ""price"": ""$"", ""location"": {""address1"": ""1821 Hunter Dr"", ""address2"": """", ""address3"": null, ""city"": ""El Paso"", ""zip_code"": ""79915"", ""country"": ""US"", ""state"": ""TX"", ""display_address"": [""1821 Hunter Dr"", ""El Paso, TX 79915"", ""United States""]}, ""phone"": ""+19153001110"", ""display_phone"": ""+1 915-300-1110"", ""distance"": 14580.828917500465}, {""id"": ""QegI_XE9CFbOHQRWk8ruYA"", ""alias"": ""la-pila-ciudad-ju\u00e1rez"", ""name"": ""La Pila"", ""image_url"": ""https://s3-media1.fl.yelpcdn.com/bphoto/bnfA8OmemoKFUphbHsZLuQ/o.jpg"", ""is_closed"": false, ""url"": ""https://www.yelp.co.nz/biz/la-pila-ciudad-ju%C3%A1rez?adjust_creative=ULHW7ynqdXE8Z9Fnr4irFw&utm_campaign=yelp_api_v3&utm_medium=api_v3_business_search&utm_source=ULHW7ynqdXE8Z9Fnr4irFw"", ""review_count"": 6, ""categories"": [{""alias"": ""mexican"", ""title"": ""Mexican""}], ""rating"": 5.0, ""coordinates"": {""latitude"": 31.7348878578055, ""longitude"": -106.466252805195}, ""transactions"": [], ""price"": ""$"", ""location"": {""address1"": ""Av. Vicente Guerrero S/N"", ""address2"": """", ""address3"": """", ""city"": ""Ciudad Ju\u00e1rez"", ""zip_code"": ""32030"", ""country"": ""MX"", ""state"": ""CHH"", ""display_address"": [""Av. Vicente Guerrero S/N"", ""32030 Ciudad Ju\u00e1rez, Chihuahua"", ""Mexico""]}, ""phone"": """", ""display_phone"": """", ""distance"": 9222.373653399996}, {""id"": ""SX4IoK8w9kMqUHz1FWuFTw"", ""alias"": ""cafe-central-el-paso"", ""name"": ""Cafe Central"", ""image_url"": ""https://s3-media1.fl.yelpcdn.com/bphoto/N72fBP0TUouRYAuq1AvNVA/o.jpg"", ""is_closed"": false, ""url"": ""https://www.yelp.co.nz/biz/cafe-central-el-paso?adjust_creative=ULHW7ynqdXE8Z9Fnr4irFw&utm_campaign=yelp_api_v3&utm_medium=api_v3_business_search&utm_source=ULHW7ynqdXE8Z9Fnr4irFw"", ""review_count"": 224, ""categories"": [{""alias"": ""salad"", ""title"": ""Salad""}, {""alias"": ""breakfast_brunch"", ""title"": ""Breakfast & Brunch""}, {""alias"": ""cafes"", ""title"": ""Cafes""}], ""rating"": 3.5, ""coordinates"": {""latitude"": 31.7584037780762, ""longitude"": -106.488372802734}, ""transactions"": [""delivery"", ""pickup""], ""price"": ""$$$"", ""location"": {""address1"": ""109 N Oregon St"", ""address2"": """", ""address3"": """", ""city"": ""El Paso"", ""zip_code"": ""79901"", ""country"": ""US"", ""state"": ""TX"", ""display_address"": [""109 N Oregon St"", ""El Paso, TX 79901"", ""United States""]}, ""phone"": ""+19155452233"", ""display_phone"": ""+1 915-545-2233"", ""distance"": 12270.351824336343}, {""id"": ""OjeOCgvp5wrQcaT2P9l_9Q"", ""alias"": ""taft-d\u00edaz-el-paso"", ""name"": ""Taft D\u00edaz"", ""image_url"": ""https://s3-media2.fl.yelpcdn.com/bphoto/D1KnZWj_jr2sCdt5-5QrmQ/o.jpg"", ""is_closed"": false, ""url"": ""https://www.yelp.co.nz/biz/taft-d%C3%ADaz-el-paso?adjust_creative=ULHW7ynqdXE8Z9Fnr4irFw&utm_campaign=yelp_api_v3&utm_medium=api_v3_business_search&utm_source=ULHW7ynqdXE8Z9Fnr4irFw"", ""review_count"": 95, ""categories"": [{""alias"": ""newamerican"", ""title"": ""American (New)""}], ""rating"": 4.5, ""coordinates"": {""latitude"": 31.75957, ""longitude"": -106.48687}, ""transactions"": [""delivery""], ""location"": {""address1"": ""209 N Stanton St"", ""address2"": null, ""address3"": """", ""city"": ""El Paso"", ""zip_code"": ""79901"", ""country"": ""US"", ""state"": ""TX"", ""display_address"": [""209 N Stanton St"", ""El Paso, TX 79901"", ""United States""]}, ""phone"": ""+19152713610"", ""display_phone"": ""+1 915-271-3610"", ""distance"": 12350.38878184006}], ""total"": 423, ""region"": {""center"": {""longitude"": -106.44927978515625, ""latitude"": 31.653215982221013}}}",application/json,true,none
test_t845dzzal54m_getBusinesses,400,"{""error"": {""code"": ""OPEN_AT_AND_NOW_PROVIDED"", ""description"": ""You must specify either open_at or open_now, not both.""}}",application/json,true,none
test_t89ndpjb0fua_getBusinesses,200,"{""businesses"": [], ""total"": 0, ""region"": {""center"": {""longitude"": -116.77062, ""latitude"": 46.85011}}}",application/json,true,none
test_to2c9mnlunn6_getBusinesses,400,"{""error"": {""code"": ""VALIDATION_ERROR"", ""description"": ""The open_at provided is too long ago, the timestamp must be within the last two weeks.""}}",application/json,true,none
test_tooi2g7g1m5g_getBusinesses,400,"{""error"": {""code"": ""VALIDATION_ERROR"", ""description"": ""Please specify a location or a latitude and longitude""}}",application/json,true,none
test_trrbt0lk2ofr_getBusinesses,200,"{""businesses"": [], ""total"": 0, ""region"": {""center"": {""longitude"": -89.50747, ""latitude"": 47.325733}}}",application/json,true,none
test_ts2foxxra4iq_getBusinesses,400,"{""error"": {""code"": ""VALIDATION_ERROR"", ""description"": ""Please specify a location or a latitude and longitude""}}",application/json,true,none
test_ubj2rnsp3kfl_getBusinesses,400,"{""error"": {""code"": ""VALIDATION_ERROR"", ""description"": ""Too many results requested, limit+offset must be <= 1000.""}}",application/json,true,none
test_us30n7ts15cz_getBusinesses,400,"{""error"": {""code"": ""VALIDATION_ERROR"", ""description"": ""Please specify a location or a latitude and longitude""}}",application/json,true,none
test_uv5tqxf4gf95_getBusinesses,400,"{""error"": {""code"": ""VALIDATION_ERROR"", ""description"": ""Please specify a location or a latitude and longitude""}}",application/json,true,none
