testResultId,statusCode,responseBody,outputContentType,passed,failReason
test_1h7x1c47lr1v9_getBusinesses,400,"{""error"": {""code"": ""VALIDATION_ERROR"", ""description"": ""Please specify a location or a latitude and longitude""}}",application/json,true,none
test_1hbj9mto2fsxf_getBusinesses,400,"{""error"": {""code"": ""VALIDATION_ERROR"", ""description"": ""Please specify a location or a latitude and longitude""}}",application/json,true,none
test_1hrdqfkey9mjp_getBusinesses,400,"{""error"": {""code"": ""VALIDATION_ERROR"", ""description"": ""Please specify a location or a latitude and longitude""}}",application/json,true,none
test_1hrrk29u88jfn_getBusinesses,200,"{""businesses"": [], ""total"": 0, ""region"": {""center"": {""longitude"": -73.97918701171875, ""latitude"": 40.706977710584276}}}",application/json,true,none
test_1huxoqzdtuu5z_getBusinesses,400,"{""error"": {""code"": ""VALIDATION_ERROR"", ""description"": ""Please specify a location or a latitude and longitude""}}",application/json,true,none
test_1huzz29k79zjs_getBusinesses,400,"{""error"": {""code"": ""VALIDATION_ERROR"", ""description"": ""Please specify a location or a latitude and longitude""}}",application/json,true,none
test_1ib36rysxktpf_getBusinesses,400,"{""error"": {""code"": ""VALIDATION_ERROR"", ""description"": ""Please specify a location or a latitude and longitude""}}",application/json,true,none
test_1ibh1yifdnkmv_getBusinesses,400,"{""error"": {""code"": ""VALIDATION_ERROR"", ""description"": ""Please specify a location or a latitude and longitude""}}",application/json,true,none
test_1ies9w9f29jdv_getBusinesses,400,"{""error"": {""code"": ""VALIDATION_ERROR"", ""description"": ""Please specify a location or a latitude and longitude""}}",application/json,true,none
test_1iun5wfmug56c_getBusinesses,400,"{""error"": {""code"": ""VALIDATION_ERROR"", ""description"": ""Please specify a location or a latitude and longitude""}}",application/json,true,none
test_1iuvhj7mlm3oy_getBusinesses,400,"{""error"": {""code"": ""OPEN_AT_AND_NOW_PROVIDED"", ""description"": ""You must specify either open_at or open_now, not both.""}}",application/json,true,none
test_1iuyr8itopve8_getBusinesses,400,"{""error"": {""code"": ""VALIDATION_ERROR"", ""description"": ""Please specify a location or a latitude and longitude""}}",application/json,true,none
test_1iv9uesrh5u7n_getBusinesses,400,"{""error"": {""code"": ""VALIDATION_ERROR"", ""description"": ""Please specify a location or a latitude and longitude""}}",application/json,true,none
test_1jew2x2mnagxi_getBusinesses,200,"{""businesses"": [{""id"": ""9UwuUrG3FxJcvxOkGYsfsA"", ""alias"": ""the-stanley-hotel-ghosts-and-history-tour-estes-park"", ""name"": ""The Stanley Hotel Ghosts and History Tour"", ""image_url"": ""https://s3-media1.fl.yelpcdn.com/bphoto/Eawf-B1KMfrBoR1M_nAW_Q/o.jpg"", ""is_closed"": false, ""url"": ""https://www.yelp.com/biz/the-stanley-hotel-ghosts-and-history-tour-estes-park?adjust_creative=ULHW7ynqdXE8Z9Fnr4irFw&utm_campaign=yelp_api_v3&utm_medium=api_v3_business_search&utm_source=ULHW7ynqdXE8Z9Fnr4irFw"", ""review_count"": 289, ""categories"": [{""alias"": ""tours"", ""title"": ""Tours""}, {""alias"": ""hotels"", ""title"": ""Hotels""}], ""rating"": 3.5, ""coordinates"": {""latitude"": 40.383374, ""longitude"": -105.519175}, ""transactions"": [], ""price"": ""$$"", ""location"": {""address1"": ""333 Wonderview Ave"", ""address2"": """", ""address3"": """", ""city"": ""Estes Park"", ""zip_code"": ""80517"", ""country"": ""US"", ""state"": ""CO"", ""display_address"": [""333 Wonderview Ave"", ""Estes Park, CO 80517""]}, ""phone"": ""+19705774000"", ""display_phone"": ""(970) 577-4000"", ""distance"": 53505.82632391453}, {""id"": ""cvEB4tIkdv46Pt3CNn20FA"", ""alias"": ""sundance-trail-guest-ranch-red-feather-lakes"", ""name"": ""Sundance Trail Guest Ranch"", ""image_url"": ""https://s3-media2.fl.yelpcdn.com/bphoto/tWmJoAY7YoAVYXGowwfX5Q/o.jpg"", ""is_closed"": false, ""url"": ""https://www.yelp.com/biz/sundance-trail-guest-ranch-red-feather-lakes?adjust_creative=ULHW7ynqdXE8Z9Fnr4irFw&utm_campaign=yelp_api_v3&utm_medium=api_v3_business_search&utm_source=ULHW7ynqdXE8Z9Fnr4irFw"", ""review_count"": 5, ""categories"": [{""alias"": ""hotels"", ""title"": ""Hotels""}, {""alias"": ""bedbreakfast"", ""title"": ""Bed & Breakfast""}, {""alias"": ""venues"", ""title"": ""Venues & Event Spaces""}], ""rating"": 5.0, ""coordinates"": {""latitude"": 40.76609, ""longitude"": -105.49706}, ""transactions"": [], ""price"": ""$$"", ""location"": {""address1"": ""17931 W County Rd 74E"", ""address2"": """", ""address3"": """", ""city"": ""Red Feather Lakes"", ""zip_code"": ""80545"", ""country"": ""US"", ""state"": ""CO"", ""display_address"": [""17931 W County Rd 74E"", ""Red Feather Lakes, CO 80545""]}, ""phone"": ""+19702241222"", ""display_phone"": ""(970) 224-1222"", ""distance"": 27769.34364384037}, {""id"": ""dEOoDac2ThuxbZeqVNwBUA"", ""alias"": ""saddle-and-surrey-motel-estes-park"", ""name"": ""Saddle & Surrey Motel"", ""image_url"": ""https://s3-media1.fl.yelpcdn.com/bphoto/F34jZKoNVRx6PQ8opWhwuA/o.jpg"", ""is_closed"": false, ""url"": ""https://www.yelp.com/biz/saddle-and-surrey-motel-estes-park?adjust_creative=ULHW7ynqdXE8Z9Fnr4irFw&utm_campaign=yelp_api_v3&utm_medium=api_v3_business_search&utm_source=ULHW7ynqdXE8Z9Fnr4irFw"", ""review_count"": 31, ""categories"": [{""alias"": ""hotels"", ""title"": ""Hotels""}], ""rating"": 4.5, ""coordinates"": {""latitude"": 40.358314, ""longitude"": -105.504501}, ""transactions"": [], ""price"": ""$$"", ""location"": {""address1"": ""1341 S Saint Vrain Ave"", ""address2"": """", ""address3"": """", ""city"": ""Estes Park"", ""zip_code"": ""80517"", ""country"": ""US"", ""state"": ""CO"", ""display_address"": [""1341 S Saint Vrain Ave"", ""Estes Park, CO 80517""]}, ""phone"": ""+19705863326"", ""display_phone"": ""(970) 586-3326"", ""distance"": 56523.989193043395}, {""id"": ""X_QDAEhBGXmWJ8VicDTiGg"", ""alias"": ""4-seasons-inn-estes-park"", ""name"": ""4 Seasons Inn"", ""image_url"": ""https://s3-media3.fl.yelpcdn.com/bphoto/0G13-dbZXqHeR38Xp5eurA/o.jpg"", ""is_closed"": false, ""url"": ""https://www.yelp.com/biz/4-seasons-inn-estes-park?adjust_creative=ULHW7ynqdXE8Z9Fnr4irFw&utm_campaign=yelp_api_v3&utm_medium=api_v3_business_search&utm_source=ULHW7ynqdXE8Z9Fnr4irFw"", ""review_count"": 37, ""categories"": [{""alias"": ""hotels"", ""title"": ""Hotels""}], ""rating"": 4.5, ""coordinates"": {""latitude"": 40.3828090692826, ""longitude"": -105.542385971582}, ""transactions"": [], ""price"": ""$$"", ""location"": {""address1"": ""1130 W Elkhorn Ave"", ""address2"": """", ""address3"": """", ""city"": ""Estes Park"", ""zip_code"": ""80517"", ""country"": ""US"", ""state"": ""CO"", ""display_address"": [""1130 W Elkhorn Ave"", ""Estes Park, CO 80517""]}, ""phone"": ""+19705865693"", ""display_phone"": ""(970) 586-5693"", ""distance"": 52651.00104253337}, {""id"": ""I1XNzmxHaJqt9D3YJd-5Ew"", ""alias"": ""silver-moon-inn-estes-park"", ""name"": ""Silver Moon Inn"", ""image_url"": ""https://s3-media3.fl.yelpcdn.com/bphoto/WX2K-J0xeYiX2HCNv1uyCQ/o.jpg"", ""is_closed"": false, ""url"": ""https://www.yelp.com/biz/silver-moon-inn-estes-park?adjust_creative=ULHW7ynqdXE8Z9Fnr4irFw&utm_campaign=yelp_api_v3&utm_medium=api_v3_business_search&utm_source=ULHW7ynqdXE8Z9Fnr4irFw"", ""review_count"": 112, ""categories"": [{""alias"": ""hotels"", ""title"": ""Hotels""}], ""rating"": 4.5, ""coordinates"": {""latitude"": 40.37722, ""longitude"": -105.52772}, ""transactions"": [], ""price"": ""$$"", ""location"": {""address1"": ""175 Spruce Dr"", ""address2"": """", ""address3"": """", ""city"": ""Estes Park"", ""zip_code"": ""80517"", ""country"": ""US"", ""state"": ""CO"", ""display_address"": [""175 Spruce Dr"", ""Estes Park, CO 80517""]}, ""phone"": ""+19705866006"", ""display_phone"": ""(970) 586-6006"", ""distance"": 53783.24511981628}, {""id"": ""V4AXVbesTp9izk9hUHkZiQ"", ""alias"": ""the-elizabeth-hotel-autograph-collection-fort-collins"", ""name"": ""The Elizabeth Hotel, Autograph Collection"", ""image_url"": ""https://s3-media3.fl.yelpcdn.com/bphoto/1Oc6bKyYCY7UmHENdnMrXQ/o.jpg"", ""is_closed"": false, ""url"": ""https://www.yelp.com/biz/the-elizabeth-hotel-autograph-collection-fort-collins?adjust_creative=ULHW7ynqdXE8Z9Fnr4irFw&utm_campaign=yelp_api_v3&utm_medium=api_v3_business_search&utm_source=ULHW7ynqdXE8Z9Fnr4irFw"", ""review_count"": 86, ""categories"": [{""alias"": ""hotels"", ""title"": ""Hotels""}], ""rating"": 4.5, ""coordinates"": {""latitude"": 40.5875121822852, ""longitude"": -105.073665450824}, ""transactions"": [], ""price"": ""$$$"", ""location"": {""address1"": ""111 Chestnut St"", ""address2"": """", ""address3"": null, ""city"": ""Fort Collins"", ""zip_code"": ""80524"", ""country"": ""US"", ""state"": ""CO"", ""display_address"": [""111 Chestnut St"", ""Fort Collins, CO 80524""]}, ""phone"": ""+19704902600"", ""display_phone"": ""(970) 490-2600"", ""distance"": 67647.47223395988}, {""id"": ""nkWqZJmzmvi__b4dMkeonw"", ""alias"": ""americinn-by-wyndham-laramie-near-university-of-wyoming-laramie"", ""name"": ""AmericInn by Wyndham Laramie Near University of Wyoming"", ""image_url"": ""https://s3-media2.fl.yelpcdn.com/bphoto/RpvMiIZKlS7xciEfm5fkXA/o.jpg"", ""is_closed"": false, ""url"": ""https://www.yelp.com/biz/americinn-by-wyndham-laramie-near-university-of-wyoming-laramie?adjust_creative=ULHW7ynqdXE8Z9Fnr4irFw&utm_campaign=yelp_api_v3&utm_medium=api_v3_business_search&utm_source=ULHW7ynqdXE8Z9Fnr4irFw"", ""review_count"": 49, ""categories"": [{""alias"": ""hotels"", ""title"": ""Hotels""}], ""rating"": 4.0, ""coordinates"": {""latitude"": 41.30028, ""longitude"": -105.53634}, ""transactions"": [], ""price"": ""$$"", ""location"": {""address1"": ""4712 Grand Ave"", ""address2"": null, ""address3"": null, ""city"": ""Laramie"", ""zip_code"": ""82070"", ""country"": ""US"", ""state"": ""WY"", ""display_address"": [""4712 Grand Ave"", ""Laramie, WY 82070""]}, ""phone"": ""+18889786389"", ""display_phone"": ""(888) 978-6389"", ""distance"": 59995.22868573602}, {""id"": ""zselGz3vgZnx3VqRcHYypQ"", ""alias"": ""hilton-garden-inn-laramie-laramie"", ""name"": ""Hilton Garden Inn Laramie"", ""image_url"": ""https://s3-media2.fl.yelpcdn.com/bphoto/hRH6CXWQyNbPNy6tdbDcXw/o.jpg"", ""is_closed"": false, ""url"": ""https://www.yelp.com/biz/hilton-garden-inn-laramie-laramie?adjust_creative=ULHW7ynqdXE8Z9Fnr4irFw&utm_campaign=yelp_api_v3&utm_medium=api_v3_business_search&utm_source=ULHW7ynqdXE8Z9Fnr4irFw"", ""review_count"": 56, ""categories"": [{""alias"": ""hotels"", ""title"": ""Hotels""}], ""rating"": 4.0, ""coordinates"": {""latitude"": 41.3100197, ""longitude"": -105.56358486413956}, ""transactions"": [], ""price"": ""$$"", ""location"": {""address1"": ""2229 Grand Ave"", ""address2"": null, ""address3"": null, ""city"": ""Laramie"", ""zip_code"": ""82070"", ""country"": ""US"", ""state"": ""WY"", ""display_address"": [""2229 Grand Ave"", ""Laramie, WY 82070""]}, ""phone"": ""+13077455500"", ""display_phone"": ""(307) 745-5500"", ""distance"": 60141.26591993275}, {""id"": ""4FwYcibRGUHgJYuiZICRXg"", ""alias"": ""comfort-inn-fort-collins-north-fort-collins-4"", ""name"": ""Comfort Inn Fort Collins North"", ""image_url"": ""https://s3-media2.fl.yelpcdn.com/bphoto/40ad5HBzHkWpS-QHGQk-TA/o.jpg"", ""is_closed"": false, ""url"": ""https://www.yelp.com/biz/comfort-inn-fort-collins-north-fort-collins-4?adjust_creative=ULHW7ynqdXE8Z9Fnr4irFw&utm_campaign=yelp_api_v3&utm_medium=api_v3_business_search&utm_source=ULHW7ynqdXE8Z9Fnr4irFw"", ""review_count"": 30, ""categories"": [{""alias"": ""hotels"", ""title"": ""Hotels""}], ""rating"": 4.0, ""coordinates"": {""latitude"": 40.580106, ""longitude"": -105.004329}, ""transactions"": [], ""price"": ""$$"", ""location"": {""address1"": ""601 SW Frontage Rd"", ""address2"": """", ""address3"": """", ""city"": ""Fort Collins"", ""zip_code"": ""80524"", ""country"": ""US"", ""state"": ""CO"", ""display_address"": [""601 SW Frontage Rd"", ""Fort Collins, CO 80524""]}, ""phone"": ""+19704070100"", ""display_phone"": ""(970) 407-0100"", ""distance"": 73426.52859307571}, {""id"": ""D7SIvSc0hmvvYG7d2ZUJXw"", ""alias"": ""armstrong-hotel-fort-collins"", ""name"": ""Armstrong Hotel"", ""image_url"": ""https://s3-media3.fl.yelpcdn.com/bphoto/pOjhon-Hbeqi_16eNv7BJA/o.jpg"", ""is_closed"": false, ""url"": ""https://www.yelp.com/biz/armstrong-hotel-fort-collins?adjust_creative=ULHW7ynqdXE8Z9Fnr4irFw&utm_campaign=yelp_api_v3&utm_medium=api_v3_business_search&utm_source=ULHW7ynqdXE8Z9Fnr4irFw"", ""review_count"": 140, ""categories"": [{""alias"": ""hotels"", ""title"": ""Hotels""}, {""alias"": ""venues"", ""title"": ""Venues & Event Spaces""}], ""rating"": 4.0, ""coordinates"": {""latitude"": 40.5845146179199, ""longitude"": -105.077621459961}, ""transactions"": [], ""price"": ""$$"", ""location"": {""address1"": ""259 S College Ave"", ""address2"": """", ""address3"": """", ""city"": ""Fort Collins"", ""zip_code"": ""80524"", ""country"": ""US"", ""state"": ""CO"", ""display_address"": [""259 S College Ave"", ""Fort Collins, CO 80524""]}, ""phone"": ""+19704843883"", ""display_phone"": ""(970) 484-3883"", ""distance"": 67475.66867480084}, {""id"": ""-jcJgGdUTkxqkXekhsugtA"", ""alias"": ""cafe-bluebird-fort-collins-fort-collins"", ""name"": ""Cafe Bluebird Fort Collins"", ""image_url"": ""https://s3-media1.fl.yelpcdn.com/bphoto/wfDk0GuMOmd8OPoozCOqqA/o.jpg"", ""is_closed"": false, ""url"": ""https://www.yelp.com/biz/cafe-bluebird-fort-collins-fort-collins?adjust_creative=ULHW7ynqdXE8Z9Fnr4irFw&utm_campaign=yelp_api_v3&utm_medium=api_v3_business_search&utm_source=ULHW7ynqdXE8Z9Fnr4irFw"", ""review_count"": 134, ""categories"": [{""alias"": ""breakfast_brunch"", ""title"": ""Breakfast & Brunch""}, {""alias"": ""newamerican"", ""title"": ""American (New)""}, {""alias"": ""sandwiches"", ""title"": ""Sandwiches""}], ""rating"": 4.0, ""coordinates"": {""latitude"": 40.5782449, ""longitude"": -105.084896}, ""transactions"": [""delivery"", ""pickup""], ""price"": ""$$"", ""location"": {""address1"": ""524 W Laurel St"", ""address2"": ""Ste 2"", ""address3"": """", ""city"": ""Fort Collins"", ""zip_code"": ""80521"", ""country"": ""US"", ""state"": ""CO"", ""display_address"": [""524 W Laurel St"", ""Ste 2"", ""Fort Collins, CO 80521""]}, ""phone"": ""+19704847755"", ""display_phone"": ""(970) 484-7755"", ""distance"": 67084.41795770795}, {""id"": ""kV6BFQHAvfVPhe3zRwX8SA"", ""alias"": ""dougs-day-diner-loveland-loveland-3"", ""name"": ""Doug's Day Diner - Loveland"", ""image_url"": ""https://s3-media2.fl.yelpcdn.com/bphoto/j6Ml60ykLRayQqoW5AihSA/o.jpg"", ""is_closed"": false, ""url"": ""https://www.yelp.com/biz/dougs-day-diner-loveland-loveland-3?adjust_creative=ULHW7ynqdXE8Z9Fnr4irFw&utm_campaign=yelp_api_v3&utm_medium=api_v3_business_search&utm_source=ULHW7ynqdXE8Z9Fnr4irFw"", ""review_count"": 544, ""categories"": [{""alias"": ""breakfast_brunch"", ""title"": ""Breakfast & Brunch""}, {""alias"": ""diners"", ""title"": ""Diners""}, {""alias"": ""newamerican"", ""title"": ""American (New)""}], ""rating"": 4.5, ""coordinates"": {""latitude"": 40.3968764, ""longitude"": -105.0730335}, ""transactions"": [""delivery""], ""price"": ""$$"", ""location"": {""address1"": ""532 N Lincoln Ave"", ""address2"": """", ""address3"": """", ""city"": ""Loveland"", ""zip_code"": ""80537"", ""country"": ""US"", ""state"": ""CO"", ""display_address"": [""532 N Lincoln Ave"", ""Loveland, CO 80537""]}, ""phone"": ""+19706677124"", ""display_phone"": ""(970) 667-7124"", ""distance"": 77940.63888915943}, {""id"": ""xzbcg6A1VJZuunv_GsdLJg"", ""alias"": ""hampton-inn-laramie-laramie"", ""name"": ""Hampton Inn Laramie"", ""image_url"": ""https://s3-media3.fl.yelpcdn.com/bphoto/cQh3rrmRmA34iXMYqzXH_g/o.jpg"", ""is_closed"": false, ""url"": ""https://www.yelp.com/biz/hampton-inn-laramie-laramie?adjust_creative=ULHW7ynqdXE8Z9Fnr4irFw&utm_campaign=yelp_api_v3&utm_medium=api_v3_business_search&utm_source=ULHW7ynqdXE8Z9Fnr4irFw"", ""review_count"": 52, ""categories"": [{""alias"": ""hotels"", ""title"": ""Hotels""}], ""rating"": 3.5, ""coordinates"": {""latitude"": 41.3073060971682, ""longitude"": -105.5473915}, ""transactions"": [], ""price"": ""$$"", ""location"": {""address1"": ""3715 E Grand Ave"", ""address2"": null, ""address3"": null, ""city"": ""Laramie"", ""zip_code"": ""82070"", ""country"": ""US"", ""state"": ""WY"", ""display_address"": [""3715 E Grand Ave"", ""Laramie, WY 82070""]}, ""phone"": ""+13077420125"", ""display_phone"": ""(307) 742-0125"", ""distance"": 60366.50634300722}, {""id"": ""gsM2rKqjgjUAtpP3EIL86g"", ""alias"": ""homewood-suites-by-hilton-fort-collins-fort-collins"", ""name"": ""Homewood Suites by Hilton Fort Collins"", ""image_url"": ""https://s3-media1.fl.yelpcdn.com/bphoto/GJGQO_gtpM_uFBTQaMIr8g/o.jpg"", ""is_closed"": false, ""url"": ""https://www.yelp.com/biz/homewood-suites-by-hilton-fort-collins-fort-collins?adjust_creative=ULHW7ynqdXE8Z9Fnr4irFw&utm_campaign=yelp_api_v3&utm_medium=api_v3_business_search&utm_source=ULHW7ynqdXE8Z9Fnr4irFw"", ""review_count"": 34, ""categories"": [{""alias"": ""hotels"", ""title"": ""Hotels""}], ""rating"": 3.5, ""coordinates"": {""latitude"": 40.522042924147804, ""longitude"": -105.05150020122528}, ""transactions"": [], ""price"": ""$$"", ""location"": {""address1"": ""1521 Oakridge Dr"", ""address2"": null, ""address3"": null, ""city"": ""Fort Collins"", ""zip_code"": ""80525"", ""country"": ""US"", ""state"": ""CO"", ""display_address"": [""1521 Oakridge Dr"", ""Fort Collins, CO 80525""]}, ""phone"": ""+19702252400"", ""display_phone"": ""(970) 225-2400"", ""distance"": 72302.76901234267}, {""id"": ""2Zm8cp8Zmn5DGxGKnsIlyg"", ""alias"": ""days-inn-by-wyndham-laramie-laramie"", ""name"": ""Days Inn by Wyndham Laramie"", ""image_url"": ""https://s3-media3.fl.yelpcdn.com/bphoto/Jb5pEmtzd5dBV0nKaiHcYQ/o.jpg"", ""is_closed"": false, ""url"": ""https://www.yelp.com/biz/days-inn-by-wyndham-laramie-laramie?adjust_creative=ULHW7ynqdXE8Z9Fnr4irFw&utm_campaign=yelp_api_v3&utm_medium=api_v3_business_search&utm_source=ULHW7ynqdXE8Z9Fnr4irFw"", ""review_count"": 36, ""categories"": [{""alias"": ""hotels"", ""title"": ""Hotels""}], ""rating"": 3.5, ""coordinates"": {""latitude"": 41.32454, ""longitude"": -105.6103399}, ""transactions"": [], ""price"": ""$$"", ""location"": {""address1"": ""1368 McCue Street"", ""address2"": """", ""address3"": """", ""city"": ""Laramie"", ""zip_code"": ""82072"", ""country"": ""US"", ""state"": ""WY"", ""display_address"": [""1368 McCue Street"", ""Laramie, WY 82072""]}, ""phone"": ""+18003291073"", ""display_phone"": ""(800) 329-1073"", ""distance"": 60380.83742038295}, {""id"": ""pdpUgPt3Oq690gixHuuaGg"", ""alias"": ""shamrock-foodservice-warehouse-fort-collins"", ""name"": ""Shamrock Foodservice Warehouse"", ""image_url"": ""https://s3-media4.fl.yelpcdn.com/bphoto/Dvuzxjymxm4RnC_erXJhAg/o.jpg"", ""is_closed"": false, ""url"": ""https://www.yelp.com/biz/shamrock-foodservice-warehouse-fort-collins?adjust_creative=ULHW7ynqdXE8Z9Fnr4irFw&utm_campaign=yelp_api_v3&utm_medium=api_v3_business_search&utm_source=ULHW7ynqdXE8Z9Fnr4irFw"", ""review_count"": 4, ""categories"": [{""alias"": ""grocery"", ""title"": ""Grocery""}, {""alias"": ""wholesale_stores"", ""title"": ""Wholesale Stores""}, {""alias"": ""suppliesrestaurant"", ""title"": ""Restaurant Supplies""}], ""rating"": 5.0, ""coordinates"": {""latitude"": 40.5433499, ""longitude"": -105.07905}, ""transactions"": [], ""price"": ""$$"", ""location"": {""address1"": ""200 W Foothills Pkwy"", ""address2"": ""Ste D"", ""address3"": """", ""city"": ""Fort Collins"", ""zip_code"": ""80525"", ""country"": ""US"", ""state"": ""CO"", ""display_address"": [""200 W Foothills Pkwy"", ""Ste D"", ""Fort Collins, CO 80525""]}, ""phone"": ""+19702233755"", ""display_phone"": ""(970) 223-3755"", ""distance"": 69139.65732682229}, {""id"": ""4HXj1A8YWyE1kRm6endLog"", ""alias"": ""the-stanley-hotel-estes-park-5"", ""name"": ""The Stanley Hotel"", ""image_url"": ""https://s3-media1.fl.yelpcdn.com/bphoto/oerXkZcm9vWOHN4JBAXWHg/o.jpg"", ""is_closed"": false, ""url"": ""https://www.yelp.com/biz/the-stanley-hotel-estes-park-5?adjust_creative=ULHW7ynqdXE8Z9Fnr4irFw&utm_campaign=yelp_api_v3&utm_medium=api_v3_business_search&utm_source=ULHW7ynqdXE8Z9Fnr4irFw"", ""review_count"": 1006, ""categories"": [{""alias"": ""hotels"", ""title"": ""Hotels""}, {""alias"": ""venues"", ""title"": ""Venues & Event Spaces""}], ""rating"": 3.0, ""coordinates"": {""latitude"": 40.383199390952, ""longitude"": -105.518317222595}, ""transactions"": [], ""price"": ""$$$"", ""location"": {""address1"": ""333 Wonderview Ave"", ""address2"": """", ""address3"": """", ""city"": ""Estes Park"", ""zip_code"": ""80517"", ""country"": ""US"", ""state"": ""CO"", ""display_address"": [""333 Wonderview Ave"", ""Estes Park, CO 80517""]}, ""phone"": ""+19705863371"", ""display_phone"": ""(970) 586-3371"", ""distance"": 53557.61639935777}, {""id"": ""SAmRSKLL0-3LuHJGPBh6xg"", ""alias"": ""best-western-plus-silver-saddle-inn-estes-park"", ""name"": ""Best Western Plus Silver Saddle Inn"", ""image_url"": ""https://s3-media4.fl.yelpcdn.com/bphoto/Q-mHjkPKmcOPJR34jPcxiQ/o.jpg"", ""is_closed"": false, ""url"": ""https://www.yelp.com/biz/best-western-plus-silver-saddle-inn-estes-park?adjust_creative=ULHW7ynqdXE8Z9Fnr4irFw&utm_campaign=yelp_api_v3&utm_medium=api_v3_business_search&utm_source=ULHW7ynqdXE8Z9Fnr4irFw"", ""review_count"": 58, ""categories"": [{""alias"": ""hotels"", ""title"": ""Hotels""}], ""rating"": 3.5, ""coordinates"": {""latitude"": 40.3828582, ""longitude"": -105.500534}, ""transactions"": [], ""price"": ""$$"", ""location"": {""address1"": ""1260 Big Thompson Ave"", ""address2"": """", ""address3"": """", ""city"": ""Estes Park"", ""zip_code"": ""80517"", ""country"": ""US"", ""state"": ""CO"", ""display_address"": [""1260 Big Thompson Ave"", ""Estes Park, CO 80517""]}, ""phone"": ""+19705864476"", ""display_phone"": ""(970) 586-4476"", ""distance"": 54327.298886767174}, {""id"": ""Z12nRtdtY1c8ZPAWN0jZ8w"", ""alias"": ""the-ridgeline-hotel-estes-park-ascend-hotel-collection-member-estes-park"", ""name"": ""The Ridgeline Hotel-Estes Park, Ascend Hotel Collection"", ""image_url"": ""https://s3-media1.fl.yelpcdn.com/bphoto/rj6bQoRffXdDlSWzCafhCQ/o.jpg"", ""is_closed"": false, ""url"": ""https://www.yelp.com/biz/the-ridgeline-hotel-estes-park-ascend-hotel-collection-member-estes-park?adjust_creative=ULHW7ynqdXE8Z9Fnr4irFw&utm_campaign=yelp_api_v3&utm_medium=api_v3_business_search&utm_source=ULHW7ynqdXE8Z9Fnr4irFw"", ""review_count"": 96, ""categories"": [{""alias"": ""hotels"", ""title"": ""Hotels""}], ""rating"": 3.0, ""coordinates"": {""latitude"": 40.3744544, ""longitude"": -105.5099182}, ""transactions"": [], ""price"": ""$$"", ""location"": {""address1"": ""101 South Saint Vrain Ave"", ""address2"": """", ""address3"": null, ""city"": ""Estes Park"", ""zip_code"": ""80517"", ""country"": ""US"", ""state"": ""CO"", ""display_address"": [""101 South Saint Vrain Ave"", ""Estes Park, CO 80517""]}, ""phone"": ""+19704800110"", ""display_phone"": ""(970) 480-0110"", ""distance"": 54752.1295440173}, {""id"": ""tViqqoxgIw8zees44rIGiA"", ""alias"": ""vatos-tacos-and-tequila-loveland"", ""name"": ""Vatos Tacos and Tequila"", ""image_url"": ""https://s3-media1.fl.yelpcdn.com/bphoto/pzm3nt7ttO5R1AhFsxKIRg/o.jpg"", ""is_closed"": false, ""url"": ""https://www.yelp.com/biz/vatos-tacos-and-tequila-loveland?adjust_creative=ULHW7ynqdXE8Z9Fnr4irFw&utm_campaign=yelp_api_v3&utm_medium=api_v3_business_search&utm_source=ULHW7ynqdXE8Z9Fnr4irFw"", ""review_count"": 58, ""categories"": [{""alias"": ""tacos"", ""title"": ""Tacos""}, {""alias"": ""cocktailbars"", ""title"": ""Cocktail Bars""}, {""alias"": ""breakfast_brunch"", ""title"": ""Breakfast & Brunch""}], ""rating"": 4.0, ""coordinates"": {""latitude"": 40.394227, ""longitude"": -105.07423}, ""transactions"": [""delivery""], ""price"": ""$$"", ""location"": {""address1"": ""270 N Cleveland Ave"", ""address2"": null, ""address3"": """", ""city"": ""Loveland"", ""zip_code"": ""80537"", ""country"": ""US"", ""state"": ""CO"", ""display_address"": [""270 N Cleveland Ave"", ""Loveland, CO 80537""]}, ""phone"": ""+19707752502"", ""display_phone"": ""(970) 775-2502"", ""distance"": 78026.4910140619}, {""id"": ""8SLVDaNjX-DIkJS2zaGgqw"", ""alias"": ""live-beyond-limit-fort-collins"", ""name"": ""Live Beyond Limit"", ""image_url"": ""https://s3-media2.fl.yelpcdn.com/bphoto/zMgbL_qKW3AsdIuF9NBCEg/o.jpg"", ""is_closed"": false, ""url"": ""https://www.yelp.com/biz/live-beyond-limit-fort-collins?adjust_creative=ULHW7ynqdXE8Z9Fnr4irFw&utm_campaign=yelp_api_v3&utm_medium=api_v3_business_search&utm_source=ULHW7ynqdXE8Z9Fnr4irFw"", ""review_count"": 11, ""categories"": [{""alias"": ""yoga"", ""title"": ""Yoga""}, {""alias"": ""reiki"", ""title"": ""Reiki""}, {""alias"": ""massage"", ""title"": ""Massage""}], ""rating"": 5.0, ""coordinates"": {""latitude"": 40.5192775898184, ""longitude"": -105.076495355225}, ""transactions"": [], ""price"": ""$$"", ""location"": {""address1"": ""4848 S College Ave"", ""address2"": ""Ste C"", ""address3"": """", ""city"": ""Fort Collins"", ""zip_code"": ""80525"", ""country"": ""US"", ""state"": ""CO"", ""display_address"": [""4848 S College Ave"", ""Ste C"", ""Fort Collins, CO 80525""]}, ""phone"": ""+17577847327"", ""display_phone"": ""(757) 784-7327"", ""distance"": 70551.21104848331}, {""id"": ""J3FySJ3wI1HCTv2YBJVa-Q"", ""alias"": ""the-emporium-an-american-brasserie-fort-collins"", ""name"": ""The Emporium: An American Brasserie"", ""image_url"": ""https://s3-media4.fl.yelpcdn.com/bphoto/U-iHrvcz0AtJO2Vf32xgaw/o.jpg"", ""is_closed"": false, ""url"": ""https://www.yelp.com/biz/the-emporium-an-american-brasserie-fort-collins?adjust_creative=ULHW7ynqdXE8Z9Fnr4irFw&utm_campaign=yelp_api_v3&utm_medium=api_v3_business_search&utm_source=ULHW7ynqdXE8Z9Fnr4irFw"", ""review_count"": 157, ""categories"": [{""alias"": ""newamerican"", ""title"": ""American (New)""}, {""alias"": ""brasseries"", ""title"": ""Brasseries""}], ""rating"": 3.5, ""coordinates"": {""latitude"": 40.5876165, ""longitude"": -105.0744669}, ""transactions"": [""delivery"", ""pickup""], ""price"": ""$$$"", ""location"": {""address1"": ""378 Walnut St"", ""address2"": """", ""address3"": null, ""city"": ""Fort Collins"", ""zip_code"": ""80524"", ""country"": ""US"", ""state"": ""CO"", ""display_address"": [""378 Walnut St"", ""Fort Collins, CO 80524""]}, ""phone"": ""+19704930024"", ""display_phone"": ""(970) 493-0024"", ""distance"": 67591.79356139731}, {""id"": ""xhP-Uyzqn7tCm3dSBneLfg"", ""alias"": ""me-oh-my-pie-laporte"", ""name"": ""Me Oh My Pie"", ""image_url"": ""https://s3-media1.fl.yelpcdn.com/bphoto/Ld-psF7BSVLMso9QK2doGw/o.jpg"", ""is_closed"": false, ""url"": ""https://www.yelp.com/biz/me-oh-my-pie-laporte?adjust_creative=ULHW7ynqdXE8Z9Fnr4irFw&utm_campaign=yelp_api_v3&utm_medium=api_v3_business_search&utm_source=ULHW7ynqdXE8Z9Fnr4irFw"", ""review_count"": 81, ""categories"": [{""alias"": ""cafes"", ""title"": ""Cafes""}, {""alias"": ""coffee"", ""title"": ""Coffee & Tea""}, {""alias"": ""farmersmarket"", ""title"": ""Farmers Market""}], ""rating"": 4.0, ""coordinates"": {""latitude"": 40.627422, ""longitude"": -105.138392}, ""transactions"": [""delivery""], ""price"": ""$$"", ""location"": {""address1"": ""3310 W County Rd 54G"", ""address2"": """", ""address3"": """", ""city"": ""Laporte"", ""zip_code"": ""80535"", ""country"": ""US"", ""state"": ""CO"", ""display_address"": [""3310 W County Rd 54G"", ""Laporte, CO 80535""]}, ""phone"": ""+19708172252"", ""display_phone"": ""(970) 817-2252"", ""distance"": 60996.71145305559}, {""id"": ""xM8CV98rfmWCW__h8U3VRA"", ""alias"": ""snooze-an-a-m-eatery-fort-collins-2"", ""name"": ""Snooze, an A.M. Eatery"", ""image_url"": ""https://s3-media4.fl.yelpcdn.com/bphoto/jTHpA3kFxKoRHTQRB0GDlQ/o.jpg"", ""is_closed"": false, ""url"": ""https://www.yelp.com/biz/snooze-an-a-m-eatery-fort-collins-2?adjust_creative=ULHW7ynqdXE8Z9Fnr4irFw&utm_campaign=yelp_api_v3&utm_medium=api_v3_business_search&utm_source=ULHW7ynqdXE8Z9Fnr4irFw"", ""review_count"": 841, ""categories"": [{""alias"": ""breakfast_brunch"", ""title"": ""Breakfast & Brunch""}, {""alias"": ""tradamerican"", ""title"": ""American (Traditional)""}, {""alias"": ""cocktailbars"", ""title"": ""Cocktail Bars""}], ""rating"": 4.5, ""coordinates"": {""latitude"": 40.58732896308971, ""longitude"": -105.07822692713276}, ""transactions"": [""delivery""], ""price"": ""$$"", ""location"": {""address1"": ""144 W Mountain Ave"", ""address2"": """", ""address3"": """", ""city"": ""Fort Collins"", ""zip_code"": ""80524"", ""country"": ""US"", ""state"": ""CO"", ""display_address"": [""144 W Mountain Ave"", ""Fort Collins, CO 80524""]}, ""phone"": ""+19704829253"", ""display_phone"": ""(970) 482-9253"", ""distance"": 67307.66630492422}, {""id"": ""SqDG6RxlkFhNOAg9q5x1tg"", ""alias"": ""the-estes-park-resort-estes-park-2"", ""name"": ""The Estes Park Resort"", ""image_url"": ""https://s3-media1.fl.yelpcdn.com/bphoto/GIh9p6Ze013umA6mAAP6XQ/o.jpg"", ""is_closed"": false, ""url"": ""https://www.yelp.com/biz/the-estes-park-resort-estes-park-2?adjust_creative=ULHW7ynqdXE8Z9Fnr4irFw&utm_campaign=yelp_api_v3&utm_medium=api_v3_business_search&utm_source=ULHW7ynqdXE8Z9Fnr4irFw"", ""review_count"": 90, ""categories"": [{""alias"": ""hotels"", ""title"": ""Hotels""}], ""rating"": 2.5, ""coordinates"": {""latitude"": 40.37778253194378, ""longitude"": -105.49358431522842}, ""transactions"": [], ""price"": ""$$$"", ""location"": {""address1"": ""1700 Big Thompson Ave"", ""address2"": """", ""address3"": """", ""city"": ""Estes Park"", ""zip_code"": ""80517"", ""country"": ""US"", ""state"": ""CO"", ""display_address"": [""1700 Big Thompson Ave"", ""Estes Park, CO 80517""]}, ""phone"": ""+19705776400"", ""display_phone"": ""(970) 577-6400"", ""distance"": 55110.694759836224}, {""id"": ""fwEWKOQvzIoRc_4HstBkPQ"", ""alias"": ""lima-coffee-roasters-fort-collins-2"", ""name"": ""Lima Coffee Roasters"", ""image_url"": ""https://s3-media2.fl.yelpcdn.com/bphoto/E9GTYnXSThfxoDawi2oG3w/o.jpg"", ""is_closed"": false, ""url"": ""https://www.yelp.com/biz/lima-coffee-roasters-fort-collins-2?adjust_creative=ULHW7ynqdXE8Z9Fnr4irFw&utm_campaign=yelp_api_v3&utm_medium=api_v3_business_search&utm_source=ULHW7ynqdXE8Z9Fnr4irFw"", ""review_count"": 34, ""categories"": [{""alias"": ""coffee"", ""title"": ""Coffee & Tea""}, {""alias"": ""brewingsupplies"", ""title"": ""Brewing Supplies""}, {""alias"": ""coffeeroasteries"", ""title"": ""Coffee Roasteries""}], ""rating"": 4.5, ""coordinates"": {""latitude"": 40.5834777, ""longitude"": -105.0765815}, ""transactions"": [], ""price"": ""$$"", ""location"": {""address1"": ""302 S College Ave"", ""address2"": ""Ste 130"", ""address3"": null, ""city"": ""Fort Collins"", ""zip_code"": ""80524"", ""country"": ""US"", ""state"": ""CO"", ""display_address"": [""302 S College Ave"", ""Ste 130"", ""Fort Collins, CO 80524""]}, ""phone"": ""+19708893095"", ""display_phone"": ""(970) 889-3095"", ""distance"": 67594.13584326537}, {""id"": ""qA_TEK-XPnli6y5kACXHww"", ""alias"": ""living-arts-wellness-fort-collins-5"", ""name"": ""Living Arts Wellness"", ""image_url"": ""https://s3-media2.fl.yelpcdn.com/bphoto/-zJrWAZdw4XGbVO5adS02A/o.jpg"", ""is_closed"": false, ""url"": ""https://www.yelp.com/biz/living-arts-wellness-fort-collins-5?adjust_creative=ULHW7ynqdXE8Z9Fnr4irFw&utm_campaign=yelp_api_v3&utm_medium=api_v3_business_search&utm_source=ULHW7ynqdXE8Z9Fnr4irFw"", ""review_count"": 19, ""categories"": [{""alias"": ""massage_therapy"", ""title"": ""Massage Therapy""}, {""alias"": ""massage"", ""title"": ""Massage""}, {""alias"": ""physicaltherapy"", ""title"": ""Physical Therapy""}], ""rating"": 5.0, ""coordinates"": {""latitude"": 40.581900840002376, ""longitude"": -105.0803559}, ""transactions"": [], ""price"": ""$$"", ""location"": {""address1"": ""420 S Howes St"", ""address2"": ""Ste A202"", ""address3"": """", ""city"": ""Fort Collins"", ""zip_code"": ""80521"", ""country"": ""US"", ""state"": ""CO"", ""display_address"": [""420 S Howes St"", ""Ste A202"", ""Fort Collins, CO 80521""]}, ""phone"": ""+19704720995"", ""display_phone"": ""(970) 472-0995"", ""distance"": 67363.3276160709}, {""id"": ""bSrim8Gnx3cX474jiKlRLg"", ""alias"": ""bridal-glow-wedding-services-estes-park-2"", ""name"": ""Bridal Glow Wedding Services"", ""image_url"": ""https://s3-media2.fl.yelpcdn.com/bphoto/9Ph0ZtixQJhSBQn8LDyT-A/o.jpg"", ""is_closed"": false, ""url"": ""https://www.yelp.com/biz/bridal-glow-wedding-services-estes-park-2?adjust_creative=ULHW7ynqdXE8Z9Fnr4irFw&utm_campaign=yelp_api_v3&utm_medium=api_v3_business_search&utm_source=ULHW7ynqdXE8Z9Fnr4irFw"", ""review_count"": 11, ""categories"": [{""alias"": ""hairstylists"", ""title"": ""Hair Stylists""}, {""alias"": ""makeupartists"", ""title"": ""Makeup Artists""}], ""rating"": 4.5, ""coordinates"": {""latitude"": 40.37384, ""longitude"": -105.51603}, ""transactions"": [], ""price"": ""$$"", ""location"": {""address1"": """", ""address2"": """", ""address3"": """", ""city"": ""Estes Park"", ""zip_code"": ""80517"", ""country"": ""US"", ""state"": ""CO"", ""display_address"": [""Estes Park, CO 80517""]}, ""phone"": ""+19703910929"", ""display_phone"": ""(970) 391-0929"", ""distance"": 54010.05390474509}, {""id"": ""4rdL-4H1BNAmxluqgWSUbw"", ""alias"": ""smokin-daves-bbq-and-brew-estes-park"", ""name"": ""Smokin' Dave's BBQ & Brew"", ""image_url"": ""https://s3-media2.fl.yelpcdn.com/bphoto/2pD1_tbmCrEZNEcGlfdCSA/o.jpg"", ""is_closed"": false, ""url"": ""https://www.yelp.com/biz/smokin-daves-bbq-and-brew-estes-park?adjust_creative=ULHW7ynqdXE8Z9Fnr4irFw&utm_campaign=yelp_api_v3&utm_medium=api_v3_business_search&utm_source=ULHW7ynqdXE8Z9Fnr4irFw"", ""review_count"": 60, ""categories"": [{""alias"": ""bbq"", ""title"": ""Barbeque""}, {""alias"": ""tradamerican"", ""title"": ""American (Traditional)""}, {""alias"": ""breakfast_brunch"", ""title"": ""Breakfast & Brunch""}], ""rating"": 4.0, ""coordinates"": {""latitude"": 40.3616189, ""longitude"": -105.49819721}, ""transactions"": [], ""price"": ""$$"", ""location"": {""address1"": ""1480 Golf Course Rd"", ""address2"": """", ""address3"": null, ""city"": ""Estes Park"", ""zip_code"": ""80517"", ""country"": ""US"", ""state"": ""CO"", ""display_address"": [""1480 Golf Course Rd"", ""Estes Park, CO 80517""]}, ""phone"": ""+19705868146"", ""display_phone"": ""(970) 586-8146"", ""distance"": 56481.34670597193}, {""id"": ""5RBYg9OT82bB1TmWcA4A3Q"", ""alias"": ""the-egg-of-estes-estes-park"", ""name"": ""The Egg Of Estes"", ""image_url"": ""https://s3-media3.fl.yelpcdn.com/bphoto/W9c1LcBI-gi6FJ2oVRGcVA/o.jpg"", ""is_closed"": false, ""url"": ""https://www.yelp.com/biz/the-egg-of-estes-estes-park?adjust_creative=ULHW7ynqdXE8Z9Fnr4irFw&utm_campaign=yelp_api_v3&utm_medium=api_v3_business_search&utm_source=ULHW7ynqdXE8Z9Fnr4irFw"", ""review_count"": 159, ""categories"": [{""alias"": ""cafes"", ""title"": ""Cafes""}, {""alias"": ""breakfast_brunch"", ""title"": ""Breakfast & Brunch""}, {""alias"": ""sandwiches"", ""title"": ""Sandwiches""}], ""rating"": 4.5, ""coordinates"": {""latitude"": 40.378049, ""longitude"": -105.517831160504}, ""transactions"": [], ""price"": ""$$"", ""location"": {""address1"": ""393 E Elkhorn Ave"", ""address2"": """", ""address3"": null, ""city"": ""Estes Park"", ""zip_code"": ""80517"", ""country"": ""US"", ""state"": ""CO"", ""display_address"": [""393 E Elkhorn Ave"", ""Estes Park, CO 80517""]}, ""phone"": ""+19705861173"", ""display_phone"": ""(970) 586-1173"", ""distance"": 54080.700794955854}, {""id"": ""JnnHpasd6Bmq9w0TtyRpWg"", ""alias"": ""mountain-home-cafe-estes-park-3"", ""name"": ""Mountain Home Cafe"", ""image_url"": ""https://s3-media2.fl.yelpcdn.com/bphoto/6_47W009414W1YM15iKHgg/o.jpg"", ""is_closed"": false, ""url"": ""https://www.yelp.com/biz/mountain-home-cafe-estes-park-3?adjust_creative=ULHW7ynqdXE8Z9Fnr4irFw&utm_campaign=yelp_api_v3&utm_medium=api_v3_business_search&utm_source=ULHW7ynqdXE8Z9Fnr4irFw"", ""review_count"": 488, ""categories"": [{""alias"": ""tradamerican"", ""title"": ""American (Traditional)""}, {""alias"": ""breakfast_brunch"", ""title"": ""Breakfast & Brunch""}, {""alias"": ""mexican"", ""title"": ""Mexican""}], ""rating"": 4.0, ""coordinates"": {""latitude"": 40.381244, ""longitude"": -105.515499}, ""transactions"": [], ""price"": ""$$"", ""location"": {""address1"": ""457 E Wonderview Ave"", ""address2"": ""Ste C-1"", ""address3"": """", ""city"": ""Estes Park"", ""zip_code"": ""80517"", ""country"": ""US"", ""state"": ""CO"", ""display_address"": [""457 E Wonderview Ave"", ""Ste C-1"", ""Estes Park, CO 80517""]}, ""phone"": ""+19705866624"", ""display_phone"": ""(970) 586-6624"", ""distance"": 53862.86959193801}, {""id"": ""lVBNPzNRR0_LO-a9Tz8iJg"", ""alias"": ""notchtop-estes-park"", ""name"": ""Notchtop"", ""image_url"": ""https://s3-media3.fl.yelpcdn.com/bphoto/Zp3OZI35YFXqO_UR8I6z6Q/o.jpg"", ""is_closed"": false, ""url"": ""https://www.yelp.com/biz/notchtop-estes-park?adjust_creative=ULHW7ynqdXE8Z9Fnr4irFw&utm_campaign=yelp_api_v3&utm_medium=api_v3_business_search&utm_source=ULHW7ynqdXE8Z9Fnr4irFw"", ""review_count"": 982, ""categories"": [{""alias"": ""breakfast_brunch"", ""title"": ""Breakfast & Brunch""}, {""alias"": ""cafes"", ""title"": ""Cafes""}], ""rating"": 4.5, ""coordinates"": {""latitude"": 40.38117247703031, ""longitude"": -105.51479529766102}, ""transactions"": [], ""price"": ""$$"", ""location"": {""address1"": ""459 E Wonder View Ave"", ""address2"": ""Ste 5"", ""address3"": """", ""city"": ""Estes Park"", ""zip_code"": ""80517"", ""country"": ""US"", ""state"": ""CO"", ""display_address"": [""459 E Wonder View Ave"", ""Ste 5"", ""Estes Park, CO 80517""]}, ""phone"": ""+19705860272"", ""display_phone"": ""(970) 586-0272"", ""distance"": 53898.49296347047}, {""id"": ""ZRmcipvDp-VIHgggedcudQ"", ""alias"": ""mojo-taqueria-lyons-lyons"", ""name"": ""Mojo Taqueria - Lyons"", ""image_url"": ""https://s3-media2.fl.yelpcdn.com/bphoto/fnrUnix49cfU3IQMNa91Vw/o.jpg"", ""is_closed"": false, ""url"": ""https://www.yelp.com/biz/mojo-taqueria-lyons-lyons?adjust_creative=ULHW7ynqdXE8Z9Fnr4irFw&utm_campaign=yelp_api_v3&utm_medium=api_v3_business_search&utm_source=ULHW7ynqdXE8Z9Fnr4irFw"", ""review_count"": 157, ""categories"": [{""alias"": ""mexican"", ""title"": ""Mexican""}], ""rating"": 4.5, ""coordinates"": {""latitude"": 40.223447, ""longitude"": -105.26575}, ""transactions"": [], ""price"": ""$$"", ""location"": {""address1"": ""216 E Main St"", ""address2"": null, ""address3"": """", ""city"": ""Lyons"", ""zip_code"": ""80540"", ""country"": ""US"", ""state"": ""CO"", ""display_address"": [""216 E Main St"", ""Lyons, CO 80540""]}, ""phone"": ""+13038232321"", ""display_phone"": ""(303) 823-2321"", ""distance"": 80060.8449123736}, {""id"": ""X58P3D4qFFaPfQt9xMYmaQ"", ""alias"": ""dunraven-estes-park"", ""name"": ""Dunraven"", ""image_url"": ""https://s3-media3.fl.yelpcdn.com/bphoto/UDkPq_SVnVHv3MBKQINmGQ/o.jpg"", ""is_closed"": false, ""url"": ""https://www.yelp.com/biz/dunraven-estes-park?adjust_creative=ULHW7ynqdXE8Z9Fnr4irFw&utm_campaign=yelp_api_v3&utm_medium=api_v3_business_search&utm_source=ULHW7ynqdXE8Z9Fnr4irFw"", ""review_count"": 612, ""categories"": [{""alias"": ""italian"", ""title"": ""Italian""}, {""alias"": ""seafood"", ""title"": ""Seafood""}, {""alias"": ""steak"", ""title"": ""Steakhouses""}], ""rating"": 4.0, ""coordinates"": {""latitude"": 40.37774503905052, ""longitude"": -105.4937468432318}, ""transactions"": [], ""price"": ""$$$"", ""location"": {""address1"": ""1700 Colorado Peaks Dr"", ""address2"": """", ""address3"": """", ""city"": ""Estes Park"", ""zip_code"": ""80517"", ""country"": ""US"", ""state"": ""CO"", ""display_address"": [""1700 Colorado Peaks Dr"", ""Estes Park, CO 80517""]}, ""phone"": ""+19705866409"", ""display_phone"": ""(970) 586-6409"", ""distance"": 55107.37720050549}, {""id"": ""3rrVMxtYlOwMvVpL-l-DYQ"", ""alias"": ""urban-egg-fort-collins-fort-collins"", ""name"": ""Urban Egg a daytime eatery"", ""image_url"": ""https://s3-media4.fl.yelpcdn.com/bphoto/8n0zjYBHq7WYTgbZrjieZg/o.jpg"", ""is_closed"": false, ""url"": ""https://www.yelp.com/biz/urban-egg-fort-collins-fort-collins?adjust_creative=ULHW7ynqdXE8Z9Fnr4irFw&utm_campaign=yelp_api_v3&utm_medium=api_v3_business_search&utm_source=ULHW7ynqdXE8Z9Fnr4irFw"", ""review_count"": 507, ""categories"": [{""alias"": ""breakfast_brunch"", ""title"": ""Breakfast & Brunch""}, {""alias"": ""burgers"", ""title"": ""Burgers""}, {""alias"": ""tradamerican"", ""title"": ""American (Traditional)""}], ""rating"": 4.5, ""coordinates"": {""latitude"": 40.5845542, ""longitude"": -105.0768052}, ""transactions"": [""delivery""], ""price"": ""$$"", ""location"": {""address1"": ""230 S College Ave"", ""address2"": ""Unit B"", ""address3"": """", ""city"": ""Fort Collins"", ""zip_code"": ""80524"", ""country"": ""US"", ""state"": ""CO"", ""display_address"": [""230 S College Ave"", ""Unit B"", ""Fort Collins, CO 80524""]}, ""phone"": ""+19709995964"", ""display_phone"": ""(970) 999-5964"", ""distance"": 67532.42847121802}, {""id"": ""3tYy_rgszOzjCmYXujSo8Q"", ""alias"": ""silver-grill-cafe-fort-collins"", ""name"": ""Silver Grill Cafe"", ""image_url"": ""https://s3-media3.fl.yelpcdn.com/bphoto/zEMCYCz4_APWsLzRaCmAFQ/o.jpg"", ""is_closed"": false, ""url"": ""https://www.yelp.com/biz/silver-grill-cafe-fort-collins?adjust_creative=ULHW7ynqdXE8Z9Fnr4irFw&utm_campaign=yelp_api_v3&utm_medium=api_v3_business_search&utm_source=ULHW7ynqdXE8Z9Fnr4irFw"", ""review_count"": 533, ""categories"": [{""alias"": ""breakfast_brunch"", ""title"": ""Breakfast & Brunch""}, {""alias"": ""burgers"", ""title"": ""Burgers""}, {""alias"": ""tradamerican"", ""title"": ""American (Traditional)""}], ""rating"": 4.0, ""coordinates"": {""latitude"": 40.5889289, ""longitude"": -105.0762297}, ""transactions"": [""delivery""], ""price"": ""$$"", ""location"": {""address1"": ""218 Walnut St"", ""address2"": """", ""address3"": """", ""city"": ""Fort Collins"", ""zip_code"": ""80524"", ""country"": ""US"", ""state"": ""CO"", ""display_address"": [""218 Walnut St"", ""Fort Collins, CO 80524""]}, ""phone"": ""+19704844656"", ""display_phone"": ""(970) 484-4656"", ""distance"": 67400.19089385755}, {""id"": ""WhpSnEUprbwU7EdjnyPjLQ"", ""alias"": ""dougs-day-diner-fort-collins-fort-collins-2"", ""name"": ""Doug's Day Diner- Fort Collins"", ""image_url"": ""https://s3-media2.fl.yelpcdn.com/bphoto/-km6cP1e4zk2ZO3qyCGTMQ/o.jpg"", ""is_closed"": false, ""url"": ""https://www.yelp.com/biz/dougs-day-diner-fort-collins-fort-collins-2?adjust_creative=ULHW7ynqdXE8Z9Fnr4irFw&utm_campaign=yelp_api_v3&utm_medium=api_v3_business_search&utm_source=ULHW7ynqdXE8Z9Fnr4irFw"", ""review_count"": 281, ""categories"": [{""alias"": ""breakfast_brunch"", ""title"": ""Breakfast & Brunch""}, {""alias"": ""burgers"", ""title"": ""Burgers""}, {""alias"": ""diners"", ""title"": ""Diners""}], ""rating"": 4.0, ""coordinates"": {""latitude"": 40.525898, ""longitude"": -105.024369}, ""transactions"": [""delivery""], ""price"": ""$$"", ""location"": {""address1"": ""2842 Council Tree"", ""address2"": ""Ste 143"", ""address3"": """", ""city"": ""Fort Collins"", ""zip_code"": ""80525"", ""country"": ""US"", ""state"": ""CO"", ""display_address"": [""2842 Council Tree"", ""Ste 143"", ""Fort Collins, CO 80525""]}, ""phone"": ""+19703772660"", ""display_phone"": ""(970) 377-2660"", ""distance"": 74186.03419297122}, {""id"": ""hOkjI2bIYo_fBv_7JTkV9Q"", ""alias"": ""first-watch-fort-collins"", ""name"": ""First Watch"", ""image_url"": ""https://s3-media1.fl.yelpcdn.com/bphoto/FUK1JK-eS6l7AmiGuvYN9Q/o.jpg"", ""is_closed"": false, ""url"": ""https://www.yelp.com/biz/first-watch-fort-collins?adjust_creative=ULHW7ynqdXE8Z9Fnr4irFw&utm_campaign=yelp_api_v3&utm_medium=api_v3_business_search&utm_source=ULHW7ynqdXE8Z9Fnr4irFw"", ""review_count"": 83, ""categories"": [{""alias"": ""breakfast_brunch"", ""title"": ""Breakfast & Brunch""}, {""alias"": ""cafes"", ""title"": ""Cafes""}, {""alias"": ""tradamerican"", ""title"": ""American (Traditional)""}], ""rating"": 4.0, ""coordinates"": {""latitude"": 40.521841, ""longitude"": -105.057621}, ""transactions"": [], ""price"": ""$$"", ""location"": {""address1"": ""1112 Oakridge Dr"", ""address2"": ""Ste 101"", ""address3"": null, ""city"": ""Fort Collins"", ""zip_code"": ""80525"", ""country"": ""US"", ""state"": ""CO"", ""display_address"": [""1112 Oakridge Dr"", ""Ste 101"", ""Fort Collins, CO 80525""]}, ""phone"": ""+19702238022"", ""display_phone"": ""(970) 223-8022"", ""distance"": 71848.5318561455}, {""id"": ""J5NUstqq2WkfONzhG0R-Xg"", ""alias"": ""wayfinder-estes-park"", ""name"": ""Wayfinder"", ""image_url"": ""https://s3-media3.fl.yelpcdn.com/bphoto/v3tA2aEm9GnYAHZJUmtBaA/o.jpg"", ""is_closed"": false, ""url"": ""https://www.yelp.com/biz/wayfinder-estes-park?adjust_creative=ULHW7ynqdXE8Z9Fnr4irFw&utm_campaign=yelp_api_v3&utm_medium=api_v3_business_search&utm_source=ULHW7ynqdXE8Z9Fnr4irFw"", ""review_count"": 255, ""categories"": [{""alias"": ""tradamerican"", ""title"": ""American (Traditional)""}, {""alias"": ""breakfast_brunch"", ""title"": ""Breakfast & Brunch""}], ""rating"": 4.0, ""coordinates"": {""latitude"": 40.3642880851898, ""longitude"": -105.5424456}, ""transactions"": [], ""price"": ""$$"", ""location"": {""address1"": ""900 Moraine Ave"", ""address2"": """", ""address3"": null, ""city"": ""Estes Park"", ""zip_code"": ""80517"", ""country"": ""US"", ""state"": ""CO"", ""display_address"": [""900 Moraine Ave"", ""Estes Park, CO 80517""]}, ""phone"": ""+19705863098"", ""display_phone"": ""(970) 586-3098"", ""distance"": 54497.49926689192}], ""total"": 51, ""region"": {""center"": {""longitude"": -105.82284, ""latitude"": 40.80572}}}",application/json,true,none
test_1jeyub58aniup_getBusinesses,200,"{""businesses"": [], ""total"": 0, ""region"": {""center"": {""longitude"": 139.76669311523438, ""latitude"": 35.685011526354074}}}",application/json,true,none
test_1ji7rxi19su2g_getBusinesses,200,"{""businesses"": [], ""total"": 0, ""region"": {""center"": {""longitude"": -99.18207, ""latitude"": 39.234665}}}",application/json,true,none
test_1jig232k3umus_getBusinesses,200,"{""businesses"": [], ""total"": 0, ""region"": {""center"": {""longitude"": -83.458984, ""latitude"": 47.387547}}}",application/json,true,none
test_1jxzy3qh7g6yg_getBusinesses,400,"{""error"": {""code"": ""VALIDATION_ERROR"", ""description"": ""Please specify a location or a latitude and longitude""}}",application/json,true,none
test_1jy7rwdil7xh2_getBusinesses,400,"{""error"": {""code"": ""VALIDATION_ERROR"", ""description"": ""The open_at provided is too long ago, the timestamp must be within the last two weeks.""}}",application/json,true,none
test_1jydanv1ee4vs_getBusinesses,200,"{""businesses"": [], ""total"": 0, ""region"": {""center"": {""longitude"": 9.189033508300781, ""latitude"": 45.47047287954827}}}",application/json,true,none
test_1jyjc57y4wmcw_getBusinesses,400,"{""error"": {""code"": ""VALIDATION_ERROR"", ""description"": ""Please specify a location or a latitude and longitude""}}",application/json,true,none
test_1k1r7nedwy543_getBusinesses,400,"{""error"": {""code"": ""VALIDATION_ERROR"", ""description"": ""Please specify a location or a latitude and longitude""}}",application/json,true,none
test_1k1rp40059xep_getBusinesses,200,"{""businesses"": [{""id"": ""Bfn8XI1N4bwTa5FMZ1u7eg"", ""alias"": ""six-hundred\u00ba-winston-salem"", ""name"": ""Six Hundred\u00ba"", ""image_url"": ""https://s3-media1.fl.yelpcdn.com/bphoto/g4V-zLAmljhh0Z1FzKxuvA/o.jpg"", ""is_closed"": false, ""url"": ""https://www.yelp.ie/biz/six-hundred%C2%BA-winston-salem?adjust_creative=ULHW7ynqdXE8Z9Fnr4irFw&utm_campaign=yelp_api_v3&utm_medium=api_v3_business_search&utm_source=ULHW7ynqdXE8Z9Fnr4irFw"", ""review_count"": 80, ""categories"": [{""alias"": ""steak"", ""title"": ""Steakhouses""}, {""alias"": ""bars"", ""title"": ""Bars""}], ""rating"": 4.0, ""coordinates"": {""latitude"": 36.10000147755967, ""longitude"": -80.24148106981038}, ""transactions"": [], ""price"": ""$$$"", ""location"": {""address1"": ""450 N Patterson Ave"", ""address2"": ""Ste 120"", ""address3"": null, ""city"": ""Winston-Salem"", ""zip_code"": ""27101"", ""country"": ""US"", ""state"": ""NC"", ""display_address"": [""450 N Patterson Ave"", ""Ste 120"", ""Winston-Salem, NC 27101"", ""United States""]}, ""phone"": ""+13362836754"", ""display_phone"": ""+1 336-283-6754"", ""distance"": 7558.1189225279695}, {""id"": ""6V35Rar5gIPNYhS8ydAgzw"", ""alias"": ""willows-bistro-winston-salem"", ""name"": ""Willow's Bistro"", ""image_url"": ""https://s3-media1.fl.yelpcdn.com/bphoto/y3ncn8A3UNPMRkxygpKhEw/o.jpg"", ""is_closed"": false, ""url"": ""https://www.yelp.ie/biz/willows-bistro-winston-salem?adjust_creative=ULHW7ynqdXE8Z9Fnr4irFw&utm_campaign=yelp_api_v3&utm_medium=api_v3_business_search&utm_source=ULHW7ynqdXE8Z9Fnr4irFw"", ""review_count"": 344, ""categories"": [{""alias"": ""newamerican"", ""title"": ""American (New)""}, {""alias"": ""seafood"", ""title"": ""Seafood""}], ""rating"": 4.0, ""coordinates"": {""latitude"": 36.09213, ""longitude"": -80.24401}, ""transactions"": [""delivery"", ""pickup""], ""price"": ""$$$"", ""location"": {""address1"": ""300 S Liberty St"", ""address2"": ""Ste 125"", ""address3"": """", ""city"": ""Winston Salem"", ""zip_code"": ""27101"", ""country"": ""US"", ""state"": ""NC"", ""display_address"": [""300 S Liberty St"", ""Ste 125"", ""Winston Salem, NC 27101"", ""United States""]}, ""phone"": ""+13362934601"", ""display_phone"": ""+1 336-293-4601"", ""distance"": 8081.795370295481}, {""id"": ""cD6jtJ5IFDxPd2I8nb4ZiQ"", ""alias"": ""krankies-winston-salem"", ""name"": ""Krankies"", ""image_url"": ""https://s3-media1.fl.yelpcdn.com/bphoto/PK6pHGmkILGJcU6mtuPsEQ/o.jpg"", ""is_closed"": false, ""url"": ""https://www.yelp.ie/biz/krankies-winston-salem?adjust_creative=ULHW7ynqdXE8Z9Fnr4irFw&utm_campaign=yelp_api_v3&utm_medium=api_v3_business_search&utm_source=ULHW7ynqdXE8Z9Fnr4irFw"", ""review_count"": 553, ""categories"": [{""alias"": ""coffee"", ""title"": ""Coffee & Tea Shops""}, {""alias"": ""bars"", ""title"": ""Bars""}, {""alias"": ""breakfast_brunch"", ""title"": ""Breakfast & Brunch""}], ""rating"": 4.0, ""coordinates"": {""latitude"": 36.0982326410235, ""longitude"": -80.2409246323113}, ""transactions"": [""delivery""], ""price"": ""$"", ""location"": {""address1"": ""211 E 3rd St"", ""address2"": """", ""address3"": """", ""city"": ""Winston-Salem"", ""zip_code"": ""27101"", ""country"": ""US"", ""state"": ""NC"", ""display_address"": [""211 E 3rd St"", ""Winston-Salem, NC 27101"", ""United States""]}, ""phone"": ""+13367223016"", ""display_phone"": ""+1 336-722-3016"", ""distance"": 7565.115421349971}, {""id"": ""YIeZbutsrByimMcVC21c9w"", ""alias"": ""gypsy-road-brewing-company-kernersville"", ""name"": ""Gypsy-Road Brewing Company"", ""image_url"": ""https://s3-media1.fl.yelpcdn.com/bphoto/NehYGhgVyrdJk0xKxaBqAg/o.jpg"", ""is_closed"": false, ""url"": ""https://www.yelp.ie/biz/gypsy-road-brewing-company-kernersville?adjust_creative=ULHW7ynqdXE8Z9Fnr4irFw&utm_campaign=yelp_api_v3&utm_medium=api_v3_business_search&utm_source=ULHW7ynqdXE8Z9Fnr4irFw"", ""review_count"": 39, ""categories"": [{""alias"": ""breweries"", ""title"": ""Breweries""}], ""rating"": 4.5, ""coordinates"": {""latitude"": 36.1116691039092, ""longitude"": -80.0477180754515}, ""transactions"": [], ""price"": ""$"", ""location"": {""address1"": ""1105 E Mountain St"", ""address2"": """", ""address3"": null, ""city"": ""Kernersville"", ""zip_code"": ""27284"", ""country"": ""US"", ""state"": ""NC"", ""display_address"": [""1105 E Mountain St"", ""Kernersville, NC 27284"", ""United States""]}, ""phone"": ""+13365153687"", ""display_phone"": ""+1 336-515-3687"", ""distance"": 10145.814222922558}, {""id"": ""a2St1UREtKoNgxHgzTT_cQ"", ""alias"": ""fiddlin-fish-brewing-winston-salem-4"", ""name"": ""Fiddlin' Fish Brewing"", ""image_url"": ""https://s3-media2.fl.yelpcdn.com/bphoto/MTi2Y2fp2wkfdI0ksM1YzQ/o.jpg"", ""is_closed"": false, ""url"": ""https://www.yelp.ie/biz/fiddlin-fish-brewing-winston-salem-4?adjust_creative=ULHW7ynqdXE8Z9Fnr4irFw&utm_campaign=yelp_api_v3&utm_medium=api_v3_business_search&utm_source=ULHW7ynqdXE8Z9Fnr4irFw"", ""review_count"": 95, ""categories"": [{""alias"": ""breweries"", ""title"": ""Breweries""}], ""rating"": 4.5, ""coordinates"": {""latitude"": 36.1041097781451, ""longitude"": -80.2466415966731}, ""transactions"": [], ""price"": ""$"", ""location"": {""address1"": ""772 N Trade St"", ""address2"": """", ""address3"": null, ""city"": ""Winston-Salem"", ""zip_code"": ""27101"", ""country"": ""US"", ""state"": ""NC"", ""display_address"": [""772 N Trade St"", ""Winston-Salem, NC 27101"", ""United States""]}, ""phone"": ""+13369998945"", ""display_phone"": ""+1 336-999-8945"", ""distance"": 7903.24760657723}, {""id"": ""tjTM2aHJgTcVNlhtiU1NlA"", ""alias"": ""joymongers-barrel-hall-winston-salem"", ""name"": ""Joymongers Barrel Hall"", ""image_url"": ""https://s3-media4.fl.yelpcdn.com/bphoto/tG_-WL9omgjSmYjmKgpaXg/o.jpg"", ""is_closed"": false, ""url"": ""https://www.yelp.ie/biz/joymongers-barrel-hall-winston-salem?adjust_creative=ULHW7ynqdXE8Z9Fnr4irFw&utm_campaign=yelp_api_v3&utm_medium=api_v3_business_search&utm_source=ULHW7ynqdXE8Z9Fnr4irFw"", ""review_count"": 43, ""categories"": [{""alias"": ""brewpubs"", ""title"": ""Brewpubs""}], ""rating"": 4.5, ""coordinates"": {""latitude"": 36.101155, ""longitude"": -80.260637}, ""transactions"": [], ""price"": ""$"", ""location"": {""address1"": ""480 W End Blvd"", ""address2"": """", ""address3"": null, ""city"": ""Winston-Salem"", ""zip_code"": ""27101"", ""country"": ""US"", ""state"": ""NC"", ""display_address"": [""480 W End Blvd"", ""Winston-Salem, NC 27101"", ""United States""]}, ""phone"": ""+13366084290"", ""display_phone"": ""+1 336-608-4290"", ""distance"": 9196.892067106}, {""id"": ""YFOhH8CP44SVxRoakGdA5A"", ""alias"": ""silver-moon-saloon-no-title"", ""name"": ""Silver Moon Saloon"", ""image_url"": ""https://s3-media3.fl.yelpcdn.com/bphoto/w6cqdsRz9GqKj6HofXnv6A/o.jpg"", ""is_closed"": false, ""url"": ""https://www.yelp.ie/biz/silver-moon-saloon-no-title?adjust_creative=ULHW7ynqdXE8Z9Fnr4irFw&utm_campaign=yelp_api_v3&utm_medium=api_v3_business_search&utm_source=ULHW7ynqdXE8Z9Fnr4irFw"", ""review_count"": 31, ""categories"": [{""alias"": ""divebars"", ""title"": ""Dive Bars""}], ""rating"": 4.5, ""coordinates"": {""latitude"": 36.10234, ""longitude"": -80.24677}, ""transactions"": [], ""price"": ""$"", ""location"": {""address1"": ""632 N Trade St"", ""address2"": null, ""address3"": """", ""city"": ""Winston-Salem"", ""zip_code"": ""27101"", ""country"": ""US"", ""state"": ""NC"", ""display_address"": [""632 N Trade St"", ""Winston-Salem, NC 27101"", ""United States""]}, ""phone"": """", ""display_phone"": """", ""distance"": 7944.735099930907}, {""id"": ""X-s81I8Rcx9paVGYJ2tetg"", ""alias"": ""the-breathing-room-winston-salem-2"", ""name"": ""The Breathing Room"", ""image_url"": ""https://s3-media3.fl.yelpcdn.com/bphoto/WGimkWdvSEIp7ddI2Sy9Pw/o.jpg"", ""is_closed"": false, ""url"": ""https://www.yelp.ie/biz/the-breathing-room-winston-salem-2?adjust_creative=ULHW7ynqdXE8Z9Fnr4irFw&utm_campaign=yelp_api_v3&utm_medium=api_v3_business_search&utm_source=ULHW7ynqdXE8Z9Fnr4irFw"", ""review_count"": 9, ""categories"": [{""alias"": ""yoga"", ""title"": ""Yoga""}, {""alias"": ""massage"", ""title"": ""Massage""}, {""alias"": ""theater"", ""title"": ""Theatres""}], ""rating"": 5.0, ""coordinates"": {""latitude"": 36.1037819087505, ""longitude"": -80.2597839385271}, ""transactions"": [], ""price"": ""$"", ""location"": {""address1"": ""918 Bridge St"", ""address2"": null, ""address3"": """", ""city"": ""Winston-Salem"", ""zip_code"": ""27101"", ""country"": ""US"", ""state"": ""NC"", ""display_address"": [""918 Bridge St"", ""Winston-Salem, NC 27101"", ""United States""]}, ""phone"": ""+13366086698"", ""display_phone"": ""+1 336-608-6698"", ""distance"": 9056.837173334077}, {""id"": ""Bd7Tc5lQSzF3gqKmm0vnaw"", ""alias"": ""blue-water-grille-high-point"", ""name"": ""Blue Water Grille"", ""image_url"": ""https://s3-media4.fl.yelpcdn.com/bphoto/bXmthCYyUNEaCaW9atk-Ag/o.jpg"", ""is_closed"": false, ""url"": ""https://www.yelp.ie/biz/blue-water-grille-high-point?adjust_creative=ULHW7ynqdXE8Z9Fnr4irFw&utm_campaign=yelp_api_v3&utm_medium=api_v3_business_search&utm_source=ULHW7ynqdXE8Z9Fnr4irFw"", ""review_count"": 84, ""categories"": [{""alias"": ""seafood"", ""title"": ""Seafood""}, {""alias"": ""caribbean"", ""title"": ""Caribbean""}], ""rating"": 4.5, ""coordinates"": {""latitude"": 35.9766058873962, ""longitude"": -80.0177373737097}, ""transactions"": [""delivery""], ""price"": ""$$$"", ""location"": {""address1"": ""126 E State Ave"", ""address2"": """", ""address3"": """", ""city"": ""High Point"", ""zip_code"": ""27262"", ""country"": ""US"", ""state"": ""NC"", ""display_address"": [""126 E State Ave"", ""High Point, NC 27262"", ""United States""]}, ""phone"": ""+13368861010"", ""display_phone"": ""+1 336-886-1010"", ""distance"": 20298.33008031508}, {""id"": ""llho3qrFwm9uOVUZ8i6ZZg"", ""alias"": ""butcher-and-bull-winston-salem"", ""name"": ""Butcher & Bull"", ""image_url"": ""https://s3-media3.fl.yelpcdn.com/bphoto/qHk8JUW2eh0gSL6DflKYLg/o.jpg"", ""is_closed"": false, ""url"": ""https://www.yelp.ie/biz/butcher-and-bull-winston-salem?adjust_creative=ULHW7ynqdXE8Z9Fnr4irFw&utm_campaign=yelp_api_v3&utm_medium=api_v3_business_search&utm_source=ULHW7ynqdXE8Z9Fnr4irFw"", ""review_count"": 45, ""categories"": [{""alias"": ""steak"", ""title"": ""Steakhouses""}, {""alias"": ""seafood"", ""title"": ""Seafood""}, {""alias"": ""southern"", ""title"": ""Southern""}], ""rating"": 3.5, ""coordinates"": {""latitude"": 36.09926, ""longitude"": -80.24659}, ""transactions"": [""delivery""], ""price"": ""$$$"", ""location"": {""address1"": ""425 North Cherry St"", ""address2"": null, ""address3"": """", ""city"": ""Winston-Salem"", ""zip_code"": ""27101"", ""country"": ""US"", ""state"": ""NC"", ""display_address"": [""425 North Cherry St"", ""Winston-Salem, NC 27101"", ""United States""]}, ""phone"": ""+13367225232"", ""display_phone"": ""+1 336-722-5232"", ""distance"": 8031.890508088406}, {""id"": ""tEtYVWame__P82q9WTZtkg"", ""alias"": ""mike-and-mikes-italian-ices-kernersville"", ""name"": ""Mike & Mike's Italian Ices"", ""image_url"": ""https://s3-media3.fl.yelpcdn.com/bphoto/nD6-VSLAz5Hlob84T22AuQ/o.jpg"", ""is_closed"": false, ""url"": ""https://www.yelp.ie/biz/mike-and-mikes-italian-ices-kernersville?adjust_creative=ULHW7ynqdXE8Z9Fnr4irFw&utm_campaign=yelp_api_v3&utm_medium=api_v3_business_search&utm_source=ULHW7ynqdXE8Z9Fnr4irFw"", ""review_count"": 8, ""categories"": [{""alias"": ""foodtrucks"", ""title"": ""Food Trucks""}, {""alias"": ""icecream"", ""title"": ""Ice Cream & Frozen Yoghurt""}], ""rating"": 5.0, ""coordinates"": {""latitude"": 36.1209259, ""longitude"": -80.0723293}, ""transactions"": [], ""price"": ""$"", ""location"": {""address1"": ""144 N Main St"", ""address2"": null, ""address3"": """", ""city"": ""Kernersville"", ""zip_code"": ""27284"", ""country"": ""US"", ""state"": ""NC"", ""display_address"": [""144 N Main St"", ""Kernersville, NC 27284"", ""United States""]}, ""phone"": ""+13362878854"", ""display_phone"": ""+1 336-287-8854"", ""distance"": 7915.561167064274}, {""id"": ""jOWfhKRhpOEFLkfLsbap2w"", ""alias"": ""the-katharine-brasserie-and-bar-winston-salem-2"", ""name"": ""The Katharine Brasserie & Bar"", ""image_url"": ""https://s3-media2.fl.yelpcdn.com/bphoto/X1u4dlbJqwwoHAKtKTfMgg/o.jpg"", ""is_closed"": false, ""url"": ""https://www.yelp.ie/biz/the-katharine-brasserie-and-bar-winston-salem-2?adjust_creative=ULHW7ynqdXE8Z9Fnr4irFw&utm_campaign=yelp_api_v3&utm_medium=api_v3_business_search&utm_source=ULHW7ynqdXE8Z9Fnr4irFw"", ""review_count"": 190, ""categories"": [{""alias"": ""french"", ""title"": ""French""}, {""alias"": ""wine_bars"", ""title"": ""Wine Bars""}, {""alias"": ""brasseries"", ""title"": ""Brasserie""}], ""rating"": 4.0, ""coordinates"": {""latitude"": 36.09891949704407, ""longitude"": -80.24383393431019}, ""transactions"": [""delivery"", ""pickup""], ""price"": ""$$$"", ""location"": {""address1"": ""401 N Main St"", ""address2"": """", ""address3"": null, ""city"": ""Winston-Salem"", ""zip_code"": ""27101"", ""country"": ""US"", ""state"": ""NC"", ""display_address"": [""401 N Main St"", ""Winston-Salem, NC 27101"", ""United States""]}, ""phone"": ""+13367610203"", ""display_phone"": ""+1 336-761-0203"", ""distance"": 7794.170922678663}, {""id"": ""anumLIxLMpUmsrzxbztOmg"", ""alias"": ""reboot-arcade-bar-winston-salem"", ""name"": ""Reboot Arcade Bar"", ""image_url"": ""https://s3-media1.fl.yelpcdn.com/bphoto/pv9J-FXmTtKaKpQ75IsJcA/o.jpg"", ""is_closed"": false, ""url"": ""https://www.yelp.ie/biz/reboot-arcade-bar-winston-salem?adjust_creative=ULHW7ynqdXE8Z9Fnr4irFw&utm_campaign=yelp_api_v3&utm_medium=api_v3_business_search&utm_source=ULHW7ynqdXE8Z9Fnr4irFw"", ""review_count"": 38, ""categories"": [{""alias"": ""cocktailbars"", ""title"": ""Cocktail Bars""}, {""alias"": ""arcades"", ""title"": ""Arcades""}, {""alias"": ""pubs"", ""title"": ""Pubs""}], ""rating"": 4.0, ""coordinates"": {""latitude"": 36.1008179, ""longitude"": -80.245531}, ""transactions"": [], ""price"": ""$"", ""location"": {""address1"": ""534 N Liberty St"", ""address2"": """", ""address3"": null, ""city"": ""Winston-Salem"", ""zip_code"": ""27101"", ""country"": ""US"", ""state"": ""NC"", ""display_address"": [""534 N Liberty St"", ""Winston-Salem, NC 27101"", ""United States""]}, ""phone"": ""+13368936697"", ""display_phone"": ""+1 336-893-6697"", ""distance"": 7886.742834004396}, {""id"": ""QknD53cYgiOv-otCpfv1yg"", ""alias"": ""bernardins-restaurant-winston-salem"", ""name"": ""Bernardin's Restaurant"", ""image_url"": ""https://s3-media1.fl.yelpcdn.com/bphoto/pEy4liM7QlzNyXJO4_Zjbw/o.jpg"", ""is_closed"": false, ""url"": ""https://www.yelp.ie/biz/bernardins-restaurant-winston-salem?adjust_creative=ULHW7ynqdXE8Z9Fnr4irFw&utm_campaign=yelp_api_v3&utm_medium=api_v3_business_search&utm_source=ULHW7ynqdXE8Z9Fnr4irFw"", ""review_count"": 100, ""categories"": [{""alias"": ""newamerican"", ""title"": ""American (New)""}], ""rating"": 4.0, ""coordinates"": {""latitude"": 36.09738, ""longitude"": -80.25715}, ""transactions"": [], ""price"": ""$$$"", ""location"": {""address1"": ""901 W 4th St"", ""address2"": """", ""address3"": """", ""city"": ""Winston Salem"", ""zip_code"": ""27101"", ""country"": ""US"", ""state"": ""NC"", ""display_address"": [""901 W 4th St"", ""Winston Salem, NC 27101"", ""United States""]}, ""phone"": ""+13367256666"", ""display_phone"": ""+1 336-725-6666"", ""distance"": 8993.174852280745}, {""id"": ""ZU-YP9vmKQv6Bbtllvq-JA"", ""alias"": ""fratellis-italian-steakhouse-winston-salem"", ""name"": ""Fratelli's Italian Steakhouse"", ""image_url"": ""https://s3-media2.fl.yelpcdn.com/bphoto/pBCW9rZ15xsbSVFkhYvVhQ/o.jpg"", ""is_closed"": false, ""url"": ""https://www.yelp.ie/biz/fratellis-italian-steakhouse-winston-salem?adjust_creative=ULHW7ynqdXE8Z9Fnr4irFw&utm_campaign=yelp_api_v3&utm_medium=api_v3_business_search&utm_source=ULHW7ynqdXE8Z9Fnr4irFw"", ""review_count"": 214, ""categories"": [{""alias"": ""steak"", ""title"": ""Steakhouses""}, {""alias"": ""italian"", ""title"": ""Italian""}], ""rating"": 3.5, ""coordinates"": {""latitude"": 36.12136, ""longitude"": -80.28223}, ""transactions"": [""delivery""], ""price"": ""$$$"", ""location"": {""address1"": ""2000 Reynolda Rd"", ""address2"": """", ""address3"": """", ""city"": ""Winston-Salem"", ""zip_code"": ""27106"", ""country"": ""US"", ""state"": ""NC"", ""display_address"": [""2000 Reynolda Rd"", ""Winston-Salem, NC 27106"", ""United States""]}, ""phone"": ""+13364481704"", ""display_phone"": ""+1 336-448-1704"", ""distance"": 10952.372952581814}, {""id"": ""k70bhWuI7L22vp7j4_Ze-w"", ""alias"": ""white-and-wood-greensboro"", ""name"": ""White and Wood"", ""image_url"": ""https://s3-media1.fl.yelpcdn.com/bphoto/4IJb-39vWwLCYY6EVICInA/o.jpg"", ""is_closed"": false, ""url"": ""https://www.yelp.ie/biz/white-and-wood-greensboro?adjust_creative=ULHW7ynqdXE8Z9Fnr4irFw&utm_campaign=yelp_api_v3&utm_medium=api_v3_business_search&utm_source=ULHW7ynqdXE8Z9Fnr4irFw"", ""review_count"": 143, ""categories"": [{""alias"": ""wine_bars"", ""title"": ""Wine Bars""}, {""alias"": ""cocktailbars"", ""title"": ""Cocktail Bars""}, {""alias"": ""newamerican"", ""title"": ""American (New)""}], ""rating"": 4.5, ""coordinates"": {""latitude"": 36.07103, ""longitude"": -79.79009}, ""transactions"": [""delivery""], ""price"": ""$$$"", ""location"": {""address1"": ""215 S Elm St"", ""address2"": null, ""address3"": """", ""city"": ""Greensboro"", ""zip_code"": ""27401"", ""country"": ""US"", ""state"": ""NC"", ""display_address"": [""215 S Elm St"", ""Greensboro, NC 27401"", ""United States""]}, ""phone"": ""+13366381216"", ""display_phone"": ""+1 336-638-1216"", ""distance"": 33676.8094499476}, {""id"": ""hIp3i5wMIDOA5cqkbT6hLg"", ""alias"": ""petes-family-restaurant-clemmons-2"", ""name"": ""Pete's Family Restaurant"", ""image_url"": ""https://s3-media3.fl.yelpcdn.com/bphoto/bMp3drgPS9vPEMztaFkkZg/o.jpg"", ""is_closed"": false, ""url"": ""https://www.yelp.ie/biz/petes-family-restaurant-clemmons-2?adjust_creative=ULHW7ynqdXE8Z9Fnr4irFw&utm_campaign=yelp_api_v3&utm_medium=api_v3_business_search&utm_source=ULHW7ynqdXE8Z9Fnr4irFw"", ""review_count"": 73, ""categories"": [{""alias"": ""newamerican"", ""title"": ""American (New)""}, {""alias"": ""breakfast_brunch"", ""title"": ""Breakfast & Brunch""}], ""rating"": 4.0, ""coordinates"": {""latitude"": 36.024962, ""longitude"": -80.381457}, ""transactions"": [""delivery"", ""pickup""], ""price"": ""$"", ""location"": {""address1"": ""2661 Lewisville Clemmons Rd"", ""address2"": """", ""address3"": """", ""city"": ""Clemmons"", ""zip_code"": ""27012"", ""country"": ""US"", ""state"": ""NC"", ""display_address"": [""2661 Lewisville Clemmons Rd"", ""Clemmons, NC 27012"", ""United States""]}, ""phone"": ""+13367666793"", ""display_phone"": ""+1 336-766-6793"", ""distance"": 22406.468079103008}, {""id"": ""tLzTraFd7Ts0IK-ee_vzVg"", ""alias"": ""common-grounds-greensboro"", ""name"": ""Common Grounds"", ""image_url"": ""https://s3-media3.fl.yelpcdn.com/bphoto/6Zbbylecvg3gF1yMUwl8CA/o.jpg"", ""is_closed"": false, ""url"": ""https://www.yelp.ie/biz/common-grounds-greensboro?adjust_creative=ULHW7ynqdXE8Z9Fnr4irFw&utm_campaign=yelp_api_v3&utm_medium=api_v3_business_search&utm_source=ULHW7ynqdXE8Z9Fnr4irFw"", ""review_count"": 74, ""categories"": [{""alias"": ""coffee"", ""title"": ""Coffee & Tea Shops""}, {""alias"": ""venues"", ""title"": ""Venues & Event Spaces""}, {""alias"": ""videofilmproductions"", ""title"": ""Film & Video Production""}], ""rating"": 4.0, ""coordinates"": {""latitude"": 36.0686365, ""longitude"": -79.8280916}, ""transactions"": [], ""price"": ""$"", ""location"": {""address1"": ""602 S Elam Ave"", ""address2"": """", ""address3"": """", ""city"": ""Greensboro"", ""zip_code"": ""27403"", ""country"": ""US"", ""state"": ""NC"", ""display_address"": [""602 S Elam Ave"", ""Greensboro, NC 27403"", ""United States""]}, ""phone"": ""+13362686426"", ""display_phone"": ""+1 336-268-6426"", ""distance"": 30359.590364340693}, {""id"": ""E_2dYjYEFUNCXGjTP2csfg"", ""alias"": ""spring-house-restaurant-kitchen-and-bar-winston-salem"", ""name"": ""Spring House Restaurant, Kitchen & Bar"", ""image_url"": ""https://s3-media3.fl.yelpcdn.com/bphoto/mMo_2dozL348iPIsagW0mQ/o.jpg"", ""is_closed"": false, ""url"": ""https://www.yelp.ie/biz/spring-house-restaurant-kitchen-and-bar-winston-salem?adjust_creative=ULHW7ynqdXE8Z9Fnr4irFw&utm_campaign=yelp_api_v3&utm_medium=api_v3_business_search&utm_source=ULHW7ynqdXE8Z9Fnr4irFw"", ""review_count"": 184, ""categories"": [{""alias"": ""newamerican"", ""title"": ""American (New)""}, {""alias"": ""southern"", ""title"": ""Southern""}], ""rating"": 4.0, ""coordinates"": {""latitude"": 36.09854, ""longitude"": -80.25324}, ""transactions"": [""delivery""], ""price"": ""$$$"", ""location"": {""address1"": ""450 N Spring St"", ""address2"": """", ""address3"": """", ""city"": ""Winston-Salem"", ""zip_code"": ""27101"", ""country"": ""US"", ""state"": ""NC"", ""display_address"": [""450 N Spring St"", ""Winston-Salem, NC 27101"", ""United States""]}, ""phone"": ""+13362934797"", ""display_phone"": ""+1 336-293-4797"", ""distance"": 8627.608216669336}, {""id"": ""yKeNeg96OHVDVz3C0_w7PQ"", ""alias"": ""proximity-hotel-greensboro"", ""name"": ""Proximity Hotel"", ""image_url"": ""https://s3-media2.fl.yelpcdn.com/bphoto/Oktq-15dPWiDtfCJ3-Ldtg/o.jpg"", ""is_closed"": false, ""url"": ""https://www.yelp.ie/biz/proximity-hotel-greensboro?adjust_creative=ULHW7ynqdXE8Z9Fnr4irFw&utm_campaign=yelp_api_v3&utm_medium=api_v3_business_search&utm_source=ULHW7ynqdXE8Z9Fnr4irFw"", ""review_count"": 94, ""categories"": [{""alias"": ""hotels"", ""title"": ""Hotels""}], ""rating"": 4.5, ""coordinates"": {""latitude"": 36.08916, ""longitude"": -79.82124}, ""transactions"": [], ""price"": ""$$$"", ""location"": {""address1"": ""704 Green Valley Rd"", ""address2"": """", ""address3"": """", ""city"": ""Greensboro"", ""zip_code"": ""27408"", ""country"": ""US"", ""state"": ""NC"", ""display_address"": [""704 Green Valley Rd"", ""Greensboro, NC 27408"", ""United States""]}, ""phone"": ""+13363798200"", ""display_phone"": ""+1 336-379-8200"", ""distance"": 30650.73286695592}, {""id"": ""EWKjQZYxQEFgkeak1xgNlQ"", ""alias"": ""center-grove-grill-and-soda-shop-greensboro"", ""name"": ""Center Grove Grill & Soda Shop"", ""image_url"": ""https://s3-media2.fl.yelpcdn.com/bphoto/Pa-6qtSDD96yEWy_xTTl_Q/o.jpg"", ""is_closed"": false, ""url"": ""https://www.yelp.ie/biz/center-grove-grill-and-soda-shop-greensboro?adjust_creative=ULHW7ynqdXE8Z9Fnr4irFw&utm_campaign=yelp_api_v3&utm_medium=api_v3_business_search&utm_source=ULHW7ynqdXE8Z9Fnr4irFw"", ""review_count"": 33, ""categories"": [{""alias"": ""newamerican"", ""title"": ""American (New)""}, {""alias"": ""salad"", ""title"": ""Salad""}, {""alias"": ""sandwiches"", ""title"": ""Sandwiches""}], ""rating"": 4.0, ""coordinates"": {""latitude"": 36.200422, ""longitude"": -79.843785}, ""transactions"": [""delivery""], ""price"": ""$"", ""location"": {""address1"": ""998 Nc Hwy 150 W"", ""address2"": ""Suite B"", ""address3"": null, ""city"": ""Greensboro"", ""zip_code"": ""27455"", ""country"": ""US"", ""state"": ""NC"", ""display_address"": [""998 Nc Hwy 150 W"", ""Suite B"", ""Greensboro, NC 27455"", ""United States""]}, ""phone"": ""+13366438089"", ""display_phone"": ""+1 336-643-8089"", ""distance"": 29860.750024793793}, {""id"": ""yBY9dHuUfD3sf4oB6AQpoQ"", ""alias"": ""1618-west-seafood-grill-greensboro-3"", ""name"": ""1618 West Seafood Grill"", ""image_url"": ""https://s3-media1.fl.yelpcdn.com/bphoto/9soyEb55TSqUSTgZ_01ZdA/o.jpg"", ""is_closed"": false, ""url"": ""https://www.yelp.ie/biz/1618-west-seafood-grill-greensboro-3?adjust_creative=ULHW7ynqdXE8Z9Fnr4irFw&utm_campaign=yelp_api_v3&utm_medium=api_v3_business_search&utm_source=ULHW7ynqdXE8Z9Fnr4irFw"", ""review_count"": 260, ""categories"": [{""alias"": ""seafood"", ""title"": ""Seafood""}], ""rating"": 4.5, ""coordinates"": {""latitude"": 36.07599, ""longitude"": -79.81522}, ""transactions"": [""delivery""], ""price"": ""$$$"", ""location"": {""address1"": ""1618 W Friendly Ave"", ""address2"": null, ""address3"": null, ""city"": ""Greensboro"", ""zip_code"": ""27403"", ""country"": ""US"", ""state"": ""NC"", ""display_address"": [""1618 W Friendly Ave"", ""Greensboro, NC 27403"", ""United States""]}, ""phone"": ""+13362350898"", ""display_phone"": ""+1 336-235-0898"", ""distance"": 31360.265137537543}, {""id"": ""ojkFWixf3Ri8D-lGAYV8ww"", ""alias"": ""mjs-restaurant-and-catering-greensboro"", ""name"": ""MJ's Restaurant & Catering"", ""image_url"": ""https://s3-media2.fl.yelpcdn.com/bphoto/BCRaDeLXyPJ-R-IiSk3dfA/o.jpg"", ""is_closed"": false, ""url"": ""https://www.yelp.ie/biz/mjs-restaurant-and-catering-greensboro?adjust_creative=ULHW7ynqdXE8Z9Fnr4irFw&utm_campaign=yelp_api_v3&utm_medium=api_v3_business_search&utm_source=ULHW7ynqdXE8Z9Fnr4irFw"", ""review_count"": 98, ""categories"": [{""alias"": ""seafood"", ""title"": ""Seafood""}, {""alias"": ""steak"", ""title"": ""Steakhouses""}, {""alias"": ""french"", ""title"": ""French""}], ""rating"": 4.5, ""coordinates"": {""latitude"": 36.0885, ""longitude"": -79.88428}, ""transactions"": [""delivery""], ""price"": ""$$$"", ""location"": {""address1"": ""620 Dolley Madison Rd"", ""address2"": """", ""address3"": """", ""city"": ""Greensboro"", ""zip_code"": ""27410"", ""country"": ""US"", ""state"": ""NC"", ""display_address"": [""620 Dolley Madison Rd"", ""Greensboro, NC 27410"", ""United States""]}, ""phone"": ""+13368524889"", ""display_phone"": ""+1 336-852-4889"", ""distance"": 25026.022574922932}, {""id"": ""4r69ZwPTbim07sATMPonDw"", ""alias"": ""the-ice-queen-greensboro-2"", ""name"": ""The Ice Queen"", ""image_url"": ""https://s3-media3.fl.yelpcdn.com/bphoto/jsjU-c7oYfLJ5pQkiotJdg/o.jpg"", ""is_closed"": false, ""url"": ""https://www.yelp.ie/biz/the-ice-queen-greensboro-2?adjust_creative=ULHW7ynqdXE8Z9Fnr4irFw&utm_campaign=yelp_api_v3&utm_medium=api_v3_business_search&utm_source=ULHW7ynqdXE8Z9Fnr4irFw"", ""review_count"": 22, ""categories"": [{""alias"": ""foodtrucks"", ""title"": ""Food Trucks""}, {""alias"": ""icecream"", ""title"": ""Ice Cream & Frozen Yoghurt""}], ""rating"": 4.5, ""coordinates"": {""latitude"": 36.07263, ""longitude"": -79.8868}, ""transactions"": [], ""price"": ""$"", ""location"": {""address1"": null, ""address2"": null, ""address3"": """", ""city"": ""Greensboro"", ""zip_code"": ""27409"", ""country"": ""US"", ""state"": ""NC"", ""display_address"": [""Greensboro, NC 27409"", ""United States""]}, ""phone"": ""+13362557421"", ""display_phone"": ""+1 336-255-7421"", ""distance"": 18911.30608362566}, {""id"": ""05LsJ9Q02rPK4bafJJgjlQ"", ""alias"": ""taqueria-lucianos-winston-salem"", ""name"": ""Taqueria Lucianos"", ""image_url"": ""https://s3-media2.fl.yelpcdn.com/bphoto/LhbWv_bdE9U7AsT0CeKVPw/o.jpg"", ""is_closed"": false, ""url"": ""https://www.yelp.ie/biz/taqueria-lucianos-winston-salem?adjust_creative=ULHW7ynqdXE8Z9Fnr4irFw&utm_campaign=yelp_api_v3&utm_medium=api_v3_business_search&utm_source=ULHW7ynqdXE8Z9Fnr4irFw"", ""review_count"": 23, ""categories"": [{""alias"": ""foodtrucks"", ""title"": ""Food Trucks""}], ""rating"": 4.0, ""coordinates"": {""latitude"": 36.1430356750022, ""longitude"": -80.2576592541414}, ""transactions"": [], ""price"": ""$"", ""location"": {""address1"": ""300 Polo Rd"", ""address2"": """", ""address3"": """", ""city"": ""Winston-Salem"", ""zip_code"": ""27105"", ""country"": ""US"", ""state"": ""NC"", ""display_address"": [""300 Polo Rd"", ""Winston-Salem, NC 27105"", ""United States""]}, ""phone"": ""+13367554782"", ""display_phone"": ""+1 336-755-4782"", ""distance"": 9165.485887028093}, {""id"": ""tDbil8imX66JHUN6K4-_Aw"", ""alias"": ""chop-house-at-mendenhall-high-point-2"", ""name"": ""Chop House  At Mendenhall"", ""image_url"": ""https://s3-media1.fl.yelpcdn.com/bphoto/BxkNsCSZUXxrwB0j9UvCFA/o.jpg"", ""is_closed"": false, ""url"": ""https://www.yelp.ie/biz/chop-house-at-mendenhall-high-point-2?adjust_creative=ULHW7ynqdXE8Z9Fnr4irFw&utm_campaign=yelp_api_v3&utm_medium=api_v3_business_search&utm_source=ULHW7ynqdXE8Z9Fnr4irFw"", ""review_count"": 101, ""categories"": [{""alias"": ""steak"", ""title"": ""Steakhouses""}, {""alias"": ""seafood"", ""title"": ""Seafood""}], ""rating"": 3.5, ""coordinates"": {""latitude"": 36.048096, ""longitude"": -79.961148}, ""transactions"": [""delivery""], ""price"": ""$$$"", ""location"": {""address1"": ""4001 Meeting Way"", ""address2"": null, ""address3"": null, ""city"": ""High Point"", ""zip_code"": ""27265"", ""country"": ""US"", ""state"": ""NC"", ""display_address"": [""4001 Meeting Way"", ""High Point, NC 27265"", ""United States""]}, ""phone"": ""+13368417156"", ""display_phone"": ""+1 336-841-7156"", ""distance"": 19523.20695157483}, {""id"": ""FMz7cYfY7ns3t9gNcyQGqA"", ""alias"": ""b-christophers-greensboro"", ""name"": ""B Christopher's"", ""image_url"": ""https://s3-media4.fl.yelpcdn.com/bphoto/JGrc3gz6UkcSPdZZMNqCbQ/o.jpg"", ""is_closed"": false, ""url"": ""https://www.yelp.ie/biz/b-christophers-greensboro?adjust_creative=ULHW7ynqdXE8Z9Fnr4irFw&utm_campaign=yelp_api_v3&utm_medium=api_v3_business_search&utm_source=ULHW7ynqdXE8Z9Fnr4irFw"", ""review_count"": 92, ""categories"": [{""alias"": ""tradamerican"", ""title"": ""American (Traditional)""}, {""alias"": ""steak"", ""title"": ""Steakhouses""}], ""rating"": 4.0, ""coordinates"": {""latitude"": 36.0737753940228, ""longitude"": -79.7905750572681}, ""transactions"": [""delivery""], ""price"": ""$$$"", ""location"": {""address1"": ""201 N Elm St"", ""address2"": """", ""address3"": """", ""city"": ""Greensboro"", ""zip_code"": ""27401"", ""country"": ""US"", ""state"": ""NC"", ""display_address"": [""201 N Elm St"", ""Greensboro, NC 27401"", ""United States""]}, ""phone"": ""+13362745900"", ""display_phone"": ""+1 336-274-5900"", ""distance"": 33590.60386460021}, {""id"": ""lhefubKYGAH_G5Ea8KF8xQ"", ""alias"": ""fleming-s-prime-steakhouse-and-wine-bar-greensboro-4"", ""name"": ""Fleming\u2019s Prime Steakhouse & Wine Bar"", ""image_url"": ""https://s3-media1.fl.yelpcdn.com/bphoto/2Ufnl2vZDRt-qs0Dehymmg/o.jpg"", ""is_closed"": false, ""url"": ""https://www.yelp.ie/biz/fleming-s-prime-steakhouse-and-wine-bar-greensboro-4?adjust_creative=ULHW7ynqdXE8Z9Fnr4irFw&utm_campaign=yelp_api_v3&utm_medium=api_v3_business_search&utm_source=ULHW7ynqdXE8Z9Fnr4irFw"", ""review_count"": 190, ""categories"": [{""alias"": ""steak"", ""title"": ""Steakhouses""}, {""alias"": ""wine_bars"", ""title"": ""Wine Bars""}, {""alias"": ""seafood"", ""title"": ""Seafood""}], ""rating"": 4.0, ""coordinates"": {""latitude"": 36.08682101073872, ""longitude"": -79.84019600000002}, ""transactions"": [], ""price"": ""$$$"", ""location"": {""address1"": ""3342 W Friendly Ave"", ""address2"": """", ""address3"": """", ""city"": ""Greensboro"", ""zip_code"": ""27410"", ""country"": ""US"", ""state"": ""NC"", ""display_address"": [""3342 W Friendly Ave"", ""Greensboro, NC 27410"", ""United States""]}, ""phone"": ""+13362947790"", ""display_phone"": ""+1 336-294-7790"", ""distance"": 28975.773076969443}, {""id"": ""YyKSaRcSLcTuxC4nrR9M0Q"", ""alias"": ""leblon-brazilian-steakhouse-greensboro"", ""name"": ""Leblon Brazilian Steakhouse"", ""image_url"": ""https://s3-media1.fl.yelpcdn.com/bphoto/Npg548JkfnjB0Cq_52sk6w/o.jpg"", ""is_closed"": false, ""url"": ""https://www.yelp.ie/biz/leblon-brazilian-steakhouse-greensboro?adjust_creative=ULHW7ynqdXE8Z9Fnr4irFw&utm_campaign=yelp_api_v3&utm_medium=api_v3_business_search&utm_source=ULHW7ynqdXE8Z9Fnr4irFw"", ""review_count"": 180, ""categories"": [{""alias"": ""brazilian"", ""title"": ""Brazilian""}, {""alias"": ""wine_bars"", ""title"": ""Wine Bars""}, {""alias"": ""steak"", ""title"": ""Steakhouses""}], ""rating"": 4.0, ""coordinates"": {""latitude"": 36.0719688, ""longitude"": -79.8478462}, ""transactions"": [""delivery"", ""pickup""], ""price"": ""$$$"", ""location"": {""address1"": ""106 S Holden Rd"", ""address2"": """", ""address3"": """", ""city"": ""Greensboro"", ""zip_code"": ""27407"", ""country"": ""US"", ""state"": ""NC"", ""display_address"": [""106 S Holden Rd"", ""Greensboro, NC 27407"", ""United States""]}, ""phone"": ""+13362942605"", ""display_phone"": ""+1 336-294-2605"", ""distance"": 28546.295030007997}, {""id"": ""_tWHpc5E7TOdfo_e5LV3xA"", ""alias"": ""steak-street-high-point"", ""name"": ""Steak Street"", ""image_url"": ""https://s3-media2.fl.yelpcdn.com/bphoto/S7MkoD4b-sPiPtrg916-2Q/o.jpg"", ""is_closed"": false, ""url"": ""https://www.yelp.ie/biz/steak-street-high-point?adjust_creative=ULHW7ynqdXE8Z9Fnr4irFw&utm_campaign=yelp_api_v3&utm_medium=api_v3_business_search&utm_source=ULHW7ynqdXE8Z9Fnr4irFw"", ""review_count"": 185, ""categories"": [{""alias"": ""steak"", ""title"": ""Steakhouses""}, {""alias"": ""bars"", ""title"": ""Bars""}, {""alias"": ""seafood"", ""title"": ""Seafood""}], ""rating"": 3.0, ""coordinates"": {""latitude"": 36.0613, ""longitude"": -79.96325}, ""transactions"": [""delivery""], ""price"": ""$$$"", ""location"": {""address1"": ""3915 Sedgebrook St"", ""address2"": """", ""address3"": """", ""city"": ""High Point"", ""zip_code"": ""27265"", ""country"": ""US"", ""state"": ""NC"", ""display_address"": [""3915 Sedgebrook St"", ""High Point, NC 27265"", ""United States""]}, ""phone"": ""+13368410222"", ""display_phone"": ""+1 336-841-0222"", ""distance"": 18811.197883512436}, {""id"": ""9CPV-9UuQN9pxJPIU313zA"", ""alias"": ""kimpton-cardinal-hotel-winston-salem"", ""name"": ""Kimpton Cardinal Hotel"", ""image_url"": ""https://s3-media2.fl.yelpcdn.com/bphoto/L__Sqm7b4SM7iKWnOh1x7w/o.jpg"", ""is_closed"": false, ""url"": ""https://www.yelp.ie/biz/kimpton-cardinal-hotel-winston-salem?adjust_creative=ULHW7ynqdXE8Z9Fnr4irFw&utm_campaign=yelp_api_v3&utm_medium=api_v3_business_search&utm_source=ULHW7ynqdXE8Z9Fnr4irFw"", ""review_count"": 86, ""categories"": [{""alias"": ""hotels"", ""title"": ""Hotels""}, {""alias"": ""venues"", ""title"": ""Venues & Event Spaces""}], ""rating"": 3.5, ""coordinates"": {""latitude"": 36.0987461698363, ""longitude"": -80.2438158034898}, ""transactions"": [], ""price"": ""$$$"", ""location"": {""address1"": ""51 4th St E"", ""address2"": """", ""address3"": """", ""city"": ""Winston-Salem"", ""zip_code"": ""27101"", ""country"": ""US"", ""state"": ""NC"", ""display_address"": [""51 4th St E"", ""Winston-Salem, NC 27101"", ""United States""]}, ""phone"": ""+18772163448"", ""display_phone"": ""+1 877-216-3448"", ""distance"": 7797.910037234505}, {""id"": ""ocmWU41IoEehjcviVWhrfQ"", ""alias"": ""camel-city-grill-food-truck-winston-salem"", ""name"": ""Camel City Grill Food Truck"", ""image_url"": ""https://s3-media4.fl.yelpcdn.com/bphoto/AVK7R1-Ox-kZvavapS3xlA/o.jpg"", ""is_closed"": false, ""url"": ""https://www.yelp.ie/biz/camel-city-grill-food-truck-winston-salem?adjust_creative=ULHW7ynqdXE8Z9Fnr4irFw&utm_campaign=yelp_api_v3&utm_medium=api_v3_business_search&utm_source=ULHW7ynqdXE8Z9Fnr4irFw"", ""review_count"": 15, ""categories"": [{""alias"": ""foodtrucks"", ""title"": ""Food Trucks""}], ""rating"": 4.5, ""coordinates"": {""latitude"": 36.1000099182129, ""longitude"": -80.2411575317383}, ""transactions"": [], ""price"": ""$"", ""location"": {""address1"": """", ""address2"": """", ""address3"": """", ""city"": ""Winston-Salem"", ""zip_code"": ""27012"", ""country"": ""US"", ""state"": ""NC"", ""display_address"": [""Winston-Salem, NC 27012"", ""United States""]}, ""phone"": ""+13365756192"", ""display_phone"": ""+1 336-575-6192"", ""distance"": 23777.02637007343}, {""id"": ""xQBxghIh0m6-5l83zZkBbA"", ""alias"": ""olympic-family-restaurant-colfax"", ""name"": ""Olympic Family Restaurant"", ""image_url"": ""https://s3-media4.fl.yelpcdn.com/bphoto/l2LvhWl8cIFin0wRu8YT5g/o.jpg"", ""is_closed"": false, ""url"": ""https://www.yelp.ie/biz/olympic-family-restaurant-colfax?adjust_creative=ULHW7ynqdXE8Z9Fnr4irFw&utm_campaign=yelp_api_v3&utm_medium=api_v3_business_search&utm_source=ULHW7ynqdXE8Z9Fnr4irFw"", ""review_count"": 44, ""categories"": [{""alias"": ""newamerican"", ""title"": ""American (New)""}], ""rating"": 3.5, ""coordinates"": {""latitude"": 36.104151, ""longitude"": -79.9907491}, ""transactions"": [], ""price"": ""$"", ""location"": {""address1"": ""8900 W Market St"", ""address2"": null, ""address3"": null, ""city"": ""Colfax"", ""zip_code"": ""27235"", ""country"": ""US"", ""state"": ""NC"", ""display_address"": [""8900 W Market St"", ""Colfax, NC 27235"", ""United States""]}, ""phone"": ""+13366054745"", ""display_phone"": ""+1 336-605-4745"", ""distance"": 15317.421017113}, {""id"": ""GGrRT1B1g8bmNQ656rOyqg"", ""alias"": ""meridian-restaurant-winston-salem"", ""name"": ""Meridian Restaurant"", ""image_url"": ""https://s3-media4.fl.yelpcdn.com/bphoto/618zcSKQ6XnC6oa6rV6kLQ/o.jpg"", ""is_closed"": false, ""url"": ""https://www.yelp.ie/biz/meridian-restaurant-winston-salem?adjust_creative=ULHW7ynqdXE8Z9Fnr4irFw&utm_campaign=yelp_api_v3&utm_medium=api_v3_business_search&utm_source=ULHW7ynqdXE8Z9Fnr4irFw"", ""review_count"": 84, ""categories"": [{""alias"": ""newamerican"", ""title"": ""American (New)""}], ""rating"": 3.5, ""coordinates"": {""latitude"": 36.090649, ""longitude"": -80.246199}, ""transactions"": [""delivery""], ""price"": ""$$$"", ""location"": {""address1"": ""411 S Marshall St"", ""address2"": """", ""address3"": """", ""city"": ""Winston Salem"", ""zip_code"": ""27101"", ""country"": ""US"", ""state"": ""NC"", ""display_address"": [""411 S Marshall St"", ""Winston Salem, NC 27101"", ""United States""]}, ""phone"": ""+13367228889"", ""display_phone"": ""+1 336-722-8889"", ""distance"": 8291.870342934926}, {""id"": ""pZaQTvjvndtZw_8QAGsPKg"", ""alias"": ""west-end-opera-house-winston-salem-2"", ""name"": ""West End Opera House"", ""image_url"": ""https://s3-media1.fl.yelpcdn.com/bphoto/6girTcQrxlfetbEpNX76vw/o.jpg"", ""is_closed"": false, ""url"": ""https://www.yelp.ie/biz/west-end-opera-house-winston-salem-2?adjust_creative=ULHW7ynqdXE8Z9Fnr4irFw&utm_campaign=yelp_api_v3&utm_medium=api_v3_business_search&utm_source=ULHW7ynqdXE8Z9Fnr4irFw"", ""review_count"": 25, ""categories"": [{""alias"": ""divebars"", ""title"": ""Dive Bars""}, {""alias"": ""pubs"", ""title"": ""Pubs""}], ""rating"": 3.5, ""coordinates"": {""latitude"": 36.10225, ""longitude"": -80.26196}, ""transactions"": [], ""price"": ""$"", ""location"": {""address1"": ""853 Reynolda Rd"", ""address2"": """", ""address3"": """", ""city"": ""Winston-Salem"", ""zip_code"": ""27104"", ""country"": ""US"", ""state"": ""NC"", ""display_address"": [""853 Reynolda Rd"", ""Winston-Salem, NC 27104"", ""United States""]}, ""phone"": ""+13367210083"", ""display_phone"": ""+1 336-721-0083"", ""distance"": 9294.587803476461}, {""id"": ""X2iz7nKhgE6QCXQM-c44oQ"", ""alias"": ""bull-city-ciderworks-lexington-lexington-2"", ""name"": ""Bull City Ciderworks - Lexington"", ""image_url"": ""https://s3-media4.fl.yelpcdn.com/bphoto/i_B2Ekzc7CxPTmuQQeHrEQ/o.jpg"", ""is_closed"": false, ""url"": ""https://www.yelp.ie/biz/bull-city-ciderworks-lexington-lexington-2?adjust_creative=ULHW7ynqdXE8Z9Fnr4irFw&utm_campaign=yelp_api_v3&utm_medium=api_v3_business_search&utm_source=ULHW7ynqdXE8Z9Fnr4irFw"", ""review_count"": 34, ""categories"": [{""alias"": ""cideries"", ""title"": ""Cideries""}], ""rating"": 4.0, ""coordinates"": {""latitude"": 35.818636864432996, ""longitude"": -80.25713503446062}, ""transactions"": [], ""price"": ""$"", ""location"": {""address1"": ""599 S Railroad St"", ""address2"": """", ""address3"": """", ""city"": ""Lexington"", ""zip_code"": ""27292"", ""country"": ""US"", ""state"": ""NC"", ""display_address"": [""599 S Railroad St"", ""Lexington, NC 27292"", ""United States""]}, ""phone"": ""+13362409497"", ""display_phone"": ""+1 336-240-9497"", ""distance"": 34418.59352299756}, {""id"": ""dVR0nH5ZvY1-HK2Q306KPA"", ""alias"": ""la-palma-greensboro"", ""name"": ""La Palma"", ""image_url"": ""https://s3-media3.fl.yelpcdn.com/bphoto/KLsBJeOQJubjAoNCkC4-Ng/o.jpg"", ""is_closed"": false, ""url"": ""https://www.yelp.ie/biz/la-palma-greensboro?adjust_creative=ULHW7ynqdXE8Z9Fnr4irFw&utm_campaign=yelp_api_v3&utm_medium=api_v3_business_search&utm_source=ULHW7ynqdXE8Z9Fnr4irFw"", ""review_count"": 126, ""categories"": [{""alias"": ""dominican"", ""title"": ""Dominican""}, {""alias"": ""newamerican"", ""title"": ""American (New)""}], ""rating"": 4.5, ""coordinates"": {""latitude"": 36.03128, ""longitude"": -79.86583}, ""transactions"": [""delivery""], ""price"": ""$"", ""location"": {""address1"": ""4623 W Gate City Blvd"", ""address2"": ""Ste G"", ""address3"": null, ""city"": ""Greensboro"", ""zip_code"": ""27407"", ""country"": ""US"", ""state"": ""NC"", ""display_address"": [""4623 W Gate City Blvd"", ""Ste G"", ""Greensboro, NC 27407"", ""United States""]}, ""phone"": ""+13367632987"", ""display_phone"": ""+1 336-763-2987"", ""distance"": 28178.052737628237}, {""id"": ""F9IeJ2sIUhxuzPVxwWSvUw"", ""alias"": ""o-henry-hotel-greensboro"", ""name"": ""O.Henry Hotel"", ""image_url"": ""https://s3-media1.fl.yelpcdn.com/bphoto/7X5XhGJZqgEKohQgZ8zi_A/o.jpg"", ""is_closed"": false, ""url"": ""https://www.yelp.ie/biz/o-henry-hotel-greensboro?adjust_creative=ULHW7ynqdXE8Z9Fnr4irFw&utm_campaign=yelp_api_v3&utm_medium=api_v3_business_search&utm_source=ULHW7ynqdXE8Z9Fnr4irFw"", ""review_count"": 104, ""categories"": [{""alias"": ""hotels"", ""title"": ""Hotels""}, {""alias"": ""venues"", ""title"": ""Venues & Event Spaces""}], ""rating"": 4.5, ""coordinates"": {""latitude"": 36.08661466658609, ""longitude"": -79.8261362200432}, ""transactions"": [], ""price"": ""$$$"", ""location"": {""address1"": ""624 Green Valley Rd"", ""address2"": """", ""address3"": """", ""city"": ""Greensboro"", ""zip_code"": ""27408"", ""country"": ""US"", ""state"": ""NC"", ""display_address"": [""624 Green Valley Rd"", ""Greensboro, NC 27408"", ""United States""]}, ""phone"": ""+13368542000"", ""display_phone"": ""+1 336-854-2000"", ""distance"": 30232.856021918327}], ""total"": 54, ""region"": {""center"": {""longitude"": -80.160385, ""latitude"": 36.118103}}}",application/json,true,none
test_qhqlfc1ckep1_getBusinesses,400,"{""error"": {""code"": ""VALIDATION_ERROR"", ""description"": ""Please specify a location or a latitude and longitude""}}",application/json,true,none
test_qhvolupontk3_getBusinesses,200,"{""businesses"": [], ""total"": 0, ""region"": {""center"": {""longitude"": 139.76669311523438, ""latitude"": 35.685011526354074}}}",application/json,true,none
test_qxi8km48pv8l_getBusinesses,200,"{""businesses"": [], ""total"": 0, ""region"": {""center"": {""longitude"": 9.189033508300781, ""latitude"": 45.47047287954827}}}",application/json,true,none
test_qxobxbmx4s35_getBusinesses,400,"{""error"": {""code"": ""VALIDATION_ERROR"", ""description"": ""Please specify a location or a latitude and longitude""}}",application/json,true,none
test_r179cugi8c38_getBusinesses,400,"{""error"": {""code"": ""OPEN_AT_AND_NOW_PROVIDED"", ""description"": ""You must specify either open_at or open_now, not both.""}}",application/json,true,none
test_r1l5bm71la2g_getBusinesses,200,"{""businesses"": [], ""total"": 15, ""region"": {""center"": {""longitude"": -122.43644714355469, ""latitude"": 37.76089938976322}}}",application/json,true,none
test_rh7qs37kb5ut_getBusinesses,200,"{""businesses"": [], ""total"": 0, ""region"": {""center"": {""longitude"": 9.189033508300781, ""latitude"": 45.47047287954827}}}",application/json,true,none
test_rhb19q4vhhyp_getBusinesses,400,"{""error"": {""code"": ""LOCATION_NOT_FOUND"", ""description"": ""Could not execute search, try specifying a more exact location.""}}",application/json,true,none
test_rkwup04tqvqx_getBusinesses,200,"{""businesses"": [], ""total"": 0, ""region"": {""center"": {""longitude"": 144.96734619140625, ""latitude"": -37.81787593178502}}}",application/json,true,none
test_s4p4tgxfg08o_getBusinesses,200,"{""businesses"": [], ""total"": 0, ""region"": {""center"": {""longitude"": -88.36649, ""latitude"": 37.276497}}}",application/json,true,none
test_s506amie486e_getBusinesses,200,"{""businesses"": [], ""total"": 0, ""region"": {""center"": {""longitude"": 144.96734619140625, ""latitude"": -37.81787593178502}}}",application/json,true,none
test_skxw2x2fz0op_getBusinesses,200,"{""businesses"": [{""id"": ""WCEqJjrM503r1UuhjZvJig"", ""alias"": ""sol-sevilla"", ""name"": ""Sol"", ""image_url"": ""https://s3-media3.fl.yelpcdn.com/bphoto/Ba2oz2fgSZw2vqajCJAXfQ/o.jpg"", ""is_closed"": false, ""url"": ""https://www.yelp.com/biz/sol-sevilla?adjust_creative=ULHW7ynqdXE8Z9Fnr4irFw&utm_campaign=yelp_api_v3&utm_medium=api_v3_business_search&utm_source=ULHW7ynqdXE8Z9Fnr4irFw"", ""review_count"": 1, ""categories"": [{""alias"": ""japanese"", ""title"": ""Japanese""}, {""alias"": ""buffets"", ""title"": ""Buffets""}, {""alias"": ""chinese"", ""title"": ""Chinese""}], ""rating"": 4.0, ""coordinates"": {""latitude"": 37.3799286, ""longitude"": -5.9791298}, ""transactions"": [], ""location"": {""address1"": ""Calle Jos\u00e9 Recuerda Rubio, 1"", ""address2"": """", ""address3"": """", ""city"": ""Seville"", ""zip_code"": ""41018"", ""country"": ""ES"", ""state"": ""SE"", ""display_address"": [""Calle Jos\u00e9 Recuerda Rubio, 1"", ""41018 Seville"", ""Spain""]}, ""phone"": ""+34954633751"", ""display_phone"": ""+34 954 63 37 51"", ""distance"": 1166.9115541301392}, {""id"": ""EAbOXeTcu3SVWLkXdh31Rg"", ""alias"": ""drag\u00f3n-de-jade-sevilla-2"", ""name"": ""Drag\u00f3n de Jade"", ""image_url"": ""https://s3-media3.fl.yelpcdn.com/bphoto/yKQu7Ta3bL0uZeJvUlIDuA/o.jpg"", ""is_closed"": false, ""url"": ""https://www.yelp.com/biz/drag%C3%B3n-de-jade-sevilla-2?adjust_creative=ULHW7ynqdXE8Z9Fnr4irFw&utm_campaign=yelp_api_v3&utm_medium=api_v3_business_search&utm_source=ULHW7ynqdXE8Z9Fnr4irFw"", ""review_count"": 3, ""categories"": [{""alias"": ""japanese"", ""title"": ""Japanese""}, {""alias"": ""chinese"", ""title"": ""Chinese""}, {""alias"": ""buffets"", ""title"": ""Buffets""}], ""rating"": 2.5, ""coordinates"": {""latitude"": 37.4004887351093, ""longitude"": -5.924062281847}, ""transactions"": [], ""location"": {""address1"": ""Calle Doctor Gonz\u00e1lez Caraballo, 1"", ""address2"": """", ""address3"": """", ""city"": ""Seville"", ""zip_code"": ""41020"", ""country"": ""ES"", ""state"": ""SE"", ""display_address"": [""Calle Doctor Gonz\u00e1lez Caraballo, 1"", ""41020 Seville"", ""Spain""]}, ""phone"": ""+34954406052"", ""display_phone"": ""+34 954 40 60 52"", ""distance"": 5605.112643718812}, {""id"": ""FS4qrRveEJBZCrhORatoQA"", ""alias"": ""wok-sol-naciente-camas"", ""name"": ""Wok Sol Naciente"", ""image_url"": ""https://s3-media1.fl.yelpcdn.com/bphoto/1E9ZVZimZiasKOPfk8jXFw/o.jpg"", ""is_closed"": false, ""url"": ""https://www.yelp.com/biz/wok-sol-naciente-camas?adjust_creative=ULHW7ynqdXE8Z9Fnr4irFw&utm_campaign=yelp_api_v3&utm_medium=api_v3_business_search&utm_source=ULHW7ynqdXE8Z9Fnr4irFw"", ""review_count"": 2, ""categories"": [{""alias"": ""buffets"", ""title"": ""Buffets""}, {""alias"": ""asianfusion"", ""title"": ""Asian Fusion""}], ""rating"": 1.5, ""coordinates"": {""latitude"": 37.3875999, ""longitude"": -6.0303502}, ""transactions"": [], ""price"": ""\u20ac\u20ac"", ""location"": {""address1"": ""Avenida de las Erillas S/n"", ""address2"": """", ""address3"": """", ""city"": ""Camas"", ""zip_code"": ""41910"", ""country"": ""ES"", ""state"": ""SE"", ""display_address"": [""Avenida de las Erillas S/n"", ""41910 Camas"", ""Spain""]}, ""phone"": ""+34954587285"", ""display_phone"": ""+34 954 58 72 85"", ""distance"": 3923.0150589495997}], ""total"": 3, ""region"": {""center"": {""longitude"": -5.985832214355469, ""latitude"": 37.38897024983557}}}",application/json,false,"OAS disconformity: [Path '/businesses/[item]/price'] Instance value ("""") not found in enum (possible values: [""$"";""$$"";""$$$"";""$$$$""])"
test_sl64zpjoxftw_getBusinesses,200,"{""businesses"": [], ""total"": 0, ""region"": {""center"": {""longitude"": -106.44927978515625, ""latitude"": 31.653215982221013}}}",application/json,true,none
test_socauryt8oq9_getBusinesses,200,"{""businesses"": [], ""total"": 0, ""region"": {""center"": {""longitude"": -106.44927978515625, ""latitude"": 31.653215982221013}}}",application/json,true,none
test_sof30kwpnhpd_getBusinesses,200,"{""businesses"": [], ""total"": 0, ""region"": {""center"": {""longitude"": -93.5849, ""latitude"": 36.923763}}}",application/json,true,none
test_t4hvljcrmv6r_getBusinesses,200,"{""businesses"": [], ""total"": 0, ""region"": {""center"": {""longitude"": -111.43999, ""latitude"": 40.098312}}}",application/json,true,none
test_t4w8e9u1r4mr_getBusinesses,400,"{""error"": {""code"": ""VALIDATION_ERROR"", ""description"": ""Please specify a location or a latitude and longitude""}}",application/json,true,none
test_t8fpkh6x583a_getBusinesses,200,"{""businesses"": [], ""total"": 0, ""region"": {""center"": {""longitude"": -97.20044, ""latitude"": 34.34051}}}",application/json,true,none
test_tnyzft47klkp_getBusinesses,200,"{""businesses"": [], ""total"": 0, ""region"": {""center"": {""longitude"": -122.43644714355469, ""latitude"": 37.76089938976322}}}",application/json,true,none
test_tnzigqoy8660_getBusinesses,200,"{""businesses"": [], ""total"": 0, ""region"": {""center"": {""longitude"": -109.489456, ""latitude"": 35.89885}}}",application/json,true,none
test_toigx1tjg7qp_getBusinesses,400,"{""error"": {""code"": ""VALIDATION_ERROR"", ""description"": ""Please specify a location or a latitude and longitude""}}",application/json,true,none
test_tooh7pchnfw5_getBusinesses,200,"{""businesses"": [], ""total"": 0, ""region"": {""center"": {""longitude"": -105.96038818359375, ""latitude"": 35.665062782072155}}}",application/json,true,none
test_ts4qp6mziycm_getBusinesses,400,"{""error"": {""code"": ""VALIDATION_ERROR"", ""description"": ""Please specify a location or a latitude and longitude""}}",application/json,true,none
test_uv8n0150a0rq_getBusinesses,200,"{""businesses"": [], ""total"": 0, ""region"": {""center"": {""longitude"": -5.985832214355469, ""latitude"": 37.38897024983557}}}",application/json,true,none
test_vb6di4zsog8p_getBusinesses,200,"{""businesses"": [], ""total"": 0, ""region"": {""center"": {""longitude"": -83.89172, ""latitude"": 40.83709}}}",application/json,true,none
test_vbhw6wzk9opw_getBusinesses,400,"{""error"": {""code"": ""VALIDATION_ERROR"", ""description"": ""Please specify a location or a latitude and longitude""}}",application/json,true,none
test_vf6ftw3jwo54_getBusinesses,400,"{""error"": {""code"": ""VALIDATION_ERROR"", ""description"": ""Please specify a location or a latitude and longitude""}}",application/json,true,none
