testResultId,statusCode,responseBody,outputContentType,passed,failReason
test_1h84rm1u0lnav_getBusinesses,200,"{""businesses"": [], ""total"": 0, ""region"": {""center"": {""longitude"": -94.00892, ""latitude"": 37.104477}}}",application/json,true,none
test_1hbjaqbwbdqux_getBusinesses,400,"{""error"": {""code"": ""VALIDATION_ERROR"", ""description"": ""Please specify a location or a latitude and longitude""}}",application/json,true,none
test_1hr8436ivnz21_getBusinesses,400,"{""error"": {""code"": ""VALIDATION_ERROR"", ""description"": ""Please specify a location or a latitude and longitude""}}",application/json,true,none
test_1hrdpz4gwcncg_getBusinesses,400,"{""error"": {""code"": ""VALIDATION_ERROR"", ""description"": ""Please specify a location or a latitude and longitude""}}",application/json,true,none
test_1hvb0wyulymgl_getBusinesses,200,"{""businesses"": [], ""total"": 0, ""region"": {""center"": {""longitude"": 139.76669311523438, ""latitude"": 35.685011526354074}}}",application/json,true,none
test_1iupwia4gpxdh_getBusinesses,400,"{""error"": {""code"": ""VALIDATION_ERROR"", ""description"": ""Please specify a location or a latitude and longitude""}}",application/json,true,none
test_1je9uur1uu738_getBusinesses,200,"{""businesses"": [], ""total"": 0, ""region"": {""center"": {""longitude"": 2.3421478271484375, ""latitude"": 48.86195860677958}}}",application/json,true,none
test_1jecohy7oenae_getBusinesses,400,"{""error"": {""code"": ""LOCATION_NOT_FOUND"", ""description"": ""Could not execute search, try specifying a more exact location.""}}",application/json,true,none
test_1jetatynf0xur_getBusinesses,400,"{""error"": {""code"": ""VALIDATION_ERROR"", ""description"": ""Please specify a location or a latitude and longitude""}}",application/json,true,none
test_1jyisnkj38njo_getBusinesses,200,"{""businesses"": [], ""total"": 0, ""region"": {""center"": {""longitude"": -88.26107025146484, ""latitude"": 44.75855738140011}}}",application/json,true,none
test_1jym37nul6gjd_getBusinesses,400,"{""error"": {""code"": ""VALIDATION_ERROR"", ""description"": ""Please specify a location or a latitude and longitude""}}",application/json,true,none
test_1jyodfxy6kuhu_getBusinesses,200,"{""businesses"": [], ""total"": 0, ""region"": {""center"": {""longitude"": -105.96038818359375, ""latitude"": 35.665062782072155}}}",application/json,true,none
test_qhl1vk1jvrqx_getBusinesses,200,"{""businesses"": [], ""total"": 0, ""region"": {""center"": {""longitude"": -105.96038818359375, ""latitude"": 35.665062782072155}}}",application/json,true,none
test_qhntpwzn4c3a_getBusinesses,400,"{""error"": {""code"": ""VALIDATION_ERROR"", ""description"": ""Please specify a location or a latitude and longitude""}}",application/json,true,none
test_qhqma0myfrjm_getBusinesses,200,"{""businesses"": [], ""total"": 0, ""region"": {""center"": {""longitude"": -89.18967, ""latitude"": 41.089706}}}",application/json,true,none
test_qxi86di34v1v_getBusinesses,200,"{""businesses"": [], ""total"": 0, ""region"": {""center"": {""longitude"": -84.67227, ""latitude"": 38.071438}}}",application/json,true,none
test_qxl125dl731t_getBusinesses,200,"{""businesses"": [], ""total"": 0, ""region"": {""center"": {""longitude"": -114.46368, ""latitude"": 37.021194}}}",application/json,true,none
test_qxoarc72w9br_getBusinesses,400,"{""error"": {""code"": ""VALIDATION_ERROR"", ""description"": ""Please specify a location or a latitude and longitude""}}",application/json,true,none
test_qxwnmw8eula0_getBusinesses,400,"{""error"": {""code"": ""VALIDATION_ERROR"", ""description"": ""The open_at provided is too long ago, the timestamp must be within the last two weeks.""}}",application/json,true,none
test_qxzdupy3pyeb_getBusinesses,200,"{""businesses"": [], ""total"": 0, ""region"": {""center"": {""longitude"": -115.58513, ""latitude"": 43.216846}}}",application/json,true,none
test_qxzebbetkfn8_getBusinesses,200,"{""businesses"": [], ""total"": 0, ""region"": {""center"": {""longitude"": -91.92091, ""latitude"": 39.868393}}}",application/json,true,none
test_r1cue07r1zqq_getBusinesses,400,"{""error"": {""code"": ""VALIDATION_ERROR"", ""description"": ""Please specify a location or a latitude and longitude""}}",application/json,true,none
test_r1cw0yvgocoj_getBusinesses,200,"{""businesses"": [], ""total"": 0, ""region"": {""center"": {""longitude"": -89.29924, ""latitude"": 38.03832}}}",application/json,true,none
test_rh51qj2ynnzs_getBusinesses,200,"{""businesses"": [{""id"": ""_LnqXVad85BHbi97GRswFA"", ""alias"": ""dia-de-los-pescados-el-paso-3"", ""name"": ""Dia De Los Pescados"", ""image_url"": ""https://s3-media1.fl.yelpcdn.com/bphoto/MxygOmULNVlgd8iKFdQpWg/o.jpg"", ""is_closed"": false, ""url"": ""https://fr.yelp.ca/biz/dia-de-los-pescados-el-paso-3?adjust_creative=ULHW7ynqdXE8Z9Fnr4irFw&utm_campaign=yelp_api_v3&utm_medium=api_v3_business_search&utm_source=ULHW7ynqdXE8Z9Fnr4irFw"", ""review_count"": 58, ""categories"": [{""alias"": ""foodtrucks"", ""title"": ""Camions de rue""}, {""alias"": ""seafood"", ""title"": ""Fruits de mer""}, {""alias"": ""tacos"", ""title"": ""Tacos""}], ""rating"": 4.5, ""coordinates"": {""latitude"": 31.772693761843424, ""longitude"": -106.2554551}, ""transactions"": [""delivery""], ""location"": {""address1"": ""2200 N Zaragoza"", ""address2"": null, ""address3"": """", ""city"": ""El Paso"", ""zip_code"": ""79938"", ""country"": ""US"", ""state"": ""TX"", ""display_address"": [""2200 N Zaragoza"", ""El Paso, TX 79938"", ""\u00c9tats-Unis""]}, ""phone"": ""+19152132929"", ""display_phone"": ""+1 915-213-2929"", ""distance"": 22641.738128318564}, {""id"": ""hUTRYQcjsYgMSZi1LbboMw"", ""alias"": ""toro-quintaco-ciudad-ju\u00e1rez"", ""name"": ""Toro  Quintaco"", ""image_url"": ""https://s3-media1.fl.yelpcdn.com/bphoto/SMzsJMMqirFTqoECQpWIcg/o.jpg"", ""is_closed"": false, ""url"": ""https://fr.yelp.ca/biz/toro-quintaco-ciudad-ju%C3%A1rez?adjust_creative=ULHW7ynqdXE8Z9Fnr4irFw&utm_campaign=yelp_api_v3&utm_medium=api_v3_business_search&utm_source=ULHW7ynqdXE8Z9Fnr4irFw"", ""review_count"": 5, ""categories"": [{""alias"": ""steak"", ""title"": ""Steakhouse""}, {""alias"": ""mexican"", ""title"": ""Mexicain""}], ""rating"": 4.5, ""coordinates"": {""latitude"": 31.684145, ""longitude"": -106.424171}, ""transactions"": [], ""location"": {""address1"": ""Av. Panamericana  5048"", ""address2"": ""Col. Partido Iglesias"", ""address3"": null, ""city"": ""Ciudad Ju\u00e1rez"", ""zip_code"": ""32563"", ""country"": ""MX"", ""state"": ""CHH"", ""display_address"": [""Av. Panamericana  5048"", ""Col. Partido Iglesias"", ""32563 Ciudad Ju\u00e1rez, Chihuahua"", ""Mexique""]}, ""phone"": ""+526561705812"", ""display_phone"": ""+52 656 170 5812"", ""distance"": 4180.218968772871}, {""id"": ""NZ4uP48dX6IqvPOXkKFcuw"", ""alias"": ""la-aguacatona-food-truck-el-paso-2"", ""name"": ""La \u00a0Aguacatona Food Truck"", ""image_url"": ""https://s3-media1.fl.yelpcdn.com/bphoto/8FDzTutc6AJ0tky99E5nMw/o.jpg"", ""is_closed"": false, ""url"": ""https://fr.yelp.ca/biz/la-aguacatona-food-truck-el-paso-2?adjust_creative=ULHW7ynqdXE8Z9Fnr4irFw&utm_campaign=yelp_api_v3&utm_medium=api_v3_business_search&utm_source=ULHW7ynqdXE8Z9Fnr4irFw"", ""review_count"": 5, ""categories"": [{""alias"": ""foodtrucks"", ""title"": ""Camions de rue""}, {""alias"": ""mexican"", ""title"": ""Mexicain""}], ""rating"": 4.5, ""coordinates"": {""latitude"": 31.86089, ""longitude"": -106.44999}, ""transactions"": [], ""location"": {""address1"": null, ""address2"": null, ""address3"": """", ""city"": ""El Paso"", ""zip_code"": ""79904"", ""country"": ""US"", ""state"": ""TX"", ""display_address"": [""El Paso, TX 79904"", ""\u00c9tats-Unis""]}, ""phone"": ""+19159206464"", ""display_phone"": ""+1 915-920-6464"", ""distance"": 24025.88529473487}, {""id"": ""lcfDGAJK10fT73aQ7LltvA"", ""alias"": ""la-pupusona-el-paso"", ""name"": ""La Pupusona"", ""image_url"": ""https://s3-media3.fl.yelpcdn.com/bphoto/KWjxbRCSnDvF4ru1kcYWeA/o.jpg"", ""is_closed"": false, ""url"": ""https://fr.yelp.ca/biz/la-pupusona-el-paso?adjust_creative=ULHW7ynqdXE8Z9Fnr4irFw&utm_campaign=yelp_api_v3&utm_medium=api_v3_business_search&utm_source=ULHW7ynqdXE8Z9Fnr4irFw"", ""review_count"": 65, ""categories"": [{""alias"": ""salvadoran"", ""title"": ""Salvadorien""}, {""alias"": ""foodtrucks"", ""title"": ""Camions de rue""}], ""rating"": 4.5, ""coordinates"": {""latitude"": 31.808044, ""longitude"": -106.252943}, ""transactions"": [""delivery"", ""pickup""], ""price"": ""$"", ""location"": {""address1"": ""12496 Montana Ave"", ""address2"": ""Stand"", ""address3"": """", ""city"": ""El Paso"", ""zip_code"": ""79938"", ""country"": ""US"", ""state"": ""TX"", ""display_address"": [""12496 Montana Ave"", ""Stand"", ""El Paso, TX 79938"", ""\u00c9tats-Unis""]}, ""phone"": ""+19155020027"", ""display_phone"": ""+1 915-502-0027"", ""distance"": 25321.53610698455}, {""id"": ""5aHjBe0ui9AhOvof9d2mjA"", ""alias"": ""fonda-mis-t\u00edas-ciudad-ju\u00e1rez"", ""name"": ""Fonda Mis T\u00edas"", ""image_url"": ""https://s3-media3.fl.yelpcdn.com/bphoto/39l6LupCcBMk9QSrjcZZnA/o.jpg"", ""is_closed"": false, ""url"": ""https://fr.yelp.ca/biz/fonda-mis-t%C3%ADas-ciudad-ju%C3%A1rez?adjust_creative=ULHW7ynqdXE8Z9Fnr4irFw&utm_campaign=yelp_api_v3&utm_medium=api_v3_business_search&utm_source=ULHW7ynqdXE8Z9Fnr4irFw"", ""review_count"": 3, ""categories"": [{""alias"": ""mexican"", ""title"": ""Mexicain""}, {""alias"": ""breakfast_brunch"", ""title"": ""D\u00e9jeuner et brunch""}], ""rating"": 4.5, ""coordinates"": {""latitude"": 31.6918495853375, ""longitude"": -106.419451505665}, ""transactions"": [], ""price"": ""$"", ""location"": {""address1"": ""Acequia Mayor 3628"", ""address2"": ""Col. Jardines Residencial"", ""address3"": null, ""city"": ""Ciudad Ju\u00e1rez"", ""zip_code"": """", ""country"": ""MX"", ""state"": ""CHH"", ""display_address"": [""Acequia Mayor 3628"", ""Col. Jardines Residencial"", ""Ciudad Ju\u00e1rez, Chihuahua"", ""Mexique""]}, ""phone"": ""+526562072758"", ""display_phone"": ""+52 656 207 2758"", ""distance"": 5140.269082413011}, {""id"": ""FmyV2v91dr0pG01rLqgmDA"", ""alias"": ""thai-grub-el-paso"", ""name"": ""Thai Grub"", ""image_url"": ""https://s3-media3.fl.yelpcdn.com/bphoto/4ukxeWH30v6zvgR77XegDA/o.jpg"", ""is_closed"": false, ""url"": ""https://fr.yelp.ca/biz/thai-grub-el-paso?adjust_creative=ULHW7ynqdXE8Z9Fnr4irFw&utm_campaign=yelp_api_v3&utm_medium=api_v3_business_search&utm_source=ULHW7ynqdXE8Z9Fnr4irFw"", ""review_count"": 34, ""categories"": [{""alias"": ""thai"", ""title"": ""Tha\u00ef""}, {""alias"": ""foodtrucks"", ""title"": ""Camions de rue""}], ""rating"": 4.0, ""coordinates"": {""latitude"": 31.8586994, ""longitude"": -106.5466221}, ""transactions"": [], ""price"": ""$"", ""location"": {""address1"": """", ""address2"": """", ""address3"": """", ""city"": ""El Paso"", ""zip_code"": ""79912"", ""country"": ""US"", ""state"": ""TX"", ""display_address"": [""El Paso, TX 79912"", ""\u00c9tats-Unis""]}, ""phone"": ""+19155883636"", ""display_phone"": ""+1 915-588-3636"", ""distance"": 24632.668232369248}, {""id"": ""4pnkoM5fMIKD4N6BpK9etQ"", ""alias"": ""mexi-grill-truck-el-paso"", ""name"": ""Mexi-Grill Truck"", ""image_url"": ""https://s3-media3.fl.yelpcdn.com/bphoto/IjSkP8Hk07GZELA2tDBeHA/o.jpg"", ""is_closed"": false, ""url"": ""https://fr.yelp.ca/biz/mexi-grill-truck-el-paso?adjust_creative=ULHW7ynqdXE8Z9Fnr4irFw&utm_campaign=yelp_api_v3&utm_medium=api_v3_business_search&utm_source=ULHW7ynqdXE8Z9Fnr4irFw"", ""review_count"": 7, ""categories"": [{""alias"": ""foodtrucks"", ""title"": ""Camions de rue""}, {""alias"": ""mexican"", ""title"": ""Mexicain""}], ""rating"": 4.0, ""coordinates"": {""latitude"": 31.749629, ""longitude"": -106.283454}, ""transactions"": [""delivery""], ""price"": ""$"", ""location"": {""address1"": ""1773 Pali Dr"", ""address2"": """", ""address3"": """", ""city"": ""El Paso"", ""zip_code"": ""79936"", ""country"": ""US"", ""state"": ""TX"", ""display_address"": [""1773 Pali Dr"", ""El Paso, TX 79936"", ""\u00c9tats-Unis""]}, ""phone"": ""+19158922224"", ""display_phone"": ""+1 915-892-2224"", ""distance"": 18966.7658876958}, {""id"": ""2Grdg6CyuqnAuqwEJOTs2Q"", ""alias"": ""aldo-s-m\u00e9xico"", ""name"": ""Aldo\u00b4s"", ""image_url"": ""https://s3-media4.fl.yelpcdn.com/bphoto/MUfzxRtMG4MlX-46g8lpMA/o.jpg"", ""is_closed"": false, ""url"": ""https://fr.yelp.ca/biz/aldo-s-m%C3%A9xico?adjust_creative=ULHW7ynqdXE8Z9Fnr4irFw&utm_campaign=yelp_api_v3&utm_medium=api_v3_business_search&utm_source=ULHW7ynqdXE8Z9Fnr4irFw"", ""review_count"": 1, ""categories"": [{""alias"": ""desserts"", ""title"": ""Desserts""}, {""alias"": ""chocolate"", ""title"": ""Chocolatiers""}, {""alias"": ""bakeries"", ""title"": ""Boulangeries-p\u00e2tisseries""}], ""rating"": 5.0, ""coordinates"": {""latitude"": 19.4012413, ""longitude"": -99.1236496}, ""transactions"": [], ""location"": {""address1"": ""5ta Av. entre C. 2 y Juarez"", ""address2"": """", ""address3"": """", ""city"": ""M\u00e9xico, D.F."", ""zip_code"": ""08800"", ""country"": ""MX"", ""state"": ""DIF"", ""display_address"": [""5ta Av. entre C. 2 y Juarez"", ""08800 M\u00e9xico, D.F."", ""Mexique""]}, ""phone"": """", ""display_phone"": """", ""distance"": 4747.6479659577735}, {""id"": ""aJQbZR_K604ZXkp-aQOQWQ"", ""alias"": ""mariscos-casa-blanca-ju\u00e1rez-2"", ""name"": ""Mariscos Casa Blanca"", ""image_url"": """", ""is_closed"": false, ""url"": ""https://fr.yelp.ca/biz/mariscos-casa-blanca-ju%C3%A1rez-2?adjust_creative=ULHW7ynqdXE8Z9Fnr4irFw&utm_campaign=yelp_api_v3&utm_medium=api_v3_business_search&utm_source=ULHW7ynqdXE8Z9Fnr4irFw"", ""review_count"": 1, ""categories"": [{""alias"": ""seafood"", ""title"": ""Fruits de mer""}], ""rating"": 5.0, ""coordinates"": {""latitude"": 31.6844501, ""longitude"": -106.4450912}, ""transactions"": [], ""location"": {""address1"": ""Av. Eje Vial Juan Gabriel 7520"", ""address2"": ""Col. Nuevo Hipodromo"", ""address3"": """", ""city"": ""Ju\u00e1rez"", ""zip_code"": ""32640"", ""country"": ""MX"", ""state"": ""CHH"", ""display_address"": [""Av. Eje Vial Juan Gabriel 7520"", ""Col. Nuevo Hipodromo"", ""32640 Ju\u00e1rez, Chihuahua"", ""Mexique""]}, ""phone"": ""+526562087643"", ""display_phone"": ""+52 656 208 7643"", ""distance"": 3452.4181166394924}, {""id"": ""Grp-KE-CQR_VWGDtLGTp8w"", ""alias"": ""mariscos-autenticos-sinaloa-ciudad-ju\u00e1rez"", ""name"": ""Mariscos Autenticos Sinaloa"", ""image_url"": ""https://s3-media3.fl.yelpcdn.com/bphoto/UA2MDEvsZOaml-6ma8jupg/o.jpg"", ""is_closed"": false, ""url"": ""https://fr.yelp.ca/biz/mariscos-autenticos-sinaloa-ciudad-ju%C3%A1rez?adjust_creative=ULHW7ynqdXE8Z9Fnr4irFw&utm_campaign=yelp_api_v3&utm_medium=api_v3_business_search&utm_source=ULHW7ynqdXE8Z9Fnr4irFw"", ""review_count"": 1, ""categories"": [{""alias"": ""seafood"", ""title"": ""Fruits de mer""}], ""rating"": 5.0, ""coordinates"": {""latitude"": 31.646148, ""longitude"": -106.433708}, ""transactions"": [], ""location"": {""address1"": ""Miguel Ahumada-Juarez S/N"", ""address2"": ""Col. Campestre"", ""address3"": null, ""city"": ""Ciudad Ju\u00e1rez"", ""zip_code"": ""32469"", ""country"": ""MX"", ""state"": ""CHH"", ""display_address"": [""Miguel Ahumada-Juarez S/N"", ""Col. Campestre"", ""32469 Ciudad Ju\u00e1rez, Chihuahua"", ""Mexique""]}, ""phone"": ""+526562757776"", ""display_phone"": ""+52 656 275 7776"", ""distance"": 1670.4160150277958}, {""id"": ""-N9e8EssyqSdlOXV_1dVLA"", ""alias"": ""dennys-juarez-2"", ""name"": ""Denny's"", ""image_url"": ""https://s3-media1.fl.yelpcdn.com/bphoto/b0ZZal77HTEWOma_FbSgAQ/o.jpg"", ""is_closed"": false, ""url"": ""https://fr.yelp.ca/biz/dennys-juarez-2?adjust_creative=ULHW7ynqdXE8Z9Fnr4irFw&utm_campaign=yelp_api_v3&utm_medium=api_v3_business_search&utm_source=ULHW7ynqdXE8Z9Fnr4irFw"", ""review_count"": 4, ""categories"": [{""alias"": ""diners"", ""title"": ""Diners am\u00e9ricains""}, {""alias"": ""breakfast_brunch"", ""title"": ""D\u00e9jeuner et brunch""}, {""alias"": ""tradamerican"", ""title"": ""Am\u00e9ricain""}], ""rating"": 4.0, ""coordinates"": {""latitude"": 31.67039, ""longitude"": -106.4255}, ""transactions"": [], ""price"": ""$"", ""location"": {""address1"": ""Av Tecnologico"", ""address2"": null, ""address3"": null, ""city"": ""Juarez"", ""zip_code"": ""32460"", ""country"": ""MX"", ""state"": ""CHH"", ""display_address"": [""Av Tecnologico"", ""32460 Juarez, Chihuahua"", ""Mexique""]}, ""phone"": ""+16566183543"", ""display_phone"": ""+1 656-618-3543"", ""distance"": 2631.2694732240216}, {""id"": ""xazm0-VGJ0Jt_2tpacnn3g"", ""alias"": ""el-arrancadero-ju\u00e1rez"", ""name"": ""El Arrancadero"", ""image_url"": ""https://s3-media3.fl.yelpcdn.com/bphoto/L_JiOQ4GKYsOPtKYYUApKw/o.jpg"", ""is_closed"": false, ""url"": ""https://fr.yelp.ca/biz/el-arrancadero-ju%C3%A1rez?adjust_creative=ULHW7ynqdXE8Z9Fnr4irFw&utm_campaign=yelp_api_v3&utm_medium=api_v3_business_search&utm_source=ULHW7ynqdXE8Z9Fnr4irFw"", ""review_count"": 8, ""categories"": [{""alias"": ""steak"", ""title"": ""Steakhouse""}, {""alias"": ""mexican"", ""title"": ""Mexicain""}], ""rating"": 4.0, ""coordinates"": {""latitude"": 31.685719332369, ""longitude"": -106.428244263954}, ""transactions"": [], ""location"": {""address1"": ""Calle Don Pedro Meneses Hoyos 6754"", ""address2"": """", ""address3"": """", ""city"": ""Ju\u00e1rez"", ""zip_code"": ""32528"", ""country"": ""MX"", ""state"": ""CHH"", ""display_address"": [""Calle Don Pedro Meneses Hoyos 6754"", ""32528 Ju\u00e1rez, Chihuahua"", ""Mexique""]}, ""phone"": ""+526565582595"", ""display_phone"": ""+52 656 558 2595"", ""distance"": 4126.196705886053}, {""id"": ""rlDiLpzhdcYXZDOYjhsVYQ"", ""alias"": ""la-caba\u00f1a-steak-house-ju\u00e1rez"", ""name"": ""La Caba\u00f1a Steak House"", ""image_url"": ""https://s3-media4.fl.yelpcdn.com/bphoto/kUOI_S4BJfF0iinif1kZ5A/o.jpg"", ""is_closed"": false, ""url"": ""https://fr.yelp.ca/biz/la-caba%C3%B1a-steak-house-ju%C3%A1rez?adjust_creative=ULHW7ynqdXE8Z9Fnr4irFw&utm_campaign=yelp_api_v3&utm_medium=api_v3_business_search&utm_source=ULHW7ynqdXE8Z9Fnr4irFw"", ""review_count"": 17, ""categories"": [{""alias"": ""bars"", ""title"": ""Bars""}, {""alias"": ""steak"", ""title"": ""Steakhouse""}], ""rating"": 3.5, ""coordinates"": {""latitude"": 31.6859461507995, ""longitude"": -106.411028125344}, ""transactions"": [], ""price"": ""$$"", ""location"": {""address1"": ""Blvd. Te\u00f3filo Borunda 8681"", ""address2"": """", ""address3"": """", ""city"": ""Ju\u00e1rez"", ""zip_code"": ""32618"", ""country"": ""MX"", ""state"": ""CHH"", ""display_address"": [""Blvd. Te\u00f3filo Borunda 8681"", ""32618 Ju\u00e1rez, Chihuahua"", ""Mexique""]}, ""phone"": ""+526566484190"", ""display_phone"": ""+52 656 648 4190"", ""distance"": 5133.216547333555}, {""id"": ""DkiwIAuYSCT2Ke_TT29d5g"", ""alias"": ""scala-ciudad-ju\u00e1rez"", ""name"": ""Scala"", ""image_url"": """", ""is_closed"": false, ""url"": ""https://fr.yelp.ca/biz/scala-ciudad-ju%C3%A1rez?adjust_creative=ULHW7ynqdXE8Z9Fnr4irFw&utm_campaign=yelp_api_v3&utm_medium=api_v3_business_search&utm_source=ULHW7ynqdXE8Z9Fnr4irFw"", ""review_count"": 1, ""categories"": [{""alias"": ""salad"", ""title"": ""Salade""}], ""rating"": 4.0, ""coordinates"": {""latitude"": 31.6356002807921, ""longitude"": -106.436017859238}, ""transactions"": [], ""location"": {""address1"": ""Panamericana Km 18.5"", ""address2"": """", ""address3"": null, ""city"": ""Ciudad Ju\u00e1rez"", ""zip_code"": ""32690"", ""country"": ""MX"", ""state"": ""CHH"", ""display_address"": [""Panamericana Km 18.5"", ""32690 Ciudad Ju\u00e1rez, Chihuahua"", ""Mexique""]}, ""phone"": ""+526566332041"", ""display_phone"": ""+52 656 633 2041"", ""distance"": 2326.55144331206}, {""id"": ""pG-SR3kk9Tx8J4VQW86J6w"", ""alias"": ""starbucks-ciudad-ju\u00e1rez"", ""name"": ""Starbucks"", ""image_url"": ""https://s3-media3.fl.yelpcdn.com/bphoto/XrrXujv-Eq0J6PM3xWGyQw/o.jpg"", ""is_closed"": false, ""url"": ""https://fr.yelp.ca/biz/starbucks-ciudad-ju%C3%A1rez?adjust_creative=ULHW7ynqdXE8Z9Fnr4irFw&utm_campaign=yelp_api_v3&utm_medium=api_v3_business_search&utm_source=ULHW7ynqdXE8Z9Fnr4irFw"", ""review_count"": 1, ""categories"": [{""alias"": ""coffee"", ""title"": ""Caf\u00e9 et th\u00e9""}], ""rating"": 1.0, ""coordinates"": {""latitude"": 31.6358851151169, ""longitude"": -106.436054474369}, ""transactions"": [], ""location"": {""address1"": ""Panamericana Km 18.5"", ""address2"": """", ""address3"": null, ""city"": ""Ciudad Ju\u00e1rez"", ""zip_code"": ""32690"", ""country"": ""MX"", ""state"": ""CHH"", ""display_address"": [""Panamericana Km 18.5"", ""32690 Ciudad Ju\u00e1rez, Chihuahua"", ""Mexique""]}, ""phone"": """", ""display_phone"": """", ""distance"": 2298.0583754760833}], ""total"": 15, ""region"": {""center"": {""longitude"": -106.44927978515625, ""latitude"": 31.653215982221013}}}",application/json,true,none
test_rhb2fxd8cpbt_getBusinesses,400,"{""error"": {""code"": ""VALIDATION_ERROR"", ""description"": ""Please specify a location or a latitude and longitude""}}",application/json,true,none
test_rhivifkms9x0_getBusinesses,200,"{""businesses"": [{""id"": ""uMqQf3xVbrrQN8FCyqPwMQ"", ""alias"": ""flores-jewelers-el-paso"", ""name"": ""Flores Jewelers"", ""image_url"": ""https://s3-media2.fl.yelpcdn.com/bphoto/Hc8irGka04LnHa-ApRV33g/o.jpg"", ""is_closed"": false, ""url"": ""https://www.yelp.com/biz/flores-jewelers-el-paso?adjust_creative=ULHW7ynqdXE8Z9Fnr4irFw&utm_campaign=yelp_api_v3&utm_medium=api_v3_business_search&utm_source=ULHW7ynqdXE8Z9Fnr4irFw"", ""review_count"": 9, ""categories"": [{""alias"": ""jewelry"", ""title"": ""Jewelry""}], ""rating"": 3.5, ""coordinates"": {""latitude"": 31.753205, ""longitude"": -106.3195396}, ""transactions"": [], ""price"": ""$$"", ""location"": {""address1"": ""1515 N Lee Trevino Dr"", ""address2"": """", ""address3"": """", ""city"": ""El Paso"", ""zip_code"": ""79936"", ""country"": ""US"", ""state"": ""TX"", ""display_address"": [""1515 N Lee Trevino Dr"", ""El Paso, TX 79936""]}, ""phone"": ""+19155952738"", ""display_phone"": ""(915) 595-2738"", ""distance"": 16560.809884966235}, {""id"": ""8y7hJq0jvG2oA_WuxqFakA"", ""alias"": ""ben-bridge-jeweler-el-paso"", ""name"": ""Ben Bridge Jeweler"", ""image_url"": ""https://s3-media1.fl.yelpcdn.com/bphoto/UqUtflx-MdizXw6HJA3cgg/o.jpg"", ""is_closed"": false, ""url"": ""https://www.yelp.com/biz/ben-bridge-jeweler-el-paso?adjust_creative=ULHW7ynqdXE8Z9Fnr4irFw&utm_campaign=yelp_api_v3&utm_medium=api_v3_business_search&utm_source=ULHW7ynqdXE8Z9Fnr4irFw"", ""review_count"": 7, ""categories"": [{""alias"": ""watches"", ""title"": ""Watches""}, {""alias"": ""watch_repair"", ""title"": ""Watch Repair""}, {""alias"": ""jewelry"", ""title"": ""Jewelry""}], ""rating"": 5.0, ""coordinates"": {""latitude"": 31.836829, ""longitude"": -106.552682}, ""transactions"": [], ""price"": ""$$"", ""location"": {""address1"": ""7040 N Mesa St"", ""address2"": """", ""address3"": ""Colony Cove"", ""city"": ""El Paso"", ""zip_code"": ""79912"", ""country"": ""US"", ""state"": ""TX"", ""display_address"": [""7040 N Mesa St"", ""Colony Cove"", ""El Paso, TX 79912""]}, ""phone"": ""+19155844700"", ""display_phone"": ""(915) 584-4700"", ""distance"": 22637.345806890382}, {""id"": ""Jqbe83JKXYoIxRvQwEDr8g"", ""alias"": ""perlas-jewelry-and-gifts-el-paso"", ""name"": ""Perla's Jewelry & Gifts"", ""image_url"": """", ""is_closed"": false, ""url"": ""https://www.yelp.com/biz/perlas-jewelry-and-gifts-el-paso?adjust_creative=ULHW7ynqdXE8Z9Fnr4irFw&utm_campaign=yelp_api_v3&utm_medium=api_v3_business_search&utm_source=ULHW7ynqdXE8Z9Fnr4irFw"", ""review_count"": 3, ""categories"": [{""alias"": ""jewelry"", ""title"": ""Jewelry""}], ""rating"": 5.0, ""coordinates"": {""latitude"": 31.78408, ""longitude"": -106.32556}, ""transactions"": [], ""price"": ""$"", ""location"": {""address1"": ""10781 Pebble Hills Blvd"", ""address2"": null, ""address3"": null, ""city"": ""El Paso"", ""zip_code"": ""79935"", ""country"": ""US"", ""state"": ""TX"", ""display_address"": [""10781 Pebble Hills Blvd"", ""El Paso, TX 79935""]}, ""phone"": ""+19156338633"", ""display_phone"": ""(915) 633-8633"", ""distance"": 18690.9911105726}, {""id"": ""pEcO0PikXUWoxyJMpLrABw"", ""alias"": ""crystal-gallery-gem-center-el-paso"", ""name"": ""Crystal Gallery Gem Center"", ""image_url"": ""https://s3-media1.fl.yelpcdn.com/bphoto/cW9fPFfb4KUxkwnxGFSvQw/o.jpg"", ""is_closed"": false, ""url"": ""https://www.yelp.com/biz/crystal-gallery-gem-center-el-paso?adjust_creative=ULHW7ynqdXE8Z9Fnr4irFw&utm_campaign=yelp_api_v3&utm_medium=api_v3_business_search&utm_source=ULHW7ynqdXE8Z9Fnr4irFw"", ""review_count"": 12, ""categories"": [{""alias"": ""jewelry"", ""title"": ""Jewelry""}, {""alias"": ""gemstonesandminerals"", ""title"": ""Gemstones & Minerals""}], ""rating"": 4.5, ""coordinates"": {""latitude"": 31.7731720597802, ""longitude"": -106.444400071164}, ""transactions"": [], ""price"": ""$"", ""location"": {""address1"": ""4012 Alameda Ave"", ""address2"": null, ""address3"": """", ""city"": ""El Paso"", ""zip_code"": ""79905"", ""country"": ""US"", ""state"": ""TX"", ""display_address"": [""4012 Alameda Ave"", ""El Paso, TX 79905""]}, ""phone"": ""+19155337153"", ""display_phone"": ""(915) 533-7153"", ""distance"": 13346.476687866276}, {""id"": ""B0Gek1uZqDEnU3FwR3Gzxw"", ""alias"": ""swarovski-el-paso"", ""name"": ""Swarovski"", ""image_url"": ""https://s3-media2.fl.yelpcdn.com/bphoto/6zodMkJkW-p7SaGP0DDN5Q/o.jpg"", ""is_closed"": false, ""url"": ""https://www.yelp.com/biz/swarovski-el-paso?adjust_creative=ULHW7ynqdXE8Z9Fnr4irFw&utm_campaign=yelp_api_v3&utm_medium=api_v3_business_search&utm_source=ULHW7ynqdXE8Z9Fnr4irFw"", ""review_count"": 3, ""categories"": [{""alias"": ""jewelry"", ""title"": ""Jewelry""}, {""alias"": ""accessories"", ""title"": ""Accessories""}, {""alias"": ""watches"", ""title"": ""Watches""}], ""rating"": 4.5, ""coordinates"": {""latitude"": 31.775262, ""longitude"": -106.379463}, ""transactions"": [], ""price"": ""$$"", ""location"": {""address1"": ""8401 Gateway Blvd W"", ""address2"": ""Space E11C"", ""address3"": null, ""city"": ""El Paso"", ""zip_code"": ""79925"", ""country"": ""US"", ""state"": ""TX"", ""display_address"": [""8401 Gateway Blvd W"", ""Space E11C"", ""El Paso, TX 79925""]}, ""phone"": ""+19157740724"", ""display_phone"": ""(915) 774-0724"", ""distance"": 15092.461554995625}], ""total"": 5, ""region"": {""center"": {""longitude"": -106.44927978515625, ""latitude"": 31.653215982221013}}}",application/json,true,none
test_rhoe7s6adflj_getBusinesses,200,"{""businesses"": [], ""total"": 0, ""region"": {""center"": {""longitude"": 9.189033508300781, ""latitude"": 45.47047287954827}}}",application/json,true,none
test_s15n48iwv86t_getBusinesses,200,"{""businesses"": [], ""total"": 0, ""region"": {""center"": {""longitude"": -80.60446, ""latitude"": 37.49191}}}",application/json,true,none
test_s1dw3wvlhf06_getBusinesses,400,"{""error"": {""code"": ""VALIDATION_ERROR"", ""description"": ""Please specify a location or a latitude and longitude""}}",application/json,true,none
test_s1jhafnnqc0y_getBusinesses,200,"{""businesses"": [], ""total"": 0, ""region"": {""center"": {""longitude"": -73.97918701171875, ""latitude"": 40.706977710584276}}}",application/json,true,none
test_s4xfdboguots_getBusinesses,400,"{""error"": {""code"": ""LOCATION_NOT_FOUND"", ""description"": ""Could not execute search, try specifying a more exact location.""}}",application/json,true,none
test_skna2dqm906q_getBusinesses,200,"{""businesses"": [{""id"": ""-0iLH7iQNYtoURciDpJf6w"", ""alias"": ""le-comptoir-de-la-gastronomie-paris"", ""name"": ""Le Comptoir de la Gastronomie"", ""image_url"": ""https://s3-media3.fl.yelpcdn.com/bphoto/xT4YkCm_cZWbKbz9AVEnaA/o.jpg"", ""is_closed"": false, ""url"": ""https://www.yelp.nl/biz/le-comptoir-de-la-gastronomie-paris?adjust_creative=ULHW7ynqdXE8Z9Fnr4irFw&utm_campaign=yelp_api_v3&utm_medium=api_v3_business_search&utm_source=ULHW7ynqdXE8Z9Fnr4irFw"", ""review_count"": 1213, ""categories"": [{""alias"": ""french"", ""title"": ""Frans""}], ""rating"": 4.5, ""coordinates"": {""latitude"": 48.8645157999652, ""longitude"": 2.34540185646608}, ""transactions"": [], ""price"": ""\u20ac\u20ac"", ""location"": {""address1"": ""34 rue Montmartre"", ""address2"": """", ""address3"": """", ""city"": ""Parijs"", ""zip_code"": ""75001"", ""country"": ""FR"", ""state"": ""75"", ""display_address"": [""34 rue Montmartre"", ""75001 Parijs"", ""Frankrijk""]}, ""phone"": ""+33142333132"", ""display_phone"": ""+33 1 42 33 31 32"", ""distance"": 370.8275165771047}, {""id"": ""FFz-WusZrBYZexKqhqzCkg"", ""alias"": ""l-as-du-fallafel-paris"", ""name"": ""L'As du Fallafel"", ""image_url"": ""https://s3-media2.fl.yelpcdn.com/bphoto/wdIhzKpjykaxsDiSCynQTA/o.jpg"", ""is_closed"": false, ""url"": ""https://www.yelp.nl/biz/l-as-du-fallafel-paris?adjust_creative=ULHW7ynqdXE8Z9Fnr4irFw&utm_campaign=yelp_api_v3&utm_medium=api_v3_business_search&utm_source=ULHW7ynqdXE8Z9Fnr4irFw"", ""review_count"": 1905, ""categories"": [{""alias"": ""kosher"", ""title"": ""Koosjer""}, {""alias"": ""sandwiches"", ""title"": ""Belegde broodjes""}, {""alias"": ""falafel"", ""title"": ""Falafel""}], ""rating"": 4.5, ""coordinates"": {""latitude"": 48.857498, ""longitude"": 2.35908}, ""transactions"": [], ""price"": ""\u20ac\u20ac"", ""location"": {""address1"": ""34 rue des Rosiers"", ""address2"": """", ""address3"": """", ""city"": ""Parijs"", ""zip_code"": ""75004"", ""country"": ""FR"", ""state"": ""75"", ""display_address"": [""34 rue des Rosiers"", ""75004 Parijs"", ""Frankrijk""]}, ""phone"": ""+33148876360"", ""display_phone"": ""+33 1 48 87 63 60"", ""distance"": 1334.296841418717}, {""id"": ""cEjF41ZQB8-SST8cd3EsEw"", ""alias"": ""l-avant-comptoir-paris-3"", ""name"": ""L'Avant Comptoir"", ""image_url"": ""https://s3-media3.fl.yelpcdn.com/bphoto/mVwgxgmpUcAUOZKdxypwSw/o.jpg"", ""is_closed"": false, ""url"": ""https://www.yelp.nl/biz/l-avant-comptoir-paris-3?adjust_creative=ULHW7ynqdXE8Z9Fnr4irFw&utm_campaign=yelp_api_v3&utm_medium=api_v3_business_search&utm_source=ULHW7ynqdXE8Z9Fnr4irFw"", ""review_count"": 643, ""categories"": [{""alias"": ""tapas"", ""title"": ""Tapasbars""}, {""alias"": ""wine_bars"", ""title"": ""Wijnbars""}], ""rating"": 4.5, ""coordinates"": {""latitude"": 48.85202, ""longitude"": 2.3388}, ""transactions"": [], ""price"": ""\u20ac\u20ac"", ""location"": {""address1"": ""3 carrefour de l'Od\u00e9on"", ""address2"": """", ""address3"": """", ""city"": ""Parijs"", ""zip_code"": ""75006"", ""country"": ""FR"", ""state"": ""75"", ""display_address"": [""3 carrefour de l'Od\u00e9on"", ""75006 Parijs"", ""Frankrijk""]}, ""phone"": ""+33142384755"", ""display_phone"": ""+33 1 42 38 47 55"", ""distance"": 1131.3338874175195}, {""id"": ""eZ2DpDfJQgVx7iw5Itx_Xw"", ""alias"": ""berthillon-paris-2"", ""name"": ""Berthillon"", ""image_url"": ""https://s3-media3.fl.yelpcdn.com/bphoto/u4uTEhC1tPhecL0nRASayw/o.jpg"", ""is_closed"": false, ""url"": ""https://www.yelp.nl/biz/berthillon-paris-2?adjust_creative=ULHW7ynqdXE8Z9Fnr4irFw&utm_campaign=yelp_api_v3&utm_medium=api_v3_business_search&utm_source=ULHW7ynqdXE8Z9Fnr4irFw"", ""review_count"": 743, ""categories"": [{""alias"": ""icecream"", ""title"": ""IJs & Frozen Yogurt""}, {""alias"": ""tea"", ""title"": ""Theesalons""}], ""rating"": 4.5, ""coordinates"": {""latitude"": 48.851702, ""longitude"": 2.356713}, ""transactions"": [], ""price"": ""\u20ac\u20ac"", ""location"": {""address1"": ""29-31 rue Saint-Louis en l'\u00cele"", ""address2"": null, ""address3"": null, ""city"": ""Parijs"", ""zip_code"": ""75004"", ""country"": ""FR"", ""state"": ""75"", ""display_address"": [""29-31 rue Saint-Louis en l'\u00cele"", ""75004 Parijs"", ""Frankrijk""]}, ""phone"": ""+33143543161"", ""display_phone"": ""+33 1 43 54 31 61"", ""distance"": 1560.8235537392516}, {""id"": ""PHsKPp496sFZm9K9Xz_TlA"", ""alias"": ""sanukiya-paris"", ""name"": ""Sanukiya"", ""image_url"": ""https://s3-media2.fl.yelpcdn.com/bphoto/va06K79Pd2GouTO8nIDuhA/o.jpg"", ""is_closed"": false, ""url"": ""https://www.yelp.nl/biz/sanukiya-paris?adjust_creative=ULHW7ynqdXE8Z9Fnr4irFw&utm_campaign=yelp_api_v3&utm_medium=api_v3_business_search&utm_source=ULHW7ynqdXE8Z9Fnr4irFw"", ""review_count"": 370, ""categories"": [{""alias"": ""japanese"", ""title"": ""Japans""}], ""rating"": 4.5, ""coordinates"": {""latitude"": 48.8647, ""longitude"": 2.3338199}, ""transactions"": [], ""price"": ""\u20ac\u20ac"", ""location"": {""address1"": ""9 rue d'Argenteuil"", ""address2"": """", ""address3"": """", ""city"": ""Parijs"", ""zip_code"": ""75001"", ""country"": ""FR"", ""state"": ""75"", ""display_address"": [""9 rue d'Argenteuil"", ""75001 Parijs"", ""Frankrijk""]}, ""phone"": ""+33142605261"", ""display_phone"": ""+33 1 42 60 52 61"", ""distance"": 687.1289064340056}, {""id"": ""IU9_wVOGBKjfqTTpAXpKcQ"", ""alias"": ""bistro-des-augustins-paris"", ""name"": ""Bistro des Augustins"", ""image_url"": ""https://s3-media4.fl.yelpcdn.com/bphoto/b95P0AVVPerl1A2tUQL4VA/o.jpg"", ""is_closed"": false, ""url"": ""https://www.yelp.nl/biz/bistro-des-augustins-paris?adjust_creative=ULHW7ynqdXE8Z9Fnr4irFw&utm_campaign=yelp_api_v3&utm_medium=api_v3_business_search&utm_source=ULHW7ynqdXE8Z9Fnr4irFw"", ""review_count"": 461, ""categories"": [{""alias"": ""bistros"", ""title"": ""Bistro's""}, {""alias"": ""wine_bars"", ""title"": ""Wijnbars""}], ""rating"": 4.5, ""coordinates"": {""latitude"": 48.854754, ""longitude"": 2.342119}, ""transactions"": [], ""price"": ""\u20ac\u20ac"", ""location"": {""address1"": ""39 quai des Grands Augustins"", ""address2"": null, ""address3"": null, ""city"": ""Parijs"", ""zip_code"": ""75006"", ""country"": ""FR"", ""state"": ""75"", ""display_address"": [""39 quai des Grands Augustins"", ""75006 Parijs"", ""Frankrijk""]}, ""phone"": ""+33143540441"", ""display_phone"": ""+33 1 43 54 04 41"", ""distance"": 801.1176096949143}, {""id"": ""OlKlrqbTx94iMPuakMs0Pw"", ""alias"": ""du-pain-et-des-id\u00e9es-paris-10-2"", ""name"": ""Du Pain et des Id\u00e9es"", ""image_url"": ""https://s3-media2.fl.yelpcdn.com/bphoto/snUefQX-WjXZDlGj5DHyZw/o.jpg"", ""is_closed"": false, ""url"": ""https://www.yelp.nl/biz/du-pain-et-des-id%C3%A9es-paris-10-2?adjust_creative=ULHW7ynqdXE8Z9Fnr4irFw&utm_campaign=yelp_api_v3&utm_medium=api_v3_business_search&utm_source=ULHW7ynqdXE8Z9Fnr4irFw"", ""review_count"": 470, ""categories"": [{""alias"": ""bakeries"", ""title"": ""Bakkers""}], ""rating"": 4.5, ""coordinates"": {""latitude"": 48.8712, ""longitude"": 2.3628999}, ""transactions"": [], ""price"": ""\u20ac\u20ac"", ""location"": {""address1"": ""34 rue Yves Toudic"", ""address2"": null, ""address3"": null, ""city"": ""Paris 10"", ""zip_code"": ""75010"", ""country"": ""FR"", ""state"": ""75"", ""display_address"": [""34 rue Yves Toudic"", ""75010 Paris 10"", ""Frankrijk""]}, ""phone"": ""+33142404452"", ""display_phone"": ""+33 1 42 40 44 52"", ""distance"": 1835.2944750516774}, {""id"": ""j2mUHWVXSKSkEuHJao_wKg"", ""alias"": ""shakespeare-and-company-paris"", ""name"": ""Shakespeare and Company"", ""image_url"": ""https://s3-media4.fl.yelpcdn.com/bphoto/S8ThIH2lRIp4jaBClmFYTQ/o.jpg"", ""is_closed"": false, ""url"": ""https://www.yelp.nl/biz/shakespeare-and-company-paris?adjust_creative=ULHW7ynqdXE8Z9Fnr4irFw&utm_campaign=yelp_api_v3&utm_medium=api_v3_business_search&utm_source=ULHW7ynqdXE8Z9Fnr4irFw"", ""review_count"": 328, ""categories"": [{""alias"": ""bookstores"", ""title"": ""Boekenwinkels""}, {""alias"": ""cafes"", ""title"": ""Caf\u00e9s""}], ""rating"": 4.5, ""coordinates"": {""latitude"": 48.852658704771, ""longitude"": 2.3469621526521}, ""transactions"": [], ""price"": ""\u20ac\u20ac"", ""location"": {""address1"": ""37 rue de la B\u00fbcherie"", ""address2"": """", ""address3"": """", ""city"": ""Parijs"", ""zip_code"": ""75005"", ""country"": ""FR"", ""state"": ""75"", ""display_address"": [""37 rue de la B\u00fbcherie"", ""75005 Parijs"", ""Frankrijk""]}, ""phone"": ""+33143254093"", ""display_phone"": ""+33 1 43 25 40 93"", ""distance"": 1092.4365390078653}, {""id"": ""657yy3D4SwyQN3xIjG1Iww"", ""alias"": ""le-potager-du-p\u00e8re-thierry-paris-2"", ""name"": ""Le Potager du P\u00e8re Thierry"", ""image_url"": ""https://s3-media1.fl.yelpcdn.com/bphoto/_5T541BeMWkjwk-AZzQlgg/o.jpg"", ""is_closed"": false, ""url"": ""https://www.yelp.nl/biz/le-potager-du-p%C3%A8re-thierry-paris-2?adjust_creative=ULHW7ynqdXE8Z9Fnr4irFw&utm_campaign=yelp_api_v3&utm_medium=api_v3_business_search&utm_source=ULHW7ynqdXE8Z9Fnr4irFw"", ""review_count"": 447, ""categories"": [{""alias"": ""french"", ""title"": ""Frans""}], ""rating"": 4.5, ""coordinates"": {""latitude"": 48.884476, ""longitude"": 2.341335}, ""transactions"": [], ""price"": ""\u20ac\u20ac"", ""location"": {""address1"": ""16 rue des Trois Fr\u00e8res"", ""address2"": null, ""address3"": null, ""city"": ""Parijs"", ""zip_code"": ""75018"", ""country"": ""FR"", ""state"": ""75"", ""display_address"": [""16 rue des Trois Fr\u00e8res"", ""75018 Parijs"", ""Frankrijk""]}, ""phone"": ""+33153282620"", ""display_phone"": ""+33 1 53 28 26 20"", ""distance"": 2504.5227183366774}, {""id"": ""70xArgLO0k56YAytyBIHyg"", ""alias"": ""baguetts-caf\u00e9-paris"", ""name"": ""Baguett's Caf\u00e9"", ""image_url"": ""https://s3-media4.fl.yelpcdn.com/bphoto/u76vXA5l4WD0uH2YAuMyxA/o.jpg"", ""is_closed"": false, ""url"": ""https://www.yelp.nl/biz/baguetts-caf%C3%A9-paris?adjust_creative=ULHW7ynqdXE8Z9Fnr4irFw&utm_campaign=yelp_api_v3&utm_medium=api_v3_business_search&utm_source=ULHW7ynqdXE8Z9Fnr4irFw"", ""review_count"": 215, ""categories"": [{""alias"": ""cafes"", ""title"": ""Caf\u00e9s""}, {""alias"": ""breakfast_brunch"", ""title"": ""Ontbijt en brunch""}], ""rating"": 4.5, ""coordinates"": {""latitude"": 48.86528, ""longitude"": 2.33657}, ""transactions"": [], ""price"": ""\u20ac\u20ac"", ""location"": {""address1"": ""33 rue de Richelieu"", ""address2"": """", ""address3"": """", ""city"": ""Parijs"", ""zip_code"": ""75001"", ""country"": ""FR"", ""state"": ""75"", ""display_address"": [""33 rue de Richelieu"", ""75001 Parijs"", ""Frankrijk""]}, ""phone"": ""+33954830486"", ""display_phone"": ""+33 9 54 83 04 86"", ""distance"": 556.2220788075778}, {""id"": ""rbBs01WKKsVZG61q5IwJ_w"", ""alias"": ""holybelly-5-paris-2"", ""name"": ""Holybelly 5"", ""image_url"": ""https://s3-media3.fl.yelpcdn.com/bphoto/LMwWngTOLGiE7Av7mLWpdQ/o.jpg"", ""is_closed"": false, ""url"": ""https://www.yelp.nl/biz/holybelly-5-paris-2?adjust_creative=ULHW7ynqdXE8Z9Fnr4irFw&utm_campaign=yelp_api_v3&utm_medium=api_v3_business_search&utm_source=ULHW7ynqdXE8Z9Fnr4irFw"", ""review_count"": 260, ""categories"": [{""alias"": ""breakfast_brunch"", ""title"": ""Ontbijt en brunch""}, {""alias"": ""coffee"", ""title"": ""Koffie en thee""}], ""rating"": 4.5, ""coordinates"": {""latitude"": 48.871022, ""longitude"": 2.359819}, ""transactions"": [], ""price"": ""\u20ac\u20ac"", ""location"": {""address1"": ""5 rue Lucien Sampaix"", ""address2"": """", ""address3"": null, ""city"": ""Parijs"", ""zip_code"": ""75010"", ""country"": ""FR"", ""state"": ""75"", ""display_address"": [""5 rue Lucien Sampaix"", ""75010 Parijs"", ""Frankrijk""]}, ""phone"": ""+33182280080"", ""display_phone"": ""+33 1 82 28 00 80"", ""distance"": 1639.0251773730674}, {""id"": ""arT8b1fhGKwMzZ4WsaXUww"", ""alias"": ""eggs-et-co-paris"", ""name"": ""Eggs & Co"", ""image_url"": ""https://s3-media1.fl.yelpcdn.com/bphoto/dQfGiNZkPuJi4cX1paHUkA/o.jpg"", ""is_closed"": false, ""url"": ""https://www.yelp.nl/biz/eggs-et-co-paris?adjust_creative=ULHW7ynqdXE8Z9Fnr4irFw&utm_campaign=yelp_api_v3&utm_medium=api_v3_business_search&utm_source=ULHW7ynqdXE8Z9Fnr4irFw"", ""review_count"": 378, ""categories"": [{""alias"": ""breakfast_brunch"", ""title"": ""Ontbijt en brunch""}], ""rating"": 4.5, ""coordinates"": {""latitude"": 48.853123, ""longitude"": 2.331244}, ""transactions"": [], ""price"": ""\u20ac\u20ac"", ""location"": {""address1"": ""11 rue Bernard Palissy"", ""address2"": """", ""address3"": """", ""city"": ""Parijs"", ""zip_code"": ""75006"", ""country"": ""FR"", ""state"": ""75"", ""display_address"": [""11 rue Bernard Palissy"", ""75006 Parijs"", ""Frankrijk""]}, ""phone"": ""+33145440252"", ""display_phone"": ""+33 1 45 44 02 52"", ""distance"": 1265.5420697108445}, {""id"": ""59YEvrt18qxxfq0wbgT-cg"", ""alias"": ""little-breizh-paris"", ""name"": ""Little Breizh"", ""image_url"": ""https://s3-media2.fl.yelpcdn.com/bphoto/_0rFi8Qlp8HA0mOg3hXMIg/o.jpg"", ""is_closed"": false, ""url"": ""https://www.yelp.nl/biz/little-breizh-paris?adjust_creative=ULHW7ynqdXE8Z9Fnr4irFw&utm_campaign=yelp_api_v3&utm_medium=api_v3_business_search&utm_source=ULHW7ynqdXE8Z9Fnr4irFw"", ""review_count"": 209, ""categories"": [{""alias"": ""creperies"", ""title"": ""Pannenkoeken/poffertjes ""}], ""rating"": 4.5, ""coordinates"": {""latitude"": 48.853215, ""longitude"": 2.337917}, ""transactions"": [], ""price"": ""\u20ac\u20ac"", ""location"": {""address1"": ""11 rue Gr\u00e9goire de Tours"", ""address2"": null, ""address3"": """", ""city"": ""Parijs"", ""zip_code"": ""75006"", ""country"": ""FR"", ""state"": ""75"", ""display_address"": [""11 rue Gr\u00e9goire de Tours"", ""75006 Parijs"", ""Frankrijk""]}, ""phone"": ""+33143546074"", ""display_phone"": ""+33 1 43 54 60 74"", ""distance"": 1020.3242076321067}, {""id"": ""28m3vU-aLX76lMEyT3WL5Q"", ""alias"": ""pain-vin-fromages-paris"", ""name"": ""Pain Vin Fromages"", ""image_url"": ""https://s3-media2.fl.yelpcdn.com/bphoto/gBaxX3MHScEyCWpLGzG2Ew/o.jpg"", ""is_closed"": false, ""url"": ""https://www.yelp.nl/biz/pain-vin-fromages-paris?adjust_creative=ULHW7ynqdXE8Z9Fnr4irFw&utm_campaign=yelp_api_v3&utm_medium=api_v3_business_search&utm_source=ULHW7ynqdXE8Z9Fnr4irFw"", ""review_count"": 257, ""categories"": [{""alias"": ""fondue"", ""title"": ""Fondue""}], ""rating"": 4.5, ""coordinates"": {""latitude"": 48.860525, ""longitude"": 2.354439}, ""transactions"": [], ""price"": ""\u20ac\u20ac"", ""location"": {""address1"": ""3 rue Geoffroy-l'Angevin"", ""address2"": null, ""address3"": null, ""city"": ""Parijs"", ""zip_code"": ""75004"", ""country"": ""FR"", ""state"": ""75"", ""display_address"": [""3 rue Geoffroy-l'Angevin"", ""75004 Parijs"", ""Frankrijk""]}, ""phone"": ""+33142740752"", ""display_phone"": ""+33 1 42 74 07 52"", ""distance"": 913.1624141139349}, {""id"": ""_qACPRqSQ6Nvd20H8EY3uw"", ""alias"": ""frenchie-restaurant-paris"", ""name"": ""Frenchie Restaurant"", ""image_url"": ""https://s3-media4.fl.yelpcdn.com/bphoto/MCwd2ZeG8IWRgnEDAetWag/o.jpg"", ""is_closed"": false, ""url"": ""https://www.yelp.nl/biz/frenchie-restaurant-paris?adjust_creative=ULHW7ynqdXE8Z9Fnr4irFw&utm_campaign=yelp_api_v3&utm_medium=api_v3_business_search&utm_source=ULHW7ynqdXE8Z9Fnr4irFw"", ""review_count"": 224, ""categories"": [{""alias"": ""french"", ""title"": ""Frans""}, {""alias"": ""modern_european"", ""title"": ""Modern Europees""}], ""rating"": 4.5, ""coordinates"": {""latitude"": 48.867754322367, ""longitude"": 2.3477420774331}, ""transactions"": [], ""price"": ""\u20ac\u20ac\u20ac\u20ac"", ""location"": {""address1"": ""5-6 rue du Nil"", ""address2"": null, ""address3"": null, ""city"": ""Parijs"", ""zip_code"": ""75002"", ""country"": ""FR"", ""state"": ""75"", ""display_address"": [""5-6 rue du Nil"", ""75002 Parijs"", ""Frankrijk""]}, ""phone"": ""+33140399619"", ""display_phone"": ""+33 1 40 39 96 19"", ""distance"": 763.3950800840072}, {""id"": ""NzeX7PR81NRNA0O2Kz-YUQ"", ""alias"": ""l-atelier-de-jo\u00ebl-robuchon-paris-2"", ""name"": ""L'Atelier de Jo\u00ebl Robuchon"", ""image_url"": ""https://s3-media4.fl.yelpcdn.com/bphoto/5kcBiFwjXk2Ycaw-VSDymA/o.jpg"", ""is_closed"": false, ""url"": ""https://www.yelp.nl/biz/l-atelier-de-jo%C3%ABl-robuchon-paris-2?adjust_creative=ULHW7ynqdXE8Z9Fnr4irFw&utm_campaign=yelp_api_v3&utm_medium=api_v3_business_search&utm_source=ULHW7ynqdXE8Z9Fnr4irFw"", ""review_count"": 394, ""categories"": [{""alias"": ""french"", ""title"": ""Frans""}, {""alias"": ""modern_european"", ""title"": ""Modern Europees""}], ""rating"": 4.0, ""coordinates"": {""latitude"": 48.8568107229545, ""longitude"": 2.32785068883627}, ""transactions"": [], ""price"": ""\u20ac\u20ac\u20ac\u20ac"", ""location"": {""address1"": ""5 rue de Montalembert"", ""address2"": ""H\u00f4tel du Pont Royal"", ""address3"": """", ""city"": ""Parijs"", ""zip_code"": ""75007"", ""country"": ""FR"", ""state"": ""75"", ""display_address"": [""5 rue de Montalembert"", ""H\u00f4tel du Pont Royal"", ""75007 Parijs"", ""Frankrijk""]}, ""phone"": ""+33142225656"", ""display_phone"": ""+33 1 42 22 56 56"", ""distance"": 1192.3156772602194}, {""id"": ""DK98pb7ExxYUlAEfFJ3w1Q"", ""alias"": ""epicerie-breizh-paris-2"", ""name"": ""Epicerie Breizh"", ""image_url"": ""https://s3-media4.fl.yelpcdn.com/bphoto/u94_fAgj89JSLVcGURcWhg/o.jpg"", ""is_closed"": false, ""url"": ""https://www.yelp.nl/biz/epicerie-breizh-paris-2?adjust_creative=ULHW7ynqdXE8Z9Fnr4irFw&utm_campaign=yelp_api_v3&utm_medium=api_v3_business_search&utm_source=ULHW7ynqdXE8Z9Fnr4irFw"", ""review_count"": 459, ""categories"": [{""alias"": ""creperies"", ""title"": ""Pannenkoeken/poffertjes ""}, {""alias"": ""cafes"", ""title"": ""Caf\u00e9s""}], ""rating"": 4.0, ""coordinates"": {""latitude"": 48.861039, ""longitude"": 2.361757}, ""transactions"": [], ""price"": ""\u20ac\u20ac"", ""location"": {""address1"": ""109 rue Vieille du Temple"", ""address2"": null, ""address3"": null, ""city"": ""Parijs"", ""zip_code"": ""75003"", ""country"": ""FR"", ""state"": ""75"", ""display_address"": [""109 rue Vieille du Temple"", ""75003 Parijs"", ""Frankrijk""]}, ""phone"": ""+33142721377"", ""display_phone"": ""+33 1 42 72 13 77"", ""distance"": 1438.109832163175}, {""id"": ""xcC4XZCk2cSPxfHGKcGfPg"", ""alias"": ""chez-alain-miam-miam-paris"", ""name"": ""Chez Alain Miam Miam"", ""image_url"": ""https://s3-media3.fl.yelpcdn.com/bphoto/VXCpqumlx9yx8HuimnHaSw/o.jpg"", ""is_closed"": false, ""url"": ""https://www.yelp.nl/biz/chez-alain-miam-miam-paris?adjust_creative=ULHW7ynqdXE8Z9Fnr4irFw&utm_campaign=yelp_api_v3&utm_medium=api_v3_business_search&utm_source=ULHW7ynqdXE8Z9Fnr4irFw"", ""review_count"": 171, ""categories"": [{""alias"": ""creperies"", ""title"": ""Pannenkoeken/poffertjes ""}, {""alias"": ""bakeries"", ""title"": ""Bakkers""}, {""alias"": ""sandwiches"", ""title"": ""Belegde broodjes""}], ""rating"": 4.5, ""coordinates"": {""latitude"": 48.862262, ""longitude"": 2.362023}, ""transactions"": [], ""price"": ""\u20ac\u20ac"", ""location"": {""address1"": ""26 rue Charlot"", ""address2"": """", ""address3"": """", ""city"": ""Parijs"", ""zip_code"": ""75003"", ""country"": ""FR"", ""state"": ""75"", ""display_address"": [""26 rue Charlot"", ""75003 Parijs"", ""Frankrijk""]}, ""phone"": ""+33183970415"", ""display_phone"": ""+33 1 83 97 04 15"", ""distance"": 1454.3021080264577}, {""id"": ""-3tNuJuANQAEv7YA1F7mqg"", ""alias"": ""holybelly-19-paris"", ""name"": ""Holybelly 19"", ""image_url"": ""https://s3-media3.fl.yelpcdn.com/bphoto/wOD-jSXGE-t2odTUSJsSMw/o.jpg"", ""is_closed"": false, ""url"": ""https://www.yelp.nl/biz/holybelly-19-paris?adjust_creative=ULHW7ynqdXE8Z9Fnr4irFw&utm_campaign=yelp_api_v3&utm_medium=api_v3_business_search&utm_source=ULHW7ynqdXE8Z9Fnr4irFw"", ""review_count"": 299, ""categories"": [{""alias"": ""breakfast_brunch"", ""title"": ""Ontbijt en brunch""}, {""alias"": ""cafes"", ""title"": ""Caf\u00e9s""}, {""alias"": ""desserts"", ""title"": ""Desserts""}], ""rating"": 4.5, ""coordinates"": {""latitude"": 48.87213, ""longitude"": 2.36078}, ""transactions"": [], ""price"": ""\u20ac\u20ac"", ""location"": {""address1"": ""19 rue Lucien Sampaix"", ""address2"": """", ""address3"": null, ""city"": ""Parijs"", ""zip_code"": ""75010"", ""country"": ""FR"", ""state"": ""75"", ""display_address"": [""19 rue Lucien Sampaix"", ""75010 Parijs"", ""Frankrijk""]}, ""phone"": """", ""display_phone"": """", ""distance"": 1771.0252019221973}, {""id"": ""kYb2q4Li8Cw2PY_I9lCJOw"", ""alias"": ""chez-janou-paris"", ""name"": ""Chez Janou"", ""image_url"": ""https://s3-media1.fl.yelpcdn.com/bphoto/Y8pJgGdFjZNKxfv_gpPl0g/o.jpg"", ""is_closed"": false, ""url"": ""https://www.yelp.nl/biz/chez-janou-paris?adjust_creative=ULHW7ynqdXE8Z9Fnr4irFw&utm_campaign=yelp_api_v3&utm_medium=api_v3_business_search&utm_source=ULHW7ynqdXE8Z9Fnr4irFw"", ""review_count"": 559, ""categories"": [{""alias"": ""bistros"", ""title"": ""Bistro's""}, {""alias"": ""provencal"", ""title"": ""Proven\u00e7aal""}], ""rating"": 4.0, ""coordinates"": {""latitude"": 48.8566952430158, ""longitude"": 2.36717752386277}, ""transactions"": [], ""price"": ""\u20ac\u20ac"", ""location"": {""address1"": ""2 rue Roger Verlomme"", ""address2"": """", ""address3"": """", ""city"": ""Parijs"", ""zip_code"": ""75003"", ""country"": ""FR"", ""state"": ""75"", ""display_address"": [""2 rue Roger Verlomme"", ""75003 Parijs"", ""Frankrijk""]}, ""phone"": ""+33142722841"", ""display_phone"": ""+33 1 42 72 28 41"", ""distance"": 1922.3345786490104}, {""id"": ""3-6yc3Kbow9hnDrlIy263w"", ""alias"": ""verjus-paris"", ""name"": ""Verjus"", ""image_url"": ""https://s3-media3.fl.yelpcdn.com/bphoto/R31APGJ2_bstATFhpjZJbA/o.jpg"", ""is_closed"": false, ""url"": ""https://www.yelp.nl/biz/verjus-paris?adjust_creative=ULHW7ynqdXE8Z9Fnr4irFw&utm_campaign=yelp_api_v3&utm_medium=api_v3_business_search&utm_source=ULHW7ynqdXE8Z9Fnr4irFw"", ""review_count"": 153, ""categories"": [{""alias"": ""modern_european"", ""title"": ""Modern Europees""}], ""rating"": 4.5, ""coordinates"": {""latitude"": 48.866353, ""longitude"": 2.337373}, ""transactions"": [], ""price"": ""\u20ac\u20ac\u20ac\u20ac"", ""location"": {""address1"": ""52 rue de Richelieu"", ""address2"": """", ""address3"": """", ""city"": ""Parijs"", ""zip_code"": ""75001"", ""country"": ""FR"", ""state"": ""75"", ""display_address"": [""52 rue de Richelieu"", ""75001 Parijs"", ""Frankrijk""]}, ""phone"": ""+33142975440"", ""display_phone"": ""+33 1 42 97 54 40"", ""distance"": 600.6292390172382}, {""id"": ""WqXhQg1Nhv4pffAHp-3JyA"", ""alias"": ""\u00f4-chateau-paris-6"", ""name"": ""\u00d4 Chateau"", ""image_url"": ""https://s3-media2.fl.yelpcdn.com/bphoto/ynvxS5wWT9hUGHUep1sYwQ/o.jpg"", ""is_closed"": false, ""url"": ""https://www.yelp.nl/biz/%C3%B4-chateau-paris-6?adjust_creative=ULHW7ynqdXE8Z9Fnr4irFw&utm_campaign=yelp_api_v3&utm_medium=api_v3_business_search&utm_source=ULHW7ynqdXE8Z9Fnr4irFw"", ""review_count"": 158, ""categories"": [{""alias"": ""wine_bars"", ""title"": ""Wijnbars""}, {""alias"": ""french"", ""title"": ""Frans""}], ""rating"": 4.5, ""coordinates"": {""latitude"": 48.86434, ""longitude"": 2.34405}, ""transactions"": [], ""price"": ""\u20ac\u20ac"", ""location"": {""address1"": ""68 rue Jean-Jacques Rousseau"", ""address2"": """", ""address3"": """", ""city"": ""Parijs"", ""zip_code"": ""75001"", ""country"": ""FR"", ""state"": ""75"", ""display_address"": [""68 rue Jean-Jacques Rousseau"", ""75001 Parijs"", ""Frankrijk""]}, ""phone"": ""+33144739780"", ""display_phone"": ""+33 1 44 73 97 80"", ""distance"": 299.1314445739897}, {""id"": ""JIFlfaZVtxNqlnFWPNi9YA"", ""alias"": ""bar-\u00e0-vins-frenchie-paris-2"", ""name"": ""Bar \u00e0 Vins Frenchie"", ""image_url"": ""https://s3-media1.fl.yelpcdn.com/bphoto/QGiHk_usVDNF8_RNWnmYIQ/o.jpg"", ""is_closed"": false, ""url"": ""https://www.yelp.nl/biz/bar-%C3%A0-vins-frenchie-paris-2?adjust_creative=ULHW7ynqdXE8Z9Fnr4irFw&utm_campaign=yelp_api_v3&utm_medium=api_v3_business_search&utm_source=ULHW7ynqdXE8Z9Fnr4irFw"", ""review_count"": 137, ""categories"": [{""alias"": ""wine_bars"", ""title"": ""Wijnbars""}], ""rating"": 4.5, ""coordinates"": {""latitude"": 48.8678119, ""longitude"": 2.3479551}, ""transactions"": [], ""price"": ""\u20ac\u20ac"", ""location"": {""address1"": ""6 rue du Nil"", ""address2"": """", ""address3"": """", ""city"": ""Parijs"", ""zip_code"": ""75002"", ""country"": ""FR"", ""state"": ""75"", ""display_address"": [""6 rue du Nil"", ""75002 Parijs"", ""Frankrijk""]}, ""phone"": ""+33140399619"", ""display_phone"": ""+33 1 40 39 96 19"", ""distance"": 777.2132189367458}, {""id"": ""ZcmC2dyO-PT_vagdmx3u9g"", ""alias"": ""kitchen-paris-3"", ""name"": ""Kitchen"", ""image_url"": ""https://s3-media2.fl.yelpcdn.com/bphoto/J0N0hyXoNOz-09u3QkLEhA/o.jpg"", ""is_closed"": false, ""url"": ""https://www.yelp.nl/biz/kitchen-paris-3?adjust_creative=ULHW7ynqdXE8Z9Fnr4irFw&utm_campaign=yelp_api_v3&utm_medium=api_v3_business_search&utm_source=ULHW7ynqdXE8Z9Fnr4irFw"", ""review_count"": 228, ""categories"": [{""alias"": ""breakfast_brunch"", ""title"": ""Ontbijt en brunch""}, {""alias"": ""vegetarian"", ""title"": ""Vegetarisch""}, {""alias"": ""juicebars"", ""title"": ""Verse sappen en smoothies ""}], ""rating"": 4.5, ""coordinates"": {""latitude"": 48.864506, ""longitude"": 2.354586}, ""transactions"": [], ""price"": ""\u20ac\u20ac"", ""location"": {""address1"": ""74 rue des Gravilliers"", ""address2"": """", ""address3"": """", ""city"": ""Parijs"", ""zip_code"": ""75003"", ""country"": ""FR"", ""state"": ""75"", ""display_address"": [""74 rue des Gravilliers"", ""75003 Parijs"", ""Frankrijk""]}, ""phone"": ""+33952551166"", ""display_phone"": ""+33 9 52 55 11 66"", ""distance"": 952.9303870451207}, {""id"": ""WHHt_Jb8Tgidn9mW7oDnIg"", ""alias"": ""la-co\u00efncidence-paris-4"", ""name"": ""La Co\u00efncidence"", ""image_url"": ""https://s3-media2.fl.yelpcdn.com/bphoto/SQZZvLgpHbDE9A6JNCAQwQ/o.jpg"", ""is_closed"": false, ""url"": ""https://www.yelp.nl/biz/la-co%C3%AFncidence-paris-4?adjust_creative=ULHW7ynqdXE8Z9Fnr4irFw&utm_campaign=yelp_api_v3&utm_medium=api_v3_business_search&utm_source=ULHW7ynqdXE8Z9Fnr4irFw"", ""review_count"": 507, ""categories"": [{""alias"": ""french"", ""title"": ""Frans""}], ""rating"": 4.5, ""coordinates"": {""latitude"": 48.868105, ""longitude"": 2.284365}, ""transactions"": [], ""price"": ""\u20ac\u20ac"", ""location"": {""address1"": ""15 rue Mesnil"", ""address2"": """", ""address3"": """", ""city"": ""Parijs"", ""zip_code"": ""75116"", ""country"": ""FR"", ""state"": ""75"", ""display_address"": [""15 rue Mesnil"", ""75116 Parijs"", ""Frankrijk""]}, ""phone"": ""+33147559644"", ""display_phone"": ""+33 1 47 55 96 44"", ""distance"": 4281.588159098756}, {""id"": ""flf_IHitjG7bohr-VbOvbA"", ""alias"": ""le-petit-canard-paris"", ""name"": ""Le Petit Canard"", ""image_url"": ""https://s3-media2.fl.yelpcdn.com/bphoto/XSl0oaN21GkxzMV9TRWwzg/o.jpg"", ""is_closed"": false, ""url"": ""https://www.yelp.nl/biz/le-petit-canard-paris?adjust_creative=ULHW7ynqdXE8Z9Fnr4irFw&utm_campaign=yelp_api_v3&utm_medium=api_v3_business_search&utm_source=ULHW7ynqdXE8Z9Fnr4irFw"", ""review_count"": 199, ""categories"": [{""alias"": ""french"", ""title"": ""Frans""}], ""rating"": 4.5, ""coordinates"": {""latitude"": 48.880166, ""longitude"": 2.337314}, ""transactions"": [], ""price"": ""\u20ac\u20ac"", ""location"": {""address1"": ""19 rue Henri Monnier"", ""address2"": null, ""address3"": null, ""city"": ""Parijs"", ""zip_code"": ""75009"", ""country"": ""FR"", ""state"": ""75"", ""display_address"": [""19 rue Henri Monnier"", ""75009 Parijs"", ""Frankrijk""]}, ""phone"": ""+33149700795"", ""display_phone"": ""+33 1 49 70 07 95"", ""distance"": 2055.2043945870105}, {""id"": ""XQhDl6ya5GD0o7nf7RRZhw"", ""alias"": ""bouillon-chartier-paris"", ""name"": ""Bouillon Chartier"", ""image_url"": ""https://s3-media2.fl.yelpcdn.com/bphoto/1NnxckZc5y2XtNasediY0g/o.jpg"", ""is_closed"": false, ""url"": ""https://www.yelp.nl/biz/bouillon-chartier-paris?adjust_creative=ULHW7ynqdXE8Z9Fnr4irFw&utm_campaign=yelp_api_v3&utm_medium=api_v3_business_search&utm_source=ULHW7ynqdXE8Z9Fnr4irFw"", ""review_count"": 994, ""categories"": [{""alias"": ""french"", ""title"": ""Frans""}], ""rating"": 3.5, ""coordinates"": {""latitude"": 48.87194, ""longitude"": 2.34317}, ""transactions"": [], ""price"": ""\u20ac\u20ac"", ""location"": {""address1"": ""7 rue du Faubourg Montmartre"", ""address2"": """", ""address3"": """", ""city"": ""Parijs"", ""zip_code"": ""75009"", ""country"": ""FR"", ""state"": ""75"", ""display_address"": [""7 rue du Faubourg Montmartre"", ""75009 Parijs"", ""Frankrijk""]}, ""phone"": ""+33147708629"", ""display_phone"": ""+33 1 47 70 86 29"", ""distance"": 1112.3945358565582}, {""id"": ""PlLL5ZWA-1JBbAjlhtFYvA"", ""alias"": ""little-red-door-paris"", ""name"": ""Little Red Door"", ""image_url"": ""https://s3-media1.fl.yelpcdn.com/bphoto/3i8NoOBjDsQk_OfUqfrI1w/o.jpg"", ""is_closed"": false, ""url"": ""https://www.yelp.nl/biz/little-red-door-paris?adjust_creative=ULHW7ynqdXE8Z9Fnr4irFw&utm_campaign=yelp_api_v3&utm_medium=api_v3_business_search&utm_source=ULHW7ynqdXE8Z9Fnr4irFw"", ""review_count"": 232, ""categories"": [{""alias"": ""cocktailbars"", ""title"": ""Cocktailbars""}], ""rating"": 4.5, ""coordinates"": {""latitude"": 48.86378, ""longitude"": 2.3636}, ""transactions"": [], ""price"": ""\u20ac\u20ac"", ""location"": {""address1"": ""60 rue Charlot"", ""address2"": null, ""address3"": """", ""city"": ""Parijs"", ""zip_code"": ""75003"", ""country"": ""FR"", ""state"": ""75"", ""display_address"": [""60 rue Charlot"", ""75003 Parijs"", ""Frankrijk""]}, ""phone"": ""+33142711932"", ""display_phone"": ""+33 1 42 71 19 32"", ""distance"": 1582.2632424979508}, {""id"": ""n601y41nOORUePsM7KsuaA"", ""alias"": ""gambino-paris-2"", ""name"": ""Gambino"", ""image_url"": ""https://s3-media4.fl.yelpcdn.com/bphoto/xe-2OldoYi81yAu2X3rR0g/o.jpg"", ""is_closed"": false, ""url"": ""https://www.yelp.nl/biz/gambino-paris-2?adjust_creative=ULHW7ynqdXE8Z9Fnr4irFw&utm_campaign=yelp_api_v3&utm_medium=api_v3_business_search&utm_source=ULHW7ynqdXE8Z9Fnr4irFw"", ""review_count"": 223, ""categories"": [{""alias"": ""italian"", ""title"": ""Italiaans""}], ""rating"": 4.5, ""coordinates"": {""latitude"": 48.86736, ""longitude"": 2.33298}, ""transactions"": [], ""price"": ""\u20ac\u20ac"", ""location"": {""address1"": ""6 rue Gomboust"", ""address2"": null, ""address3"": null, ""city"": ""Parijs"", ""zip_code"": ""75001"", ""country"": ""FR"", ""state"": ""75"", ""display_address"": [""6 rue Gomboust"", ""75001 Parijs"", ""Frankrijk""]}, ""phone"": ""+33142601270"", ""display_phone"": ""+33 1 42 60 12 70"", ""distance"": 901.5001287226743}, {""id"": ""fZaKw_sumZ9zjHOfFHOC5A"", ""alias"": ""le-barav-paris"", ""name"": ""Le Barav"", ""image_url"": ""https://s3-media1.fl.yelpcdn.com/bphoto/yn0pH7Jvi03m4opbPcDXGg/o.jpg"", ""is_closed"": false, ""url"": ""https://www.yelp.nl/biz/le-barav-paris?adjust_creative=ULHW7ynqdXE8Z9Fnr4irFw&utm_campaign=yelp_api_v3&utm_medium=api_v3_business_search&utm_source=ULHW7ynqdXE8Z9Fnr4irFw"", ""review_count"": 189, ""categories"": [{""alias"": ""wine_bars"", ""title"": ""Wijnbars""}], ""rating"": 4.5, ""coordinates"": {""latitude"": 48.86518, ""longitude"": 2.36319}, ""transactions"": [], ""price"": ""\u20ac\u20ac"", ""location"": {""address1"": ""6 rue Charles Fran\u00e7ois Dupuis"", ""address2"": null, ""address3"": null, ""city"": ""Parijs"", ""zip_code"": ""75003"", ""country"": ""FR"", ""state"": ""75"", ""display_address"": [""6 rue Charles Fran\u00e7ois Dupuis"", ""75003 Parijs"", ""Frankrijk""]}, ""phone"": ""+33148045759"", ""display_phone"": ""+33 1 48 04 57 59"", ""distance"": 1583.3678893489196}, {""id"": ""ce3vXRUtUKZjbGf2fv8VzQ"", ""alias"": ""ober-mamma-paris"", ""name"": ""Ober Mamma"", ""image_url"": ""https://s3-media3.fl.yelpcdn.com/bphoto/W_QFGV2B3lBFgPagF7O7-w/o.jpg"", ""is_closed"": false, ""url"": ""https://www.yelp.nl/biz/ober-mamma-paris?adjust_creative=ULHW7ynqdXE8Z9Fnr4irFw&utm_campaign=yelp_api_v3&utm_medium=api_v3_business_search&utm_source=ULHW7ynqdXE8Z9Fnr4irFw"", ""review_count"": 289, ""categories"": [{""alias"": ""pizza"", ""title"": ""Pizza""}, {""alias"": ""italian"", ""title"": ""Italiaans""}, {""alias"": ""cocktailbars"", ""title"": ""Cocktailbars""}], ""rating"": 4.5, ""coordinates"": {""latitude"": 48.86446, ""longitude"": 2.37018}, ""transactions"": [], ""price"": ""\u20ac\u20ac"", ""location"": {""address1"": ""107 boulevard Richard Lenoir"", ""address2"": """", ""address3"": """", ""city"": ""Parijs"", ""zip_code"": ""75011"", ""country"": ""FR"", ""state"": ""75"", ""display_address"": [""107 boulevard Richard Lenoir"", ""75011 Parijs"", ""Frankrijk""]}, ""phone"": ""+33158306278"", ""display_phone"": ""+33 1 58 30 62 78"", ""distance"": 2058.541363116274}, {""id"": ""HqfVEJbVuSx-hmNy2Nbrpg"", ""alias"": ""hank-burger-paris-archives-paris"", ""name"": ""Hank Burger Paris Archives"", ""image_url"": ""https://s3-media1.fl.yelpcdn.com/bphoto/m6nxpW5JzU2YHBVXH0q8Xg/o.jpg"", ""is_closed"": false, ""url"": ""https://www.yelp.nl/biz/hank-burger-paris-archives-paris?adjust_creative=ULHW7ynqdXE8Z9Fnr4irFw&utm_campaign=yelp_api_v3&utm_medium=api_v3_business_search&utm_source=ULHW7ynqdXE8Z9Fnr4irFw"", ""review_count"": 215, ""categories"": [{""alias"": ""burgers"", ""title"": ""Hamburgers""}, {""alias"": ""vegan"", ""title"": ""Veganistisch""}], ""rating"": 4.5, ""coordinates"": {""latitude"": 48.8613519231294, ""longitude"": 2.35828442920666}, ""transactions"": [], ""price"": ""\u20ac\u20ac"", ""location"": {""address1"": ""55 rue des Archives"", ""address2"": """", ""address3"": """", ""city"": ""Parijs"", ""zip_code"": ""75003"", ""country"": ""FR"", ""state"": ""75"", ""display_address"": [""55 rue des Archives"", ""75003 Parijs"", ""Frankrijk""]}, ""phone"": ""+33972440399"", ""display_phone"": ""+33 9 72 44 03 99"", ""distance"": 1182.3632164785088}, {""id"": ""H45IsXGTW0XjG0-yRlGPJg"", ""alias"": ""la-cave-gourmande-paris-2"", ""name"": ""La Cave Gourmande"", ""image_url"": ""https://s3-media1.fl.yelpcdn.com/bphoto/Rtzu3NrVg0gyy2QazOcwFw/o.jpg"", ""is_closed"": false, ""url"": ""https://www.yelp.nl/biz/la-cave-gourmande-paris-2?adjust_creative=ULHW7ynqdXE8Z9Fnr4irFw&utm_campaign=yelp_api_v3&utm_medium=api_v3_business_search&utm_source=ULHW7ynqdXE8Z9Fnr4irFw"", ""review_count"": 363, ""categories"": [{""alias"": ""bistros"", ""title"": ""Bistro's""}], ""rating"": 4.5, ""coordinates"": {""latitude"": 48.884499, ""longitude"": 2.339847}, ""transactions"": [], ""price"": ""\u20ac\u20ac"", ""location"": {""address1"": ""96 rue des Martyrs"", ""address2"": """", ""address3"": """", ""city"": ""Parijs"", ""zip_code"": ""75018"", ""country"": ""FR"", ""state"": ""75"", ""display_address"": [""96 rue des Martyrs"", ""75018 Parijs"", ""Frankrijk""]}, ""phone"": ""+33146061034"", ""display_phone"": ""+33 1 46 06 10 34"", ""distance"": 2512.0169937784594}, {""id"": ""N0ZLLAL9MdQIFtO-QDzYuQ"", ""alias"": ""ze-kitchen-galerie-paris"", ""name"": ""Ze Kitchen Galerie"", ""image_url"": ""https://s3-media2.fl.yelpcdn.com/bphoto/ZNJoF7xhF59cyGlG-2GohA/o.jpg"", ""is_closed"": false, ""url"": ""https://www.yelp.nl/biz/ze-kitchen-galerie-paris?adjust_creative=ULHW7ynqdXE8Z9Fnr4irFw&utm_campaign=yelp_api_v3&utm_medium=api_v3_business_search&utm_source=ULHW7ynqdXE8Z9Fnr4irFw"", ""review_count"": 204, ""categories"": [{""alias"": ""french"", ""title"": ""Frans""}, {""alias"": ""panasian"", ""title"": ""Pan-Aziatisch""}], ""rating"": 4.0, ""coordinates"": {""latitude"": 48.85502, ""longitude"": 2.3412099}, ""transactions"": [], ""price"": ""\u20ac\u20ac\u20ac\u20ac"", ""location"": {""address1"": ""4 rue des Grands Augustins"", ""address2"": """", ""address3"": """", ""city"": ""Parijs"", ""zip_code"": ""75006"", ""country"": ""FR"", ""state"": ""75"", ""display_address"": [""4 rue des Grands Augustins"", ""75006 Parijs"", ""Frankrijk""]}, ""phone"": ""+33144320032"", ""display_phone"": ""+33 1 44 32 00 32"", ""distance"": 761.0015649445859}, {""id"": ""Bx9w5upaDemxCcDZHDppQw"", ""alias"": ""matamata-coffee-bar-paris-2"", ""name"": ""Matamata Coffee Bar"", ""image_url"": ""https://s3-media3.fl.yelpcdn.com/bphoto/zmLKgzgFOqMvtyVcL7bTDQ/o.jpg"", ""is_closed"": false, ""url"": ""https://www.yelp.nl/biz/matamata-coffee-bar-paris-2?adjust_creative=ULHW7ynqdXE8Z9Fnr4irFw&utm_campaign=yelp_api_v3&utm_medium=api_v3_business_search&utm_source=ULHW7ynqdXE8Z9Fnr4irFw"", ""review_count"": 89, ""categories"": [{""alias"": ""coffee"", ""title"": ""Koffie en thee""}, {""alias"": ""breakfast_brunch"", ""title"": ""Ontbijt en brunch""}, {""alias"": ""sandwiches"", ""title"": ""Belegde broodjes""}], ""rating"": 4.5, ""coordinates"": {""latitude"": 48.86611, ""longitude"": 2.34411}, ""transactions"": [], ""price"": ""\u20ac\u20ac"", ""location"": {""address1"": ""58 rue d'Argout"", ""address2"": """", ""address3"": """", ""city"": ""Parijs"", ""zip_code"": ""75002"", ""country"": ""FR"", ""state"": ""75"", ""display_address"": [""58 rue d'Argout"", ""75002 Parijs"", ""Frankrijk""]}, ""phone"": ""+33171394458"", ""display_phone"": ""+33 1 71 39 44 58"", ""distance"": 481.81861556520965}, {""id"": ""2xMKFWLjktrlRWGzZAkiEQ"", ""alias"": ""al-caratello-paris-2"", ""name"": ""Al Caratello"", ""image_url"": ""https://s3-media4.fl.yelpcdn.com/bphoto/GQaycFnPhriw2PJKiyUpEg/o.jpg"", ""is_closed"": false, ""url"": ""https://www.yelp.nl/biz/al-caratello-paris-2?adjust_creative=ULHW7ynqdXE8Z9Fnr4irFw&utm_campaign=yelp_api_v3&utm_medium=api_v3_business_search&utm_source=ULHW7ynqdXE8Z9Fnr4irFw"", ""review_count"": 217, ""categories"": [{""alias"": ""italian"", ""title"": ""Italiaans""}], ""rating"": 4.5, ""coordinates"": {""latitude"": 48.885237, ""longitude"": 2.335898}, ""transactions"": [], ""price"": ""\u20ac\u20ac"", ""location"": {""address1"": ""5 rue Audran"", ""address2"": """", ""address3"": """", ""city"": ""Parijs"", ""zip_code"": ""75018"", ""country"": ""FR"", ""state"": ""75"", ""display_address"": [""5 rue Audran"", ""75018 Parijs"", ""Frankrijk""]}, ""phone"": ""+33142622423"", ""display_phone"": ""+33 1 42 62 24 23"", ""distance"": 2628.483915625087}, {""id"": ""u0PQ2A4w14iMWrrk5pWGUA"", ""alias"": ""bistrot-richelieu-paris-2"", ""name"": ""Bistrot Richelieu"", ""image_url"": ""https://s3-media4.fl.yelpcdn.com/bphoto/m6UqngRRrkZxeYjXqCQ_RA/o.jpg"", ""is_closed"": false, ""url"": ""https://www.yelp.nl/biz/bistrot-richelieu-paris-2?adjust_creative=ULHW7ynqdXE8Z9Fnr4irFw&utm_campaign=yelp_api_v3&utm_medium=api_v3_business_search&utm_source=ULHW7ynqdXE8Z9Fnr4irFw"", ""review_count"": 192, ""categories"": [{""alias"": ""french"", ""title"": ""Frans""}, {""alias"": ""breakfast_brunch"", ""title"": ""Ontbijt en brunch""}], ""rating"": 4.0, ""coordinates"": {""latitude"": 48.866218, ""longitude"": 2.337011}, ""transactions"": [], ""price"": ""\u20ac\u20ac"", ""location"": {""address1"": ""45 rue de Richelieu"", ""address2"": null, ""address3"": """", ""city"": ""Paris"", ""zip_code"": ""75001"", ""country"": ""FR"", ""state"": ""01"", ""display_address"": [""45 rue de Richelieu"", ""75001 Paris"", ""Frankrijk""]}, ""phone"": ""+33142601916"", ""display_phone"": ""+33 1 42 60 19 16"", ""distance"": 604.5741458549456}, {""id"": ""PXYLVsHC33f_dQVVCH-PMw"", ""alias"": ""victoires-paris-2"", ""name"": ""Victoires"", ""image_url"": ""https://s3-media2.fl.yelpcdn.com/bphoto/OuuWSKAR9c1oj_7bbDJ-Qw/o.jpg"", ""is_closed"": false, ""url"": ""https://www.yelp.nl/biz/victoires-paris-2?adjust_creative=ULHW7ynqdXE8Z9Fnr4irFw&utm_campaign=yelp_api_v3&utm_medium=api_v3_business_search&utm_source=ULHW7ynqdXE8Z9Fnr4irFw"", ""review_count"": 240, ""categories"": [{""alias"": ""french"", ""title"": ""Frans""}], ""rating"": 4.0, ""coordinates"": {""latitude"": 48.865569, ""longitude"": 2.340286}, ""transactions"": [], ""price"": ""\u20ac\u20ac"", ""location"": {""address1"": ""6 rue la Vrilli\u00e8re"", ""address2"": null, ""address3"": null, ""city"": ""Parijs"", ""zip_code"": ""75001"", ""country"": ""FR"", ""state"": ""75"", ""display_address"": [""6 rue la Vrilli\u00e8re"", ""75001 Parijs"", ""Frankrijk""]}, ""phone"": ""+33142614378"", ""display_phone"": ""+33 1 42 61 43 78"", ""distance"": 423.92921152509274}, {""id"": ""ZPucE7gYfhbogf7ABpwSqQ"", ""alias"": ""galette-caf\u00e9-paris-4"", ""name"": ""Galette Caf\u00e9"", ""image_url"": ""https://s3-media2.fl.yelpcdn.com/bphoto/4-A7VCUUJ4GNWZ43LQ_AIw/o.jpg"", ""is_closed"": false, ""url"": ""https://www.yelp.nl/biz/galette-caf%C3%A9-paris-4?adjust_creative=ULHW7ynqdXE8Z9Fnr4irFw&utm_campaign=yelp_api_v3&utm_medium=api_v3_business_search&utm_source=ULHW7ynqdXE8Z9Fnr4irFw"", ""review_count"": 112, ""categories"": [{""alias"": ""creperies"", ""title"": ""Pannenkoeken/poffertjes ""}], ""rating"": 4.5, ""coordinates"": {""latitude"": 48.85643, ""longitude"": 2.33153}, ""transactions"": [], ""price"": ""\u20ac\u20ac"", ""location"": {""address1"": ""2 rue de l'Universit\u00e9"", ""address2"": """", ""address3"": """", ""city"": ""Parijs"", ""zip_code"": ""75007"", ""country"": ""FR"", ""state"": ""75"", ""display_address"": [""2 rue de l'Universit\u00e9"", ""75007 Parijs"", ""Frankrijk""]}, ""phone"": ""+33142602204"", ""display_phone"": ""+33 1 42 60 22 04"", ""distance"": 984.9262653969477}], ""total"": 7700, ""region"": {""center"": {""longitude"": 2.3421478271484375, ""latitude"": 48.86195860677958}}}",application/json,false,"OAS disconformity: [Path '/businesses/[item]/price'] Instance value ("""") not found in enum (possible values: [""$"";""$$"";""$$$"";""$$$$""]) --- [Path '/businesses/[item]/price'] Instance value ("""") not found in enum (possible values: [""$"";""$$"";""$$$"";""$$$$""])"
test_sof4n63x6gc2_getBusinesses,400,"{""error"": {""code"": ""LOCATION_NOT_FOUND"", ""description"": ""Could not execute search, try specifying a more exact location.""}}",application/json,true,none
test_t4qmu5ee85ly_getBusinesses,200,"{""businesses"": [], ""total"": 0, ""region"": {""center"": {""longitude"": 144.96734619140625, ""latitude"": -37.81787593178502}}}",application/json,true,none
test_t89ohfncaued_getBusinesses,200,"{""businesses"": [{""id"": ""ssGhu4n3emZ9kEPVf371IQ"", ""alias"": ""cookshop-new-york"", ""name"": ""Cookshop"", ""image_url"": ""https://s3-media1.fl.yelpcdn.com/bphoto/BVNl4RPKVrw2tYtYfiRWBw/o.jpg"", ""is_closed"": false, ""url"": ""https://www.yelp.com/biz/cookshop-new-york?adjust_creative=ULHW7ynqdXE8Z9Fnr4irFw&utm_campaign=yelp_api_v3&utm_medium=api_v3_business_search&utm_source=ULHW7ynqdXE8Z9Fnr4irFw"", ""review_count"": 2277, ""categories"": [{""alias"": ""newamerican"", ""title"": ""American (New)""}, {""alias"": ""bars"", ""title"": ""Bars""}], ""rating"": 4.0, ""coordinates"": {""latitude"": 40.745731881448236, ""longitude"": -74.00540454907613}, ""transactions"": [""delivery"", ""pickup""], ""price"": ""$$"", ""location"": {""address1"": ""156 10th Ave"", ""address2"": """", ""address3"": """", ""city"": ""New York"", ""zip_code"": ""10011"", ""country"": ""US"", ""state"": ""NY"", ""display_address"": [""156 10th Ave"", ""New York, NY 10011""]}, ""phone"": ""+12129244440"", ""display_phone"": ""(212) 924-4440"", ""distance"": 4842.587884219098}, {""id"": ""kB-lmHs7yNwLIlQyp0kMmQ"", ""alias"": ""quality-meats-new-york"", ""name"": ""Quality Meats"", ""image_url"": ""https://s3-media1.fl.yelpcdn.com/bphoto/c4AlhBFx8EoQ-dhC7vBrHw/o.jpg"", ""is_closed"": false, ""url"": ""https://www.yelp.com/biz/quality-meats-new-york?adjust_creative=ULHW7ynqdXE8Z9Fnr4irFw&utm_campaign=yelp_api_v3&utm_medium=api_v3_business_search&utm_source=ULHW7ynqdXE8Z9Fnr4irFw"", ""review_count"": 2226, ""categories"": [{""alias"": ""steak"", ""title"": ""Steakhouses""}, {""alias"": ""newamerican"", ""title"": ""American (New)""}, {""alias"": ""cocktailbars"", ""title"": ""Cocktail Bars""}], ""rating"": 4.0, ""coordinates"": {""latitude"": 40.764958, ""longitude"": -73.976206}, ""transactions"": [""delivery"", ""pickup""], ""price"": ""$$$$"", ""location"": {""address1"": ""57 W 58th St"", ""address2"": null, ""address3"": """", ""city"": ""New York"", ""zip_code"": ""10019"", ""country"": ""US"", ""state"": ""NY"", ""display_address"": [""57 W 58th St"", ""New York, NY 10019""]}, ""phone"": ""+12123717777"", ""display_phone"": ""(212) 371-7777"", ""distance"": 6451.997450492178}, {""id"": ""oTkzgr7hzOAdlP99Auj3GQ"", ""alias"": ""momosan-ramen-and-sake-new-york-new-york"", ""name"": ""Momosan Ramen & Sake - New York"", ""image_url"": ""https://s3-media3.fl.yelpcdn.com/bphoto/y1zFJ01-X-A9vaCmH1if7g/o.jpg"", ""is_closed"": false, ""url"": ""https://www.yelp.com/biz/momosan-ramen-and-sake-new-york-new-york?adjust_creative=ULHW7ynqdXE8Z9Fnr4irFw&utm_campaign=yelp_api_v3&utm_medium=api_v3_business_search&utm_source=ULHW7ynqdXE8Z9Fnr4irFw"", ""review_count"": 1793, ""categories"": [{""alias"": ""ramen"", ""title"": ""Ramen""}, {""alias"": ""asianfusion"", ""title"": ""Asian Fusion""}], ""rating"": 4.0, ""coordinates"": {""latitude"": 40.74993, ""longitude"": -73.97746}, ""transactions"": [""delivery"", ""pickup""], ""price"": ""$$"", ""location"": {""address1"": ""342 Lexington Ave"", ""address2"": """", ""address3"": """", ""city"": ""New York"", ""zip_code"": ""10016"", ""country"": ""US"", ""state"": ""NY"", ""display_address"": [""342 Lexington Ave"", ""New York, NY 10016""]}, ""phone"": ""+16462015529"", ""display_phone"": ""(646) 201-5529"", ""distance"": 4778.397788037734}, {""id"": ""d7Asc4q2ImoPlA_BhfroTQ"", ""alias"": ""kest\u00e9-pizza-and-vino-new-york-5"", ""name"": ""Kest\u00e9 Pizza & Vino"", ""image_url"": ""https://s3-media2.fl.yelpcdn.com/bphoto/rBoHtwHN3lsNPKOWsmBCRw/o.jpg"", ""is_closed"": false, ""url"": ""https://www.yelp.com/biz/kest%C3%A9-pizza-and-vino-new-york-5?adjust_creative=ULHW7ynqdXE8Z9Fnr4irFw&utm_campaign=yelp_api_v3&utm_medium=api_v3_business_search&utm_source=ULHW7ynqdXE8Z9Fnr4irFw"", ""review_count"": 1551, ""categories"": [{""alias"": ""pizza"", ""title"": ""Pizza""}, {""alias"": ""italian"", ""title"": ""Italian""}, {""alias"": ""wine_bars"", ""title"": ""Wine Bars""}], ""rating"": 4.0, ""coordinates"": {""latitude"": 40.70937768719562, ""longitude"": -74.00483341921786}, ""transactions"": [""delivery"", ""pickup""], ""price"": ""$$"", ""location"": {""address1"": ""77 Fulton St"", ""address2"": """", ""address3"": """", ""city"": ""New York"", ""zip_code"": ""10038"", ""country"": ""US"", ""state"": ""NY"", ""display_address"": [""77 Fulton St"", ""New York, NY 10038""]}, ""phone"": ""+12122431500"", ""display_phone"": ""(212) 243-1500"", ""distance"": 2178.1518720577096}, {""id"": ""M-odQWSEfsR2mVEw7nKG-g"", ""alias"": ""nyonya-new-york"", ""name"": ""Nyonya"", ""image_url"": ""https://s3-media2.fl.yelpcdn.com/bphoto/YuWC1Gwo7ku4PvD-7mDQnA/o.jpg"", ""is_closed"": false, ""url"": ""https://www.yelp.com/biz/nyonya-new-york?adjust_creative=ULHW7ynqdXE8Z9Fnr4irFw&utm_campaign=yelp_api_v3&utm_medium=api_v3_business_search&utm_source=ULHW7ynqdXE8Z9Fnr4irFw"", ""review_count"": 2315, ""categories"": [{""alias"": ""malaysian"", ""title"": ""Malaysian""}, {""alias"": ""chinese"", ""title"": ""Chinese""}], ""rating"": 4.0, ""coordinates"": {""latitude"": 40.719116974367, ""longitude"": -73.9968322948353}, ""transactions"": [""delivery""], ""price"": ""$$"", ""location"": {""address1"": ""199 Grand St"", ""address2"": """", ""address3"": """", ""city"": ""New York"", ""zip_code"": ""10013"", ""country"": ""US"", ""state"": ""NY"", ""display_address"": [""199 Grand St"", ""New York, NY 10013""]}, ""phone"": ""+12123343669"", ""display_phone"": ""(212) 334-3669"", ""distance"": 2008.2002236814853}, {""id"": ""u_3TLN0u6LyOL01vdjFOug"", ""alias"": ""champs-diner-brooklyn"", ""name"": ""Champs Diner"", ""image_url"": ""https://s3-media4.fl.yelpcdn.com/bphoto/qg2qzkZUBcjPlJFl1t_ipA/o.jpg"", ""is_closed"": false, ""url"": ""https://www.yelp.com/biz/champs-diner-brooklyn?adjust_creative=ULHW7ynqdXE8Z9Fnr4irFw&utm_campaign=yelp_api_v3&utm_medium=api_v3_business_search&utm_source=ULHW7ynqdXE8Z9Fnr4irFw"", ""review_count"": 1730, ""categories"": [{""alias"": ""vegan"", ""title"": ""Vegan""}, {""alias"": ""bakeries"", ""title"": ""Bakeries""}, {""alias"": ""diners"", ""title"": ""Diners""}], ""rating"": 4.0, ""coordinates"": {""latitude"": 40.7084397372605, ""longitude"": -73.9407808520115}, ""transactions"": [""delivery"", ""pickup""], ""price"": ""$$"", ""location"": {""address1"": ""197 Meserole St"", ""address2"": """", ""address3"": """", ""city"": ""Brooklyn"", ""zip_code"": ""11206"", ""country"": ""US"", ""state"": ""NY"", ""display_address"": [""197 Meserole St"", ""Brooklyn, NY 11206""]}, ""phone"": ""+17185992743"", ""display_phone"": ""(718) 599-2743"", ""distance"": 3241.366897764602}, {""id"": ""bL6gcUWgFt7mOZYT_FaGSg"", ""alias"": ""shake-shack-new-york-9"", ""name"": ""Shake Shack"", ""image_url"": ""https://s3-media3.fl.yelpcdn.com/bphoto/vwUjKKznaAWsvpVmaWacIg/o.jpg"", ""is_closed"": false, ""url"": ""https://www.yelp.com/biz/shake-shack-new-york-9?adjust_creative=ULHW7ynqdXE8Z9Fnr4irFw&utm_campaign=yelp_api_v3&utm_medium=api_v3_business_search&utm_source=ULHW7ynqdXE8Z9Fnr4irFw"", ""review_count"": 3124, ""categories"": [{""alias"": ""burgers"", ""title"": ""Burgers""}, {""alias"": ""icecream"", ""title"": ""Ice Cream & Frozen Yogurt""}], ""rating"": 4.0, ""coordinates"": {""latitude"": 40.758412133689, ""longitude"": -73.98918226361275}, ""transactions"": [""delivery"", ""pickup""], ""price"": ""$$"", ""location"": {""address1"": ""691 8th Ave"", ""address2"": """", ""address3"": """", ""city"": ""New York"", ""zip_code"": ""10036"", ""country"": ""US"", ""state"": ""NY"", ""display_address"": [""691 8th Ave"", ""New York, NY 10036""]}, ""phone"": ""+16464350135"", ""display_phone"": ""(646) 435-0135"", ""distance"": 5780.916866615449}, {""id"": ""0L03onqNwxWLrbb_FCK79A"", ""alias"": ""sripraphai-thai-restaurant-woodside"", ""name"": ""SriPraPhai Thai Restaurant"", ""image_url"": ""https://s3-media3.fl.yelpcdn.com/bphoto/98LmWrT2ySV8fHpOqVdeow/o.jpg"", ""is_closed"": false, ""url"": ""https://www.yelp.com/biz/sripraphai-thai-restaurant-woodside?adjust_creative=ULHW7ynqdXE8Z9Fnr4irFw&utm_campaign=yelp_api_v3&utm_medium=api_v3_business_search&utm_source=ULHW7ynqdXE8Z9Fnr4irFw"", ""review_count"": 2515, ""categories"": [{""alias"": ""thai"", ""title"": ""Thai""}], ""rating"": 4.0, ""coordinates"": {""latitude"": 40.7464987, ""longitude"": -73.8992328}, ""transactions"": [], ""price"": ""$$"", ""location"": {""address1"": ""64-13 39th Ave"", ""address2"": """", ""address3"": """", ""city"": ""Woodside"", ""zip_code"": ""11377"", ""country"": ""US"", ""state"": ""NY"", ""display_address"": [""64-13 39th Ave"", ""Woodside, NY 11377""]}, ""phone"": ""+17188999599"", ""display_phone"": ""(718) 899-9599"", ""distance"": 8043.97489357654}, {""id"": ""UZViRVpxNZvOM5KarmbT1g"", ""alias"": ""sweet-moment-new-york"", ""name"": ""Sweet Moment"", ""image_url"": ""https://s3-media4.fl.yelpcdn.com/bphoto/9FgfPV5mK-FbcS6m3v-Nvg/o.jpg"", ""is_closed"": false, ""url"": ""https://www.yelp.com/biz/sweet-moment-new-york?adjust_creative=ULHW7ynqdXE8Z9Fnr4irFw&utm_campaign=yelp_api_v3&utm_medium=api_v3_business_search&utm_source=ULHW7ynqdXE8Z9Fnr4irFw"", ""review_count"": 1029, ""categories"": [{""alias"": ""coffee"", ""title"": ""Coffee & Tea""}, {""alias"": ""icecream"", ""title"": ""Ice Cream & Frozen Yogurt""}, {""alias"": ""waffles"", ""title"": ""Waffles""}], ""rating"": 4.5, ""coordinates"": {""latitude"": 40.71763, ""longitude"": -73.99714}, ""transactions"": [""delivery"", ""pickup""], ""price"": ""$$"", ""location"": {""address1"": ""106 Mott St"", ""address2"": null, ""address3"": """", ""city"": ""New York"", ""zip_code"": ""10013"", ""country"": ""US"", ""state"": ""NY"", ""display_address"": [""106 Mott St"", ""New York, NY 10013""]}, ""phone"": ""+12122268724"", ""display_phone"": ""(212) 226-8724"", ""distance"": 1915.280670933793}, {""id"": ""9fG8-RRh1rzuCKN2TmF-QQ"", ""alias"": ""5ive-spice-new-york-2"", ""name"": ""5ive Spice"", ""image_url"": ""https://s3-media1.fl.yelpcdn.com/bphoto/Wb_tBXJVLhzwhvwLssnD5A/o.jpg"", ""is_closed"": false, ""url"": ""https://www.yelp.com/biz/5ive-spice-new-york-2?adjust_creative=ULHW7ynqdXE8Z9Fnr4irFw&utm_campaign=yelp_api_v3&utm_medium=api_v3_business_search&utm_source=ULHW7ynqdXE8Z9Fnr4irFw"", ""review_count"": 640, ""categories"": [{""alias"": ""vietnamese"", ""title"": ""Vietnamese""}, {""alias"": ""tacos"", ""title"": ""Tacos""}, {""alias"": ""sandwiches"", ""title"": ""Sandwiches""}], ""rating"": 4.5, ""coordinates"": {""latitude"": 40.722598, ""longitude"": -73.996272}, ""transactions"": [""delivery"", ""pickup""], ""price"": ""$$"", ""location"": {""address1"": ""227 Mulberry St"", ""address2"": null, ""address3"": """", ""city"": ""New York"", ""zip_code"": ""10012"", ""country"": ""US"", ""state"": ""NY"", ""display_address"": [""227 Mulberry St"", ""New York, NY 10012""]}, ""phone"": ""+19174092605"", ""display_phone"": ""(917) 409-2605"", ""distance"": 2256.5684865455114}, {""id"": ""8qSOz7oTPUUCafsMOBBNEQ"", ""alias"": ""pisillo-italian-panini-new-york"", ""name"": ""Pisillo Italian Panini"", ""image_url"": ""https://s3-media1.fl.yelpcdn.com/bphoto/w839ORjvJ3U-80uNAjDe4g/o.jpg"", ""is_closed"": false, ""url"": ""https://www.yelp.com/biz/pisillo-italian-panini-new-york?adjust_creative=ULHW7ynqdXE8Z9Fnr4irFw&utm_campaign=yelp_api_v3&utm_medium=api_v3_business_search&utm_source=ULHW7ynqdXE8Z9Fnr4irFw"", ""review_count"": 705, ""categories"": [{""alias"": ""italian"", ""title"": ""Italian""}, {""alias"": ""sandwiches"", ""title"": ""Sandwiches""}], ""rating"": 4.5, ""coordinates"": {""latitude"": 40.710558, ""longitude"": -74.007594}, ""transactions"": [""delivery"", ""pickup""], ""price"": ""$$"", ""location"": {""address1"": ""97 Nassau St"", ""address2"": """", ""address3"": """", ""city"": ""New York"", ""zip_code"": ""10038"", ""country"": ""US"", ""state"": ""NY"", ""display_address"": [""97 Nassau St"", ""New York, NY 10038""]}, ""phone"": ""+12122273104"", ""display_phone"": ""(212) 227-3104"", ""distance"": 2427.28132488729}, {""id"": ""J9UA6rzI5WW_cDGjwDnF5g"", ""alias"": ""tsurutontan-udon-noodle-brasserie-new-york"", ""name"": ""Tsurutontan Udon Noodle Brasserie"", ""image_url"": ""https://s3-media3.fl.yelpcdn.com/bphoto/S1XMhxctHZBhMu-qJegLdw/o.jpg"", ""is_closed"": false, ""url"": ""https://www.yelp.com/biz/tsurutontan-udon-noodle-brasserie-new-york?adjust_creative=ULHW7ynqdXE8Z9Fnr4irFw&utm_campaign=yelp_api_v3&utm_medium=api_v3_business_search&utm_source=ULHW7ynqdXE8Z9Fnr4irFw"", ""review_count"": 2245, ""categories"": [{""alias"": ""japanese"", ""title"": ""Japanese""}, {""alias"": ""noodles"", ""title"": ""Noodles""}, {""alias"": ""sushi"", ""title"": ""Sushi Bars""}], ""rating"": 4.0, ""coordinates"": {""latitude"": 40.73678, ""longitude"": -73.9910699}, ""transactions"": [""delivery"", ""pickup""], ""price"": ""$$"", ""location"": {""address1"": ""21 E 16th St"", ""address2"": """", ""address3"": """", ""city"": ""New York"", ""zip_code"": ""10003"", ""country"": ""US"", ""state"": ""NY"", ""display_address"": [""21 E 16th St"", ""New York, NY 10003""]}, ""phone"": ""+12129891000"", ""display_phone"": ""(212) 989-1000"", ""distance"": 3475.6461722017307}, {""id"": ""9DceMTrjyVqBgQRqgR6GWw"", ""alias"": ""red-bamboo-new-york"", ""name"": ""Red Bamboo"", ""image_url"": ""https://s3-media4.fl.yelpcdn.com/bphoto/dvbsjK-TA2KpUyMun7T7Nw/o.jpg"", ""is_closed"": false, ""url"": ""https://www.yelp.com/biz/red-bamboo-new-york?adjust_creative=ULHW7ynqdXE8Z9Fnr4irFw&utm_campaign=yelp_api_v3&utm_medium=api_v3_business_search&utm_source=ULHW7ynqdXE8Z9Fnr4irFw"", ""review_count"": 1821, ""categories"": [{""alias"": ""vegetarian"", ""title"": ""Vegetarian""}, {""alias"": ""soulfood"", ""title"": ""Soul Food""}, {""alias"": ""vegan"", ""title"": ""Vegan""}], ""rating"": 4.0, ""coordinates"": {""latitude"": 40.7311846, ""longitude"": -74.00042619999999}, ""transactions"": [""delivery"", ""pickup""], ""price"": ""$$"", ""location"": {""address1"": ""140 W 4th St"", ""address2"": ""Ste A"", ""address3"": """", ""city"": ""New York"", ""zip_code"": ""10012"", ""country"": ""US"", ""state"": ""NY"", ""display_address"": [""140 W 4th St"", ""Ste A"", ""New York, NY 10012""]}, ""phone"": ""+12122601212"", ""display_phone"": ""(212) 260-1212"", ""distance"": 3232.508518942751}, {""id"": ""_LJFf9YqpYxvExTvVxb7Rw"", ""alias"": ""the-modern-new-york-3"", ""name"": ""The Modern"", ""image_url"": ""https://s3-media1.fl.yelpcdn.com/bphoto/Tnt4JT48wHJu1aDYzcCFQw/o.jpg"", ""is_closed"": false, ""url"": ""https://www.yelp.com/biz/the-modern-new-york-3?adjust_creative=ULHW7ynqdXE8Z9Fnr4irFw&utm_campaign=yelp_api_v3&utm_medium=api_v3_business_search&utm_source=ULHW7ynqdXE8Z9Fnr4irFw"", ""review_count"": 1121, ""categories"": [{""alias"": ""newamerican"", ""title"": ""American (New)""}], ""rating"": 4.5, ""coordinates"": {""latitude"": 40.761106128269006, ""longitude"": -73.97670872686992}, ""transactions"": [], ""price"": ""$$$$"", ""location"": {""address1"": ""9 W 53rd St"", ""address2"": """", ""address3"": """", ""city"": ""New York"", ""zip_code"": ""10019"", ""country"": ""US"", ""state"": ""NY"", ""display_address"": [""9 W 53rd St"", ""New York, NY 10019""]}, ""phone"": ""+12123331220"", ""display_phone"": ""(212) 333-1220"", ""distance"": 6022.419929568385}, {""id"": ""AgAkUVLN_axMY-bzbNCfCw"", ""alias"": ""yuca-bar-new-york"", ""name"": ""Yuca Bar"", ""image_url"": ""https://s3-media1.fl.yelpcdn.com/bphoto/t4zB5wPaoCpADtmsqKyBvg/o.jpg"", ""is_closed"": false, ""url"": ""https://www.yelp.com/biz/yuca-bar-new-york?adjust_creative=ULHW7ynqdXE8Z9Fnr4irFw&utm_campaign=yelp_api_v3&utm_medium=api_v3_business_search&utm_source=ULHW7ynqdXE8Z9Fnr4irFw"", ""review_count"": 1957, ""categories"": [{""alias"": ""latin"", ""title"": ""Latin American""}, {""alias"": ""tapas"", ""title"": ""Tapas Bars""}, {""alias"": ""cocktailbars"", ""title"": ""Cocktail Bars""}], ""rating"": 4.0, ""coordinates"": {""latitude"": 40.7262, ""longitude"": -73.9836}, ""transactions"": [""delivery"", ""pickup""], ""price"": ""$$"", ""location"": {""address1"": ""111 Avenue A"", ""address2"": null, ""address3"": """", ""city"": ""New York"", ""zip_code"": ""10009"", ""country"": ""US"", ""state"": ""NY"", ""display_address"": [""111 Avenue A"", ""New York, NY 10009""]}, ""phone"": ""+12129829533"", ""display_phone"": ""(212) 982-9533"", ""distance"": 2179.667794405062}, {""id"": ""XsElXaLxUPKquI78poB8yw"", ""alias"": ""maison-pickle-new-york"", ""name"": ""Maison Pickle"", ""image_url"": ""https://s3-media1.fl.yelpcdn.com/bphoto/sYqhr4lhMml4qkqT2vSaTg/o.jpg"", ""is_closed"": false, ""url"": ""https://www.yelp.com/biz/maison-pickle-new-york?adjust_creative=ULHW7ynqdXE8Z9Fnr4irFw&utm_campaign=yelp_api_v3&utm_medium=api_v3_business_search&utm_source=ULHW7ynqdXE8Z9Fnr4irFw"", ""review_count"": 1576, ""categories"": [{""alias"": ""cocktailbars"", ""title"": ""Cocktail Bars""}, {""alias"": ""comfortfood"", ""title"": ""Comfort Food""}, {""alias"": ""breakfast_brunch"", ""title"": ""Breakfast & Brunch""}], ""rating"": 4.0, ""coordinates"": {""latitude"": 40.7870473, ""longitude"": -73.9781361}, ""transactions"": [""delivery"", ""pickup""], ""price"": ""$$"", ""location"": {""address1"": ""2315 Broadway"", ""address2"": """", ""address3"": null, ""city"": ""New York"", ""zip_code"": ""10024"", ""country"": ""US"", ""state"": ""NY"", ""display_address"": [""2315 Broadway"", ""New York, NY 10024""]}, ""phone"": ""+12124969100"", ""display_phone"": ""(212) 496-9100"", ""distance"": 8903.762383172161}, {""id"": ""q1uIqB8PvyCCX8TajaRYBg"", ""alias"": ""little-owl-new-york-3"", ""name"": ""Little Owl"", ""image_url"": ""https://s3-media3.fl.yelpcdn.com/bphoto/xyIuY-yj5MsTqC5KtDQqDQ/o.jpg"", ""is_closed"": false, ""url"": ""https://www.yelp.com/biz/little-owl-new-york-3?adjust_creative=ULHW7ynqdXE8Z9Fnr4irFw&utm_campaign=yelp_api_v3&utm_medium=api_v3_business_search&utm_source=ULHW7ynqdXE8Z9Fnr4irFw"", ""review_count"": 1422, ""categories"": [{""alias"": ""breakfast_brunch"", ""title"": ""Breakfast & Brunch""}, {""alias"": ""mediterranean"", ""title"": ""Mediterranean""}], ""rating"": 4.0, ""coordinates"": {""latitude"": 40.73240001181511, ""longitude"": -74.00532068435112}, ""transactions"": [""delivery"", ""pickup""], ""price"": ""$$"", ""location"": {""address1"": ""90 Bedford St"", ""address2"": null, ""address3"": """", ""city"": ""New York"", ""zip_code"": ""10014"", ""country"": ""US"", ""state"": ""NY"", ""display_address"": [""90 Bedford St"", ""New York, NY 10014""]}, ""phone"": ""+12127414695"", ""display_phone"": ""(212) 741-4695"", ""distance"": 3583.527017511063}, {""id"": ""hk3ohp_A4L4UgWTexDxf_Q"", ""alias"": ""gallaghers-steakhouse-new-york"", ""name"": ""Gallaghers Steakhouse"", ""image_url"": ""https://s3-media4.fl.yelpcdn.com/bphoto/Z1ugGF9xFFF6Kjq-h7WQjw/o.jpg"", ""is_closed"": false, ""url"": ""https://www.yelp.com/biz/gallaghers-steakhouse-new-york?adjust_creative=ULHW7ynqdXE8Z9Fnr4irFw&utm_campaign=yelp_api_v3&utm_medium=api_v3_business_search&utm_source=ULHW7ynqdXE8Z9Fnr4irFw"", ""review_count"": 1588, ""categories"": [{""alias"": ""steak"", ""title"": ""Steakhouses""}, {""alias"": ""seafood"", ""title"": ""Seafood""}, {""alias"": ""tradamerican"", ""title"": ""American (Traditional)""}], ""rating"": 4.0, ""coordinates"": {""latitude"": 40.762876, ""longitude"": -73.983837}, ""transactions"": [""delivery"", ""pickup""], ""price"": ""$$$$"", ""location"": {""address1"": ""228 W 52nd St"", ""address2"": null, ""address3"": """", ""city"": ""New York"", ""zip_code"": ""10019"", ""country"": ""US"", ""state"": ""NY"", ""display_address"": [""228 W 52nd St"", ""New York, NY 10019""]}, ""phone"": ""+12125865000"", ""display_phone"": ""(212) 586-5000"", ""distance"": 6227.935044660211}, {""id"": ""WKDdD8Z17-P1XhkyJtDEFA"", ""alias"": ""johnys-luncheonette-new-york"", ""name"": ""Johny's Luncheonette"", ""image_url"": ""https://s3-media1.fl.yelpcdn.com/bphoto/R7iqSJVtx8MQoZd-nP7yMg/o.jpg"", ""is_closed"": false, ""url"": ""https://www.yelp.com/biz/johnys-luncheonette-new-york?adjust_creative=ULHW7ynqdXE8Z9Fnr4irFw&utm_campaign=yelp_api_v3&utm_medium=api_v3_business_search&utm_source=ULHW7ynqdXE8Z9Fnr4irFw"", ""review_count"": 1157, ""categories"": [{""alias"": ""breakfast_brunch"", ""title"": ""Breakfast & Brunch""}, {""alias"": ""burgers"", ""title"": ""Burgers""}, {""alias"": ""sandwiches"", ""title"": ""Sandwiches""}], ""rating"": 4.5, ""coordinates"": {""latitude"": 40.7444458007812, ""longitude"": -73.9930725097656}, ""transactions"": [""delivery"", ""pickup""], ""price"": ""$$"", ""location"": {""address1"": ""124 W 25th St"", ""address2"": null, ""address3"": """", ""city"": ""New York"", ""zip_code"": ""10001"", ""country"": ""US"", ""state"": ""NY"", ""display_address"": [""124 W 25th St"", ""New York, NY 10001""]}, ""phone"": ""+12122436230"", ""display_phone"": ""(212) 243-6230"", ""distance"": 4325.655850090523}, {""id"": ""Me4TxTbPPQZQopW1wOGx5g"", ""alias"": ""jacks-wife-freda-new-york"", ""name"": ""Jack's Wife Freda"", ""image_url"": ""https://s3-media2.fl.yelpcdn.com/bphoto/Mo4sHJ9wi76R2Eg3Q7bSqA/o.jpg"", ""is_closed"": false, ""url"": ""https://www.yelp.com/biz/jacks-wife-freda-new-york?adjust_creative=ULHW7ynqdXE8Z9Fnr4irFw&utm_campaign=yelp_api_v3&utm_medium=api_v3_business_search&utm_source=ULHW7ynqdXE8Z9Fnr4irFw"", ""review_count"": 2276, ""categories"": [{""alias"": ""breakfast_brunch"", ""title"": ""Breakfast & Brunch""}, {""alias"": ""mediterranean"", ""title"": ""Mediterranean""}, {""alias"": ""newamerican"", ""title"": ""American (New)""}], ""rating"": 4.0, ""coordinates"": {""latitude"": 40.7221323, ""longitude"": -73.9975402}, ""transactions"": [""delivery""], ""price"": ""$$"", ""location"": {""address1"": ""226 Lafayette St"", ""address2"": """", ""address3"": """", ""city"": ""New York"", ""zip_code"": ""10012"", ""country"": ""US"", ""state"": ""NY"", ""display_address"": [""226 Lafayette St"", ""New York, NY 10012""]}, ""phone"": ""+12125108550"", ""display_phone"": ""(212) 510-8550"", ""distance"": 2287.4298995704025}], ""total"": 8600, ""region"": {""center"": {""longitude"": -73.97918701171875, ""latitude"": 40.706977710584276}}}",application/json,true,none
test_t8cxspd7i5o5_getBusinesses,400,"{""error"": {""code"": ""LOCATION_NOT_FOUND"", ""description"": ""Could not execute search, try specifying a more exact location.""}}",application/json,true,none
test_toogwck20soi_getBusinesses,400,"{""error"": {""code"": ""VALIDATION_ERROR"", ""description"": ""Please specify a location or a latitude and longitude""}}",application/json,true,none
test_trz4fj33agxc_getBusinesses,200,"{""businesses"": [], ""total"": 0, ""region"": {""center"": {""longitude"": -5.985832214355469, ""latitude"": 37.38897024983557}}}",application/json,true,none
test_ts4ofslv6oh2_getBusinesses,200,"{""businesses"": [], ""total"": 0, ""region"": {""center"": {""longitude"": -5.985832214355469, ""latitude"": 37.38897024983557}}}",application/json,true,none
test_u7ruh1ggvq04_getBusinesses,400,"{""error"": {""code"": ""OPEN_AT_AND_NOW_PROVIDED"", ""description"": ""You must specify either open_at or open_now, not both.""}}",application/json,true,none
test_ubompwbu5p9t_getBusinesses,400,"{""error"": {""code"": ""VALIDATION_ERROR"", ""description"": ""Please specify a location or a latitude and longitude""}}",application/json,true,none
test_ure3gf8xlmpc_getBusinesses,400,"{""error"": {""code"": ""VALIDATION_ERROR"", ""description"": ""Please specify a location or a latitude and longitude""}}",application/json,true,none
test_urejtfwgzs4x_getBusinesses,400,"{""error"": {""code"": ""LOCATION_NOT_FOUND"", ""description"": ""Could not execute search, try specifying a more exact location.""}}",application/json,true,none
test_us3j0ye0mvs2_getBusinesses,400,"{""error"": {""code"": ""VALIDATION_ERROR"", ""description"": ""The open_at provided is too long ago, the timestamp must be within the last two weeks.""}}",application/json,true,none
test_uve7sun48jzl_getBusinesses,200,"{""businesses"": [], ""total"": 0, ""region"": {""center"": {""longitude"": -107.43444, ""latitude"": 44.19606}}}",application/json,true,none
test_vb6v1iv23t4j_getBusinesses,400,"{""error"": {""code"": ""VALIDATION_ERROR"", ""description"": ""Please specify a location or a latitude and longitude""}}",application/json,true,none
test_vbkpzn0koqwg_getBusinesses,200,"{""businesses"": [], ""total"": 0, ""region"": {""center"": {""longitude"": -103.87242, ""latitude"": 44.407425}}}",application/json,true,none
test_vbq9ji8ai4hk_getBusinesses,200,"{""businesses"": [], ""total"": 0, ""region"": {""center"": {""longitude"": -106.56435, ""latitude"": 35.886925}}}",application/json,true,none
test_vf0x55k1seaq_getBusinesses,400,"{""error"": {""code"": ""LOCATION_NOT_FOUND"", ""description"": ""Could not execute search, try specifying a more exact location.""}}",application/json,true,none
test_vf6gzzrjnwbn_getBusinesses,400,"{""error"": {""code"": ""VALIDATION_ERROR"", ""description"": ""The open_at provided is too long ago, the timestamp must be within the last two weeks.""}}",application/json,true,none
