testResultId,statusCode,responseBody,outputContentType,passed,failReason
test_1h7qxil2jqxbq_getBusinesses,400,"{""error"": {""code"": ""VALIDATION_ERROR"", ""description"": ""Please specify a location or a latitude and longitude""}}",application/json,true,none
test_1h7toigyy974z_getBusinesses,400,"{""error"": {""code"": ""VALIDATION_ERROR"", ""description"": ""Please specify a location or a latitude and longitude""}}",application/json,true,none
test_1h84tkbdv2e01_getBusinesses,400,"{""error"": {""code"": ""VALIDATION_ERROR"", ""description"": ""Please specify a location or a latitude and longitude""}}",application/json,true,none
test_1h84txwp0pge0_getBusinesses,400,"{""error"": {""code"": ""VALIDATION_ERROR"", ""description"": ""Please specify a location or a latitude and longitude""}}",application/json,true,none
test_1hbfyrp0e5zz6_getBusinesses,400,"{""error"": {""code"": ""VALIDATION_ERROR"", ""description"": ""Please specify a location or a latitude and longitude""}}",application/json,true,none
test_1hblimp6dsj03_getBusinesses,400,"{""error"": {""code"": ""LOCATION_NOT_FOUND"", ""description"": ""Could not execute search, try specifying a more exact location.""}}",application/json,true,none
test_1ies6phtykzsj_getBusinesses,400,"{""error"": {""code"": ""VALIDATION_ERROR"", ""description"": ""Please specify a location or a latitude and longitude""}}",application/json,true,none
test_1iesa7s4bec6r_getBusinesses,400,"{""error"": {""code"": ""VALIDATION_ERROR"", ""description"": ""Please specify a location or a latitude and longitude""}}",application/json,true,none
test_1ievjixwwb8s6_getBusinesses,400,"{""error"": {""code"": ""LOCATION_NOT_FOUND"", ""description"": ""Could not execute search, try specifying a more exact location.""}}",application/json,true,none
test_1iuya3hhbeuyf_getBusinesses,400,"{""error"": {""code"": ""VALIDATION_ERROR"", ""description"": ""Please specify a location or a latitude and longitude""}}",application/json,true,none
test_1iuysens72ptk_getBusinesses,400,"{""error"": {""code"": ""VALIDATION_ERROR"", ""description"": ""Please specify a location or a latitude and longitude""}}",application/json,true,none
test_1iv4b8zuy28v8_getBusinesses,200,"{""businesses"": [{""id"": ""0rhsnirsotShh-Uwkighzg"", ""alias"": ""pantry-restaurant-santa-fe-2"", ""name"": ""Pantry Restaurant"", ""image_url"": ""https://s3-media3.fl.yelpcdn.com/bphoto/MgBDHEOFApWKd-OgDvo4tw/o.jpg"", ""is_closed"": false, ""url"": ""https://www.yelp.com/biz/pantry-restaurant-santa-fe-2?adjust_creative=ULHW7ynqdXE8Z9Fnr4irFw&utm_campaign=yelp_api_v3&utm_medium=api_v3_business_search&utm_source=ULHW7ynqdXE8Z9Fnr4irFw"", ""review_count"": 2245, ""categories"": [{""alias"": ""breakfast_brunch"", ""title"": ""Breakfast & Brunch""}, {""alias"": ""diners"", ""title"": ""Diners""}, {""alias"": ""newmexican"", ""title"": ""New Mexican Cuisine""}], ""rating"": 4.5, ""coordinates"": {""latitude"": 35.66489, ""longitude"": -105.97242}, ""transactions"": [""delivery"", ""pickup""], ""price"": ""$$"", ""location"": {""address1"": ""1820 Cerrillos Rd"", ""address2"": """", ""address3"": """", ""city"": ""Santa Fe"", ""zip_code"": ""87505"", ""country"": ""US"", ""state"": ""NM"", ""display_address"": [""1820 Cerrillos Rd"", ""Santa Fe, NM 87505""]}, ""phone"": ""+15059860022"", ""display_phone"": ""(505) 986-0022"", ""distance"": 1087.2388845904907}, {""id"": ""sRFJPosJWwRjcTX9aDxjgw"", ""alias"": ""clafoutis-santa-fe"", ""name"": ""Clafoutis"", ""image_url"": ""https://s3-media2.fl.yelpcdn.com/bphoto/h-Udp26D1ShAVpL7TTuBCg/o.jpg"", ""is_closed"": false, ""url"": ""https://www.yelp.com/biz/clafoutis-santa-fe?adjust_creative=ULHW7ynqdXE8Z9Fnr4irFw&utm_campaign=yelp_api_v3&utm_medium=api_v3_business_search&utm_source=ULHW7ynqdXE8Z9Fnr4irFw"", ""review_count"": 946, ""categories"": [{""alias"": ""french"", ""title"": ""French""}, {""alias"": ""bakeries"", ""title"": ""Bakeries""}, {""alias"": ""creperies"", ""title"": ""Creperies""}], ""rating"": 4.5, ""coordinates"": {""latitude"": 35.67235, ""longitude"": -105.94786}, ""transactions"": [""delivery""], ""price"": ""$$"", ""location"": {""address1"": ""333 W Cordova Rd"", ""address2"": """", ""address3"": """", ""city"": ""Santa Fe"", ""zip_code"": ""87505"", ""country"": ""US"", ""state"": ""NM"", ""display_address"": [""333 W Cordova Rd"", ""Santa Fe, NM 87505""]}, ""phone"": ""+15059881809"", ""display_phone"": ""(505) 988-1809"", ""distance"": 1380.1672320729867}, {""id"": ""1VhIH-dCJvK45uswIbpRQQ"", ""alias"": ""tune-up-cafe-santa-fe"", ""name"": ""Tune-Up Cafe"", ""image_url"": ""https://s3-media2.fl.yelpcdn.com/bphoto/pKlOtewJkI1VV0EvAd5FcQ/o.jpg"", ""is_closed"": false, ""url"": ""https://www.yelp.com/biz/tune-up-cafe-santa-fe?adjust_creative=ULHW7ynqdXE8Z9Fnr4irFw&utm_campaign=yelp_api_v3&utm_medium=api_v3_business_search&utm_source=ULHW7ynqdXE8Z9Fnr4irFw"", ""review_count"": 1326, ""categories"": [{""alias"": ""newmexican"", ""title"": ""New Mexican Cuisine""}, {""alias"": ""breakfast_brunch"", ""title"": ""Breakfast & Brunch""}, {""alias"": ""salvadoran"", ""title"": ""Salvadoran""}], ""rating"": 4.5, ""coordinates"": {""latitude"": 35.6813, ""longitude"": -105.95872}, ""transactions"": [""delivery""], ""price"": ""$$"", ""location"": {""address1"": ""1115 Hickox St"", ""address2"": """", ""address3"": """", ""city"": ""Santa Fe"", ""zip_code"": ""87505"", ""country"": ""US"", ""state"": ""NM"", ""display_address"": [""1115 Hickox St"", ""Santa Fe, NM 87505""]}, ""phone"": ""+15059837060"", ""display_phone"": ""(505) 983-7060"", ""distance"": 1816.9243862381936}, {""id"": ""tqO43WlXrVxAeTZWnjRSbg"", ""alias"": ""palacio-cafe-santa-fe-2"", ""name"": ""Palacio Cafe"", ""image_url"": ""https://s3-media3.fl.yelpcdn.com/bphoto/1tIuhLbEdENSGVuMrmBF9Q/o.jpg"", ""is_closed"": false, ""url"": ""https://www.yelp.com/biz/palacio-cafe-santa-fe-2?adjust_creative=ULHW7ynqdXE8Z9Fnr4irFw&utm_campaign=yelp_api_v3&utm_medium=api_v3_business_search&utm_source=ULHW7ynqdXE8Z9Fnr4irFw"", ""review_count"": 897, ""categories"": [{""alias"": ""sandwiches"", ""title"": ""Sandwiches""}, {""alias"": ""breakfast_brunch"", ""title"": ""Breakfast & Brunch""}, {""alias"": ""soup"", ""title"": ""Soup""}], ""rating"": 4.5, ""coordinates"": {""latitude"": 35.6871, ""longitude"": -105.93528}, ""transactions"": [""delivery""], ""price"": ""$$"", ""location"": {""address1"": ""209 E Palace Ave"", ""address2"": """", ""address3"": """", ""city"": ""Santa Fe"", ""zip_code"": ""87501"", ""country"": ""US"", ""state"": ""NM"", ""display_address"": [""209 E Palace Ave"", ""Santa Fe, NM 87501""]}, ""phone"": ""+15059893505"", ""display_phone"": ""(505) 989-3505"", ""distance"": 3342.405434312598}, {""id"": ""y77lbgy9dXh4qzgpUVud4g"", ""alias"": ""jambo-cafe-santa-fe"", ""name"": ""Jambo Cafe"", ""image_url"": ""https://s3-media2.fl.yelpcdn.com/bphoto/Pewtbsqy6aBs_aCfSVvxow/o.jpg"", ""is_closed"": false, ""url"": ""https://www.yelp.com/biz/jambo-cafe-santa-fe?adjust_creative=ULHW7ynqdXE8Z9Fnr4irFw&utm_campaign=yelp_api_v3&utm_medium=api_v3_business_search&utm_source=ULHW7ynqdXE8Z9Fnr4irFw"", ""review_count"": 914, ""categories"": [{""alias"": ""caribbean"", ""title"": ""Caribbean""}, {""alias"": ""african"", ""title"": ""African""}], ""rating"": 4.5, ""coordinates"": {""latitude"": 35.660487, ""longitude"": -105.977716}, ""transactions"": [""delivery""], ""price"": ""$$"", ""location"": {""address1"": ""2010 Cerrillos Rd"", ""address2"": """", ""address3"": """", ""city"": ""Santa Fe"", ""zip_code"": ""87505"", ""country"": ""US"", ""state"": ""NM"", ""display_address"": [""2010 Cerrillos Rd"", ""Santa Fe, NM 87505""]}, ""phone"": ""+15054731269"", ""display_phone"": ""(505) 473-1269"", ""distance"": 1646.0343548654846}, {""id"": ""zh5iJPdofKCwX-aO2SdQsA"", ""alias"": ""kakawa-chocolate-house-santa-fe"", ""name"": ""Kakawa Chocolate House"", ""image_url"": ""https://s3-media2.fl.yelpcdn.com/bphoto/yJ_OB-MqBYSUn5wEN-zpAQ/o.jpg"", ""is_closed"": false, ""url"": ""https://www.yelp.com/biz/kakawa-chocolate-house-santa-fe?adjust_creative=ULHW7ynqdXE8Z9Fnr4irFw&utm_campaign=yelp_api_v3&utm_medium=api_v3_business_search&utm_source=ULHW7ynqdXE8Z9Fnr4irFw"", ""review_count"": 763, ""categories"": [{""alias"": ""chocolate"", ""title"": ""Chocolatiers & Shops""}, {""alias"": ""candy"", ""title"": ""Candy Stores""}, {""alias"": ""icecream"", ""title"": ""Ice Cream & Frozen Yogurt""}], ""rating"": 4.5, ""coordinates"": {""latitude"": 35.6816825866699, ""longitude"": -105.934608459473}, ""transactions"": [""delivery"", ""pickup""], ""price"": ""$$"", ""location"": {""address1"": ""1050 Paseo De Peralta"", ""address2"": """", ""address3"": """", ""city"": ""Santa Fe"", ""zip_code"": ""87501"", ""country"": ""US"", ""state"": ""NM"", ""display_address"": [""1050 Paseo De Peralta"", ""Santa Fe, NM 87501""]}, ""phone"": ""+15059820388"", ""display_phone"": ""(505) 982-0388"", ""distance"": 2976.03806490284}, {""id"": ""V-2syfCEnNsjCwPBknk_qA"", ""alias"": ""cafe-pasquals-santa-fe"", ""name"": ""Cafe Pasqual's"", ""image_url"": ""https://s3-media2.fl.yelpcdn.com/bphoto/IFq-S4KSuAir5mCBNCYRkQ/o.jpg"", ""is_closed"": false, ""url"": ""https://www.yelp.com/biz/cafe-pasquals-santa-fe?adjust_creative=ULHW7ynqdXE8Z9Fnr4irFw&utm_campaign=yelp_api_v3&utm_medium=api_v3_business_search&utm_source=ULHW7ynqdXE8Z9Fnr4irFw"", ""review_count"": 1547, ""categories"": [{""alias"": ""vegetarian"", ""title"": ""Vegetarian""}, {""alias"": ""mexican"", ""title"": ""Mexican""}, {""alias"": ""galleries"", ""title"": ""Art Galleries""}], ""rating"": 4.0, ""coordinates"": {""latitude"": 35.6865592495927, ""longitude"": -105.939666884596}, ""transactions"": [""delivery""], ""price"": ""$$"", ""location"": {""address1"": ""121 Don Gaspar Ave"", ""address2"": """", ""address3"": """", ""city"": ""Santa Fe"", ""zip_code"": ""87501"", ""country"": ""US"", ""state"": ""NM"", ""display_address"": [""121 Don Gaspar Ave"", ""Santa Fe, NM 87501""]}, ""phone"": ""+15059839340"", ""display_phone"": ""(505) 983-9340"", ""distance"": 3035.907582661826}, {""id"": ""0TofbTGG_4fsM6IWuhY6yA"", ""alias"": ""geronimo-santa-fe"", ""name"": ""Geronimo"", ""image_url"": ""https://s3-media3.fl.yelpcdn.com/bphoto/pRWYLhevQGC-0lJm-0CLpw/o.jpg"", ""is_closed"": false, ""url"": ""https://www.yelp.com/biz/geronimo-santa-fe?adjust_creative=ULHW7ynqdXE8Z9Fnr4irFw&utm_campaign=yelp_api_v3&utm_medium=api_v3_business_search&utm_source=ULHW7ynqdXE8Z9Fnr4irFw"", ""review_count"": 763, ""categories"": [{""alias"": ""french"", ""title"": ""French""}, {""alias"": ""asianfusion"", ""title"": ""Asian Fusion""}, {""alias"": ""tradamerican"", ""title"": ""American (Traditional)""}], ""rating"": 4.5, ""coordinates"": {""latitude"": 35.680532, ""longitude"": -105.9253993}, ""transactions"": [""delivery""], ""price"": ""$$$$"", ""location"": {""address1"": ""724 Canyon Rd"", ""address2"": """", ""address3"": """", ""city"": ""Santa Fe"", ""zip_code"": ""87501"", ""country"": ""US"", ""state"": ""NM"", ""display_address"": [""724 Canyon Rd"", ""Santa Fe, NM 87501""]}, ""phone"": ""+15059821500"", ""display_phone"": ""(505) 982-1500"", ""distance"": 3598.3108266803683}, {""id"": ""TAJPJdx80Md0Hz6tT2DgRA"", ""alias"": ""the-shed-santa-fe"", ""name"": ""The Shed"", ""image_url"": ""https://s3-media1.fl.yelpcdn.com/bphoto/truBknjvl5oyYK6D2DeStQ/o.jpg"", ""is_closed"": false, ""url"": ""https://www.yelp.com/biz/the-shed-santa-fe?adjust_creative=ULHW7ynqdXE8Z9Fnr4irFw&utm_campaign=yelp_api_v3&utm_medium=api_v3_business_search&utm_source=ULHW7ynqdXE8Z9Fnr4irFw"", ""review_count"": 2225, ""categories"": [{""alias"": ""newmexican"", ""title"": ""New Mexican Cuisine""}, {""alias"": ""desserts"", ""title"": ""Desserts""}, {""alias"": ""cocktailbars"", ""title"": ""Cocktail Bars""}], ""rating"": 4.0, ""coordinates"": {""latitude"": 35.68751, ""longitude"": -105.93706}, ""transactions"": [""delivery""], ""price"": ""$$"", ""location"": {""address1"": ""113 1/2 E Palace Ave"", ""address2"": """", ""address3"": """", ""city"": ""Santa Fe"", ""zip_code"": ""87501"", ""country"": ""US"", ""state"": ""NM"", ""display_address"": [""113 1/2 E Palace Ave"", ""Santa Fe, NM 87501""]}, ""phone"": ""+15059829030"", ""display_phone"": ""(505) 982-9030"", ""distance"": 3267.0044572776915}, {""id"": ""t9Aj-XYjARJwlZF4PBueUA"", ""alias"": ""el-callejon-taqueria-and-grill-santa-fe"", ""name"": ""El Callejon Taqueria and Grill"", ""image_url"": ""https://s3-media2.fl.yelpcdn.com/bphoto/BGky6hVVDupS0aJQFuDjTQ/o.jpg"", ""is_closed"": false, ""url"": ""https://www.yelp.com/biz/el-callejon-taqueria-and-grill-santa-fe?adjust_creative=ULHW7ynqdXE8Z9Fnr4irFw&utm_campaign=yelp_api_v3&utm_medium=api_v3_business_search&utm_source=ULHW7ynqdXE8Z9Fnr4irFw"", ""review_count"": 796, ""categories"": [{""alias"": ""mexican"", ""title"": ""Mexican""}], ""rating"": 4.5, ""coordinates"": {""latitude"": 35.6864372, ""longitude"": -105.9411199}, ""transactions"": [""delivery""], ""price"": ""$$"", ""location"": {""address1"": ""208 Galisteo St"", ""address2"": """", ""address3"": null, ""city"": ""Santa Fe"", ""zip_code"": ""87501"", ""country"": ""US"", ""state"": ""NM"", ""display_address"": [""208 Galisteo St"", ""Santa Fe, NM 87501""]}, ""phone"": ""+15059838378"", ""display_phone"": ""(505) 983-8378"", ""distance"": 2945.8387244181267}, {""id"": ""ru2mu534dV2oC75KuqsSrA"", ""alias"": ""sazon-santa-fe-3"", ""name"": ""Sazon"", ""image_url"": ""https://s3-media1.fl.yelpcdn.com/bphoto/cldM6Le2WOkhwfVTd9aYtg/o.jpg"", ""is_closed"": false, ""url"": ""https://www.yelp.com/biz/sazon-santa-fe-3?adjust_creative=ULHW7ynqdXE8Z9Fnr4irFw&utm_campaign=yelp_api_v3&utm_medium=api_v3_business_search&utm_source=ULHW7ynqdXE8Z9Fnr4irFw"", ""review_count"": 567, ""categories"": [{""alias"": ""mexican"", ""title"": ""Mexican""}, {""alias"": ""latin"", ""title"": ""Latin American""}, {""alias"": ""cocktailbars"", ""title"": ""Cocktail Bars""}], ""rating"": 4.5, ""coordinates"": {""latitude"": 35.68531, ""longitude"": -105.93843}, ""transactions"": [""delivery""], ""price"": ""$$$$"", ""location"": {""address1"": ""221 Shelby St"", ""address2"": """", ""address3"": """", ""city"": ""Santa Fe"", ""zip_code"": ""87501"", ""country"": ""US"", ""state"": ""NM"", ""display_address"": [""221 Shelby St"", ""Santa Fe, NM 87501""]}, ""phone"": ""+15059838604"", ""display_phone"": ""(505) 983-8604"", ""distance"": 2988.3367827515895}, {""id"": ""JTWByBqrumLgyMXF9xfwyQ"", ""alias"": ""tomasitas-santa-fe"", ""name"": ""Tomasita's"", ""image_url"": ""https://s3-media3.fl.yelpcdn.com/bphoto/hj3YjCNNPfqrpb3pY1wIew/o.jpg"", ""is_closed"": false, ""url"": ""https://www.yelp.com/biz/tomasitas-santa-fe?adjust_creative=ULHW7ynqdXE8Z9Fnr4irFw&utm_campaign=yelp_api_v3&utm_medium=api_v3_business_search&utm_source=ULHW7ynqdXE8Z9Fnr4irFw"", ""review_count"": 1391, ""categories"": [{""alias"": ""newmexican"", ""title"": ""New Mexican Cuisine""}], ""rating"": 4.0, ""coordinates"": {""latitude"": 35.68371, ""longitude"": -105.94658}, ""transactions"": [""delivery"", ""pickup""], ""price"": ""$$"", ""location"": {""address1"": ""500 S Guadalupe St"", ""address2"": """", ""address3"": """", ""city"": ""Santa Fe"", ""zip_code"": ""87501"", ""country"": ""US"", ""state"": ""NM"", ""display_address"": [""500 S Guadalupe St"", ""Santa Fe, NM 87501""]}, ""phone"": ""+15059835721"", ""display_phone"": ""(505) 983-5721"", ""distance"": 2439.7532520966656}, {""id"": ""QkTtWWkqpRAppOksTkfcnw"", ""alias"": ""tia-sophias-santa-fe"", ""name"": ""Tia Sophia's"", ""image_url"": ""https://s3-media2.fl.yelpcdn.com/bphoto/7UQrApSTvJaLA8PtCN7wmw/o.jpg"", ""is_closed"": false, ""url"": ""https://www.yelp.com/biz/tia-sophias-santa-fe?adjust_creative=ULHW7ynqdXE8Z9Fnr4irFw&utm_campaign=yelp_api_v3&utm_medium=api_v3_business_search&utm_source=ULHW7ynqdXE8Z9Fnr4irFw"", ""review_count"": 806, ""categories"": [{""alias"": ""newmexican"", ""title"": ""New Mexican Cuisine""}, {""alias"": ""coffee"", ""title"": ""Coffee & Tea""}, {""alias"": ""breakfast_brunch"", ""title"": ""Breakfast & Brunch""}], ""rating"": 4.0, ""coordinates"": {""latitude"": 35.6874321, ""longitude"": -105.94101678560179}, ""transactions"": [""delivery"", ""pickup""], ""price"": ""$$"", ""location"": {""address1"": ""210 W San Francisco St"", ""address2"": """", ""address3"": """", ""city"": ""Santa Fe"", ""zip_code"": ""87501"", ""country"": ""US"", ""state"": ""NM"", ""display_address"": [""210 W San Francisco St"", ""Santa Fe, NM 87501""]}, ""phone"": ""+15059839880"", ""display_phone"": ""(505) 983-9880"", ""distance"": 3041.1407383133105}, {""id"": ""_B1cUndZBV_6dkP6Veea4g"", ""alias"": ""la-choza-restaurant-santa-fe-2"", ""name"": ""La Choza Restaurant"", ""image_url"": ""https://s3-media1.fl.yelpcdn.com/bphoto/PAA8uvmJRwjCNdjr7miwSQ/o.jpg"", ""is_closed"": false, ""url"": ""https://www.yelp.com/biz/la-choza-restaurant-santa-fe-2?adjust_creative=ULHW7ynqdXE8Z9Fnr4irFw&utm_campaign=yelp_api_v3&utm_medium=api_v3_business_search&utm_source=ULHW7ynqdXE8Z9Fnr4irFw"", ""review_count"": 887, ""categories"": [{""alias"": ""newmexican"", ""title"": ""New Mexican Cuisine""}], ""rating"": 4.0, ""coordinates"": {""latitude"": 35.67913, ""longitude"": -105.95278}, ""transactions"": [""delivery""], ""price"": ""$$"", ""location"": {""address1"": ""905 Alarid St"", ""address2"": """", ""address3"": """", ""city"": ""Santa Fe"", ""zip_code"": ""87505"", ""country"": ""US"", ""state"": ""NM"", ""display_address"": [""905 Alarid St"", ""Santa Fe, NM 87505""]}, ""phone"": ""+15059820909"", ""display_phone"": ""(505) 982-0909"", ""distance"": 1712.1803080218829}, {""id"": ""VVNAnKUrCr_wt3C71NhthQ"", ""alias"": ""plaza-cafe-downtown-santa-fe-3"", ""name"": ""Plaza Cafe Downtown"", ""image_url"": ""https://s3-media4.fl.yelpcdn.com/bphoto/E_AMXcvGuYUoLRxQ3Y34tQ/o.jpg"", ""is_closed"": false, ""url"": ""https://www.yelp.com/biz/plaza-cafe-downtown-santa-fe-3?adjust_creative=ULHW7ynqdXE8Z9Fnr4irFw&utm_campaign=yelp_api_v3&utm_medium=api_v3_business_search&utm_source=ULHW7ynqdXE8Z9Fnr4irFw"", ""review_count"": 1039, ""categories"": [{""alias"": ""tradamerican"", ""title"": ""American (Traditional)""}, {""alias"": ""mexican"", ""title"": ""Mexican""}, {""alias"": ""breakfast_brunch"", ""title"": ""Breakfast & Brunch""}], ""rating"": 4.0, ""coordinates"": {""latitude"": 35.6874507560225, ""longitude"": -105.939107139087}, ""transactions"": [""delivery"", ""pickup""], ""price"": ""$$"", ""location"": {""address1"": ""54 Lincoln Ave"", ""address2"": """", ""address3"": """", ""city"": ""Santa Fe"", ""zip_code"": ""87501"", ""country"": ""US"", ""state"": ""NM"", ""display_address"": [""54 Lincoln Ave"", ""Santa Fe, NM 87501""]}, ""phone"": ""+15059821664"", ""display_phone"": ""(505) 982-1664"", ""distance"": 3145.194185231945}, {""id"": ""078AsmQE5Lv5Ak7_gkW0eg"", ""alias"": ""paper-dosa-santa-fe"", ""name"": ""Paper Dosa"", ""image_url"": ""https://s3-media1.fl.yelpcdn.com/bphoto/a8Bv0AScKXGgbge7ZiyL3Q/o.jpg"", ""is_closed"": false, ""url"": ""https://www.yelp.com/biz/paper-dosa-santa-fe?adjust_creative=ULHW7ynqdXE8Z9Fnr4irFw&utm_campaign=yelp_api_v3&utm_medium=api_v3_business_search&utm_source=ULHW7ynqdXE8Z9Fnr4irFw"", ""review_count"": 424, ""categories"": [{""alias"": ""indpak"", ""title"": ""Indian""}], ""rating"": 4.5, ""coordinates"": {""latitude"": 35.6743498, ""longitude"": -105.9523032}, ""transactions"": [""delivery""], ""price"": ""$$"", ""location"": {""address1"": ""551 W Cordova Rd"", ""address2"": """", ""address3"": """", ""city"": ""Santa Fe"", ""zip_code"": ""87505"", ""country"": ""US"", ""state"": ""NM"", ""display_address"": [""551 W Cordova Rd"", ""Santa Fe, NM 87505""]}, ""phone"": ""+15059305521"", ""display_phone"": ""(505) 930-5521"", ""distance"": 1264.8360336230273}, {""id"": ""B1uCE5f7qb-pZ1zFATijNA"", ""alias"": ""la-boca-santa-fe-3"", ""name"": ""La Boca"", ""image_url"": ""https://s3-media4.fl.yelpcdn.com/bphoto/rWZBqN3zzHXJVhM3MFMsMg/o.jpg"", ""is_closed"": false, ""url"": ""https://www.yelp.com/biz/la-boca-santa-fe-3?adjust_creative=ULHW7ynqdXE8Z9Fnr4irFw&utm_campaign=yelp_api_v3&utm_medium=api_v3_business_search&utm_source=ULHW7ynqdXE8Z9Fnr4irFw"", ""review_count"": 845, ""categories"": [{""alias"": ""tapas"", ""title"": ""Tapas Bars""}, {""alias"": ""spanish"", ""title"": ""Spanish""}, {""alias"": ""wine_bars"", ""title"": ""Wine Bars""}], ""rating"": 4.0, ""coordinates"": {""latitude"": 35.68916, ""longitude"": -105.9379}, ""transactions"": [""delivery""], ""price"": ""$$"", ""location"": {""address1"": ""72 W Marcy St"", ""address2"": """", ""address3"": """", ""city"": ""Santa Fe"", ""zip_code"": ""87501"", ""country"": ""US"", ""state"": ""NM"", ""display_address"": [""72 W Marcy St"", ""Santa Fe, NM 87501""]}, ""phone"": ""+15059823433"", ""display_phone"": ""(505) 982-3433"", ""distance"": 3368.891584795793}, {""id"": ""PMTQEJ68xF9Isv0_YFRkoA"", ""alias"": ""santarepa-cafe-santa-fe-2"", ""name"": ""Santarepa Cafe"", ""image_url"": ""https://s3-media1.fl.yelpcdn.com/bphoto/C5DhzEXUwUCcPtNLZf-M-w/o.jpg"", ""is_closed"": false, ""url"": ""https://www.yelp.com/biz/santarepa-cafe-santa-fe-2?adjust_creative=ULHW7ynqdXE8Z9Fnr4irFw&utm_campaign=yelp_api_v3&utm_medium=api_v3_business_search&utm_source=ULHW7ynqdXE8Z9Fnr4irFw"", ""review_count"": 230, ""categories"": [{""alias"": ""venezuelan"", ""title"": ""Venezuelan""}], ""rating"": 5.0, ""coordinates"": {""latitude"": 35.68933, ""longitude"": -105.9417}, ""transactions"": [""delivery""], ""price"": ""$$"", ""location"": {""address1"": ""229 Johnson St"", ""address2"": """", ""address3"": """", ""city"": ""Santa Fe"", ""zip_code"": ""87501"", ""country"": ""US"", ""state"": ""NM"", ""display_address"": [""229 Johnson St"", ""Santa Fe, NM 87501""]}, ""phone"": ""+15054678379"", ""display_phone"": ""(505) 467-8379"", ""distance"": 3191.6766032213095}, {""id"": ""X-EMoHAvNQiJVBnaMU9_TA"", ""alias"": ""coyote-cafe-santa-fe-2"", ""name"": ""Coyote Cafe"", ""image_url"": ""https://s3-media4.fl.yelpcdn.com/bphoto/Fal8PwtGNOn1-IYg07kH-Q/o.jpg"", ""is_closed"": false, ""url"": ""https://www.yelp.com/biz/coyote-cafe-santa-fe-2?adjust_creative=ULHW7ynqdXE8Z9Fnr4irFw&utm_campaign=yelp_api_v3&utm_medium=api_v3_business_search&utm_source=ULHW7ynqdXE8Z9Fnr4irFw"", ""review_count"": 638, ""categories"": [{""alias"": ""newamerican"", ""title"": ""American (New)""}, {""alias"": ""cocktailbars"", ""title"": ""Cocktail Bars""}, {""alias"": ""desserts"", ""title"": ""Desserts""}], ""rating"": 4.0, ""coordinates"": {""latitude"": 35.6865499, ""longitude"": -105.9405257}, ""transactions"": [], ""price"": ""$$$"", ""location"": {""address1"": ""132 W Water St"", ""address2"": null, ""address3"": """", ""city"": ""Santa Fe"", ""zip_code"": ""87501"", ""country"": ""US"", ""state"": ""NM"", ""display_address"": [""132 W Water St"", ""Santa Fe, NM 87501""]}, ""phone"": ""+15059831615"", ""display_phone"": ""(505) 983-1615"", ""distance"": 2997.6826651258752}, {""id"": ""ClGO6nDGxR70r1UAyd7UoA"", ""alias"": ""the-ranch-house-santa-fe"", ""name"": ""The Ranch House"", ""image_url"": ""https://s3-media1.fl.yelpcdn.com/bphoto/IvMEZSm7dS-mnQaS2HULyw/o.jpg"", ""is_closed"": false, ""url"": ""https://www.yelp.com/biz/the-ranch-house-santa-fe?adjust_creative=ULHW7ynqdXE8Z9Fnr4irFw&utm_campaign=yelp_api_v3&utm_medium=api_v3_business_search&utm_source=ULHW7ynqdXE8Z9Fnr4irFw"", ""review_count"": 721, ""categories"": [{""alias"": ""tradamerican"", ""title"": ""American (Traditional)""}, {""alias"": ""bbq"", ""title"": ""Barbeque""}, {""alias"": ""cocktailbars"", ""title"": ""Cocktail Bars""}], ""rating"": 4.0, ""coordinates"": {""latitude"": 35.631099, ""longitude"": -106.023411}, ""transactions"": [""delivery""], ""price"": ""$$"", ""location"": {""address1"": ""2571 Cristo's Rd"", ""address2"": """", ""address3"": """", ""city"": ""Santa Fe"", ""zip_code"": ""87507"", ""country"": ""US"", ""state"": ""NM"", ""display_address"": [""2571 Cristo's Rd"", ""Santa Fe, NM 87507""]}, ""phone"": ""+15054248900"", ""display_phone"": ""(505) 424-8900"", ""distance"": 6840.948056335963}], ""total"": 567, ""region"": {""center"": {""longitude"": -105.96038818359375, ""latitude"": 35.665062782072155}}}",application/json,true,none
test_1jei7qb24mreg_getBusinesses,200,"{""businesses"": [], ""total"": 0, ""region"": {""center"": {""longitude"": -73.97918701171875, ""latitude"": 40.706977710584276}}}",application/json,true,none
test_1jictybkotnhw_getBusinesses,200,"{""businesses"": [], ""total"": 0, ""region"": {""center"": {""longitude"": -88.40021, ""latitude"": 35.55462}}}",application/json,true,none
test_1jig2y2yvzsc5_getBusinesses,200,"{""businesses"": [], ""total"": 0, ""region"": {""center"": {""longitude"": -106.44927978515625, ""latitude"": 31.653215982221013}}}",application/json,true,none
test_1jy2obhuzws39_getBusinesses,200,"{""businesses"": [], ""total"": 0, ""region"": {""center"": {""longitude"": 9.189033508300781, ""latitude"": 45.47047287954827}}}",application/json,true,none
test_1jy7p61svbi9j_getBusinesses,200,"{""businesses"": [], ""total"": 0, ""region"": {""center"": {""longitude"": -122.43644714355469, ""latitude"": 37.76089938976322}}}",application/json,true,none
test_1jyd9hvng34fn_getBusinesses,400,"{""error"": {""code"": ""VALIDATION_ERROR"", ""description"": ""Please specify a location or a latitude and longitude""}}",application/json,true,none
test_1jygjnw7ll0f9_getBusinesses,400,"{""error"": {""code"": ""OPEN_AT_AND_NOW_PROVIDED"", ""description"": ""You must specify either open_at or open_now, not both.""}}",application/json,true,none
test_qe6lh2b7n0he_getBusinesses,400,"{""error"": {""code"": ""VALIDATION_ERROR"", ""description"": ""Please specify a location or a latitude and longitude""}}",application/json,true,none
test_qecn11la4oxe_getBusinesses,200,"{""businesses"": [], ""total"": 0, ""region"": {""center"": {""longitude"": -80.73149, ""latitude"": 46.160255}}}",application/json,true,none
test_qefgoe99gpk2_getBusinesses,200,"{""businesses"": [], ""total"": 0, ""region"": {""center"": {""longitude"": -100.65243, ""latitude"": 43.37118}}}",application/json,true,none
test_qxturhs0wy0o_getBusinesses,200,"{""businesses"": [], ""total"": 0, ""region"": {""center"": {""longitude"": -105.96038818359375, ""latitude"": 35.665062782072155}}}",application/json,true,none
test_qy1pnhuwz78k_getBusinesses,200,"{""businesses"": [{""id"": ""n-ZuXqDouMCbvYsP1kDhqA"", ""alias"": ""wok-station-san-francisco-2"", ""name"": ""Wok Station"", ""image_url"": ""https://s3-media1.fl.yelpcdn.com/bphoto/32Mg3Wizx6fVhyV__qlJSQ/o.jpg"", ""is_closed"": false, ""url"": ""https://fi.yelp.fi/biz/wok-station-san-francisco-2?adjust_creative=ULHW7ynqdXE8Z9Fnr4irFw&utm_campaign=yelp_api_v3&utm_medium=api_v3_business_search&utm_source=ULHW7ynqdXE8Z9Fnr4irFw"", ""review_count"": 320, ""categories"": [{""alias"": ""chinese"", ""title"": ""Kiinalainen""}], ""rating"": 4.0, ""coordinates"": {""latitude"": 37.7635202819256, ""longitude"": -122.481261156499}, ""transactions"": [""pickup"", ""delivery""], ""price"": ""$$"", ""location"": {""address1"": ""2154 Irving St"", ""address2"": """", ""address3"": """", ""city"": ""San Francisco"", ""zip_code"": ""94122"", ""country"": ""US"", ""state"": ""CA"", ""display_address"": [""2154 Irving St"", ""San Francisco, CA 94122"", ""Yhdysvallat""]}, ""phone"": ""+14156389998"", ""display_phone"": ""+1 415-638-9998"", ""distance"": 3950.188332061807}, {""id"": ""pgPxVAuijQ5Zwq5QKzWifA"", ""alias"": ""abv-san-francisco-2"", ""name"": ""ABV"", ""image_url"": ""https://s3-media2.fl.yelpcdn.com/bphoto/W1vSxcQEQ43qrg1D6AS5Bw/o.jpg"", ""is_closed"": false, ""url"": ""https://fi.yelp.fi/biz/abv-san-francisco-2?adjust_creative=ULHW7ynqdXE8Z9Fnr4irFw&utm_campaign=yelp_api_v3&utm_medium=api_v3_business_search&utm_source=ULHW7ynqdXE8Z9Fnr4irFw"", ""review_count"": 661, ""categories"": [{""alias"": ""cocktailbars"", ""title"": ""Cocktailbaarit""}, {""alias"": ""newamerican"", ""title"": ""Amerikkalainen (uusi)""}], ""rating"": 4.0, ""coordinates"": {""latitude"": 37.7650569, ""longitude"": -122.4236097}, ""transactions"": [], ""price"": ""$$"", ""location"": {""address1"": ""3174 16th St"", ""address2"": """", ""address3"": """", ""city"": ""San Francisco"", ""zip_code"": ""94103"", ""country"": ""US"", ""state"": ""CA"", ""display_address"": [""3174 16th St"", ""San Francisco, CA 94103"", ""Yhdysvallat""]}, ""phone"": ""+14152941871"", ""display_phone"": ""+1 415-294-1871"", ""distance"": 1219.498478448429}, {""id"": ""HVNt7yBWN-uTPwm-G_cicA"", ""alias"": ""handy-deli-san-francisco"", ""name"": ""Handy Deli"", ""image_url"": ""https://s3-media2.fl.yelpcdn.com/bphoto/gfG36qycG0RKeoLGWxMFxQ/o.jpg"", ""is_closed"": false, ""url"": ""https://fi.yelp.fi/biz/handy-deli-san-francisco?adjust_creative=ULHW7ynqdXE8Z9Fnr4irFw&utm_campaign=yelp_api_v3&utm_medium=api_v3_business_search&utm_source=ULHW7ynqdXE8Z9Fnr4irFw"", ""review_count"": 282, ""categories"": [{""alias"": ""delis"", ""title"": ""Delit""}, {""alias"": ""beer_and_wine"", ""title"": ""Olut, viini ja v\u00e4kev\u00e4t""}], ""rating"": 4.5, ""coordinates"": {""latitude"": 37.7635545, ""longitude"": -122.4774885}, ""transactions"": [""pickup"", ""delivery""], ""price"": ""$$"", ""location"": {""address1"": ""1815 Irving St"", ""address2"": """", ""address3"": """", ""city"": ""San Francisco"", ""zip_code"": ""94122"", ""country"": ""US"", ""state"": ""CA"", ""display_address"": [""1815 Irving St"", ""San Francisco, CA 94122"", ""Yhdysvallat""]}, ""phone"": ""+14156813323"", ""display_phone"": ""+1 415-681-3323"", ""distance"": 3619.842939839552}, {""id"": ""wjqh--9GiLbCc5q-zeqLfw"", ""alias"": ""world-of-noodle-pho-dong-huong-san-francisco"", ""name"": ""World of Noodle/Pho Dong Huong"", ""image_url"": ""https://s3-media2.fl.yelpcdn.com/bphoto/Mfj9QeXcFOtk4f4TQA3JPQ/o.jpg"", ""is_closed"": false, ""url"": ""https://fi.yelp.fi/biz/world-of-noodle-pho-dong-huong-san-francisco?adjust_creative=ULHW7ynqdXE8Z9Fnr4irFw&utm_campaign=yelp_api_v3&utm_medium=api_v3_business_search&utm_source=ULHW7ynqdXE8Z9Fnr4irFw"", ""review_count"": 335, ""categories"": [{""alias"": ""vietnamese"", ""title"": ""Vietnamilainen""}, {""alias"": ""noodles"", ""title"": ""Nuudelit""}, {""alias"": ""chinese"", ""title"": ""Kiinalainen""}], ""rating"": 3.0, ""coordinates"": {""latitude"": 37.73124, ""longitude"": -122.45039}, ""transactions"": [""pickup"", ""delivery""], ""price"": ""$$"", ""location"": {""address1"": ""667 Monterey Blvd"", ""address2"": """", ""address3"": null, ""city"": ""San Francisco"", ""zip_code"": ""94127"", ""country"": ""US"", ""state"": ""CA"", ""display_address"": [""667 Monterey Blvd"", ""San Francisco, CA 94127"", ""Yhdysvallat""]}, ""phone"": ""+14154945048"", ""display_phone"": ""+1 415-494-5048"", ""distance"": 3516.004265991476}, {""id"": ""Z3SwvM3EcJDCtclF97ZRlQ"", ""alias"": ""casements-san-francisco-2"", ""name"": ""Casements"", ""image_url"": ""https://s3-media2.fl.yelpcdn.com/bphoto/GqtE07pY6ZraLgccvNqArQ/o.jpg"", ""is_closed"": false, ""url"": ""https://fi.yelp.fi/biz/casements-san-francisco-2?adjust_creative=ULHW7ynqdXE8Z9Fnr4irFw&utm_campaign=yelp_api_v3&utm_medium=api_v3_business_search&utm_source=ULHW7ynqdXE8Z9Fnr4irFw"", ""review_count"": 62, ""categories"": [{""alias"": ""pubs"", ""title"": ""Pubit""}, {""alias"": ""whiskeybars"", ""title"": ""Viskibaarit""}, {""alias"": ""irish"", ""title"": ""Irlantilainen""}], ""rating"": 4.5, ""coordinates"": {""latitude"": 37.759411, ""longitude"": -122.418967}, ""transactions"": [], ""price"": ""$$"", ""location"": {""address1"": ""2351 Mission St"", ""address2"": null, ""address3"": """", ""city"": ""San Francisco"", ""zip_code"": ""94110"", ""country"": ""US"", ""state"": ""CA"", ""display_address"": [""2351 Mission St"", ""San Francisco, CA 94110"", ""Yhdysvallat""]}, ""phone"": ""+14156587320"", ""display_phone"": ""+1 415-658-7320"", ""distance"": 1552.4425662872052}, {""id"": ""ExzkQanqj1ATIGkdqgp8Ew"", ""alias"": ""emporium-san-francisco-san-francisco-2"", ""name"": ""Emporium San Francisco"", ""image_url"": ""https://s3-media2.fl.yelpcdn.com/bphoto/PCx3E6NyQEqXcqgnS2GuRw/o.jpg"", ""is_closed"": false, ""url"": ""https://fi.yelp.fi/biz/emporium-san-francisco-san-francisco-2?adjust_creative=ULHW7ynqdXE8Z9Fnr4irFw&utm_campaign=yelp_api_v3&utm_medium=api_v3_business_search&utm_source=ULHW7ynqdXE8Z9Fnr4irFw"", ""review_count"": 587, ""categories"": [{""alias"": ""bars"", ""title"": ""Baarit""}, {""alias"": ""venues"", ""title"": ""Tapahtumapaikat""}, {""alias"": ""arcades"", ""title"": ""Pelihallit""}], ""rating"": 4.0, ""coordinates"": {""latitude"": 37.77532, ""longitude"": -122.43744}, ""transactions"": [], ""price"": ""$$"", ""location"": {""address1"": ""616 Divisadero St"", ""address2"": """", ""address3"": null, ""city"": ""San Francisco"", ""zip_code"": ""94117"", ""country"": ""US"", ""state"": ""CA"", ""display_address"": [""616 Divisadero St"", ""San Francisco, CA 94117"", ""Yhdysvallat""]}, ""phone"": ""+17736977922"", ""display_phone"": ""+1 773-697-7922"", ""distance"": 1609.135927636759}, {""id"": ""LxwEIqPbyYlceMVOomUd6g"", ""alias"": ""the-napper-tandy-san-francisco"", ""name"": ""The Napper Tandy"", ""image_url"": ""https://s3-media4.fl.yelpcdn.com/bphoto/GUIjjtpvmFkyqFdOwGQ6vw/o.jpg"", ""is_closed"": false, ""url"": ""https://fi.yelp.fi/biz/the-napper-tandy-san-francisco?adjust_creative=ULHW7ynqdXE8Z9Fnr4irFw&utm_campaign=yelp_api_v3&utm_medium=api_v3_business_search&utm_source=ULHW7ynqdXE8Z9Fnr4irFw"", ""review_count"": 395, ""categories"": [{""alias"": ""pubs"", ""title"": ""Pubit""}, {""alias"": ""irish"", ""title"": ""Irlantilainen""}, {""alias"": ""breakfast_brunch"", ""title"": ""Aamiainen ja brunssi""}], ""rating"": 4.0, ""coordinates"": {""latitude"": 37.752471, ""longitude"": -122.416591}, ""transactions"": [""pickup"", ""delivery""], ""price"": ""$$"", ""location"": {""address1"": ""3200 24th St"", ""address2"": """", ""address3"": """", ""city"": ""San Francisco"", ""zip_code"": ""94110"", ""country"": ""US"", ""state"": ""CA"", ""display_address"": [""3200 24th St"", ""San Francisco, CA 94110"", ""Yhdysvallat""]}, ""phone"": ""+14155507510"", ""display_phone"": ""+1 415-550-7510"", ""distance"": 1981.280000655248}, {""id"": ""prl4rkVXnSj2eVUFv-VZqw"", ""alias"": ""707-sutter-san-francisco"", ""name"": ""707 Sutter"", ""image_url"": ""https://s3-media1.fl.yelpcdn.com/bphoto/xsYH7GsWC2gsWj34S7eCYQ/o.jpg"", ""is_closed"": false, ""url"": ""https://fi.yelp.fi/biz/707-sutter-san-francisco?adjust_creative=ULHW7ynqdXE8Z9Fnr4irFw&utm_campaign=yelp_api_v3&utm_medium=api_v3_business_search&utm_source=ULHW7ynqdXE8Z9Fnr4irFw"", ""review_count"": 868, ""categories"": [{""alias"": ""korean"", ""title"": ""Korealainen""}], ""rating"": 4.0, ""coordinates"": {""latitude"": 37.7886616504901, ""longitude"": -122.412151023746}, ""transactions"": [""pickup"", ""delivery""], ""price"": ""$$"", ""location"": {""address1"": ""707 Sutter St"", ""address2"": """", ""address3"": """", ""city"": ""San Francisco"", ""zip_code"": ""94109"", ""country"": ""US"", ""state"": ""CA"", ""display_address"": [""707 Sutter St"", ""San Francisco, CA 94109"", ""Yhdysvallat""]}, ""phone"": ""+14153467979"", ""display_phone"": ""+1 415-346-7979"", ""distance"": 3753.6217587875135}, {""id"": ""PaDFuHlHrFRd0g2ki2DevA"", ""alias"": ""the-melt-925-market-st-san-francisco"", ""name"": ""The Melt - 925 Market St"", ""image_url"": ""https://s3-media1.fl.yelpcdn.com/bphoto/-KzufAVPsS87C1gIyuzP8w/o.jpg"", ""is_closed"": false, ""url"": ""https://fi.yelp.fi/biz/the-melt-925-market-st-san-francisco?adjust_creative=ULHW7ynqdXE8Z9Fnr4irFw&utm_campaign=yelp_api_v3&utm_medium=api_v3_business_search&utm_source=ULHW7ynqdXE8Z9Fnr4irFw"", ""review_count"": 688, ""categories"": [{""alias"": ""burgers"", ""title"": ""Hampurilaiset""}, {""alias"": ""sandwiches"", ""title"": ""Voileiv\u00e4t""}, {""alias"": ""tradamerican"", ""title"": ""Amerikkalainen""}], ""rating"": 4.0, ""coordinates"": {""latitude"": 37.783311, ""longitude"": -122.4084662}, ""transactions"": [""pickup"", ""delivery""], ""price"": ""$$"", ""location"": {""address1"": ""925 Market St 5th St"", ""address2"": """", ""address3"": ""Market, between 5th & 6th Sts."", ""city"": ""San Francisco"", ""zip_code"": ""94103"", ""country"": ""US"", ""state"": ""CA"", ""display_address"": [""925 Market St 5th St"", ""Market, between 5th & 6th Sts."", ""San Francisco, CA 94103"", ""Yhdysvallat""]}, ""phone"": ""+14156895879"", ""display_phone"": ""+1 415-689-5879"", ""distance"": 3501.2589700506824}, {""id"": ""qfdWWJCMvoTKI8u7rshm_Q"", ""alias"": ""tempest-san-francisco"", ""name"": ""Tempest"", ""image_url"": ""https://s3-media1.fl.yelpcdn.com/bphoto/ePEe2cOIWXCr9Tko8Mq1Zg/o.jpg"", ""is_closed"": false, ""url"": ""https://fi.yelp.fi/biz/tempest-san-francisco?adjust_creative=ULHW7ynqdXE8Z9Fnr4irFw&utm_campaign=yelp_api_v3&utm_medium=api_v3_business_search&utm_source=ULHW7ynqdXE8Z9Fnr4irFw"", ""review_count"": 783, ""categories"": [{""alias"": ""tradamerican"", ""title"": ""Amerikkalainen""}, {""alias"": ""divebars"", ""title"": ""Kapakat""}, {""alias"": ""sportsbars"", ""title"": ""Urheilubaarit""}], ""rating"": 4.0, ""coordinates"": {""latitude"": 37.7812215727578, ""longitude"": -122.40627989109}, ""transactions"": [""pickup"", ""delivery""], ""price"": ""$$"", ""location"": {""address1"": ""431 Natoma St"", ""address2"": """", ""address3"": """", ""city"": ""San Francisco"", ""zip_code"": ""94103"", ""country"": ""US"", ""state"": ""CA"", ""display_address"": [""431 Natoma St"", ""San Francisco, CA 94103"", ""Yhdysvallat""]}, ""phone"": ""+14154951863"", ""display_phone"": ""+1 415-495-1863"", ""distance"": 3483.8408547123454}, {""id"": ""hRx9n9PJ7FLmoi9GwoFg3g"", ""alias"": ""toronado-san-francisco"", ""name"": ""Toronado"", ""image_url"": ""https://s3-media4.fl.yelpcdn.com/bphoto/h5j73EvBgbMVB5kFsH8rJg/o.jpg"", ""is_closed"": false, ""url"": ""https://fi.yelp.fi/biz/toronado-san-francisco?adjust_creative=ULHW7ynqdXE8Z9Fnr4irFw&utm_campaign=yelp_api_v3&utm_medium=api_v3_business_search&utm_source=ULHW7ynqdXE8Z9Fnr4irFw"", ""review_count"": 1811, ""categories"": [{""alias"": ""divebars"", ""title"": ""Kapakat""}, {""alias"": ""pubs"", ""title"": ""Pubit""}], ""rating"": 4.0, ""coordinates"": {""latitude"": 37.77183, ""longitude"": -122.43114}, ""transactions"": [""delivery""], ""price"": ""$$"", ""location"": {""address1"": ""547 Haight St"", ""address2"": """", ""address3"": """", ""city"": ""San Francisco"", ""zip_code"": ""94117"", ""country"": ""US"", ""state"": ""CA"", ""display_address"": [""547 Haight St"", ""San Francisco, CA 94117"", ""Yhdysvallat""]}, ""phone"": ""+14158632276"", ""display_phone"": ""+1 415-863-2276"", ""distance"": 1302.219926412341}, {""id"": ""1xa_DSn8z4YiuZsp8mcYEA"", ""alias"": ""scarlet-lounge-san-francisco"", ""name"": ""Scarlet Lounge"", ""image_url"": ""https://s3-media3.fl.yelpcdn.com/bphoto/RzL1EX-ONPrFCMYXUbQkLQ/o.jpg"", ""is_closed"": false, ""url"": ""https://fi.yelp.fi/biz/scarlet-lounge-san-francisco?adjust_creative=ULHW7ynqdXE8Z9Fnr4irFw&utm_campaign=yelp_api_v3&utm_medium=api_v3_business_search&utm_source=ULHW7ynqdXE8Z9Fnr4irFw"", ""review_count"": 58, ""categories"": [{""alias"": ""lounges"", ""title"": ""Lounget""}, {""alias"": ""cocktailbars"", ""title"": ""Cocktailbaarit""}], ""rating"": 4.5, ""coordinates"": {""latitude"": 37.78322, ""longitude"": -122.46377}, ""transactions"": [], ""price"": ""$$"", ""location"": {""address1"": ""408 Clement St"", ""address2"": """", ""address3"": null, ""city"": ""San Francisco"", ""zip_code"": ""94118"", ""country"": ""US"", ""state"": ""CA"", ""display_address"": [""408 Clement St"", ""San Francisco, CA 94118"", ""Yhdysvallat""]}, ""phone"": ""+14157026099"", ""display_phone"": ""+1 415-702-6099"", ""distance"": 3458.9968291403266}, {""id"": ""EYsctaXs-YUwsso88MDXRA"", ""alias"": ""wasabi-bistro-san-francisco-3"", ""name"": ""Wasabi Bistro"", ""image_url"": ""https://s3-media3.fl.yelpcdn.com/bphoto/BCRHPhcrUq7UQYJStN9l8Q/o.jpg"", ""is_closed"": false, ""url"": ""https://fi.yelp.fi/biz/wasabi-bistro-san-francisco-3?adjust_creative=ULHW7ynqdXE8Z9Fnr4irFw&utm_campaign=yelp_api_v3&utm_medium=api_v3_business_search&utm_source=ULHW7ynqdXE8Z9Fnr4irFw"", ""review_count"": 42, ""categories"": [{""alias"": ""sushi"", ""title"": ""Sushiravintolat""}, {""alias"": ""japanese"", ""title"": ""Japanilainen""}], ""rating"": 4.0, ""coordinates"": {""latitude"": 37.78135, ""longitude"": -122.46386}, ""transactions"": [""pickup"", ""delivery""], ""price"": ""$$"", ""location"": {""address1"": ""4134 Geary Blvd"", ""address2"": """", ""address3"": null, ""city"": ""San Francisco"", ""zip_code"": ""94118"", ""country"": ""US"", ""state"": ""CA"", ""display_address"": [""4134 Geary Blvd"", ""San Francisco, CA 94118"", ""Yhdysvallat""]}, ""phone"": ""+14157026106"", ""display_phone"": ""+1 415-702-6106"", ""distance"": 3306.065940624436}, {""id"": ""I1YpY8ZyqWay64S_XPbFGA"", ""alias"": ""the-summer-place-san-francisco"", ""name"": ""The Summer Place"", ""image_url"": ""https://s3-media3.fl.yelpcdn.com/bphoto/Y4Q12ZfLkTA4EhFz7xZkjw/o.jpg"", ""is_closed"": false, ""url"": ""https://fi.yelp.fi/biz/the-summer-place-san-francisco?adjust_creative=ULHW7ynqdXE8Z9Fnr4irFw&utm_campaign=yelp_api_v3&utm_medium=api_v3_business_search&utm_source=ULHW7ynqdXE8Z9Fnr4irFw"", ""review_count"": 32, ""categories"": [{""alias"": ""divebars"", ""title"": ""Kapakat""}], ""rating"": 4.0, ""coordinates"": {""latitude"": 37.78973632189767, ""longitude"": -122.41054106539569}, ""transactions"": [], ""price"": ""$$"", ""location"": {""address1"": ""801 Bush St"", ""address2"": null, ""address3"": """", ""city"": ""San Francisco"", ""zip_code"": ""94108"", ""country"": ""US"", ""state"": ""CA"", ""display_address"": [""801 Bush St"", ""San Francisco, CA 94108"", ""Yhdysvallat""]}, ""phone"": ""+14154412252"", ""display_phone"": ""+1 415-441-2252"", ""distance"": 3932.6853446830814}, {""id"": ""7PNc_xh0nO3RRudFLm49rQ"", ""alias"": ""gyro-xpress-san-francisco"", ""name"": ""Gyro Xpress"", ""image_url"": ""https://s3-media4.fl.yelpcdn.com/bphoto/0JEX3GOeQQk0gFzv3t3Hzw/o.jpg"", ""is_closed"": false, ""url"": ""https://fi.yelp.fi/biz/gyro-xpress-san-francisco?adjust_creative=ULHW7ynqdXE8Z9Fnr4irFw&utm_campaign=yelp_api_v3&utm_medium=api_v3_business_search&utm_source=ULHW7ynqdXE8Z9Fnr4irFw"", ""review_count"": 501, ""categories"": [{""alias"": ""mediterranean"", ""title"": ""V\u00e4limerellinen""}, {""alias"": ""greek"", ""title"": ""Kreikkalainen""}, {""alias"": ""kebab"", ""title"": ""Kebab""}], ""rating"": 3.5, ""coordinates"": {""latitude"": 37.7611402, ""longitude"": -122.4345649}, ""transactions"": [""pickup"", ""delivery""], ""price"": ""$$"", ""location"": {""address1"": ""499 Castro St"", ""address2"": """", ""address3"": """", ""city"": ""San Francisco"", ""zip_code"": ""94114"", ""country"": ""US"", ""state"": ""CA"", ""display_address"": [""499 Castro St"", ""San Francisco, CA 94114"", ""Yhdysvallat""]}, ""phone"": ""+14155540352"", ""display_phone"": ""+1 415-554-0352"", ""distance"": 167.61592165123565}, {""id"": ""-8bttkLOnOvgdhh1glVvUA"", ""alias"": ""churchill-san-francisco-3"", ""name"": ""Churchill"", ""image_url"": ""https://s3-media3.fl.yelpcdn.com/bphoto/HSyC_UFN8azVttAvQJlmfA/o.jpg"", ""is_closed"": false, ""url"": ""https://fi.yelp.fi/biz/churchill-san-francisco-3?adjust_creative=ULHW7ynqdXE8Z9Fnr4irFw&utm_campaign=yelp_api_v3&utm_medium=api_v3_business_search&utm_source=ULHW7ynqdXE8Z9Fnr4irFw"", ""review_count"": 377, ""categories"": [{""alias"": ""lounges"", ""title"": ""Lounget""}], ""rating"": 4.0, ""coordinates"": {""latitude"": 37.7678284, ""longitude"": -122.42913}, ""transactions"": [], ""price"": ""$$"", ""location"": {""address1"": ""198 Church St"", ""address2"": """", ""address3"": """", ""city"": ""San Francisco"", ""zip_code"": ""94114"", ""country"": ""US"", ""state"": ""CA"", ""display_address"": [""198 Church St"", ""San Francisco, CA 94114"", ""Yhdysvallat""]}, ""phone"": ""+14155709198"", ""display_phone"": ""+1 415-570-9198"", ""distance"": 1006.342554048604}, {""id"": ""oEJPe3ltDA7Hh1bVf56s7Q"", ""alias"": ""zzan-san-francisco-2"", ""name"": ""ZZAN"", ""image_url"": ""https://s3-media3.fl.yelpcdn.com/bphoto/3gnIJaesUCVjeikuCCnfWw/o.jpg"", ""is_closed"": false, ""url"": ""https://fi.yelp.fi/biz/zzan-san-francisco-2?adjust_creative=ULHW7ynqdXE8Z9Fnr4irFw&utm_campaign=yelp_api_v3&utm_medium=api_v3_business_search&utm_source=ULHW7ynqdXE8Z9Fnr4irFw"", ""review_count"": 546, ""categories"": [{""alias"": ""korean"", ""title"": ""Korealainen""}, {""alias"": ""bbq"", ""title"": ""Barbeque""}, {""alias"": ""soup"", ""title"": ""Keitot""}], ""rating"": 4.0, ""coordinates"": {""latitude"": 37.787539, ""longitude"": -122.412386}, ""transactions"": [""pickup"", ""delivery""], ""price"": ""$$"", ""location"": {""address1"": ""643 Post St"", ""address2"": """", ""address3"": """", ""city"": ""San Francisco"", ""zip_code"": ""94109"", ""country"": ""US"", ""state"": ""CA"", ""display_address"": [""643 Post St"", ""San Francisco, CA 94109"", ""Yhdysvallat""]}, ""phone"": ""+14158729977"", ""display_phone"": ""+1 415-872-9977"", ""distance"": 3646.615536516906}, {""id"": ""5D71_0GNtJiAbu-hivtA6g"", ""alias"": ""persona-san-francisco-2"", ""name"": ""Persona"", ""image_url"": ""https://s3-media2.fl.yelpcdn.com/bphoto/SmomvmcufbFdh6VrPeQBPw/o.jpg"", ""is_closed"": false, ""url"": ""https://fi.yelp.fi/biz/persona-san-francisco-2?adjust_creative=ULHW7ynqdXE8Z9Fnr4irFw&utm_campaign=yelp_api_v3&utm_medium=api_v3_business_search&utm_source=ULHW7ynqdXE8Z9Fnr4irFw"", ""review_count"": 105, ""categories"": [{""alias"": ""cocktailbars"", ""title"": ""Cocktailbaarit""}, {""alias"": ""venues"", ""title"": ""Tapahtumapaikat""}, {""alias"": ""lounges"", ""title"": ""Lounget""}], ""rating"": 4.5, ""coordinates"": {""latitude"": 37.78875, ""longitude"": -122.41146}, ""transactions"": [""restaurant_reservation""], ""price"": ""$$"", ""location"": {""address1"": ""685 Sutter St"", ""address2"": """", ""address3"": null, ""city"": ""San Francisco"", ""zip_code"": ""94102"", ""country"": ""US"", ""state"": ""CA"", ""display_address"": [""685 Sutter St"", ""San Francisco, CA 94102"", ""Yhdysvallat""]}, ""phone"": ""+14154004598"", ""display_phone"": ""+1 415-400-4598"", ""distance"": 3788.7516966683424}, {""id"": ""WKtGwSIbpCE7g_8QG2slZw"", ""alias"": ""cafe-colma-colma"", ""name"": ""Cafe Colma"", ""image_url"": ""https://s3-media3.fl.yelpcdn.com/bphoto/HGHmLMdmdKwE_pfyhxlqAw/o.jpg"", ""is_closed"": false, ""url"": ""https://fi.yelp.fi/biz/cafe-colma-colma?adjust_creative=ULHW7ynqdXE8Z9Fnr4irFw&utm_campaign=yelp_api_v3&utm_medium=api_v3_business_search&utm_source=ULHW7ynqdXE8Z9Fnr4irFw"", ""review_count"": 428, ""categories"": [{""alias"": ""filipino"", ""title"": ""Filippiinil\u00e4inen""}, {""alias"": ""chinese"", ""title"": ""Kiinalainen""}, {""alias"": ""tradamerican"", ""title"": ""Amerikkalainen""}], ""rating"": 3.5, ""coordinates"": {""latitude"": 37.6799, ""longitude"": -122.45259}, ""transactions"": [""delivery""], ""price"": ""$$"", ""location"": {""address1"": ""1700 Hillside Blvd"", ""address2"": """", ""address3"": """", ""city"": ""Colma"", ""zip_code"": ""94014"", ""country"": ""US"", ""state"": ""CA"", ""display_address"": [""1700 Hillside Blvd"", ""Colma, CA 94014"", ""Yhdysvallat""]}, ""phone"": ""+16507582237"", ""display_phone"": ""+1 650-758-2237"", ""distance"": 9122.735926114712}, {""id"": ""Z661e-IOrGuCcvLLe1lS1w"", ""alias"": ""laguna-cafe-san-francisco-2"", ""name"": ""Laguna Cafe"", ""image_url"": ""https://s3-media2.fl.yelpcdn.com/bphoto/FJXYLH0hcTqOuFaKBoiLhA/o.jpg"", ""is_closed"": false, ""url"": ""https://fi.yelp.fi/biz/laguna-cafe-san-francisco-2?adjust_creative=ULHW7ynqdXE8Z9Fnr4irFw&utm_campaign=yelp_api_v3&utm_medium=api_v3_business_search&utm_source=ULHW7ynqdXE8Z9Fnr4irFw"", ""review_count"": 443, ""categories"": [{""alias"": ""hookah_bars"", ""title"": ""Vesipiippubaarit""}, {""alias"": ""mideastern"", ""title"": ""L\u00e4hi-it\u00e4mainen""}], ""rating"": 4.5, ""coordinates"": {""latitude"": 37.7691508621399, ""longitude"": -122.452259015659}, ""transactions"": [""pickup"", ""delivery""], ""price"": ""$$"", ""location"": {""address1"": ""1821 Haight St"", ""address2"": """", ""address3"": """", ""city"": ""San Francisco"", ""zip_code"": ""94117"", ""country"": ""US"", ""state"": ""CA"", ""display_address"": [""1821 Haight St"", ""San Francisco, CA 94117"", ""Yhdysvallat""]}, ""phone"": ""+14159302446"", ""display_phone"": ""+1 415-930-2446"", ""distance"": 1665.4382633799355}], ""total"": 110, ""region"": {""center"": {""longitude"": -122.43644714355469, ""latitude"": 37.76089938976322}}}",application/json,true,none
test_r1fn0stw1276_getBusinesses,200,"{""businesses"": [], ""total"": 0, ""region"": {""center"": {""longitude"": -101.74184, ""latitude"": 42.312637}}}",application/json,true,none
test_r1l4k1p202n5_getBusinesses,200,"{""businesses"": [], ""total"": 0, ""region"": {""center"": {""longitude"": 9.189033508300781, ""latitude"": 45.47047287954827}}}",application/json,true,none
test_rhb1c3bempuq_getBusinesses,200,"{""businesses"": [], ""total"": 0, ""region"": {""center"": {""longitude"": -106.44927978515625, ""latitude"": 31.653215982221013}}}",application/json,true,none
test_rhdbyk214zmt_getBusinesses,400,"{""error"": {""code"": ""VALIDATION_ERROR"", ""description"": ""Please specify a location or a latitude and longitude""}}",application/json,true,none
test_rhivwkn5pd87_getBusinesses,200,"{""businesses"": [], ""total"": 0, ""region"": {""center"": {""longitude"": -73.97918701171875, ""latitude"": 40.706977710584276}}}",application/json,true,none
test_rkzm2wvfaf5g_getBusinesses,400,"{""error"": {""code"": ""VALIDATION_ERROR"", ""description"": ""Please specify a location or a latitude and longitude""}}",application/json,true,none
test_rl7xs7kvhhro_getBusinesses,400,"{""error"": {""code"": ""VALIDATION_ERROR"", ""description"": ""Please specify a location or a latitude and longitude""}}",application/json,true,none
test_s18ck56ocuap_getBusinesses,400,"{""error"": {""code"": ""VALIDATION_ERROR"", ""description"": ""Please specify a location or a latitude and longitude""}}",application/json,true,none
test_sl0p0w7q65vc_getBusinesses,200,"{""businesses"": [], ""total"": 0, ""region"": {""center"": {""longitude"": -5.985832214355469, ""latitude"": 37.38897024983557}}}",application/json,true,none
test_t4c8xp2ytdfb_getBusinesses,200,"{""businesses"": [{""id"": ""e-ngfWPYUe58iPeAMH6KqA"", ""alias"": ""chika-and-sake-san-francisco"", ""name"": ""Chika & Sake"", ""image_url"": ""https://s3-media4.fl.yelpcdn.com/bphoto/pV3weeVthT-JWO_BkIx0iw/o.jpg"", ""is_closed"": false, ""url"": ""https://www.yelp.com.tr/biz/chika-and-sake-san-francisco?adjust_creative=ULHW7ynqdXE8Z9Fnr4irFw&utm_campaign=yelp_api_v3&utm_medium=api_v3_business_search&utm_source=ULHW7ynqdXE8Z9Fnr4irFw"", ""review_count"": 17, ""categories"": [{""alias"": ""tapas"", ""title"": ""Tapas Barlar\u0131""}, {""alias"": ""japanese"", ""title"": ""Japon Mutfa\u011f\u0131""}], ""rating"": 5.0, ""coordinates"": {""latitude"": 37.78692, ""longitude"": -122.42824}, ""transactions"": [], ""price"": ""$$$$"", ""location"": {""address1"": ""1700 Laguna St"", ""address2"": null, ""address3"": """", ""city"": ""San Francisco"", ""zip_code"": ""94115"", ""country"": ""US"", ""state"": ""CA"", ""display_address"": [""1700 Laguna St"", ""San Francisco, CA 94115"", ""ABD""]}, ""phone"": ""+14156587388"", ""display_phone"": ""+1 415-658-7388"", ""distance"": 2977.198581905559}, {""id"": ""6woXHF4_h1EO4eZLtZbK-w"", ""alias"": ""yoma-cafe-san-francisco"", ""name"": ""Yoma Cafe"", ""image_url"": ""https://s3-media1.fl.yelpcdn.com/bphoto/OlTg4e-6aLt4ccAeugJMVQ/o.jpg"", ""is_closed"": false, ""url"": ""https://www.yelp.com.tr/biz/yoma-cafe-san-francisco?adjust_creative=ULHW7ynqdXE8Z9Fnr4irFw&utm_campaign=yelp_api_v3&utm_medium=api_v3_business_search&utm_source=ULHW7ynqdXE8Z9Fnr4irFw"", ""review_count"": 40, ""categories"": [{""alias"": ""hotdogs"", ""title"": ""Fast Food""}, {""alias"": ""bubbletea"", ""title"": ""\u0130nci \u00c7ay\u0131""}, {""alias"": ""japacurry"", ""title"": ""Japon K\u00f6risi""}], ""rating"": 5.0, ""coordinates"": {""latitude"": 37.763876, ""longitude"": -122.474333}, ""transactions"": [], ""price"": ""$"", ""location"": {""address1"": ""1518 Irving St"", ""address2"": null, ""address3"": """", ""city"": ""San Francisco"", ""zip_code"": ""94122"", ""country"": ""US"", ""state"": ""CA"", ""display_address"": [""1518 Irving St"", ""San Francisco, CA 94122"", ""ABD""]}, ""phone"": ""+14157424360"", ""display_phone"": ""+1 415-742-4360"", ""distance"": 3347.2241125551527}, {""id"": ""Ucm6J4WfF3ipGwpTuxH05g"", ""alias"": ""saru-handroll-bar-san-francisco-2"", ""name"": ""Saru Handroll Bar"", ""image_url"": ""https://s3-media3.fl.yelpcdn.com/bphoto/g6ujFVJVpCYkpFl_Ma-ZyQ/o.jpg"", ""is_closed"": false, ""url"": ""https://www.yelp.com.tr/biz/saru-handroll-bar-san-francisco-2?adjust_creative=ULHW7ynqdXE8Z9Fnr4irFw&utm_campaign=yelp_api_v3&utm_medium=api_v3_business_search&utm_source=ULHW7ynqdXE8Z9Fnr4irFw"", ""review_count"": 25, ""categories"": [{""alias"": ""sushi"", ""title"": ""Sushi Barlar\u0131""}, {""alias"": ""japanese"", ""title"": ""Japon Mutfa\u011f\u0131""}, {""alias"": ""seafood"", ""title"": ""Deniz \u00dcr\u00fcnleri""}], ""rating"": 4.5, ""coordinates"": {""latitude"": 37.797109, ""longitude"": -122.421801}, ""transactions"": [], ""price"": ""$$$"", ""location"": {""address1"": ""2206 Polk St"", ""address2"": null, ""address3"": """", ""city"": ""San Francisco"", ""zip_code"": ""94109"", ""country"": ""US"", ""state"": ""CA"", ""display_address"": [""2206 Polk St"", ""San Francisco, CA 94109"", ""ABD""]}, ""phone"": ""+14158759798"", ""display_phone"": ""+1 415-875-9798"", ""distance"": 4227.3754953571015}, {""id"": ""6Pbhkpqz-4ZNS_60lHvqjA"", ""alias"": ""gao-viet-kitchen-and-bar-san-francisco"", ""name"": ""Gao Viet Kitchen & Bar"", ""image_url"": ""https://s3-media2.fl.yelpcdn.com/bphoto/oZLkhjS0imz_Pdn4_hUDuw/o.jpg"", ""is_closed"": false, ""url"": ""https://www.yelp.com.tr/biz/gao-viet-kitchen-and-bar-san-francisco?adjust_creative=ULHW7ynqdXE8Z9Fnr4irFw&utm_campaign=yelp_api_v3&utm_medium=api_v3_business_search&utm_source=ULHW7ynqdXE8Z9Fnr4irFw"", ""review_count"": 73, ""categories"": [{""alias"": ""cocktailbars"", ""title"": ""Kokteyl Barlar\u0131""}, {""alias"": ""vietnamese"", ""title"": ""Vietnam Mutfa\u011f\u0131""}, {""alias"": ""seafood"", ""title"": ""Deniz \u00dcr\u00fcnleri""}], ""rating"": 4.0, ""coordinates"": {""latitude"": 37.763649119559766, ""longitude"": -122.47838713171734}, ""transactions"": [], ""price"": ""$$$"", ""location"": {""address1"": ""1900 Irving St"", ""address2"": """", ""address3"": null, ""city"": ""San Francisco"", ""zip_code"": ""94122"", ""country"": ""US"", ""state"": ""CA"", ""display_address"": [""1900 Irving St"", ""San Francisco, CA 94122"", ""ABD""]}, ""phone"": """", ""display_phone"": """", ""distance"": 3699.432886909486}, {""id"": ""bFG1EX7BJZnSYzBKfL3xwg"", ""alias"": ""seapot-daly-city"", ""name"": ""Seapot"", ""image_url"": ""https://s3-media2.fl.yelpcdn.com/bphoto/gMM_haUBGH-wFclWRYAi9Q/o.jpg"", ""is_closed"": false, ""url"": ""https://www.yelp.com.tr/biz/seapot-daly-city?adjust_creative=ULHW7ynqdXE8Z9Fnr4irFw&utm_campaign=yelp_api_v3&utm_medium=api_v3_business_search&utm_source=ULHW7ynqdXE8Z9Fnr4irFw"", ""review_count"": 191, ""categories"": [{""alias"": ""hotpot"", ""title"": ""G\u00fcve\u00e7""}, {""alias"": ""korean"", ""title"": ""Kore Mutfa\u011f\u0131""}, {""alias"": ""taiwanese"", ""title"": ""Tayvan Mutfa\u011f\u0131""}], ""rating"": 3.5, ""coordinates"": {""latitude"": 37.664519, ""longitude"": -122.467577}, ""transactions"": [""restaurant_reservation""], ""price"": ""$$$"", ""location"": {""address1"": ""383 Gellert Blvd"", ""address2"": """", ""address3"": null, ""city"": ""Daly City"", ""zip_code"": ""94015"", ""country"": ""US"", ""state"": ""CA"", ""display_address"": [""383 Gellert Blvd"", ""Daly City, CA 94015"", ""ABD""]}, ""phone"": """", ""display_phone"": """", ""distance"": 11061.78967984667}], ""total"": 5, ""region"": {""center"": {""longitude"": -122.43644714355469, ""latitude"": 37.76089938976322}}}",application/json,true,none
test_t4l3qvyriipk_getBusinesses,200,"{""businesses"": [], ""total"": 0, ""region"": {""center"": {""longitude"": -118.59922, ""latitude"": 47.184204}}}",application/json,true,none
test_t4vowucsbjoi_getBusinesses,200,"{""businesses"": [], ""total"": 0, ""region"": {""center"": {""longitude"": -112.68917, ""latitude"": 46.918186}}}",application/json,true,none
test_toa397orbha0_getBusinesses,400,"{""error"": {""code"": ""OPEN_AT_AND_NOW_PROVIDED"", ""description"": ""You must specify either open_at or open_now, not both.""}}",application/json,true,none
test_trzop4pego52_getBusinesses,400,"{""error"": {""code"": ""VALIDATION_ERROR"", ""description"": ""Please specify a location or a latitude and longitude""}}",application/json,true,none
test_u857fbq80dwl_getBusinesses,400,"{""error"": {""code"": ""VALIDATION_ERROR"", ""description"": ""Please specify a location or a latitude and longitude""}}",application/json,true,none
test_u8b847xvv2at_getBusinesses,400,"{""error"": {""code"": ""VALIDATION_ERROR"", ""description"": ""Please specify a location or a latitude and longitude""}}",application/json,true,none
test_ubgdet9mdaoy_getBusinesses,200,"{""businesses"": [], ""total"": 0, ""region"": {""center"": {""longitude"": -83.58546, ""latitude"": 38.848232}}}",application/json,true,none
test_ubmefeeode0p_getBusinesses,200,"{""businesses"": [], ""total"": 51, ""region"": {""center"": {""longitude"": -5.985832214355469, ""latitude"": 37.38897024983557}}}",application/json,true,none
test_urk3dbhil54l_getBusinesses,400,"{""error"": {""code"": ""VALIDATION_ERROR"", ""description"": ""Please specify a location or a latitude and longitude""}}",application/json,true,none
test_urmuqudqsbj9_getBusinesses,200,"{""businesses"": [], ""total"": 0, ""region"": {""center"": {""longitude"": -106.24145, ""latitude"": 33.23353}}}",application/json,true,none
test_urmutnd30oqf_getBusinesses,200,"{""businesses"": [{""id"": ""-0iLH7iQNYtoURciDpJf6w"", ""alias"": ""le-comptoir-de-la-gastronomie-paris"", ""name"": ""Le Comptoir de la Gastronomie"", ""image_url"": ""https://s3-media3.fl.yelpcdn.com/bphoto/xT4YkCm_cZWbKbz9AVEnaA/o.jpg"", ""is_closed"": false, ""url"": ""https://www.yelp.it/biz/le-comptoir-de-la-gastronomie-paris?adjust_creative=ULHW7ynqdXE8Z9Fnr4irFw&utm_campaign=yelp_api_v3&utm_medium=api_v3_business_search&utm_source=ULHW7ynqdXE8Z9Fnr4irFw"", ""review_count"": 1213, ""categories"": [{""alias"": ""french"", ""title"": ""Cucina francese""}], ""rating"": 4.5, ""coordinates"": {""latitude"": 48.8645157999652, ""longitude"": 2.34540185646608}, ""transactions"": [], ""price"": ""\u20ac\u20ac"", ""location"": {""address1"": ""34 rue Montmartre"", ""address2"": """", ""address3"": """", ""city"": ""Parigi"", ""zip_code"": ""75001"", ""country"": ""FR"", ""state"": ""75"", ""display_address"": [""34 rue Montmartre"", ""75001 Parigi"", ""Francia""]}, ""phone"": ""+33142333132"", ""display_phone"": ""+33 1 42 33 31 32"", ""distance"": 370.8275165771047}, {""id"": ""KggnM_Z4wOa_JExunaaWHg"", ""alias"": ""le-temps-des-cerises-paris-5"", ""name"": ""Le Temps des Cerises"", ""image_url"": ""https://s3-media4.fl.yelpcdn.com/bphoto/UqeDuXHQOBoBoKWguRUsFg/o.jpg"", ""is_closed"": false, ""url"": ""https://www.yelp.it/biz/le-temps-des-cerises-paris-5?adjust_creative=ULHW7ynqdXE8Z9Fnr4irFw&utm_campaign=yelp_api_v3&utm_medium=api_v3_business_search&utm_source=ULHW7ynqdXE8Z9Fnr4irFw"", ""review_count"": 366, ""categories"": [{""alias"": ""french"", ""title"": ""Cucina francese""}, {""alias"": ""bistros"", ""title"": ""Bistrot""}, {""alias"": ""cafes"", ""title"": ""Caff\u00e8""}], ""rating"": 4.5, ""coordinates"": {""latitude"": 48.852569, ""longitude"": 2.364184}, ""transactions"": [], ""price"": ""\u20ac\u20ac\u20ac"", ""location"": {""address1"": ""31 rue de la Cerisaie"", ""address2"": null, ""address3"": null, ""city"": ""Parigi"", ""zip_code"": ""75004"", ""country"": ""FR"", ""state"": ""75"", ""display_address"": [""31 rue de la Cerisaie"", ""75004 Parigi"", ""Francia""]}, ""phone"": ""+33142720863"", ""display_phone"": ""+33 1 42 72 08 63"", ""distance"": 1920.7073073260806}, {""id"": ""WHHt_Jb8Tgidn9mW7oDnIg"", ""alias"": ""la-co\u00efncidence-paris-4"", ""name"": ""La Co\u00efncidence"", ""image_url"": ""https://s3-media2.fl.yelpcdn.com/bphoto/SQZZvLgpHbDE9A6JNCAQwQ/o.jpg"", ""is_closed"": false, ""url"": ""https://www.yelp.it/biz/la-co%C3%AFncidence-paris-4?adjust_creative=ULHW7ynqdXE8Z9Fnr4irFw&utm_campaign=yelp_api_v3&utm_medium=api_v3_business_search&utm_source=ULHW7ynqdXE8Z9Fnr4irFw"", ""review_count"": 507, ""categories"": [{""alias"": ""french"", ""title"": ""Cucina francese""}], ""rating"": 4.5, ""coordinates"": {""latitude"": 48.868105, ""longitude"": 2.284365}, ""transactions"": [], ""price"": ""\u20ac\u20ac"", ""location"": {""address1"": ""15 rue Mesnil"", ""address2"": """", ""address3"": """", ""city"": ""Parigi"", ""zip_code"": ""75116"", ""country"": ""FR"", ""state"": ""75"", ""display_address"": [""15 rue Mesnil"", ""75116 Parigi"", ""Francia""]}, ""phone"": ""+33147559644"", ""display_phone"": ""+33 1 47 55 96 44"", ""distance"": 4281.588159098756}, {""id"": ""-3tNuJuANQAEv7YA1F7mqg"", ""alias"": ""holybelly-19-paris"", ""name"": ""Holybelly 19"", ""image_url"": ""https://s3-media3.fl.yelpcdn.com/bphoto/wOD-jSXGE-t2odTUSJsSMw/o.jpg"", ""is_closed"": false, ""url"": ""https://www.yelp.it/biz/holybelly-19-paris?adjust_creative=ULHW7ynqdXE8Z9Fnr4irFw&utm_campaign=yelp_api_v3&utm_medium=api_v3_business_search&utm_source=ULHW7ynqdXE8Z9Fnr4irFw"", ""review_count"": 299, ""categories"": [{""alias"": ""breakfast_brunch"", ""title"": ""Colazioni/Brunch""}, {""alias"": ""cafes"", ""title"": ""Caff\u00e8""}, {""alias"": ""desserts"", ""title"": ""Dolci""}], ""rating"": 4.5, ""coordinates"": {""latitude"": 48.87213, ""longitude"": 2.36078}, ""transactions"": [], ""price"": ""\u20ac\u20ac"", ""location"": {""address1"": ""19 rue Lucien Sampaix"", ""address2"": """", ""address3"": null, ""city"": ""Parigi"", ""zip_code"": ""75010"", ""country"": ""FR"", ""state"": ""75"", ""display_address"": [""19 rue Lucien Sampaix"", ""75010 Parigi"", ""Francia""]}, ""phone"": """", ""display_phone"": """", ""distance"": 1771.0252019221973}, {""id"": ""K-cAB9sz9UoopOP0APEi0g"", ""alias"": ""les-cocottes-paris-4"", ""name"": ""Les Cocottes"", ""image_url"": ""https://s3-media4.fl.yelpcdn.com/bphoto/P7Qh9STbT0IJQDY0ohNuqg/o.jpg"", ""is_closed"": false, ""url"": ""https://www.yelp.it/biz/les-cocottes-paris-4?adjust_creative=ULHW7ynqdXE8Z9Fnr4irFw&utm_campaign=yelp_api_v3&utm_medium=api_v3_business_search&utm_source=ULHW7ynqdXE8Z9Fnr4irFw"", ""review_count"": 538, ""categories"": [{""alias"": ""bistros"", ""title"": ""Bistrot""}], ""rating"": 4.0, ""coordinates"": {""latitude"": 48.85819, ""longitude"": 2.30183}, ""transactions"": [], ""price"": ""\u20ac\u20ac\u20ac"", ""location"": {""address1"": ""135 rue Saint Dominique"", ""address2"": null, ""address3"": """", ""city"": ""Paris"", ""zip_code"": ""75007"", ""country"": ""FR"", ""state"": ""01"", ""display_address"": [""135 rue Saint Dominique"", ""75007 Paris"", ""Francia""]}, ""phone"": ""+33145501028"", ""display_phone"": ""+33 1 45 50 10 28"", ""distance"": 2974.3487583849756}, {""id"": ""HqfVEJbVuSx-hmNy2Nbrpg"", ""alias"": ""hank-burger-paris-archives-paris"", ""name"": ""Hank Burger Paris Archives"", ""image_url"": ""https://s3-media1.fl.yelpcdn.com/bphoto/m6nxpW5JzU2YHBVXH0q8Xg/o.jpg"", ""is_closed"": false, ""url"": ""https://www.yelp.it/biz/hank-burger-paris-archives-paris?adjust_creative=ULHW7ynqdXE8Z9Fnr4irFw&utm_campaign=yelp_api_v3&utm_medium=api_v3_business_search&utm_source=ULHW7ynqdXE8Z9Fnr4irFw"", ""review_count"": 215, ""categories"": [{""alias"": ""burgers"", ""title"": ""Hamburger""}, {""alias"": ""vegan"", ""title"": ""Cucina vegana""}], ""rating"": 4.5, ""coordinates"": {""latitude"": 48.8613519231294, ""longitude"": 2.35828442920666}, ""transactions"": [], ""price"": ""\u20ac\u20ac"", ""location"": {""address1"": ""55 rue des Archives"", ""address2"": """", ""address3"": """", ""city"": ""Parigi"", ""zip_code"": ""75003"", ""country"": ""FR"", ""state"": ""75"", ""display_address"": [""55 rue des Archives"", ""75003 Parigi"", ""Francia""]}, ""phone"": ""+33972440399"", ""display_phone"": ""+33 9 72 44 03 99"", ""distance"": 1182.3632164785088}, {""id"": ""AzmLFVuOHT3QbfGcoLe4qg"", ""alias"": ""happy-caff\u00e9-paris-2"", ""name"": ""Happy Caff\u00e9"", ""image_url"": ""https://s3-media2.fl.yelpcdn.com/bphoto/p0mqr1w0C6d0SSQwPWCBnQ/o.jpg"", ""is_closed"": false, ""url"": ""https://www.yelp.it/biz/happy-caff%C3%A9-paris-2?adjust_creative=ULHW7ynqdXE8Z9Fnr4irFw&utm_campaign=yelp_api_v3&utm_medium=api_v3_business_search&utm_source=ULHW7ynqdXE8Z9Fnr4irFw"", ""review_count"": 80, ""categories"": [{""alias"": ""creperies"", ""title"": ""Creperie""}, {""alias"": ""sandwiches"", ""title"": ""Panini/Sandwich""}], ""rating"": 5.0, ""coordinates"": {""latitude"": 48.86476, ""longitude"": 2.329615}, ""transactions"": [], ""price"": ""\u20ac"", ""location"": {""address1"": ""214 rue de Rivoli"", ""address2"": """", ""address3"": null, ""city"": ""Parigi"", ""zip_code"": ""75001"", ""country"": ""FR"", ""state"": ""75"", ""display_address"": [""214 rue de Rivoli"", ""75001 Parigi"", ""Francia""]}, ""phone"": ""+33953529691"", ""display_phone"": ""+33 9 53 52 96 91"", ""distance"": 968.2549973645454}, {""id"": ""-RkDwNPPWOYestnNH_877Q"", ""alias"": ""jardin-des-tuileries-paris-2"", ""name"": ""Jardin des Tuileries"", ""image_url"": ""https://s3-media4.fl.yelpcdn.com/bphoto/v8ug9J13I7BH2hfkhfCvuw/o.jpg"", ""is_closed"": false, ""url"": ""https://www.yelp.it/biz/jardin-des-tuileries-paris-2?adjust_creative=ULHW7ynqdXE8Z9Fnr4irFw&utm_campaign=yelp_api_v3&utm_medium=api_v3_business_search&utm_source=ULHW7ynqdXE8Z9Fnr4irFw"", ""review_count"": 226, ""categories"": [{""alias"": ""parks"", ""title"": ""Parchi""}], ""rating"": 4.0, ""coordinates"": {""latitude"": 48.863396, ""longitude"": 2.327307}, ""transactions"": [], ""location"": {""address1"": ""113 rue de Rivoli"", ""address2"": """", ""address3"": null, ""city"": ""Parigi"", ""zip_code"": ""75001"", ""country"": ""FR"", ""state"": ""75"", ""display_address"": [""113 rue de Rivoli"", ""75001 Parigi"", ""Francia""]}, ""phone"": ""+33140209043"", ""display_phone"": ""+33 1 40 20 90 43"", ""distance"": 1097.3278958761105}, {""id"": ""5PPRzntCCI_2wIp0g3SWwQ"", ""alias"": ""banh-mi-paris"", ""name"": ""Banh Mi"", ""image_url"": ""https://s3-media2.fl.yelpcdn.com/bphoto/1Np8wGZm1-of8MdzobgUCQ/o.jpg"", ""is_closed"": false, ""url"": ""https://www.yelp.it/biz/banh-mi-paris?adjust_creative=ULHW7ynqdXE8Z9Fnr4irFw&utm_campaign=yelp_api_v3&utm_medium=api_v3_business_search&utm_source=ULHW7ynqdXE8Z9Fnr4irFw"", ""review_count"": 162, ""categories"": [{""alias"": ""vietnamese"", ""title"": ""Cucina vietnamita""}, {""alias"": ""sandwiches"", ""title"": ""Panini/Sandwich""}], ""rating"": 4.5, ""coordinates"": {""latitude"": 48.86662, ""longitude"": 2.36071}, ""transactions"": [], ""price"": ""\u20ac"", ""location"": {""address1"": ""81 rue de Turbigo"", ""address2"": """", ""address3"": """", ""city"": ""Parigi"", ""zip_code"": ""75003"", ""country"": ""FR"", ""state"": ""75"", ""display_address"": [""81 rue de Turbigo"", ""75003 Parigi"", ""Francia""]}, ""phone"": ""+33148049890"", ""display_phone"": ""+33 1 48 04 98 90"", ""distance"": 1455.5584340271134}, {""id"": ""u0PQ2A4w14iMWrrk5pWGUA"", ""alias"": ""bistrot-richelieu-paris-2"", ""name"": ""Bistrot Richelieu"", ""image_url"": ""https://s3-media4.fl.yelpcdn.com/bphoto/m6UqngRRrkZxeYjXqCQ_RA/o.jpg"", ""is_closed"": false, ""url"": ""https://www.yelp.it/biz/bistrot-richelieu-paris-2?adjust_creative=ULHW7ynqdXE8Z9Fnr4irFw&utm_campaign=yelp_api_v3&utm_medium=api_v3_business_search&utm_source=ULHW7ynqdXE8Z9Fnr4irFw"", ""review_count"": 192, ""categories"": [{""alias"": ""french"", ""title"": ""Cucina francese""}, {""alias"": ""breakfast_brunch"", ""title"": ""Colazioni/Brunch""}], ""rating"": 4.0, ""coordinates"": {""latitude"": 48.866218, ""longitude"": 2.337011}, ""transactions"": [], ""price"": ""\u20ac\u20ac"", ""location"": {""address1"": ""45 rue de Richelieu"", ""address2"": null, ""address3"": """", ""city"": ""Paris"", ""zip_code"": ""75001"", ""country"": ""FR"", ""state"": ""01"", ""display_address"": [""45 rue de Richelieu"", ""75001 Paris"", ""Francia""]}, ""phone"": ""+33142601916"", ""display_phone"": ""+33 1 42 60 19 16"", ""distance"": 604.5741458549456}, {""id"": ""OonhT4mr0ZOK7-yD3t1nOA"", ""alias"": ""a-lacroix-paris-2"", ""name"": ""A. Lacroix"", ""image_url"": ""https://s3-media1.fl.yelpcdn.com/bphoto/RgqgOkfJZ2h6F45Z_FPPfw/o.jpg"", ""is_closed"": false, ""url"": ""https://www.yelp.it/biz/a-lacroix-paris-2?adjust_creative=ULHW7ynqdXE8Z9Fnr4irFw&utm_campaign=yelp_api_v3&utm_medium=api_v3_business_search&utm_source=ULHW7ynqdXE8Z9Fnr4irFw"", ""review_count"": 84, ""categories"": [{""alias"": ""coffee"", ""title"": ""Caff\u00e8/T\u00e8""}, {""alias"": ""cakeshop"", ""title"": ""Pasticcerie""}, {""alias"": ""icecream"", ""title"": ""Gelaterie""}], ""rating"": 5.0, ""coordinates"": {""latitude"": 48.851727, ""longitude"": 2.349427}, ""transactions"": [], ""price"": ""\u20ac\u20ac"", ""location"": {""address1"": ""11 quai de Montebello"", ""address2"": """", ""address3"": null, ""city"": ""Parigi"", ""zip_code"": ""75005"", ""country"": ""FR"", ""state"": ""75"", ""display_address"": [""11 quai de Montebello"", ""75005 Parigi"", ""Francia""]}, ""phone"": ""+33174641486"", ""display_phone"": ""+33 1 74 64 14 86"", ""distance"": 1256.1714124565817}, {""id"": ""CPy8rmc-iCi9b0qPJFNklw"", ""alias"": ""le-petit-pontoise-paris"", ""name"": ""Le Petit Pontoise"", ""image_url"": ""https://s3-media1.fl.yelpcdn.com/bphoto/wQuEme1IMPKoDFa331GjEg/o.jpg"", ""is_closed"": false, ""url"": ""https://www.yelp.it/biz/le-petit-pontoise-paris?adjust_creative=ULHW7ynqdXE8Z9Fnr4irFw&utm_campaign=yelp_api_v3&utm_medium=api_v3_business_search&utm_source=ULHW7ynqdXE8Z9Fnr4irFw"", ""review_count"": 146, ""categories"": [{""alias"": ""bistros"", ""title"": ""Bistrot""}], ""rating"": 4.5, ""coordinates"": {""latitude"": 48.8498845, ""longitude"": 2.3520959}, ""transactions"": [], ""price"": ""\u20ac\u20ac\u20ac"", ""location"": {""address1"": ""9 rue de Pontoise"", ""address2"": null, ""address3"": null, ""city"": ""Parigi"", ""zip_code"": ""75005"", ""country"": ""FR"", ""state"": ""75"", ""display_address"": [""9 rue de Pontoise"", ""75005 Parigi"", ""Francia""]}, ""phone"": ""+33143292520"", ""display_phone"": ""+33 1 43 29 25 20"", ""distance"": 1527.1628850534348}, {""id"": ""rukLJuVj9wTF8diraA1BCQ"", ""alias"": ""kozy-paris-6"", ""name"": ""Kozy"", ""image_url"": ""https://s3-media2.fl.yelpcdn.com/bphoto/v1lbFrV_b6gYPCaGOSkSVQ/o.jpg"", ""is_closed"": false, ""url"": ""https://www.yelp.it/biz/kozy-paris-6?adjust_creative=ULHW7ynqdXE8Z9Fnr4irFw&utm_campaign=yelp_api_v3&utm_medium=api_v3_business_search&utm_source=ULHW7ynqdXE8Z9Fnr4irFw"", ""review_count"": 282, ""categories"": [{""alias"": ""coffee"", ""title"": ""Caff\u00e8/T\u00e8""}, {""alias"": ""breakfast_brunch"", ""title"": ""Colazioni/Brunch""}, {""alias"": ""sandwiches"", ""title"": ""Panini/Sandwich""}], ""rating"": 4.0, ""coordinates"": {""latitude"": 48.85542, ""longitude"": 2.30539}, ""transactions"": [], ""price"": ""\u20ac\u20ac"", ""location"": {""address1"": ""79 avenue Bosquet"", ""address2"": """", ""address3"": """", ""city"": ""Parigi"", ""zip_code"": ""75007"", ""country"": ""FR"", ""state"": ""75"", ""display_address"": [""79 avenue Bosquet"", ""75007 Parigi"", ""Francia""]}, ""phone"": """", ""display_phone"": """", ""distance"": 2784.8459483911615}, {""id"": ""MN-I5rJBYAZwp2jeHXs_JQ"", ""alias"": ""l-alsacien-paris"", ""name"": ""L'Alsacien"", ""image_url"": ""https://s3-media3.fl.yelpcdn.com/bphoto/Um1ianYa4Ja71KXQyg1g9Q/o.jpg"", ""is_closed"": false, ""url"": ""https://www.yelp.it/biz/l-alsacien-paris?adjust_creative=ULHW7ynqdXE8Z9Fnr4irFw&utm_campaign=yelp_api_v3&utm_medium=api_v3_business_search&utm_source=ULHW7ynqdXE8Z9Fnr4irFw"", ""review_count"": 68, ""categories"": [{""alias"": ""beerbar"", ""title"": ""Birreria""}, {""alias"": ""wine_bars"", ""title"": ""Wine bar""}, {""alias"": ""alsatian"", ""title"": ""Cucina alsaziana""}], ""rating"": 4.5, ""coordinates"": {""latitude"": 48.8582259709568, ""longitude"": 2.35042658065285}, ""transactions"": [], ""price"": ""\u20ac\u20ac"", ""location"": {""address1"": ""6 rue Saint-Bon"", ""address2"": """", ""address3"": """", ""city"": ""Parigi"", ""zip_code"": ""75004"", ""country"": ""FR"", ""state"": ""75"", ""display_address"": [""6 rue Saint-Bon"", ""75004 Parigi"", ""Francia""]}, ""phone"": ""+33142776422"", ""display_phone"": ""+33 1 42 77 64 22"", ""distance"": 734.2051494950618}, {""id"": ""nnAxF4EKaf7yLbLGxkShmQ"", ""alias"": ""le-calife-paris-2"", ""name"": ""Le Calife"", ""image_url"": ""https://s3-media3.fl.yelpcdn.com/bphoto/y6xNtFdSU9MiA23KLIVGxg/o.jpg"", ""is_closed"": false, ""url"": ""https://www.yelp.it/biz/le-calife-paris-2?adjust_creative=ULHW7ynqdXE8Z9Fnr4irFw&utm_campaign=yelp_api_v3&utm_medium=api_v3_business_search&utm_source=ULHW7ynqdXE8Z9Fnr4irFw"", ""review_count"": 92, ""categories"": [{""alias"": ""french"", ""title"": ""Cucina francese""}], ""rating"": 4.5, ""coordinates"": {""latitude"": 48.8583205, ""longitude"": 2.3346584}, ""transactions"": [], ""price"": ""\u20ac\u20ac\u20ac\u20ac"", ""location"": {""address1"": ""Port des Saints P\u00e8res"", ""address2"": """", ""address3"": null, ""city"": ""Parigi"", ""zip_code"": ""75006"", ""country"": ""FR"", ""state"": ""75"", ""display_address"": [""Port des Saints P\u00e8res"", ""75006 Parigi"", ""Francia""]}, ""phone"": ""+33143545004"", ""display_phone"": ""+33 1 43 54 50 04"", ""distance"": 681.0534139830082}, {""id"": ""uVluSJp_ybhh8NeqdGzM4w"", ""alias"": ""le-petit-prince-de-paris-paris-05"", ""name"": ""Le Petit Prince de Paris"", ""image_url"": ""https://s3-media1.fl.yelpcdn.com/bphoto/By6rDGkt1dmtIIQrbCSsjw/o.jpg"", ""is_closed"": false, ""url"": ""https://www.yelp.it/biz/le-petit-prince-de-paris-paris-05?adjust_creative=ULHW7ynqdXE8Z9Fnr4irFw&utm_campaign=yelp_api_v3&utm_medium=api_v3_business_search&utm_source=ULHW7ynqdXE8Z9Fnr4irFw"", ""review_count"": 220, ""categories"": [{""alias"": ""french"", ""title"": ""Cucina francese""}], ""rating"": 4.0, ""coordinates"": {""latitude"": 48.848422, ""longitude"": 2.346513}, ""transactions"": [], ""price"": ""\u20ac\u20ac\u20ac"", ""location"": {""address1"": ""12 rue de Lanneau"", ""address2"": null, ""address3"": null, ""city"": ""Paris 05"", ""zip_code"": ""75005"", ""country"": ""FR"", ""state"": ""75"", ""display_address"": [""12 rue de Lanneau"", ""75005 Paris 05"", ""Francia""]}, ""phone"": ""+33143547726"", ""display_phone"": ""+33 1 43 54 77 26"", ""distance"": 1538.7080627551295}, {""id"": ""4UycZiJdAczxMVo7L3SMuA"", ""alias"": ""big-fernand-paris-12"", ""name"": ""Big Fernand"", ""image_url"": ""https://s3-media4.fl.yelpcdn.com/bphoto/0iKrfcTCejCHqWAUZuPz0g/o.jpg"", ""is_closed"": false, ""url"": ""https://www.yelp.it/biz/big-fernand-paris-12?adjust_creative=ULHW7ynqdXE8Z9Fnr4irFw&utm_campaign=yelp_api_v3&utm_medium=api_v3_business_search&utm_source=ULHW7ynqdXE8Z9Fnr4irFw"", ""review_count"": 245, ""categories"": [{""alias"": ""burgers"", ""title"": ""Hamburger""}], ""rating"": 4.0, ""coordinates"": {""latitude"": 48.87475, ""longitude"": 2.34794}, ""transactions"": [], ""price"": ""\u20ac\u20ac"", ""location"": {""address1"": ""55 rue du Faubourg Poissonni\u00e8re"", ""address2"": """", ""address3"": """", ""city"": ""Parigi"", ""zip_code"": ""75009"", ""country"": ""FR"", ""state"": ""75"", ""display_address"": [""55 rue du Faubourg Poissonni\u00e8re"", ""75009 Parigi"", ""Francia""]}, ""phone"": ""+33185152349"", ""display_phone"": ""+33 1 85 15 23 49"", ""distance"": 1485.1004014149257}, {""id"": ""ya9qZ-AeNav0H0EWZg7l7g"", ""alias"": ""baroche-paris-3"", ""name"": ""Baroche"", ""image_url"": ""https://s3-media4.fl.yelpcdn.com/bphoto/otipzBJuIAT8wuLQkGoFiQ/o.jpg"", ""is_closed"": false, ""url"": ""https://www.yelp.it/biz/baroche-paris-3?adjust_creative=ULHW7ynqdXE8Z9Fnr4irFw&utm_campaign=yelp_api_v3&utm_medium=api_v3_business_search&utm_source=ULHW7ynqdXE8Z9Fnr4irFw"", ""review_count"": 222, ""categories"": [{""alias"": ""brasseries"", ""title"": ""Brasserie""}], ""rating"": 4.0, ""coordinates"": {""latitude"": 48.871315, ""longitude"": 2.307362}, ""transactions"": [], ""price"": ""\u20ac\u20ac"", ""location"": {""address1"": ""101 rue la Bo\u00e9tie"", ""address2"": null, ""address3"": null, ""city"": ""Parigi"", ""zip_code"": ""75008"", ""country"": ""FR"", ""state"": ""75"", ""display_address"": [""101 rue la Bo\u00e9tie"", ""75008 Parigi"", ""Francia""]}, ""phone"": ""+33143596957"", ""display_phone"": ""+33 1 43 59 69 57"", ""distance"": 2748.909031887655}, {""id"": ""kGmzKvahmU8b3YSCWuUNnQ"", ""alias"": ""higuma-paris-5"", ""name"": ""Higuma"", ""image_url"": ""https://s3-media2.fl.yelpcdn.com/bphoto/Msz-kSE4UgZ4mwxPATLQNw/o.jpg"", ""is_closed"": false, ""url"": ""https://www.yelp.it/biz/higuma-paris-5?adjust_creative=ULHW7ynqdXE8Z9Fnr4irFw&utm_campaign=yelp_api_v3&utm_medium=api_v3_business_search&utm_source=ULHW7ynqdXE8Z9Fnr4irFw"", ""review_count"": 388, ""categories"": [{""alias"": ""japanese"", ""title"": ""Cucina giapponese""}], ""rating"": 3.5, ""coordinates"": {""latitude"": 48.8666047463318, ""longitude"": 2.33580806132415}, ""transactions"": [], ""price"": ""\u20ac"", ""location"": {""address1"": ""32 bis rue Sainte Anne"", ""address2"": null, ""address3"": null, ""city"": ""Parigi"", ""zip_code"": ""75001"", ""country"": ""FR"", ""state"": ""75"", ""display_address"": [""32 bis rue Sainte Anne"", ""75001 Parigi"", ""Francia""]}, ""phone"": ""+33147033859"", ""display_phone"": ""+33 1 47 03 38 59"", ""distance"": 694.2365558936752}, {""id"": ""i5B2mdI1H_sZKROXfljHVg"", ""alias"": ""bo-et-mie-paris"", ""name"": ""BO&MIE"", ""image_url"": ""https://s3-media1.fl.yelpcdn.com/bphoto/jtMTA8Bp3h0q-gGYh9lWsA/o.jpg"", ""is_closed"": false, ""url"": ""https://www.yelp.it/biz/bo-et-mie-paris?adjust_creative=ULHW7ynqdXE8Z9Fnr4irFw&utm_campaign=yelp_api_v3&utm_medium=api_v3_business_search&utm_source=ULHW7ynqdXE8Z9Fnr4irFw"", ""review_count"": 56, ""categories"": [{""alias"": ""bakeries"", ""title"": ""Panifici""}], ""rating"": 4.5, ""coordinates"": {""latitude"": 48.864106, ""longitude"": 2.35056}, ""transactions"": [], ""price"": ""\u20ac\u20ac"", ""location"": {""address1"": ""18 rue de Turbigo"", ""address2"": null, ""address3"": """", ""city"": ""Parigi"", ""zip_code"": ""75002"", ""country"": ""FR"", ""state"": ""75"", ""display_address"": [""18 rue de Turbigo"", ""75002 Parigi"", ""Francia""]}, ""phone"": ""+33980537953"", ""display_phone"": ""+33 9 80 53 79 53"", ""distance"": 660.0601682686694}], ""total"": 918, ""region"": {""center"": {""longitude"": 2.3421478271484375, ""latitude"": 48.86195860677958}}}",application/json,false,"OAS disconformity: [Path '/businesses/[item]/price'] Instance value ("""") not found in enum (possible values: [""$"";""$$"";""$$$"";""$$$$""]) --- [Path '/businesses/[item]/price'] Instance value ("""") not found in enum (possible values: [""$"";""$$"";""$$$"";""$$$$""]) --- [Path '/businesses/[item]/price'] Instance value ("""") not found in enum (possible values: [""$"";""$$"";""$$$"";""$$$$""]) --- [Path '/businesses/[item]/price'] Instance value ("""") not found in enum (possible values: [""$"";""$$"";""$$$"";""$$$$""])"
test_vb925s9xch2e_getBusinesses,400,"{""error"": {""code"": ""LOCATION_NOT_FOUND"", ""description"": ""Could not execute search, try specifying a more exact location.""}}",application/json,true,none
test_vbcdfh2ae1it_getBusinesses,200,"{""businesses"": [], ""total"": 0, ""region"": {""center"": {""longitude"": -88.26107025146484, ""latitude"": 44.75855738140011}}}",application/json,true,none
test_vbkod1fhkrav_getBusinesses,400,"{""error"": {""code"": ""LOCATION_NOT_FOUND"", ""description"": ""Could not execute search, try specifying a more exact location.""}}",application/json,true,none
test_vevcf0qq91lx_getBusinesses,200,"{""businesses"": [], ""total"": 0, ""region"": {""center"": {""longitude"": -106.44927978515625, ""latitude"": 31.653215982221013}}}",application/json,true,none
test_vf98s33is111_getBusinesses,400,"{""error"": {""code"": ""VALIDATION_ERROR"", ""description"": ""Please specify a location or a latitude and longitude""}}",application/json,true,none
