testResultId,statusCode,responseBody,outputContentType,passed,failReason
test_1h7ooiv2ulyra_getBusinesses,400,"{""error"": {""code"": ""VALIDATION_ERROR"", ""description"": ""Please specify a location or a latitude and longitude""}}",application/json,true,none
test_1h7tqupm8i9f8_getBusinesses,400,"{""error"": {""code"": ""VALIDATION_ERROR"", ""description"": ""Please specify a location or a latitude and longitude""}}",application/json,true,none
test_1hb7o8261gbw2_getBusinesses,400,"{""error"": {""code"": ""VALIDATION_ERROR"", ""description"": ""The open_at provided is too long ago, the timestamp must be within the last two weeks.""}}",application/json,true,none
test_1hux7lmln87jl_getBusinesses,200,"{""businesses"": [], ""total"": 1, ""region"": {""center"": {""longitude"": -105.96038818359375, ""latitude"": 35.665062782072155}}}",application/json,true,none
test_1hv2qfwe9m929_getBusinesses,200,"{""businesses"": [{""id"": ""TN5QsXM1PzOHsXetjtdqjg"", ""alias"": ""the-chocolate-room-brooklyn-2"", ""name"": ""The Chocolate Room"", ""image_url"": ""https://s3-media4.fl.yelpcdn.com/bphoto/NfN1J8otFp1A4BU7NZdlaQ/o.jpg"", ""is_closed"": false, ""url"": ""https://www.yelp.com/biz/the-chocolate-room-brooklyn-2?adjust_creative=ULHW7ynqdXE8Z9Fnr4irFw&utm_campaign=yelp_api_v3&utm_medium=api_v3_business_search&utm_source=ULHW7ynqdXE8Z9Fnr4irFw"", ""review_count"": 631, ""categories"": [{""alias"": ""desserts"", ""title"": ""Desserts""}, {""alias"": ""chocolate"", ""title"": ""Chocolatiers & Shops""}], ""rating"": 4.5, ""coordinates"": {""latitude"": 40.684764, ""longitude"": -73.994445}, ""transactions"": [""delivery"", ""pickup""], ""price"": ""$$"", ""location"": {""address1"": ""269 Court St"", ""address2"": """", ""address3"": """", ""city"": ""Brooklyn"", ""zip_code"": ""11231"", ""country"": ""US"", ""state"": ""NY"", ""display_address"": [""269 Court St"", ""Brooklyn, NY 11231""]}, ""phone"": ""+17182462600"", ""display_phone"": ""(718) 246-2600"", ""distance"": 2784.7658492900346}, {""id"": ""5S8ZK9XLdl4l645twbNYZQ"", ""alias"": ""boqueria-new-york-16"", ""name"": ""Boqueria"", ""image_url"": ""https://s3-media1.fl.yelpcdn.com/bphoto/0gH0vREg9VMcQhq2jpfuUQ/o.jpg"", ""is_closed"": false, ""url"": ""https://www.yelp.com/biz/boqueria-new-york-16?adjust_creative=ULHW7ynqdXE8Z9Fnr4irFw&utm_campaign=yelp_api_v3&utm_medium=api_v3_business_search&utm_source=ULHW7ynqdXE8Z9Fnr4irFw"", ""review_count"": 914, ""categories"": [{""alias"": ""tapasmallplates"", ""title"": ""Tapas/Small Plates""}, {""alias"": ""spanish"", ""title"": ""Spanish""}, {""alias"": ""tapas"", ""title"": ""Tapas Bars""}], ""rating"": 4.0, ""coordinates"": {""latitude"": 40.771522, ""longitude"": -73.956073}, ""transactions"": [""delivery"", ""pickup""], ""price"": ""$$$"", ""location"": {""address1"": ""1460 2nd Ave"", ""address2"": """", ""address3"": """", ""city"": ""New York"", ""zip_code"": ""10075"", ""country"": ""US"", ""state"": ""NY"", ""display_address"": [""1460 2nd Ave"", ""New York, NY 10075""]}, ""phone"": ""+12123432227"", ""display_phone"": ""(212) 343-2227"", ""distance"": 7436.494666460831}, {""id"": ""tVB11pOiDhPWlt_o6ylMNg"", ""alias"": ""enthaice-thai-kitchen-astoria"", ""name"": ""Enthaice Thai Kitchen"", ""image_url"": ""https://s3-media1.fl.yelpcdn.com/bphoto/poiYY93PvnCGFXQAEvO-Ng/o.jpg"", ""is_closed"": false, ""url"": ""https://www.yelp.com/biz/enthaice-thai-kitchen-astoria?adjust_creative=ULHW7ynqdXE8Z9Fnr4irFw&utm_campaign=yelp_api_v3&utm_medium=api_v3_business_search&utm_source=ULHW7ynqdXE8Z9Fnr4irFw"", ""review_count"": 749, ""categories"": [{""alias"": ""thai"", ""title"": ""Thai""}, {""alias"": ""seafood"", ""title"": ""Seafood""}], ""rating"": 4.0, ""coordinates"": {""latitude"": 40.7630889337809, ""longitude"": -73.9213237166405}, ""transactions"": [""delivery"", ""pickup""], ""price"": ""$$"", ""location"": {""address1"": ""33-20 31st Ave"", ""address2"": null, ""address3"": """", ""city"": ""Astoria"", ""zip_code"": ""11106"", ""country"": ""US"", ""state"": ""NY"", ""display_address"": [""33-20 31st Ave"", ""Astoria, NY 11106""]}, ""phone"": ""+17189321111"", ""display_phone"": ""(718) 932-1111"", ""distance"": 7918.178015308201}, {""id"": ""kctef59qqlzJNqAc1ZGEvg"", ""alias"": ""the-capital-grille-new-york-6"", ""name"": ""The Capital Grille"", ""image_url"": ""https://s3-media2.fl.yelpcdn.com/bphoto/WhjAwizhJTi53FuuoszR9Q/o.jpg"", ""is_closed"": false, ""url"": ""https://www.yelp.com/biz/the-capital-grille-new-york-6?adjust_creative=ULHW7ynqdXE8Z9Fnr4irFw&utm_campaign=yelp_api_v3&utm_medium=api_v3_business_search&utm_source=ULHW7ynqdXE8Z9Fnr4irFw"", ""review_count"": 889, ""categories"": [{""alias"": ""steak"", ""title"": ""Steakhouses""}, {""alias"": ""seafood"", ""title"": ""Seafood""}, {""alias"": ""wine_bars"", ""title"": ""Wine Bars""}], ""rating"": 4.0, ""coordinates"": {""latitude"": 40.75125579843528, ""longitude"": -73.9748856}, ""transactions"": [""delivery"", ""pickup""], ""price"": ""$$$"", ""location"": {""address1"": ""155 E 42nd St"", ""address2"": null, ""address3"": """", ""city"": ""New York"", ""zip_code"": ""10017"", ""country"": ""US"", ""state"": ""NY"", ""display_address"": [""155 E 42nd St"", ""New York, NY 10017""]}, ""phone"": ""+12129532000"", ""display_phone"": ""(212) 953-2000"", ""distance"": 4936.816601852931}, {""id"": ""2N0rmZr3YVSa_sZYTJHxIA"", ""alias"": ""imani-brooklyn-4"", ""name"": ""Imani"", ""image_url"": ""https://s3-media1.fl.yelpcdn.com/bphoto/JQdA6MpApkDf0Fn97Eo4EA/o.jpg"", ""is_closed"": false, ""url"": ""https://www.yelp.com/biz/imani-brooklyn-4?adjust_creative=ULHW7ynqdXE8Z9Fnr4irFw&utm_campaign=yelp_api_v3&utm_medium=api_v3_business_search&utm_source=ULHW7ynqdXE8Z9Fnr4irFw"", ""review_count"": 789, ""categories"": [{""alias"": ""caribbean"", ""title"": ""Caribbean""}, {""alias"": ""bars"", ""title"": ""Bars""}], ""rating"": 4.0, ""coordinates"": {""latitude"": 40.689413, ""longitude"": -73.970866}, ""transactions"": [""pickup"", ""delivery""], ""price"": ""$$"", ""location"": {""address1"": ""271 Adelphi St"", ""address2"": null, ""address3"": """", ""city"": ""Brooklyn"", ""zip_code"": ""11205"", ""country"": ""US"", ""state"": ""NY"", ""display_address"": [""271 Adelphi St"", ""Brooklyn, NY 11205""]}, ""phone"": ""+17189230100"", ""display_phone"": ""(718) 923-0100"", ""distance"": 2074.887696224491}, {""id"": ""dYm7DXMy1r8kCmKiz1MO8w"", ""alias"": ""crave-fishbar-new-york"", ""name"": ""Crave Fishbar"", ""image_url"": ""https://s3-media4.fl.yelpcdn.com/bphoto/sU-sLPtzzcqxpQWvhptkGQ/o.jpg"", ""is_closed"": false, ""url"": ""https://www.yelp.com/biz/crave-fishbar-new-york?adjust_creative=ULHW7ynqdXE8Z9Fnr4irFw&utm_campaign=yelp_api_v3&utm_medium=api_v3_business_search&utm_source=ULHW7ynqdXE8Z9Fnr4irFw"", ""review_count"": 827, ""categories"": [{""alias"": ""seafood"", ""title"": ""Seafood""}, {""alias"": ""bars"", ""title"": ""Bars""}], ""rating"": 4.0, ""coordinates"": {""latitude"": 40.755136, ""longitude"": -73.968683}, ""transactions"": [""delivery"", ""pickup""], ""price"": ""$$$"", ""location"": {""address1"": ""945 2nd Ave"", ""address2"": """", ""address3"": """", ""city"": ""New York"", ""zip_code"": ""10022"", ""country"": ""US"", ""state"": ""NY"", ""display_address"": [""945 2nd Ave"", ""New York, NY 10022""]}, ""phone"": ""+16468959585"", ""display_phone"": ""(646) 895-9585"", ""distance"": 5427.603051694529}, {""id"": ""20LSOx_4K2wghTsUx4gSsg"", ""alias"": ""oceanic-boil-jackson-heights"", ""name"": ""Oceanic Boil"", ""image_url"": ""https://s3-media1.fl.yelpcdn.com/bphoto/aF45SWZgZoZsVsBXgEgDig/o.jpg"", ""is_closed"": false, ""url"": ""https://www.yelp.com/biz/oceanic-boil-jackson-heights?adjust_creative=ULHW7ynqdXE8Z9Fnr4irFw&utm_campaign=yelp_api_v3&utm_medium=api_v3_business_search&utm_source=ULHW7ynqdXE8Z9Fnr4irFw"", ""review_count"": 695, ""categories"": [{""alias"": ""cajun"", ""title"": ""Cajun/Creole""}, {""alias"": ""seafood"", ""title"": ""Seafood""}, {""alias"": ""bars"", ""title"": ""Bars""}], ""rating"": 4.5, ""coordinates"": {""latitude"": 40.7498297, ""longitude"": -73.8821356}, ""transactions"": [""delivery"", ""pickup""], ""price"": ""$$"", ""location"": {""address1"": ""84-20 37th Ave"", ""address2"": """", ""address3"": """", ""city"": ""Jackson Heights"", ""zip_code"": ""11372"", ""country"": ""US"", ""state"": ""NY"", ""display_address"": [""84-20 37th Ave"", ""Jackson Heights, NY 11372""]}, ""phone"": ""+19292966338"", ""display_phone"": ""(929) 296-6338"", ""distance"": 9480.180012136341}, {""id"": ""_-EQR2vNYg-b1eZwAgp6JQ"", ""alias"": ""tanoreen-brooklyn-2"", ""name"": ""Tanoreen"", ""image_url"": ""https://s3-media3.fl.yelpcdn.com/bphoto/Lg6wqZpukumsiprbw5_tzw/o.jpg"", ""is_closed"": false, ""url"": ""https://www.yelp.com/biz/tanoreen-brooklyn-2?adjust_creative=ULHW7ynqdXE8Z9Fnr4irFw&utm_campaign=yelp_api_v3&utm_medium=api_v3_business_search&utm_source=ULHW7ynqdXE8Z9Fnr4irFw"", ""review_count"": 987, ""categories"": [{""alias"": ""mideastern"", ""title"": ""Middle Eastern""}, {""alias"": ""mediterranean"", ""title"": ""Mediterranean""}, {""alias"": ""halal"", ""title"": ""Halal""}], ""rating"": 4.0, ""coordinates"": {""latitude"": 40.6308, ""longitude"": -74.02775}, ""transactions"": [""delivery"", ""pickup""], ""price"": ""$$$"", ""location"": {""address1"": ""7523 3rd Ave"", ""address2"": """", ""address3"": """", ""city"": ""Brooklyn"", ""zip_code"": ""11209"", ""country"": ""US"", ""state"": ""NY"", ""display_address"": [""7523 3rd Ave"", ""Brooklyn, NY 11209""]}, ""phone"": ""+17187485600"", ""display_phone"": ""(718) 748-5600"", ""distance"": 9411.009852052613}, {""id"": ""Z67mgMkN3RfdPEX5mXsyYA"", ""alias"": ""piacere-new-york"", ""name"": ""Piacere"", ""image_url"": ""https://s3-media2.fl.yelpcdn.com/bphoto/-K9j_VJwmeFNi9ffA5V0aQ/o.jpg"", ""is_closed"": false, ""url"": ""https://www.yelp.com/biz/piacere-new-york?adjust_creative=ULHW7ynqdXE8Z9Fnr4irFw&utm_campaign=yelp_api_v3&utm_medium=api_v3_business_search&utm_source=ULHW7ynqdXE8Z9Fnr4irFw"", ""review_count"": 710, ""categories"": [{""alias"": ""pizza"", ""title"": ""Pizza""}, {""alias"": ""italian"", ""title"": ""Italian""}, {""alias"": ""wine_bars"", ""title"": ""Wine Bars""}], ""rating"": 4.0, ""coordinates"": {""latitude"": 40.7196979, ""longitude"": -73.9951175}, ""transactions"": [""delivery"", ""pickup""], ""price"": ""$$"", ""location"": {""address1"": ""351 Broome St"", ""address2"": """", ""address3"": """", ""city"": ""New York"", ""zip_code"": ""10013"", ""country"": ""US"", ""state"": ""NY"", ""display_address"": [""351 Broome St"", ""New York, NY 10013""]}, ""phone"": ""+12122194080"", ""display_phone"": ""(212) 219-4080"", ""distance"": 1950.2237281007451}, {""id"": ""jjDsVuD7KbxnYV4jFnyftA"", ""alias"": ""love-korean-bbq-new-york"", ""name"": ""LOVE Korean BBQ"", ""image_url"": ""https://s3-media1.fl.yelpcdn.com/bphoto/YhZhQy7rW4158pCwxB_-2Q/o.jpg"", ""is_closed"": false, ""url"": ""https://www.yelp.com/biz/love-korean-bbq-new-york?adjust_creative=ULHW7ynqdXE8Z9Fnr4irFw&utm_campaign=yelp_api_v3&utm_medium=api_v3_business_search&utm_source=ULHW7ynqdXE8Z9Fnr4irFw"", ""review_count"": 653, ""categories"": [{""alias"": ""korean"", ""title"": ""Korean""}, {""alias"": ""bbq"", ""title"": ""Barbeque""}], ""rating"": 4.5, ""coordinates"": {""latitude"": 40.747118, ""longitude"": -73.985056}, ""transactions"": [""delivery"", ""pickup"", ""restaurant_reservation""], ""price"": ""$$$"", ""location"": {""address1"": ""319 5th Ave"", ""address2"": null, ""address3"": """", ""city"": ""New York"", ""zip_code"": ""10016"", ""country"": ""US"", ""state"": ""NY"", ""display_address"": [""319 5th Ave"", ""New York, NY 10016""]}, ""phone"": ""+16466698147"", ""display_phone"": ""(646) 669-8147"", ""distance"": 4490.679198379256}, {""id"": ""7gZGVdqMch7ls0IGO3DijQ"", ""alias"": ""agora-turkish-restaurant-new-york-2"", ""name"": ""Agora Turkish Restaurant"", ""image_url"": ""https://s3-media2.fl.yelpcdn.com/bphoto/dAX2R10qvKlJpyPpRH8pTg/o.jpg"", ""is_closed"": false, ""url"": ""https://www.yelp.com/biz/agora-turkish-restaurant-new-york-2?adjust_creative=ULHW7ynqdXE8Z9Fnr4irFw&utm_campaign=yelp_api_v3&utm_medium=api_v3_business_search&utm_source=ULHW7ynqdXE8Z9Fnr4irFw"", ""review_count"": 673, ""categories"": [{""alias"": ""turkish"", ""title"": ""Turkish""}, {""alias"": ""mediterranean"", ""title"": ""Mediterranean""}, {""alias"": ""halal"", ""title"": ""Halal""}], ""rating"": 4.5, ""coordinates"": {""latitude"": 40.77492, ""longitude"": -73.95412}, ""transactions"": [""delivery"", ""pickup"", ""restaurant_reservation""], ""price"": ""$$"", ""location"": {""address1"": ""1565 2nd Ave"", ""address2"": null, ""address3"": null, ""city"": ""New York"", ""zip_code"": ""10028"", ""country"": ""US"", ""state"": ""NY"", ""display_address"": [""1565 2nd Ave"", ""New York, NY 10028""]}, ""phone"": ""+12127171220"", ""display_phone"": ""(212) 717-1220"", ""distance"": 7845.903220776709}, {""id"": ""1OZPOWZwJr-hpvMt6TD4ug"", ""alias"": ""milkflower-astoria"", ""name"": ""Milkflower"", ""image_url"": ""https://s3-media2.fl.yelpcdn.com/bphoto/jBhD5Fghxeo-Cxm42QMw0Q/o.jpg"", ""is_closed"": false, ""url"": ""https://www.yelp.com/biz/milkflower-astoria?adjust_creative=ULHW7ynqdXE8Z9Fnr4irFw&utm_campaign=yelp_api_v3&utm_medium=api_v3_business_search&utm_source=ULHW7ynqdXE8Z9Fnr4irFw"", ""review_count"": 745, ""categories"": [{""alias"": ""pizza"", ""title"": ""Pizza""}], ""rating"": 4.5, ""coordinates"": {""latitude"": 40.7628961, ""longitude"": -73.9207081}, ""transactions"": [""delivery"", ""pickup""], ""price"": ""$$"", ""location"": {""address1"": ""3412 31st Ave"", ""address2"": """", ""address3"": """", ""city"": ""Astoria"", ""zip_code"": ""11106"", ""country"": ""US"", ""state"": ""NY"", ""display_address"": [""3412 31st Ave"", ""Astoria, NY 11106""]}, ""phone"": ""+17182041300"", ""display_phone"": ""(718) 204-1300"", ""distance"": 7933.40789079131}, {""id"": ""yc4vsT-Q4Ej1_9hr94DxkQ"", ""alias"": ""sotto-13-new-york-7"", ""name"": ""Sotto 13"", ""image_url"": ""https://s3-media2.fl.yelpcdn.com/bphoto/mCE2TARhbLRvR1eqSn9DsA/o.jpg"", ""is_closed"": false, ""url"": ""https://www.yelp.com/biz/sotto-13-new-york-7?adjust_creative=ULHW7ynqdXE8Z9Fnr4irFw&utm_campaign=yelp_api_v3&utm_medium=api_v3_business_search&utm_source=ULHW7ynqdXE8Z9Fnr4irFw"", ""review_count"": 1029, ""categories"": [{""alias"": ""italian"", ""title"": ""Italian""}, {""alias"": ""pizza"", ""title"": ""Pizza""}, {""alias"": ""breakfast_brunch"", ""title"": ""Breakfast & Brunch""}], ""rating"": 4.0, ""coordinates"": {""latitude"": 40.7372, ""longitude"": -73.99919}, ""transactions"": [""delivery"", ""pickup""], ""price"": ""$$"", ""location"": {""address1"": ""140 W 13th St"", ""address2"": """", ""address3"": """", ""city"": ""New York"", ""zip_code"": ""10011"", ""country"": ""US"", ""state"": ""NY"", ""display_address"": [""140 W 13th St"", ""New York, NY 10011""]}, ""phone"": ""+12126471001"", ""display_phone"": ""(212) 647-1001"", ""distance"": 3762.007190781276}, {""id"": ""abZ-mEvF6Tj4hfyIg0lKwQ"", ""alias"": ""vite-vinosteria-astoria"", ""name"": ""Vite Vinosteria"", ""image_url"": ""https://s3-media4.fl.yelpcdn.com/bphoto/Z2U2-iaqlyf5lZub8Hk2bg/o.jpg"", ""is_closed"": false, ""url"": ""https://www.yelp.com/biz/vite-vinosteria-astoria?adjust_creative=ULHW7ynqdXE8Z9Fnr4irFw&utm_campaign=yelp_api_v3&utm_medium=api_v3_business_search&utm_source=ULHW7ynqdXE8Z9Fnr4irFw"", ""review_count"": 678, ""categories"": [{""alias"": ""italian"", ""title"": ""Italian""}, {""alias"": ""wine_bars"", ""title"": ""Wine Bars""}], ""rating"": 4.5, ""coordinates"": {""latitude"": 40.7629734277725, ""longitude"": -73.92119564116}, ""transactions"": [""pickup"", ""delivery""], ""price"": ""$$"", ""location"": {""address1"": ""31-05 34th St"", ""address2"": """", ""address3"": """", ""city"": ""Astoria"", ""zip_code"": ""11106"", ""country"": ""US"", ""state"": ""NY"", ""display_address"": [""31-05 34th St"", ""Astoria, NY 11106""]}, ""phone"": ""+17182788483"", ""display_phone"": ""(718) 278-8483"", ""distance"": 7906.086227326198}, {""id"": ""3GMHPnrkFAcqffw3T7JSdQ"", ""alias"": ""kitchen-79-jackson-heights"", ""name"": ""Kitchen 79"", ""image_url"": ""https://s3-media3.fl.yelpcdn.com/bphoto/ip9F8-pOstZmt7_8T_46Jg/o.jpg"", ""is_closed"": false, ""url"": ""https://www.yelp.com/biz/kitchen-79-jackson-heights?adjust_creative=ULHW7ynqdXE8Z9Fnr4irFw&utm_campaign=yelp_api_v3&utm_medium=api_v3_business_search&utm_source=ULHW7ynqdXE8Z9Fnr4irFw"", ""review_count"": 703, ""categories"": [{""alias"": ""thai"", ""title"": ""Thai""}], ""rating"": 4.5, ""coordinates"": {""latitude"": 40.747551, ""longitude"": -73.8868866}, ""transactions"": [""delivery"", ""pickup""], ""price"": ""$$"", ""location"": {""address1"": ""37-70 79th St"", ""address2"": """", ""address3"": """", ""city"": ""Jackson Heights"", ""zip_code"": ""11372"", ""country"": ""US"", ""state"": ""NY"", ""display_address"": [""37-70 79th St"", ""Jackson Heights, NY 11372""]}, ""phone"": ""+17188036227"", ""display_phone"": ""(718) 803-6227"", ""distance"": 8989.448129543824}, {""id"": ""3lLBRLbXAIgd1yZgWgnfeg"", ""alias"": ""dutch-kills-long-island-city"", ""name"": ""Dutch Kills"", ""image_url"": ""https://s3-media2.fl.yelpcdn.com/bphoto/kthl3H9cTX6mje7oAfs2Dw/o.jpg"", ""is_closed"": false, ""url"": ""https://www.yelp.com/biz/dutch-kills-long-island-city?adjust_creative=ULHW7ynqdXE8Z9Fnr4irFw&utm_campaign=yelp_api_v3&utm_medium=api_v3_business_search&utm_source=ULHW7ynqdXE8Z9Fnr4irFw"", ""review_count"": 839, ""categories"": [{""alias"": ""lounges"", ""title"": ""Lounges""}, {""alias"": ""cocktailbars"", ""title"": ""Cocktail Bars""}], ""rating"": 4.0, ""coordinates"": {""latitude"": 40.747615, ""longitude"": -73.940159}, ""transactions"": [""delivery""], ""price"": ""$$"", ""location"": {""address1"": ""27-24 Jackson Ave"", ""address2"": """", ""address3"": """", ""city"": ""Long Island City"", ""zip_code"": ""11101"", ""country"": ""US"", ""state"": ""NY"", ""display_address"": [""27-24 Jackson Ave"", ""Long Island City, NY 11101""]}, ""phone"": ""+17183832724"", ""display_phone"": ""(718) 383-2724"", ""distance"": 5588.741412300918}, {""id"": ""DI_FoHY84hfzTWwlzF76aw"", ""alias"": ""benito-one-new-york"", ""name"": ""Benito One"", ""image_url"": ""https://s3-media2.fl.yelpcdn.com/bphoto/K0M6vvsD8ICmA_wMUY8GaA/o.jpg"", ""is_closed"": false, ""url"": ""https://www.yelp.com/biz/benito-one-new-york?adjust_creative=ULHW7ynqdXE8Z9Fnr4irFw&utm_campaign=yelp_api_v3&utm_medium=api_v3_business_search&utm_source=ULHW7ynqdXE8Z9Fnr4irFw"", ""review_count"": 806, ""categories"": [{""alias"": ""italian"", ""title"": ""Italian""}], ""rating"": 4.0, ""coordinates"": {""latitude"": 40.7200188460948, ""longitude"": -73.9969412164592}, ""transactions"": [""pickup"", ""delivery""], ""price"": ""$$"", ""location"": {""address1"": ""174 Mulberry St"", ""address2"": """", ""address3"": """", ""city"": ""New York"", ""zip_code"": ""10013"", ""country"": ""US"", ""state"": ""NY"", ""display_address"": [""174 Mulberry St"", ""New York, NY 10013""]}, ""phone"": ""+12122269171"", ""display_phone"": ""(212) 226-9171"", ""distance"": 2083.7423393433364}, {""id"": ""sVkwEFET38Myz3dM1uZpiw"", ""alias"": ""reunion-brooklyn-2"", ""name"": ""Reunion"", ""image_url"": ""https://s3-media1.fl.yelpcdn.com/bphoto/RnyH19nHvM-zJRUGOPm6mA/o.jpg"", ""is_closed"": false, ""url"": ""https://www.yelp.com/biz/reunion-brooklyn-2?adjust_creative=ULHW7ynqdXE8Z9Fnr4irFw&utm_campaign=yelp_api_v3&utm_medium=api_v3_business_search&utm_source=ULHW7ynqdXE8Z9Fnr4irFw"", ""review_count"": 599, ""categories"": [{""alias"": ""breakfast_brunch"", ""title"": ""Breakfast & Brunch""}, {""alias"": ""mideastern"", ""title"": ""Middle Eastern""}, {""alias"": ""cocktailbars"", ""title"": ""Cocktail Bars""}], ""rating"": 4.5, ""coordinates"": {""latitude"": 40.7171, ""longitude"": -73.95164}, ""transactions"": [""pickup"", ""delivery""], ""price"": ""$$"", ""location"": {""address1"": ""544 Union Ave"", ""address2"": """", ""address3"": """", ""city"": ""Brooklyn"", ""zip_code"": ""11211"", ""country"": ""US"", ""state"": ""NY"", ""display_address"": [""544 Union Ave"", ""Brooklyn, NY 11211""]}, ""phone"": ""+17185993670"", ""display_phone"": ""(718) 599-3670"", ""distance"": 2566.951000897655}, {""id"": ""HEs6llkn3wIP1ATXeIZQew"", ""alias"": ""pippali-new-york"", ""name"": ""Pippali"", ""image_url"": ""https://s3-media1.fl.yelpcdn.com/bphoto/B9NtMkxa0e6CT_vk16k32w/o.jpg"", ""is_closed"": false, ""url"": ""https://www.yelp.com/biz/pippali-new-york?adjust_creative=ULHW7ynqdXE8Z9Fnr4irFw&utm_campaign=yelp_api_v3&utm_medium=api_v3_business_search&utm_source=ULHW7ynqdXE8Z9Fnr4irFw"", ""review_count"": 859, ""categories"": [{""alias"": ""indpak"", ""title"": ""Indian""}], ""rating"": 4.0, ""coordinates"": {""latitude"": 40.74233, ""longitude"": -73.98331}, ""transactions"": [""pickup"", ""delivery"", ""restaurant_reservation""], ""price"": ""$$"", ""location"": {""address1"": ""129 E 27th St"", ""address2"": """", ""address3"": """", ""city"": ""New York"", ""zip_code"": ""10016"", ""country"": ""US"", ""state"": ""NY"", ""display_address"": [""129 E 27th St"", ""New York, NY 10016""]}, ""phone"": ""+12126891999"", ""display_phone"": ""(212) 689-1999"", ""distance"": 3947.890940685883}, {""id"": ""noBCTbD1Ylf5QR7PXy-rkA"", ""alias"": ""cafe-himalaya-new-york-2"", ""name"": ""Cafe Himalaya"", ""image_url"": ""https://s3-media3.fl.yelpcdn.com/bphoto/SPjTRhdYULveQZlZOzlSDQ/o.jpg"", ""is_closed"": false, ""url"": ""https://www.yelp.com/biz/cafe-himalaya-new-york-2?adjust_creative=ULHW7ynqdXE8Z9Fnr4irFw&utm_campaign=yelp_api_v3&utm_medium=api_v3_business_search&utm_source=ULHW7ynqdXE8Z9Fnr4irFw"", ""review_count"": 667, ""categories"": [{""alias"": ""himalayan"", ""title"": ""Himalayan/Nepalese""}], ""rating"": 4.0, ""coordinates"": {""latitude"": 40.7232289034083, ""longitude"": -73.9879441220901}, ""transactions"": [""delivery"", ""pickup""], ""price"": ""$$"", ""location"": {""address1"": ""78 E 1st St"", ""address2"": """", ""address3"": """", ""city"": ""New York"", ""zip_code"": ""10009"", ""country"": ""US"", ""state"": ""NY"", ""display_address"": [""78 E 1st St"", ""New York, NY 10009""]}, ""phone"": ""+12123580160"", ""display_phone"": ""(212) 358-0160"", ""distance"": 1951.962861829686}], ""total"": 5800, ""region"": {""center"": {""longitude"": -73.97918701171875, ""latitude"": 40.706977710584276}}}",application/json,true,none
test_1iuke4fvcjhb9_getBusinesses,200,"{""businesses"": [], ""total"": 0, ""region"": {""center"": {""longitude"": -102.78967, ""latitude"": 47.195786}}}",application/json,true,none
test_1iukf88amkks0_getBusinesses,200,"{""businesses"": [{""id"": ""5k8J5VmxCkAnZutfrYBLtg"", ""alias"": ""timeline-saloon-and-bbq-bonduel"", ""name"": ""Timeline Saloon & BBQ"", ""image_url"": ""https://s3-media2.fl.yelpcdn.com/bphoto/QARXZdzaUP9jG8giSZA2Vw/o.jpg"", ""is_closed"": false, ""url"": ""https://de.yelp.ch/biz/timeline-saloon-and-bbq-bonduel?adjust_creative=ULHW7ynqdXE8Z9Fnr4irFw&utm_campaign=yelp_api_v3&utm_medium=api_v3_business_search&utm_source=ULHW7ynqdXE8Z9Fnr4irFw"", ""review_count"": 67, ""categories"": [{""alias"": ""bbq"", ""title"": ""BBQ & Barbecue""}], ""rating"": 4.0, ""coordinates"": {""latitude"": 44.704028883384325, ""longitude"": -88.37418248029368}, ""transactions"": [], ""price"": ""$$"", ""location"": {""address1"": ""W2707 State Hwy 29"", ""address2"": """", ""address3"": """", ""city"": ""Bonduel"", ""zip_code"": ""54107"", ""country"": ""US"", ""state"": ""WI"", ""display_address"": [""W2707 State Hwy 29"", ""Bonduel, WI 54107"", ""Vereinigte Staaten""]}, ""phone"": ""+17157587427"", ""display_phone"": ""+1 715-758-7427"", ""distance"": 10798.237632204935}, {""id"": ""GHncHAs2InwYAz4-3r0dMA"", ""alias"": ""smurawas-country-bakery-pulaski"", ""name"": ""Smurawa's Country Bakery"", ""image_url"": ""https://s3-media2.fl.yelpcdn.com/bphoto/YveLiwz0PUGqxHL8XDtB6g/o.jpg"", ""is_closed"": false, ""url"": ""https://de.yelp.ch/biz/smurawas-country-bakery-pulaski?adjust_creative=ULHW7ynqdXE8Z9Fnr4irFw&utm_campaign=yelp_api_v3&utm_medium=api_v3_business_search&utm_source=ULHW7ynqdXE8Z9Fnr4irFw"", ""review_count"": 21, ""categories"": [{""alias"": ""bakeries"", ""title"": ""B\u00e4ckerei""}], ""rating"": 4.5, ""coordinates"": {""latitude"": 44.672043, ""longitude"": -88.238336}, ""transactions"": [], ""price"": ""$"", ""location"": {""address1"": ""204 E Pulaski St"", ""address2"": """", ""address3"": """", ""city"": ""Pulaski"", ""zip_code"": ""54162"", ""country"": ""US"", ""state"": ""WI"", ""display_address"": [""204 E Pulaski St"", ""Pulaski, WI 54162"", ""Vereinigte Staaten""]}, ""phone"": ""+19208228655"", ""display_phone"": ""+1 920-822-8655"", ""distance"": 9786.235136939496}, {""id"": ""OD2Ap_hiNWj5PVwQ0gb6Xg"", ""alias"": ""sweet-mamas-bar-and-grill-krakow"", ""name"": ""Sweet Mama's Bar & Grill"", ""image_url"": ""https://s3-media4.fl.yelpcdn.com/bphoto/fwTX09_rVyhSc7BNkCvWmw/o.jpg"", ""is_closed"": false, ""url"": ""https://de.yelp.ch/biz/sweet-mamas-bar-and-grill-krakow?adjust_creative=ULHW7ynqdXE8Z9Fnr4irFw&utm_campaign=yelp_api_v3&utm_medium=api_v3_business_search&utm_source=ULHW7ynqdXE8Z9Fnr4irFw"", ""review_count"": 1, ""categories"": [{""alias"": ""bars"", ""title"": ""Bar""}, {""alias"": ""tradamerican"", ""title"": ""Amerikanisch (Traditionell)""}], ""rating"": 5.0, ""coordinates"": {""latitude"": 44.75786483205, ""longitude"": -88.2523929700256}, ""transactions"": [], ""location"": {""address1"": ""W128 Center St"", ""address2"": """", ""address3"": null, ""city"": ""Krakow"", ""zip_code"": ""54137"", ""country"": ""US"", ""state"": ""WI"", ""display_address"": [""W128 Center St"", ""Krakow, WI 54137"", ""Vereinigte Staaten""]}, ""phone"": ""+19208996262"", ""display_phone"": ""+1 920-899-6262"", ""distance"": 689.452383530671}, {""id"": ""Si6YcdKT4PIiCoSXcx0RgA"", ""alias"": ""mountain-bay-bar-and-grill-pulaski"", ""name"": ""Mountain Bay Bar and Grill"", ""image_url"": ""https://s3-media1.fl.yelpcdn.com/bphoto/7z4_M3IANQHNgKai7JwUDw/o.jpg"", ""is_closed"": false, ""url"": ""https://de.yelp.ch/biz/mountain-bay-bar-and-grill-pulaski?adjust_creative=ULHW7ynqdXE8Z9Fnr4irFw&utm_campaign=yelp_api_v3&utm_medium=api_v3_business_search&utm_source=ULHW7ynqdXE8Z9Fnr4irFw"", ""review_count"": 9, ""categories"": [{""alias"": ""tradamerican"", ""title"": ""Amerikanisch (Traditionell)""}, {""alias"": ""bars"", ""title"": ""Bar""}, {""alias"": ""salad"", ""title"": ""Salat""}], ""rating"": 4.0, ""coordinates"": {""latitude"": 44.6721438905598, ""longitude"": -88.2336416645642}, ""transactions"": [], ""location"": {""address1"": ""104 S Wisconsin St"", ""address2"": """", ""address3"": """", ""city"": ""Pulaski"", ""zip_code"": ""54162"", ""country"": ""US"", ""state"": ""WI"", ""display_address"": [""104 S Wisconsin St"", ""Pulaski, WI 54162"", ""Vereinigte Staaten""]}, ""phone"": ""+19208222002"", ""display_phone"": ""+1 920-822-2002"", ""distance"": 9850.12269488476}, {""id"": ""2qkRkCRPG6ofXupiCdG9_Q"", ""alias"": ""china-wok-pulaski"", ""name"": ""China Wok"", ""image_url"": ""https://s3-media2.fl.yelpcdn.com/bphoto/yiwxWITtE3SYUmM10d-NZw/o.jpg"", ""is_closed"": false, ""url"": ""https://de.yelp.ch/biz/china-wok-pulaski?adjust_creative=ULHW7ynqdXE8Z9Fnr4irFw&utm_campaign=yelp_api_v3&utm_medium=api_v3_business_search&utm_source=ULHW7ynqdXE8Z9Fnr4irFw"", ""review_count"": 5, ""categories"": [{""alias"": ""chinese"", ""title"": ""Chinesisch""}], ""rating"": 4.5, ""coordinates"": {""latitude"": 44.6550668225783, ""longitude"": -88.2216606277644}, ""transactions"": [], ""price"": ""$"", ""location"": {""address1"": ""1170 Mountain Bay Dr"", ""address2"": """", ""address3"": """", ""city"": ""Pulaski"", ""zip_code"": ""54162"", ""country"": ""US"", ""state"": ""WI"", ""display_address"": [""1170 Mountain Bay Dr"", ""Pulaski, WI 54162"", ""Vereinigte Staaten""]}, ""phone"": ""+19208228199"", ""display_phone"": ""+1 920-822-8199"", ""distance"": 11921.618718023288}, {""id"": ""wFVAZMSL3TU_nrR7LvL4AA"", ""alias"": ""figaros-pizza-pulaski"", ""name"": ""Figaro's Pizza"", ""image_url"": ""https://s3-media3.fl.yelpcdn.com/bphoto/RKXE26g_AfNS7-9vx5vDfg/o.jpg"", ""is_closed"": false, ""url"": ""https://de.yelp.ch/biz/figaros-pizza-pulaski?adjust_creative=ULHW7ynqdXE8Z9Fnr4irFw&utm_campaign=yelp_api_v3&utm_medium=api_v3_business_search&utm_source=ULHW7ynqdXE8Z9Fnr4irFw"", ""review_count"": 4, ""categories"": [{""alias"": ""pizza"", ""title"": ""Pizza""}, {""alias"": ""italian"", ""title"": ""Italienisch""}], ""rating"": 4.5, ""coordinates"": {""latitude"": 44.685833, ""longitude"": -88.248203}, ""transactions"": [], ""price"": ""$"", ""location"": {""address1"": ""1186 Mountain Bay Dr"", ""address2"": null, ""address3"": null, ""city"": ""Pulaski"", ""zip_code"": ""54162"", ""country"": ""US"", ""state"": ""WI"", ""display_address"": [""1186 Mountain Bay Dr"", ""Pulaski, WI 54162"", ""Vereinigte Staaten""]}, ""phone"": ""+19208225555"", ""display_phone"": ""+1 920-822-5555"", ""distance"": 8150.223675852303}, {""id"": ""i6TDTW6BRPr6xat_qYMNeA"", ""alias"": ""another-round-pulaski"", ""name"": ""Another Round"", ""image_url"": """", ""is_closed"": false, ""url"": ""https://de.yelp.ch/biz/another-round-pulaski?adjust_creative=ULHW7ynqdXE8Z9Fnr4irFw&utm_campaign=yelp_api_v3&utm_medium=api_v3_business_search&utm_source=ULHW7ynqdXE8Z9Fnr4irFw"", ""review_count"": 5, ""categories"": [{""alias"": ""bars"", ""title"": ""Bar""}], ""rating"": 4.0, ""coordinates"": {""latitude"": 44.6722603, ""longitude"": -88.2426834}, ""transactions"": [], ""price"": ""$$"", ""location"": {""address1"": ""110 W Pulaski St"", ""address2"": """", ""address3"": """", ""city"": ""Pulaski"", ""zip_code"": ""54162"", ""country"": ""US"", ""state"": ""WI"", ""display_address"": [""110 W Pulaski St"", ""Pulaski, WI 54162"", ""Vereinigte Staaten""]}, ""phone"": ""+19208222381"", ""display_phone"": ""+1 920-822-2381"", ""distance"": 9710.698952437091}, {""id"": ""AoPZ4kstc4VKeoBTwoJWeQ"", ""alias"": ""cousins-subs-pulaski"", ""name"": ""Cousins Subs"", ""image_url"": ""https://s3-media3.fl.yelpcdn.com/bphoto/HOLkLOFK55Z5Ad-0AD5aaQ/o.jpg"", ""is_closed"": false, ""url"": ""https://de.yelp.ch/biz/cousins-subs-pulaski?adjust_creative=ULHW7ynqdXE8Z9Fnr4irFw&utm_campaign=yelp_api_v3&utm_medium=api_v3_business_search&utm_source=ULHW7ynqdXE8Z9Fnr4irFw"", ""review_count"": 3, ""categories"": [{""alias"": ""sandwiches"", ""title"": ""Sandwich & Croque""}, {""alias"": ""delis"", ""title"": ""Deli""}], ""rating"": 5.0, ""coordinates"": {""latitude"": 44.65495878, ""longitude"": -88.22142819}, ""transactions"": [], ""location"": {""address1"": ""1186 Mountain Bay Dr"", ""address2"": null, ""address3"": null, ""city"": ""Pulaski"", ""zip_code"": ""54162"", ""country"": ""US"", ""state"": ""WI"", ""display_address"": [""1186 Mountain Bay Dr"", ""Pulaski, WI 54162"", ""Vereinigte Staaten""]}, ""phone"": ""+19208225555"", ""display_phone"": ""+1 920-822-5555"", ""distance"": 11938.023787241906}, {""id"": ""wMW7ci_3dodfcYnIzsI2Cg"", ""alias"": ""club-32-gillett"", ""name"": ""Club 32"", ""image_url"": ""https://s3-media1.fl.yelpcdn.com/bphoto/Jao6tkiQOBdTekpNY-Juxg/o.jpg"", ""is_closed"": false, ""url"": ""https://de.yelp.ch/biz/club-32-gillett?adjust_creative=ULHW7ynqdXE8Z9Fnr4irFw&utm_campaign=yelp_api_v3&utm_medium=api_v3_business_search&utm_source=ULHW7ynqdXE8Z9Fnr4irFw"", ""review_count"": 4, ""categories"": [{""alias"": ""restaurants"", ""title"": ""Restaurants""}], ""rating"": 4.5, ""coordinates"": {""latitude"": 44.8747520446777, ""longitude"": -88.2467880249023}, ""transactions"": [], ""price"": ""$$"", ""location"": {""address1"": ""5506 State Hwy 32 S"", ""address2"": """", ""address3"": """", ""city"": ""Gillett"", ""zip_code"": ""54124"", ""country"": ""US"", ""state"": ""WI"", ""display_address"": [""5506 State Hwy 32 S"", ""Gillett, WI 54124"", ""Vereinigte Staaten""]}, ""phone"": ""+19208556460"", ""display_phone"": ""+1 920-855-6460"", ""distance"": 12949.579696533025}, {""id"": ""DS-NngYqyfcL-DlZRLoXbA"", ""alias"": ""sandy-corners-bar-and-grill-gillett"", ""name"": ""Sandy Corners Bar & Grill"", ""image_url"": """", ""is_closed"": false, ""url"": ""https://de.yelp.ch/biz/sandy-corners-bar-and-grill-gillett?adjust_creative=ULHW7ynqdXE8Z9Fnr4irFw&utm_campaign=yelp_api_v3&utm_medium=api_v3_business_search&utm_source=ULHW7ynqdXE8Z9Fnr4irFw"", ""review_count"": 3, ""categories"": [{""alias"": ""bars"", ""title"": ""Bar""}, {""alias"": ""tradamerican"", ""title"": ""Amerikanisch (Traditionell)""}], ""rating"": 4.5, ""coordinates"": {""latitude"": 44.8738390547384, ""longitude"": -88.246909}, ""transactions"": [], ""location"": {""address1"": ""5494 Sate Hwy 32 S"", ""address2"": """", ""address3"": """", ""city"": ""Gillett"", ""zip_code"": ""54124"", ""country"": ""US"", ""state"": ""WI"", ""display_address"": [""5494 Sate Hwy 32 S"", ""Gillett, WI 54124"", ""Vereinigte Staaten""]}, ""phone"": ""+19208551722"", ""display_phone"": ""+1 920-855-1722"", ""distance"": 12867.299053510293}, {""id"": ""Z_EUnjAc_QFPa9TMBvgr3Q"", ""alias"": ""the-refinery-pulaski"", ""name"": ""The Refinery"", ""image_url"": ""https://s3-media4.fl.yelpcdn.com/bphoto/uyAwd0-yzzEnDAFC3oW1ZQ/o.jpg"", ""is_closed"": false, ""url"": ""https://de.yelp.ch/biz/the-refinery-pulaski?adjust_creative=ULHW7ynqdXE8Z9Fnr4irFw&utm_campaign=yelp_api_v3&utm_medium=api_v3_business_search&utm_source=ULHW7ynqdXE8Z9Fnr4irFw"", ""review_count"": 1, ""categories"": [{""alias"": ""coffee"", ""title"": ""Coffee Shop""}], ""rating"": 5.0, ""coordinates"": {""latitude"": 44.672537, ""longitude"": -88.2436215}, ""transactions"": [], ""location"": {""address1"": ""135 W Pulaski St"", ""address2"": """", ""address3"": null, ""city"": ""Pulaski"", ""zip_code"": ""54162"", ""country"": ""US"", ""state"": ""WI"", ""display_address"": [""135 W Pulaski St"", ""Pulaski, WI 54162"", ""Vereinigte Staaten""]}, ""phone"": ""+19208228479"", ""display_phone"": ""+1 920-822-8479"", ""distance"": 9663.875597585713}, {""id"": ""Rh1v1wiWPciuWjZkVsYNzQ"", ""alias"": ""the-polish-chic-n-coffee-and-gifts-bistro-pulaski-2"", ""name"": ""The Polish Chic-N Coffee & Gifts Bistro"", ""image_url"": ""https://s3-media3.fl.yelpcdn.com/bphoto/M98uZpYJ2nNjVFBNdsulhg/o.jpg"", ""is_closed"": false, ""url"": ""https://de.yelp.ch/biz/the-polish-chic-n-coffee-and-gifts-bistro-pulaski-2?adjust_creative=ULHW7ynqdXE8Z9Fnr4irFw&utm_campaign=yelp_api_v3&utm_medium=api_v3_business_search&utm_source=ULHW7ynqdXE8Z9Fnr4irFw"", ""review_count"": 2, ""categories"": [{""alias"": ""coffee"", ""title"": ""Coffee Shop""}, {""alias"": ""giftshops"", ""title"": ""Geschenkartikel""}], ""rating"": 4.5, ""coordinates"": {""latitude"": 44.655352, ""longitude"": -88.221984}, ""transactions"": [], ""location"": {""address1"": ""1146 Mountain Bay Dr"", ""address2"": null, ""address3"": """", ""city"": ""Pulaski"", ""zip_code"": ""54162"", ""country"": ""US"", ""state"": ""WI"", ""display_address"": [""1146 Mountain Bay Dr"", ""Pulaski, WI 54162"", ""Vereinigte Staaten""]}, ""phone"": ""+19208225111"", ""display_phone"": ""+1 920-822-5111"", ""distance"": 11892.94328483562}, {""id"": ""Uj99wesHTTD0aFRB3Pk5HA"", ""alias"": ""north-chase-bar-and-grill-sobieski-2"", ""name"": ""North Chase Bar & Grill"", ""image_url"": ""https://s3-media4.fl.yelpcdn.com/bphoto/fTMovDfpo5ixDDULOaaSeQ/o.jpg"", ""is_closed"": false, ""url"": ""https://de.yelp.ch/biz/north-chase-bar-and-grill-sobieski-2?adjust_creative=ULHW7ynqdXE8Z9Fnr4irFw&utm_campaign=yelp_api_v3&utm_medium=api_v3_business_search&utm_source=ULHW7ynqdXE8Z9Fnr4irFw"", ""review_count"": 1, ""categories"": [{""alias"": ""burgers"", ""title"": ""Burger""}, {""alias"": ""pizza"", ""title"": ""Pizza""}], ""rating"": 5.0, ""coordinates"": {""latitude"": 44.6897291445225, ""longitude"": -88.1513630392181}, ""transactions"": [], ""price"": ""$$"", ""location"": {""address1"": ""7786 County Rd S"", ""address2"": """", ""address3"": """", ""city"": ""Sobieski"", ""zip_code"": ""54171"", ""country"": ""US"", ""state"": ""WI"", ""display_address"": [""7786 County Rd S"", ""Sobieski, WI 54171"", ""Vereinigte Staaten""]}, ""phone"": ""+19208228606"", ""display_phone"": ""+1 920-822-8606"", ""distance"": 11562.711670944398}, {""id"": ""6c3840eri9J32cw_houlHA"", ""alias"": ""pulaski-shell-pulaski"", ""name"": ""Pulaski Shell"", ""image_url"": """", ""is_closed"": false, ""url"": ""https://de.yelp.ch/biz/pulaski-shell-pulaski?adjust_creative=ULHW7ynqdXE8Z9Fnr4irFw&utm_campaign=yelp_api_v3&utm_medium=api_v3_business_search&utm_source=ULHW7ynqdXE8Z9Fnr4irFw"", ""review_count"": 1, ""categories"": [{""alias"": ""convenience"", ""title"": ""Quartierladen""}, {""alias"": ""pizza"", ""title"": ""Pizza""}], ""rating"": 4.0, ""coordinates"": {""latitude"": 44.67238, ""longitude"": -88.24077}, ""transactions"": [], ""location"": {""address1"": """", ""address2"": """", ""address3"": """", ""city"": ""Pulaski"", ""zip_code"": ""54162"", ""country"": ""US"", ""state"": ""WI"", ""display_address"": [""Pulaski, WI 54162"", ""Vereinigte Staaten""]}, ""phone"": ""+19208222079"", ""display_phone"": ""+1 920-822-2079"", ""distance"": 9711.011413644463}, {""id"": ""ubJyY7lEZauFokEuJI7bhQ"", ""alias"": ""jens-knaughty-pine-pulaski"", ""name"": ""Jen's Knaughty Pine"", ""image_url"": ""https://s3-media3.fl.yelpcdn.com/bphoto/7lcUzGbja0VDhxhpnFRRVg/o.jpg"", ""is_closed"": false, ""url"": ""https://de.yelp.ch/biz/jens-knaughty-pine-pulaski?adjust_creative=ULHW7ynqdXE8Z9Fnr4irFw&utm_campaign=yelp_api_v3&utm_medium=api_v3_business_search&utm_source=ULHW7ynqdXE8Z9Fnr4irFw"", ""review_count"": 1, ""categories"": [{""alias"": ""bars"", ""title"": ""Bar""}, {""alias"": ""tradamerican"", ""title"": ""Amerikanisch (Traditionell)""}], ""rating"": 4.0, ""coordinates"": {""latitude"": 44.67355, ""longitude"": -88.31325}, ""transactions"": [], ""location"": {""address1"": ""W1539 County Rd S"", ""address2"": null, ""address3"": null, ""city"": ""Pulaski"", ""zip_code"": ""54162"", ""country"": ""US"", ""state"": ""WI"", ""display_address"": [""W1539 County Rd S"", ""Pulaski, WI 54162"", ""Vereinigte Staaten""]}, ""phone"": ""+19208223555"", ""display_phone"": ""+1 920-822-3555"", ""distance"": 10322.7985814456}, {""id"": ""mHmiQXSPHfvB0gV4SJmknQ"", ""alias"": ""fun-wheel-pulaski"", ""name"": ""Fun Wheel"", ""image_url"": """", ""is_closed"": false, ""url"": ""https://de.yelp.ch/biz/fun-wheel-pulaski?adjust_creative=ULHW7ynqdXE8Z9Fnr4irFw&utm_campaign=yelp_api_v3&utm_medium=api_v3_business_search&utm_source=ULHW7ynqdXE8Z9Fnr4irFw"", ""review_count"": 1, ""categories"": [{""alias"": ""bars"", ""title"": ""Bar""}], ""rating"": 2.0, ""coordinates"": {""latitude"": 44.6721583564958, ""longitude"": -88.2457866892219}, ""transactions"": [], ""location"": {""address1"": ""156 W Pulaski St"", ""address2"": """", ""address3"": """", ""city"": ""Pulaski"", ""zip_code"": ""54162"", ""country"": ""US"", ""state"": ""WI"", ""display_address"": [""156 W Pulaski St"", ""Pulaski, WI 54162"", ""Vereinigte Staaten""]}, ""phone"": ""+19206600354"", ""display_phone"": ""+1 920-660-0354"", ""distance"": 9682.727962995072}, {""id"": ""0KpkwmVOy3300jq3BVwFYg"", ""alias"": ""mcdonalds-pulaski-2"", ""name"": ""McDonald's"", ""image_url"": """", ""is_closed"": false, ""url"": ""https://de.yelp.ch/biz/mcdonalds-pulaski-2?adjust_creative=ULHW7ynqdXE8Z9Fnr4irFw&utm_campaign=yelp_api_v3&utm_medium=api_v3_business_search&utm_source=ULHW7ynqdXE8Z9Fnr4irFw"", ""review_count"": 4, ""categories"": [{""alias"": ""hotdogs"", ""title"": ""Fast Food""}, {""alias"": ""burgers"", ""title"": ""Burger""}, {""alias"": ""coffee"", ""title"": ""Coffee Shop""}], ""rating"": 1.5, ""coordinates"": {""latitude"": 44.6567743284171, ""longitude"": -88.2199975848198}, ""transactions"": [], ""price"": ""$"", ""location"": {""address1"": ""920 County Hwy B"", ""address2"": null, ""address3"": null, ""city"": ""Pulaski"", ""zip_code"": ""54162"", ""country"": ""US"", ""state"": ""WI"", ""display_address"": [""920 County Hwy B"", ""Pulaski, WI 54162"", ""Vereinigte Staaten""]}, ""phone"": ""+19208225900"", ""display_phone"": ""+1 920-822-5900"", ""distance"": 11773.990280453969}, {""id"": ""1TW6z_zumZbreD11VV4l5w"", ""alias"": ""subway-pulaski-10"", ""name"": ""Subway"", ""image_url"": ""https://s3-media1.fl.yelpcdn.com/bphoto/-LNZ6aLSpCpszQWc8dIANg/o.jpg"", ""is_closed"": false, ""url"": ""https://de.yelp.ch/biz/subway-pulaski-10?adjust_creative=ULHW7ynqdXE8Z9Fnr4irFw&utm_campaign=yelp_api_v3&utm_medium=api_v3_business_search&utm_source=ULHW7ynqdXE8Z9Fnr4irFw"", ""review_count"": 3, ""categories"": [{""alias"": ""sandwiches"", ""title"": ""Sandwich & Croque""}], ""rating"": 1.0, ""coordinates"": {""latitude"": 44.666993, ""longitude"": -88.2324465180714}, ""transactions"": [], ""price"": ""$"", ""location"": {""address1"": ""450 E Cedar St"", ""address2"": """", ""address3"": """", ""city"": ""Pulaski"", ""zip_code"": ""54162"", ""country"": ""US"", ""state"": ""WI"", ""display_address"": [""450 E Cedar St"", ""Pulaski, WI 54162"", ""Vereinigte Staaten""]}, ""phone"": ""+19208227900"", ""display_phone"": ""+1 920-822-7900"", ""distance"": 10429.694289281737}, {""id"": ""Z242MNoiMvS3J2XJTaFTag"", ""alias"": ""dairy-queen-grill-and-chill-pulaski-2"", ""name"": ""Dairy Queen Grill & Chill"", ""image_url"": """", ""is_closed"": false, ""url"": ""https://de.yelp.ch/biz/dairy-queen-grill-and-chill-pulaski-2?adjust_creative=ULHW7ynqdXE8Z9Fnr4irFw&utm_campaign=yelp_api_v3&utm_medium=api_v3_business_search&utm_source=ULHW7ynqdXE8Z9Fnr4irFw"", ""review_count"": 2, ""categories"": [{""alias"": ""icecream"", ""title"": ""Glac\u00e9 & Sorbet""}, {""alias"": ""hotdogs"", ""title"": ""Fast Food""}, {""alias"": ""burgers"", ""title"": ""Burger""}], ""rating"": 3.0, ""coordinates"": {""latitude"": 44.6669789, ""longitude"": -88.2314532995224}, ""transactions"": [], ""price"": ""$"", ""location"": {""address1"": ""490 E Cedar St"", ""address2"": """", ""address3"": """", ""city"": ""Pulaski"", ""zip_code"": ""54162"", ""country"": ""US"", ""state"": ""WI"", ""display_address"": [""490 E Cedar St"", ""Pulaski, WI 54162"", ""Vereinigte Staaten""]}, ""phone"": ""+19208228044"", ""display_phone"": ""+1 920-822-8044"", ""distance"": 10448.523739477356}, {""id"": ""mptmRo8FSpdJOnm0Ply0WQ"", ""alias"": ""pulaski-shell-pulaski-2"", ""name"": ""Pulaski Shell"", ""image_url"": ""https://s3-media3.fl.yelpcdn.com/bphoto/HgcoWJzD5QY5hvO43hlLKw/o.jpg"", ""is_closed"": false, ""url"": ""https://de.yelp.ch/biz/pulaski-shell-pulaski-2?adjust_creative=ULHW7ynqdXE8Z9Fnr4irFw&utm_campaign=yelp_api_v3&utm_medium=api_v3_business_search&utm_source=ULHW7ynqdXE8Z9Fnr4irFw"", ""review_count"": 1, ""categories"": [{""alias"": ""convenience"", ""title"": ""Quartierladen""}, {""alias"": ""pizza"", ""title"": ""Pizza""}, {""alias"": ""mexican"", ""title"": ""Mexikanisch""}], ""rating"": 2.0, ""coordinates"": {""latitude"": 44.672184, ""longitude"": -88.233935}, ""transactions"": [], ""location"": {""address1"": ""113 S Wisconsin St"", ""address2"": """", ""address3"": """", ""city"": ""Pulaski"", ""zip_code"": ""54162"", ""country"": ""US"", ""state"": ""WI"", ""display_address"": [""113 S Wisconsin St"", ""Pulaski, WI 54162"", ""Vereinigte Staaten""]}, ""phone"": ""+19208228303"", ""display_phone"": ""+1 920-822-8303"", ""distance"": 9840.695772225581}], ""total"": 23, ""region"": {""center"": {""longitude"": -88.26107025146484, ""latitude"": 44.75855738140011}}}",application/json,true,none
test_1iunox3bthjjo_getBusinesses,200,"{""businesses"": [], ""total"": 0, ""region"": {""center"": {""longitude"": -82.16909, ""latitude"": 35.902813}}}",application/json,true,none
test_1iv9c3kjqduuc_getBusinesses,400,"{""error"": {""code"": ""VALIDATION_ERROR"", ""description"": ""Please specify a location or a latitude and longitude""}}",application/json,true,none
test_1iyc90sz7eyi8_getBusinesses,400,"{""error"": {""code"": ""OPEN_AT_AND_NOW_PROVIDED"", ""description"": ""You must specify either open_at or open_now, not both.""}}",application/json,true,none
test_1iyl1i0pqizc3_getBusinesses,400,"{""error"": {""code"": ""VALIDATION_ERROR"", ""description"": ""Please specify a location or a latitude and longitude""}}",application/json,true,none
test_1jed6i3h2vfw6_getBusinesses,400,"{""error"": {""code"": ""VALIDATION_ERROR"", ""description"": ""Please specify a location or a latitude and longitude""}}",application/json,true,none
test_1jeyvxybmmdyr_getBusinesses,400,"{""error"": {""code"": ""LOCATION_NOT_FOUND"", ""description"": ""Could not execute search, try specifying a more exact location.""}}",application/json,true,none
test_1jy2pvq7xgaih_getBusinesses,400,"{""error"": {""code"": ""VALIDATION_ERROR"", ""description"": ""Please specify a location or a latitude and longitude""}}",application/json,true,none
test_1jygj76h4cfvq_getBusinesses,400,"{""error"": {""code"": ""LOCATION_NOT_FOUND"", ""description"": ""Could not execute search, try specifying a more exact location.""}}",application/json,true,none
test_1k22bgh49xm49_getBusinesses,400,"{""error"": {""code"": ""VALIDATION_ERROR"", ""description"": ""Please specify a location or a latitude and longitude""}}",application/json,true,none
test_qdysh4htyrll_getBusinesses,200,"{""businesses"": [], ""total"": 0, ""region"": {""center"": {""longitude"": -83.05336, ""latitude"": 39.74837}}}",application/json,true,none
test_qhnc6kr9bynl_getBusinesses,200,"{""businesses"": [], ""total"": 0, ""region"": {""center"": {""longitude"": -113.944595, ""latitude"": 42.75869}}}",application/json,true,none
test_qhtdze1a3zg8_getBusinesses,400,"{""error"": {""code"": ""LOCATION_NOT_FOUND"", ""description"": ""Could not execute search, try specifying a more exact location.""}}",application/json,true,none
test_qxw3dck0k8q8_getBusinesses,400,"{""error"": {""code"": ""VALIDATION_ERROR"", ""description"": ""Please specify a location or a latitude and longitude""}}",application/json,true,none
test_qy1ndofpa92e_getBusinesses,200,"{""businesses"": [], ""total"": 0, ""region"": {""center"": {""longitude"": -117.38262, ""latitude"": 35.360832}}}",application/json,true,none
test_qy4ykqueyibb_getBusinesses,200,"{""businesses"": [{""id"": ""OkoBvJKc2V7Sa8IfKArX7A"", ""alias"": ""all-in-one-septic-systems-and-plumbing-service-laramie"", ""name"": ""All In One Septic Systems & Plumbing Service"", ""image_url"": ""https://s3-media2.fl.yelpcdn.com/bphoto/iwlZbZbbMAgEE7cElJ9WOw/o.jpg"", ""is_closed"": false, ""url"": ""https://www.yelp.co.nz/biz/all-in-one-septic-systems-and-plumbing-service-laramie?adjust_creative=ULHW7ynqdXE8Z9Fnr4irFw&utm_campaign=yelp_api_v3&utm_medium=api_v3_business_search&utm_source=ULHW7ynqdXE8Z9Fnr4irFw"", ""review_count"": 4, ""categories"": [{""alias"": ""plumbing"", ""title"": ""Plumbing""}, {""alias"": ""septicservices"", ""title"": ""Septic Services""}, {""alias"": ""waterheaterinstallrepair"", ""title"": ""Water Heater Installation/Repair""}], ""rating"": 5.0, ""coordinates"": {""latitude"": 41.31559, ""longitude"": -105.5935}, ""transactions"": [], ""location"": {""address1"": ""370 N 3rd St"", ""address2"": null, ""address3"": null, ""city"": ""Laramie"", ""zip_code"": ""82072"", ""country"": ""US"", ""state"": ""WY"", ""display_address"": [""370 N 3rd St"", ""Laramie, WY 82072"", ""United States""]}, ""phone"": ""+13077426335"", ""display_phone"": ""+1 307-742-6335"", ""distance"": 156358.00043127572}], ""total"": 1, ""region"": {""center"": {""longitude"": -107.07744, ""latitude"": 42.18254}}}",application/json,true,none
test_r1ddhvzw6b02_getBusinesses,400,"{""error"": {""code"": ""VALIDATION_ERROR"", ""description"": ""Please specify a location or a latitude and longitude""}}",application/json,true,none
test_r1l7cgg6cvol_getBusinesses,400,"{""error"": {""code"": ""VALIDATION_ERROR"", ""description"": ""Please specify a location or a latitude and longitude""}}",application/json,true,none
test_rhg426453nty_getBusinesses,200,"{""businesses"": [], ""total"": 0, ""region"": {""center"": {""longitude"": -73.97918701171875, ""latitude"": 40.706977710584276}}}",application/json,true,none
test_rhofu5v71l4g_getBusinesses,400,"{""error"": {""code"": ""VALIDATION_ERROR"", ""description"": ""The open_at provided is too long ago, the timestamp must be within the last two weeks.""}}",application/json,true,none
test_rl2vdt3wiezl_getBusinesses,400,"{""error"": {""code"": ""OPEN_AT_AND_NOW_PROVIDED"", ""description"": ""You must specify either open_at or open_now, not both.""}}",application/json,true,none
test_rl8fbte7h8vl_getBusinesses,400,"{""error"": {""code"": ""VALIDATION_ERROR"", ""description"": ""Please specify a location or a latitude and longitude""}}",application/json,true,none
test_s0xsy1erb2nq_getBusinesses,200,"{""businesses"": [], ""total"": 0, ""region"": {""center"": {""longitude"": -101.055435, ""latitude"": 36.729836}}}",application/json,true,none
test_skmqkoqonsxj_getBusinesses,400,"{""error"": {""code"": ""VALIDATION_ERROR"", ""description"": ""Please specify a location or a latitude and longitude""}}",application/json,true,none
test_sl9hf5r2c27k_getBusinesses,400,"{""error"": {""code"": ""VALIDATION_ERROR"", ""description"": ""Please specify a location or a latitude and longitude""}}",application/json,true,none
test_soneev1k7s54_getBusinesses,200,"{""businesses"": [], ""total"": 0, ""region"": {""center"": {""longitude"": -88.26107025146484, ""latitude"": 44.75855738140011}}}",application/json,true,none
test_t4vog28m9zz5_getBusinesses,400,"{""error"": {""code"": ""OPEN_AT_AND_NOW_PROVIDED"", ""description"": ""You must specify either open_at or open_now, not both.""}}",application/json,true,none
test_t89lfi0e0rhx_getBusinesses,400,"{""error"": {""code"": ""VALIDATION_ERROR"", ""description"": ""Please specify a location or a latitude and longitude""}}",application/json,true,none
test_to1se255g1nm_getBusinesses,200,"{""businesses"": [], ""total"": 0, ""region"": {""center"": {""longitude"": -109.14346, ""latitude"": 38.83648}}}",application/json,true,none
test_toamclp4myjq_getBusinesses,400,"{""error"": {""code"": ""VALIDATION_ERROR"", ""description"": ""Please specify a location or a latitude and longitude""}}",application/json,true,none
test_tocwyyui01up_getBusinesses,200,"{""businesses"": [], ""total"": 0, ""region"": {""center"": {""longitude"": 139.76669311523438, ""latitude"": 35.685011526354074}}}",application/json,true,none
test_toohogqyo3zt_getBusinesses,200,"{""businesses"": [], ""total"": 0, ""region"": {""center"": {""longitude"": -122.43644714355469, ""latitude"": 37.76089938976322}}}",application/json,true,none
test_trz6rravxj5l_getBusinesses,200,"{""businesses"": [], ""total"": 0, ""region"": {""center"": {""longitude"": -105.96038818359375, ""latitude"": 35.665062782072155}}}",application/json,true,none
test_ts2fd9p03d5u_getBusinesses,400,"{""error"": {""code"": ""VALIDATION_ERROR"", ""description"": ""Please specify a location or a latitude and longitude""}}",application/json,true,none
test_ts2g5fum6yb8_getBusinesses,200,"{""businesses"": [], ""total"": 0, ""region"": {""center"": {""longitude"": 139.76669311523438, ""latitude"": 35.685011526354074}}}",application/json,true,none
test_u7raa2h6mc6u_getBusinesses,200,"{""businesses"": [], ""total"": 0, ""region"": {""center"": {""longitude"": -117.52626, ""latitude"": 44.370975}}}",application/json,true,none
test_u8dh9f5u8cbm_getBusinesses,200,"{""businesses"": [], ""total"": 0, ""region"": {""center"": {""longitude"": -104.33679, ""latitude"": 38.99384}}}",application/json,true,none
test_ublwkjt8pv75_getBusinesses,400,"{""error"": {""code"": ""VALIDATION_ERROR"", ""description"": ""Please specify a location or a latitude and longitude""}}",application/json,true,none
test_urrw1ulvli02_getBusinesses,200,"{""businesses"": [], ""total"": 0, ""region"": {""center"": {""longitude"": -105.23383, ""latitude"": 41.394157}}}",application/json,true,none
test_uv6e0l30qwki_getBusinesses,400,"{""error"": {""code"": ""VALIDATION_ERROR"", ""description"": ""Please specify a location or a latitude and longitude""}}",application/json,true,none
test_uve70oha7rcg_getBusinesses,400,"{""error"": {""code"": ""VALIDATION_ERROR"", ""description"": ""Please specify a location or a latitude and longitude""}}",application/json,true,none
test_uvjq3mpnnc50_getBusinesses,400,"{""error"": {""code"": ""VALIDATION_ERROR"", ""description"": ""Please specify a location or a latitude and longitude""}}",application/json,true,none
test_vb6by0jbhp2w_getBusinesses,200,"{""businesses"": [], ""total"": 0, ""region"": {""center"": {""longitude"": -122.43644714355469, ""latitude"": 37.76089938976322}}}",application/json,true,none
test_vevuqqcpi2jo_getBusinesses,200,"{""businesses"": [{""id"": ""jkIBT1iaCZHTnKj7GQ7vrw"", ""alias"": ""torch-coffee-roasters-sevilla"", ""name"": ""Torch Coffee Roasters"", ""image_url"": ""https://s3-media2.fl.yelpcdn.com/bphoto/g59Pv98Kllech1kWVU0nQg/o.jpg"", ""is_closed"": false, ""url"": ""https://www.yelp.pl/biz/torch-coffee-roasters-sevilla?adjust_creative=ULHW7ynqdXE8Z9Fnr4irFw&utm_campaign=yelp_api_v3&utm_medium=api_v3_business_search&utm_source=ULHW7ynqdXE8Z9Fnr4irFw"", ""review_count"": 70, ""categories"": [{""alias"": ""cafeteria"", ""title"": ""Kafeteria""}, {""alias"": ""coffee"", ""title"": ""Kawa i herbata""}, {""alias"": ""bakeries"", ""title"": ""Piekarnie""}], ""rating"": 4.5, ""coordinates"": {""latitude"": 37.3818556985175, ""longitude"": -5.99543622904493}, ""transactions"": [], ""price"": ""\u20ac"", ""location"": {""address1"": ""Avenida Paseo de las Delicias, 3"", ""address2"": """", ""address3"": """", ""city"": ""Sewilla"", ""zip_code"": ""41001"", ""country"": ""ES"", ""state"": ""SE"", ""display_address"": [""Avenida Paseo de las Delicias, 3"", ""41001 Sewilla"", ""Hiszpania""]}, ""phone"": """", ""display_phone"": """", ""distance"": 1160.1078767582517}, {""id"": ""UTW52hDdIC4NQd7KcHBeQA"", ""alias"": ""castizo-sevilla"", ""name"": ""Castizo"", ""image_url"": ""https://s3-media4.fl.yelpcdn.com/bphoto/V9dtKms06f5JhkZlvFDScA/o.jpg"", ""is_closed"": false, ""url"": ""https://www.yelp.pl/biz/castizo-sevilla?adjust_creative=ULHW7ynqdXE8Z9Fnr4irFw&utm_campaign=yelp_api_v3&utm_medium=api_v3_business_search&utm_source=ULHW7ynqdXE8Z9Fnr4irFw"", ""review_count"": 10, ""categories"": [{""alias"": ""tapasmallplates"", ""title"": ""Przystawki/przek\u0105ski""}, {""alias"": ""wine_bars"", ""title"": ""Wine bary""}], ""rating"": 4.0, ""coordinates"": {""latitude"": 37.38902, ""longitude"": -5.99899}, ""transactions"": [], ""location"": {""address1"": ""Calle Zaragoza , 6"", ""address2"": """", ""address3"": null, ""city"": ""Sewilla"", ""zip_code"": ""41001"", ""country"": ""ES"", ""state"": ""SE"", ""display_address"": [""Calle Zaragoza , 6"", ""41001 Sewilla"", ""Hiszpania""]}, ""phone"": ""+34955180562"", ""display_phone"": ""+34 955 18 05 62"", ""distance"": 1165.0691617892553}, {""id"": ""c9YFzuJixhySMIDB0Gdelw"", ""alias"": ""santa-gloria-sevilla"", ""name"": ""Santa Gloria"", ""image_url"": ""https://s3-media2.fl.yelpcdn.com/bphoto/1RU04xubVPM5kVLfcFZbQg/o.jpg"", ""is_closed"": false, ""url"": ""https://www.yelp.pl/biz/santa-gloria-sevilla?adjust_creative=ULHW7ynqdXE8Z9Fnr4irFw&utm_campaign=yelp_api_v3&utm_medium=api_v3_business_search&utm_source=ULHW7ynqdXE8Z9Fnr4irFw"", ""review_count"": 10, ""categories"": [{""alias"": ""bakeries"", ""title"": ""Piekarnie""}, {""alias"": ""cakeshop"", ""title"": ""Cukiernia""}, {""alias"": ""breakfast_brunch"", ""title"": ""\u015aniadanie i brunch""}], ""rating"": 4.0, ""coordinates"": {""latitude"": 37.3905799895783, ""longitude"": -6.00012000650167}, ""transactions"": [], ""price"": ""\u20ac\u20ac"", ""location"": {""address1"": ""Calle Canalejas, 7"", ""address2"": """", ""address3"": null, ""city"": ""Sewilla"", ""zip_code"": ""41001"", ""country"": ""ES"", ""state"": ""SE"", ""display_address"": [""Calle Canalejas, 7"", ""41001 Sewilla"", ""Hiszpania""]}, ""phone"": ""+34954913778"", ""display_phone"": ""+34 954 91 37 78"", ""distance"": 1274.9089113901491}, {""id"": ""urWFy-4A0MP5sP21FJNucA"", ""alias"": ""la-canasta-sevilla"", ""name"": ""La Canasta"", ""image_url"": ""https://s3-media2.fl.yelpcdn.com/bphoto/UrWsxCdhX_iZLoUQNUtAGw/o.jpg"", ""is_closed"": false, ""url"": ""https://www.yelp.pl/biz/la-canasta-sevilla?adjust_creative=ULHW7ynqdXE8Z9Fnr4irFw&utm_campaign=yelp_api_v3&utm_medium=api_v3_business_search&utm_source=ULHW7ynqdXE8Z9Fnr4irFw"", ""review_count"": 22, ""categories"": [{""alias"": ""bakeries"", ""title"": ""Piekarnie""}], ""rating"": 4.0, ""coordinates"": {""latitude"": 37.386563, ""longitude"": -5.994282}, ""transactions"": [], ""location"": {""address1"": ""Avenida de la Constituci\u00f3n, 16"", ""address2"": """", ""address3"": null, ""city"": ""Sewilla"", ""zip_code"": ""41001"", ""country"": ""ES"", ""state"": ""SE"", ""display_address"": [""Avenida de la Constituci\u00f3n, 16"", ""41001 Sewilla"", ""Hiszpania""]}, ""phone"": ""+34955671654"", ""display_phone"": ""+34 955 67 16 54"", ""distance"": 793.0692708081621}, {""id"": ""0qDEWOdfr_UZ1I8VwqZ9UQ"", ""alias"": ""la-brunilda-sevilla"", ""name"": ""La Brunilda"", ""image_url"": ""https://s3-media4.fl.yelpcdn.com/bphoto/F1pApHoGNQEzLHXqKhWvDg/o.jpg"", ""is_closed"": false, ""url"": ""https://www.yelp.pl/biz/la-brunilda-sevilla?adjust_creative=ULHW7ynqdXE8Z9Fnr4irFw&utm_campaign=yelp_api_v3&utm_medium=api_v3_business_search&utm_source=ULHW7ynqdXE8Z9Fnr4irFw"", ""review_count"": 181, ""categories"": [{""alias"": ""tapas"", ""title"": ""Tapas""}], ""rating"": 4.5, ""coordinates"": {""latitude"": 37.3883568, ""longitude"": -5.9994623}, ""transactions"": [], ""price"": ""\u20ac\u20ac"", ""location"": {""address1"": ""Calle Galera, 5"", ""address2"": """", ""address3"": """", ""city"": ""Sewilla"", ""zip_code"": ""41001"", ""country"": ""ES"", ""state"": ""SE"", ""display_address"": [""Calle Galera, 5"", ""41001 Sewilla"", ""Hiszpania""]}, ""phone"": ""+34954220481"", ""display_phone"": ""+34 954 22 04 81"", ""distance"": 1206.1231198653436}, {""id"": ""qNy6zwzE4uSLl5cVwsvxCg"", ""alias"": ""hard-rock-cafe-sevilla"", ""name"": ""Hard Rock Cafe"", ""image_url"": ""https://s3-media2.fl.yelpcdn.com/bphoto/Vl6XAP_XoHj-OKefgwHATw/o.jpg"", ""is_closed"": false, ""url"": ""https://www.yelp.pl/biz/hard-rock-cafe-sevilla?adjust_creative=ULHW7ynqdXE8Z9Fnr4irFw&utm_campaign=yelp_api_v3&utm_medium=api_v3_business_search&utm_source=ULHW7ynqdXE8Z9Fnr4irFw"", ""review_count"": 20, ""categories"": [{""alias"": ""bars"", ""title"": ""Bary""}, {""alias"": ""tradamerican"", ""title"": ""Ameryka\u0144ska""}], ""rating"": 4.5, ""coordinates"": {""latitude"": 37.3823830418754, ""longitude"": -5.99270749794448}, ""transactions"": [], ""price"": ""\u20ac\u20ac\u20ac"", ""location"": {""address1"": ""Calle San Fernando, 3"", ""address2"": """", ""address3"": null, ""city"": ""Sewilla"", ""zip_code"": ""41004"", ""country"": ""ES"", ""state"": ""SE"", ""display_address"": [""Calle San Fernando, 3"", ""41004 Sewilla"", ""Hiszpania""]}, ""phone"": ""+34954220126"", ""display_phone"": ""+34 954 22 01 26"", ""distance"": 951.5719187332372}, {""id"": ""PhFmtv7Zifnw8-nIWZ-MeA"", ""alias"": ""crustum-sevilla"", ""name"": ""Crustum"", ""image_url"": ""https://s3-media2.fl.yelpcdn.com/bphoto/XdcyShwdsbXggjLQ7Vy0Gg/o.jpg"", ""is_closed"": false, ""url"": ""https://www.yelp.pl/biz/crustum-sevilla?adjust_creative=ULHW7ynqdXE8Z9Fnr4irFw&utm_campaign=yelp_api_v3&utm_medium=api_v3_business_search&utm_source=ULHW7ynqdXE8Z9Fnr4irFw"", ""review_count"": 7, ""categories"": [{""alias"": ""bakeries"", ""title"": ""Piekarnie""}], ""rating"": 4.0, ""coordinates"": {""latitude"": 37.391144, ""longitude"": -5.9922508}, ""transactions"": [], ""price"": ""\u20ac"", ""location"": {""address1"": ""Calle Puente y Pell\u00f3n, 24"", ""address2"": """", ""address3"": """", ""city"": ""Sewilla"", ""zip_code"": ""41004"", ""country"": ""ES"", ""state"": ""SE"", ""display_address"": [""Calle Puente y Pell\u00f3n, 24"", ""41004 Sewilla"", ""Hiszpania""]}, ""phone"": ""+34954564207"", ""display_phone"": ""+34 954 56 42 07"", ""distance"": 616.4252798804681}, {""id"": ""IHcLjfNWI5GD-WEh9mu9Sw"", ""alias"": ""iguanas-ranas-sevilla-3"", ""name"": ""Iguanas Ranas"", ""image_url"": ""https://s3-media1.fl.yelpcdn.com/bphoto/Fl_APGkM7b1yPROrLqkTuw/o.jpg"", ""is_closed"": false, ""url"": ""https://www.yelp.pl/biz/iguanas-ranas-sevilla-3?adjust_creative=ULHW7ynqdXE8Z9Fnr4irFw&utm_campaign=yelp_api_v3&utm_medium=api_v3_business_search&utm_source=ULHW7ynqdXE8Z9Fnr4irFw"", ""review_count"": 26, ""categories"": [{""alias"": ""mexican"", ""title"": ""Meksyka\u0144ska""}, {""alias"": ""latin"", ""title"": ""Latynoameryka\u0144ska""}], ""rating"": 3.5, ""coordinates"": {""latitude"": 37.3842468261719, ""longitude"": -5.99298095703125}, ""transactions"": [], ""price"": ""\u20ac\u20ac"", ""location"": {""address1"": ""Calle Santo Tom\u00e1s, 7"", ""address2"": """", ""address3"": """", ""city"": ""Sewilla"", ""zip_code"": ""41004"", ""country"": ""ES"", ""state"": ""SE"", ""display_address"": [""Calle Santo Tom\u00e1s, 7"", ""41004 Sewilla"", ""Hiszpania""]}, ""phone"": ""+34954044552"", ""display_phone"": ""+34 954 04 45 52"", ""distance"": 821.4432394681481}, {""id"": ""NadnpxUu-NTDYSwuHk28bw"", ""alias"": ""rayas-sevilla"", ""name"": ""Rayas"", ""image_url"": ""https://s3-media4.fl.yelpcdn.com/bphoto/L3qHIupzw4QNIyxY_xr8Ag/o.jpg"", ""is_closed"": false, ""url"": ""https://www.yelp.pl/biz/rayas-sevilla?adjust_creative=ULHW7ynqdXE8Z9Fnr4irFw&utm_campaign=yelp_api_v3&utm_medium=api_v3_business_search&utm_source=ULHW7ynqdXE8Z9Fnr4irFw"", ""review_count"": 48, ""categories"": [{""alias"": ""icecream"", ""title"": ""Lody i mro\u017cony jogurt""}], ""rating"": 4.5, ""coordinates"": {""latitude"": 37.39269, ""longitude"": -5.98914}, ""transactions"": [], ""price"": ""\u20ac\u20ac"", ""location"": {""address1"": ""Calle del Almirante Apodaca, 1"", ""address2"": """", ""address3"": """", ""city"": ""Sewilla"", ""zip_code"": ""41003"", ""country"": ""ES"", ""state"": ""SE"", ""display_address"": [""Calle del Almirante Apodaca, 1"", ""41003 Sewilla"", ""Hiszpania""]}, ""phone"": ""+34954221746"", ""display_phone"": ""+34 954 22 17 46"", ""distance"": 493.70465964597923}, {""id"": ""YJIJm_DM0co6dD5EHoCKSg"", ""alias"": ""alfakeke-sevilla-2"", ""name"": ""Alfakeke"", ""image_url"": ""https://s3-media2.fl.yelpcdn.com/bphoto/j8-EkULo4FRqVKnhFVLaCQ/o.jpg"", ""is_closed"": false, ""url"": ""https://www.yelp.pl/biz/alfakeke-sevilla-2?adjust_creative=ULHW7ynqdXE8Z9Fnr4irFw&utm_campaign=yelp_api_v3&utm_medium=api_v3_business_search&utm_source=ULHW7ynqdXE8Z9Fnr4irFw"", ""review_count"": 5, ""categories"": [{""alias"": ""tapas"", ""title"": ""Tapas""}, {""alias"": ""french"", ""title"": ""Francuska""}, {""alias"": ""wine_bars"", ""title"": ""Wine bary""}], ""rating"": 4.5, ""coordinates"": {""latitude"": 37.39434, ""longitude"": -5.99958}, ""transactions"": [], ""location"": {""address1"": ""Calle San Vicente, 13"", ""address2"": """", ""address3"": """", ""city"": ""Sewilla"", ""zip_code"": ""41002"", ""country"": ""ES"", ""state"": ""SE"", ""display_address"": [""Calle San Vicente, 13"", ""41002 Sewilla"", ""Hiszpania""]}, ""phone"": ""+34644003505"", ""display_phone"": ""+34 644 00 35 05"", ""distance"": 1367.851027048879}, {""id"": ""nSrUIvie4YU95CWrRbwsOg"", ""alias"": ""tgb-the-good-burger-sevilla-4"", ""name"": ""TGB - The Good Burger"", ""image_url"": ""https://s3-media1.fl.yelpcdn.com/bphoto/l0PDg6pg86Nmyr2A9kKFQg/o.jpg"", ""is_closed"": false, ""url"": ""https://www.yelp.pl/biz/tgb-the-good-burger-sevilla-4?adjust_creative=ULHW7ynqdXE8Z9Fnr4irFw&utm_campaign=yelp_api_v3&utm_medium=api_v3_business_search&utm_source=ULHW7ynqdXE8Z9Fnr4irFw"", ""review_count"": 33, ""categories"": [{""alias"": ""burgers"", ""title"": ""Burgery""}], ""rating"": 3.0, ""coordinates"": {""latitude"": 37.381768520042, ""longitude"": -5.994941204287}, ""transactions"": [], ""price"": ""\u20ac"", ""location"": {""address1"": ""Avenida Paseo de Cristina, 3"", ""address2"": """", ""address3"": """", ""city"": ""Sewilla"", ""zip_code"": ""41013"", ""country"": ""ES"", ""state"": ""SE"", ""display_address"": [""Avenida Paseo de Cristina, 3"", ""41013 Sewilla"", ""Hiszpania""]}, ""phone"": ""+34954224582"", ""display_phone"": ""+34 954 22 45 82"", ""distance"": 1135.3289362144842}, {""id"": ""JXX1aekhauaoKNg8aY0GnQ"", ""alias"": ""casa-del-poeta-sevilla"", ""name"": ""Casa del Poeta"", ""image_url"": ""https://s3-media3.fl.yelpcdn.com/bphoto/NA9ej9t_MtLtxVDcfLH6ig/o.jpg"", ""is_closed"": false, ""url"": ""https://www.yelp.pl/biz/casa-del-poeta-sevilla?adjust_creative=ULHW7ynqdXE8Z9Fnr4irFw&utm_campaign=yelp_api_v3&utm_medium=api_v3_business_search&utm_source=ULHW7ynqdXE8Z9Fnr4irFw"", ""review_count"": 8, ""categories"": [{""alias"": ""hotels"", ""title"": ""Hotele""}], ""rating"": 5.0, ""coordinates"": {""latitude"": 37.386291, ""longitude"": -5.98936}, ""transactions"": [], ""price"": ""\u20ac\u20ac\u20ac"", ""location"": {""address1"": ""Calle Don Carlos Alonso Chaparro, 3"", ""address2"": """", ""address3"": """", ""city"": ""Sewilla"", ""zip_code"": ""41004"", ""country"": ""ES"", ""state"": ""SE"", ""display_address"": [""Calle Don Carlos Alonso Chaparro, 3"", ""41004 Sewilla"", ""Hiszpania""]}, ""phone"": ""+34954213868"", ""display_phone"": ""+34 954 21 38 68"", ""distance"": 431.15942115991055}, {""id"": ""F4oxwf_mKYT03vNE-ijgVw"", ""alias"": ""sur-sevilla-2"", ""name"": ""Sur"", ""image_url"": ""https://s3-media1.fl.yelpcdn.com/bphoto/223xmKF634n_1X6rfLmUYw/o.jpg"", ""is_closed"": false, ""url"": ""https://www.yelp.pl/biz/sur-sevilla-2?adjust_creative=ULHW7ynqdXE8Z9Fnr4irFw&utm_campaign=yelp_api_v3&utm_medium=api_v3_business_search&utm_source=ULHW7ynqdXE8Z9Fnr4irFw"", ""review_count"": 4, ""categories"": [{""alias"": ""tapas"", ""title"": ""Tapas""}], ""rating"": 4.0, ""coordinates"": {""latitude"": 37.3923302, ""longitude"": -5.9921598}, ""transactions"": [], ""price"": ""\u20ac\u20ac"", ""location"": {""address1"": ""Plaza de la Encarnacion, s/n"", ""address2"": """", ""address3"": """", ""city"": ""Sewilla"", ""zip_code"": ""41004"", ""country"": ""ES"", ""state"": ""SE"", ""display_address"": [""Plaza de la Encarnacion, s/n"", ""41004 Sewilla"", ""Hiszpania""]}, ""phone"": """", ""display_phone"": """", ""distance"": 744.0921103503572}, {""id"": ""hCsQbY-tBm4DzPMnK3AeFA"", ""alias"": ""taberna-del-alabardero-sevilla"", ""name"": ""Taberna del Alabardero"", ""image_url"": ""https://s3-media1.fl.yelpcdn.com/bphoto/Rb1vijlp4ry8zEzzBP2aPA/o.jpg"", ""is_closed"": false, ""url"": ""https://www.yelp.pl/biz/taberna-del-alabardero-sevilla?adjust_creative=ULHW7ynqdXE8Z9Fnr4irFw&utm_campaign=yelp_api_v3&utm_medium=api_v3_business_search&utm_source=ULHW7ynqdXE8Z9Fnr4irFw"", ""review_count"": 21, ""categories"": [{""alias"": ""spanish"", ""title"": ""Hiszpa\u0144ska""}], ""rating"": 4.0, ""coordinates"": {""latitude"": 37.38847225403, ""longitude"": -5.9979366998095}, ""transactions"": [], ""price"": ""\u20ac\u20ac"", ""location"": {""address1"": ""Calle Zaragoza, 20"", ""address2"": """", ""address3"": """", ""city"": ""Sewilla"", ""zip_code"": ""41001"", ""country"": ""ES"", ""state"": ""SE"", ""display_address"": [""Calle Zaragoza, 20"", ""41001 Sewilla"", ""Hiszpania""]}, ""phone"": ""+34954502721"", ""display_phone"": ""+34 954 50 27 21"", ""distance"": 1070.8406367036491}, {""id"": ""dvJtbv74gJfCfSw6K_Ez5A"", ""alias"": ""la-cueva-sevilla-3"", ""name"": ""La Cueva"", ""image_url"": ""https://s3-media3.fl.yelpcdn.com/bphoto/ocl2BW6JSs9H50Z31m0EzQ/o.jpg"", ""is_closed"": false, ""url"": ""https://www.yelp.pl/biz/la-cueva-sevilla-3?adjust_creative=ULHW7ynqdXE8Z9Fnr4irFw&utm_campaign=yelp_api_v3&utm_medium=api_v3_business_search&utm_source=ULHW7ynqdXE8Z9Fnr4irFw"", ""review_count"": 10, ""categories"": [{""alias"": ""spanish"", ""title"": ""Hiszpa\u0144ska""}], ""rating"": 2.5, ""coordinates"": {""latitude"": 37.38505, ""longitude"": -5.99077}, ""transactions"": [], ""price"": ""\u20ac\u20ac"", ""location"": {""address1"": ""Calle Rodrigo Caro, 18"", ""address2"": null, ""address3"": null, ""city"": ""Sewilla"", ""zip_code"": ""41004"", ""country"": ""ES"", ""state"": ""SE"", ""display_address"": [""Calle Rodrigo Caro, 18"", ""41004 Sewilla"", ""Hiszpania""]}, ""phone"": ""+34954562980"", ""display_phone"": ""+34 954 56 29 80"", ""distance"": 617.7126858653123}, {""id"": ""BvEosOrVGW09UNkS-ZR4Jg"", ""alias"": ""sacramento-sevilla-2"", ""name"": ""Sacramento"", ""image_url"": ""https://s3-media1.fl.yelpcdn.com/bphoto/FS0bqbWWGKQLHsAD9HEpfQ/o.jpg"", ""is_closed"": false, ""url"": ""https://www.yelp.pl/biz/sacramento-sevilla-2?adjust_creative=ULHW7ynqdXE8Z9Fnr4irFw&utm_campaign=yelp_api_v3&utm_medium=api_v3_business_search&utm_source=ULHW7ynqdXE8Z9Fnr4irFw"", ""review_count"": 26, ""categories"": [{""alias"": ""steak"", ""title"": ""Steakhouse""}, {""alias"": ""tapas"", ""title"": ""Tapas""}, {""alias"": ""spanish"", ""title"": ""Hiszpa\u0144ska""}], ""rating"": 4.0, ""coordinates"": {""latitude"": 37.4015734, ""longitude"": -5.9919053}, ""transactions"": [], ""price"": ""\u20ac"", ""location"": {""address1"": ""Calle Feria, 141"", ""address2"": """", ""address3"": """", ""city"": ""Sewilla"", ""zip_code"": ""41002"", ""country"": ""ES"", ""state"": ""SE"", ""display_address"": [""Calle Feria, 141"", ""41002 Sewilla"", ""Hiszpania""]}, ""phone"": ""+34955279042"", ""display_phone"": ""+34 955 27 90 42"", ""distance"": 1500.5885767075727}, {""id"": ""SH1BF0h1VnDBFMgBJRSZkw"", ""alias"": ""sala-cosmos-sevilla"", ""name"": ""Sala Cosmos"", ""image_url"": ""https://s3-media2.fl.yelpcdn.com/bphoto/T4aDk8sIOaNTTmmfkN3Jwg/o.jpg"", ""is_closed"": false, ""url"": ""https://www.yelp.pl/biz/sala-cosmos-sevilla?adjust_creative=ULHW7ynqdXE8Z9Fnr4irFw&utm_campaign=yelp_api_v3&utm_medium=api_v3_business_search&utm_source=ULHW7ynqdXE8Z9Fnr4irFw"", ""review_count"": 7, ""categories"": [{""alias"": ""danceclubs"", ""title"": ""Kluby""}], ""rating"": 3.5, ""coordinates"": {""latitude"": 37.3785901141667, ""longitude"": -5.97403150377431}, ""transactions"": [], ""price"": ""\u20ac\u20ac\u20ac"", ""location"": {""address1"": ""Calle Carlos de Cepeda, 2"", ""address2"": """", ""address3"": """", ""city"": ""Sewilla"", ""zip_code"": ""41005"", ""country"": ""ES"", ""state"": ""SE"", ""display_address"": [""Calle Carlos de Cepeda, 2"", ""41005 Sewilla"", ""Hiszpania""]}, ""phone"": ""+34637986134"", ""display_phone"": ""+34 637 98 61 34"", ""distance"": 1555.41399808804}], ""total"": 17, ""region"": {""center"": {""longitude"": -5.985832214355469, ""latitude"": 37.38897024983557}}}",application/json,false,"OAS disconformity: [Path '/businesses/[item]/price'] Instance value ("""") not found in enum (possible values: [""$"";""$$"";""$$$"";""$$$$""]) --- [Path '/businesses/[item]/price'] Instance value ("""") not found in enum (possible values: [""$"";""$$"";""$$$"";""$$$$""]) --- [Path '/businesses/[item]/price'] Instance value ("""") not found in enum (possible values: [""$"";""$$"";""$$$"";""$$$$""])"
