testResultId,statusCode,responseBody,outputContentType,passed,failReason
test_1h7geau6k8zzs_getBusinesses,200,"{""businesses"": [], ""total"": 0, ""region"": {""center"": {""longitude"": -80.551834, ""latitude"": 42.082962}}}",application/json,true,none
test_1hrm1re47yu03_getBusinesses,200,"{""businesses"": [], ""total"": 0, ""region"": {""center"": {""longitude"": 2.3421478271484375, ""latitude"": 48.86195860677958}}}",application/json,true,none
test_1hv89xbjwthdc_getBusinesses,200,"{""businesses"": [], ""total"": 0, ""region"": {""center"": {""longitude"": 2.3421478271484375, ""latitude"": 48.86195860677958}}}",application/json,true,none
test_1ib6gesu9fkh2_getBusinesses,200,"{""businesses"": [], ""total"": 0, ""region"": {""center"": {""longitude"": 139.76669311523438, ""latitude"": 35.685011526354074}}}",application/json,true,none
test_1iempw3t8emgl_getBusinesses,200,"{""businesses"": [], ""total"": 0, ""region"": {""center"": {""longitude"": -73.97918701171875, ""latitude"": 40.706977710584276}}}",application/json,true,none
test_1iv4aeivpcwh1_getBusinesses,400,"{""error"": {""code"": ""LOCATION_NOT_FOUND"", ""description"": ""Could not execute search, try specifying a more exact location.""}}",application/json,true,none
test_1iyeygnoy1euc_getBusinesses,400,"{""error"": {""code"": ""VALIDATION_ERROR"", ""description"": ""Please specify a location or a latitude and longitude""}}",application/json,true,none
test_1iyhqjq0ssnz8_getBusinesses,200,"{""businesses"": [], ""total"": 0, ""region"": {""center"": {""longitude"": -122.43644714355469, ""latitude"": 37.76089938976322}}}",application/json,true,none
test_1ji4fif8muwkl_getBusinesses,400,"{""error"": {""code"": ""VALIDATION_ERROR"", ""description"": ""Please specify a location or a latitude and longitude""}}",application/json,true,none
test_1ji50k15yvygm_getBusinesses,400,"{""error"": {""code"": ""VALIDATION_ERROR"", ""description"": ""Please specify a location or a latitude and longitude""}}",application/json,true,none
test_1k1r6hb2qjfar_getBusinesses,200,"{""businesses"": [], ""total"": 0, ""region"": {""center"": {""longitude"": -104.23509, ""latitude"": 34.52051}}}",application/json,true,none
test_1k1ziw5a0wzfq_getBusinesses,200,"{""businesses"": [], ""total"": 0, ""region"": {""center"": {""longitude"": 139.76669311523438, ""latitude"": 35.685011526354074}}}",application/json,true,none
test_qdqipbm6g9k6_getBusinesses,400,"{""error"": {""code"": ""OPEN_AT_AND_NOW_PROVIDED"", ""description"": ""You must specify either open_at or open_now, not both.""}}",application/json,true,none
test_qe6krivytnc6_getBusinesses,200,"{""businesses"": [], ""total"": 0, ""region"": {""center"": {""longitude"": -80.444, ""latitude"": 45.827675}}}",application/json,true,none
test_qefgqyom0sbm_getBusinesses,200,"{""businesses"": [], ""total"": 0, ""region"": {""center"": {""longitude"": -88.26107025146484, ""latitude"": 44.75855738140011}}}",application/json,true,none
test_qhq2052zf581_getBusinesses,400,"{""error"": {""code"": ""VALIDATION_ERROR"", ""description"": ""The open_at provided is too long ago, the timestamp must be within the last two weeks.""}}",application/json,true,none
test_qhq4o4bp5vlk_getBusinesses,200,"{""businesses"": [], ""total"": 0, ""region"": {""center"": {""longitude"": -88.26107025146484, ""latitude"": 44.75855738140011}}}",application/json,true,none
test_qhqltiqdbhh0_getBusinesses,400,"{""error"": {""code"": ""OPEN_AT_AND_NOW_PROVIDED"", ""description"": ""You must specify either open_at or open_now, not both.""}}",application/json,true,none
test_r1iw9hf3ofnc_getBusinesses,200,"{""businesses"": [], ""total"": 0, ""region"": {""center"": {""longitude"": -112.85515, ""latitude"": 39.276478}}}",application/json,true,none
test_rhtyxd8ysz1i_getBusinesses,400,"{""error"": {""code"": ""VALIDATION_ERROR"", ""description"": ""Please specify a location or a latitude and longitude""}}",application/json,true,none
test_rkzjqceorx2u_getBusinesses,400,"{""error"": {""code"": ""VALIDATION_ERROR"", ""description"": ""Please specify a location or a latitude and longitude""}}",application/json,true,none
test_rl8ddtqkxkc3_getBusinesses,200,"{""businesses"": [], ""total"": 0, ""region"": {""center"": {""longitude"": -87.8304, ""latitude"": 35.85595}}}",application/json,true,none
test_s0ugl1l2jwx0_getBusinesses,200,"{""businesses"": [], ""total"": 152, ""region"": {""center"": {""longitude"": -106.44927978515625, ""latitude"": 31.653215982221013}}}",application/json,true,none
test_s0ui5ac5htme_getBusinesses,200,"{""businesses"": [], ""total"": 25, ""region"": {""center"": {""longitude"": 9.189033508300781, ""latitude"": 45.47047287954827}}}",application/json,true,none
test_s100gltmg483_getBusinesses,400,"{""error"": {""code"": ""VALIDATION_ERROR"", ""description"": ""Please specify a location or a latitude and longitude""}}",application/json,true,none
test_s163y4l3oajl_getBusinesses,400,"{""error"": {""code"": ""VALIDATION_ERROR"", ""description"": ""Please specify a location or a latitude and longitude""}}",application/json,true,none
test_s1b53tci6ipi_getBusinesses,400,"{""error"": {""code"": ""VALIDATION_ERROR"", ""description"": ""Please specify a location or a latitude and longitude""}}",application/json,true,none
test_s4scyowm2mut_getBusinesses,200,"{""businesses"": [], ""total"": 0, ""region"": {""center"": {""longitude"": -105.96038818359375, ""latitude"": 35.665062782072155}}}",application/json,true,none
test_s4un4u0kavcg_getBusinesses,200,"{""businesses"": [{""id"": ""6TwKDCdWcCUyGUFBugUGrw"", ""alias"": ""the-workers-food-room-melbourne"", ""name"": ""The Workers' Food Room"", ""image_url"": ""https://s3-media1.fl.yelpcdn.com/bphoto/YwIolD-7IL23MeEEEme9Gg/o.jpg"", ""is_closed"": false, ""url"": ""https://www.yelp.com/biz/the-workers-food-room-melbourne?adjust_creative=ULHW7ynqdXE8Z9Fnr4irFw&utm_campaign=yelp_api_v3&utm_medium=api_v3_business_search&utm_source=ULHW7ynqdXE8Z9Fnr4irFw"", ""review_count"": 6, ""categories"": [{""alias"": ""cafes"", ""title"": ""Cafes""}], ""rating"": 5.0, ""coordinates"": {""latitude"": -37.813024288687, ""longitude"": 144.95553475215}, ""transactions"": [], ""price"": ""$$"", ""location"": {""address1"": ""472 Little Lonsdale St"", ""address2"": """", ""address3"": """", ""city"": ""Melbourne"", ""zip_code"": ""3000"", ""country"": ""AU"", ""state"": ""VIC"", ""display_address"": [""472 Little Lonsdale St"", ""Melbourne Victoria 3000"", ""Australia""]}, ""phone"": ""+61396023220"", ""display_phone"": ""+61 3 9602 3220"", ""distance"": 1169.4206010488904}, {""id"": ""X5u-mTKDGDghFWtO7JNbuQ"", ""alias"": ""whisky-den-melbourne"", ""name"": ""Whisky Den"", ""image_url"": ""https://s3-media2.fl.yelpcdn.com/bphoto/j2B1-ClAClirmHhfJnVrQg/o.jpg"", ""is_closed"": false, ""url"": ""https://www.yelp.com/biz/whisky-den-melbourne?adjust_creative=ULHW7ynqdXE8Z9Fnr4irFw&utm_campaign=yelp_api_v3&utm_medium=api_v3_business_search&utm_source=ULHW7ynqdXE8Z9Fnr4irFw"", ""review_count"": 7, ""categories"": [{""alias"": ""bars"", ""title"": ""Bars""}], ""rating"": 5.0, ""coordinates"": {""latitude"": -37.8160484538022, ""longitude"": 144.969382393951}, ""transactions"": [], ""price"": ""$$"", ""location"": {""address1"": ""2B 27 Russell St"", ""address2"": """", ""address3"": null, ""city"": ""Melbourne"", ""zip_code"": ""3000"", ""country"": ""AU"", ""state"": ""VIC"", ""display_address"": [""2B 27 Russell St"", ""Melbourne Victoria 3000"", ""Australia""]}, ""phone"": ""+61396501570"", ""display_phone"": ""+61 3 9650 1570"", ""distance"": 270.7107394312662}, {""id"": ""miCWxVlxpJag1333rl_ElA"", ""alias"": ""escagrill-seafood-and-oyster-bar-moonee-ponds"", ""name"": ""Escagrill Seafood & Oyster Bar"", ""image_url"": ""https://s3-media1.fl.yelpcdn.com/bphoto/tOCtHsGWMkIjbLLLILlFDQ/o.jpg"", ""is_closed"": false, ""url"": ""https://www.yelp.com/biz/escagrill-seafood-and-oyster-bar-moonee-ponds?adjust_creative=ULHW7ynqdXE8Z9Fnr4irFw&utm_campaign=yelp_api_v3&utm_medium=api_v3_business_search&utm_source=ULHW7ynqdXE8Z9Fnr4irFw"", ""review_count"": 5, ""categories"": [{""alias"": ""seafood"", ""title"": ""Seafood""}], ""rating"": 5.0, ""coordinates"": {""latitude"": -37.770096, ""longitude"": 144.926106}, ""transactions"": [], ""price"": ""$$$"", ""location"": {""address1"": ""650 Mt Alexander Rd"", ""address2"": null, ""address3"": null, ""city"": ""Moonee Ponds"", ""zip_code"": ""3039"", ""country"": ""AU"", ""state"": ""VIC"", ""display_address"": [""650 Mt Alexander Rd"", ""Moonee Ponds Victoria 3039"", ""Australia""]}, ""phone"": ""+61393701101"", ""display_phone"": ""+61 3 9370 1101"", ""distance"": 6431.013117750192}, {""id"": ""ErJp3cwGWAF4-gEWOZWOhA"", ""alias"": ""tommy-ruff-fish-bar-mordialloc"", ""name"": ""Tommy Ruff Fish Bar"", ""image_url"": ""https://s3-media2.fl.yelpcdn.com/bphoto/IZ0xeJ75dc9cqhfxuZ_YvQ/o.jpg"", ""is_closed"": false, ""url"": ""https://www.yelp.com/biz/tommy-ruff-fish-bar-mordialloc?adjust_creative=ULHW7ynqdXE8Z9Fnr4irFw&utm_campaign=yelp_api_v3&utm_medium=api_v3_business_search&utm_source=ULHW7ynqdXE8Z9Fnr4irFw"", ""review_count"": 6, ""categories"": [{""alias"": ""restaurants"", ""title"": ""Restaurants""}], ""rating"": 5.0, ""coordinates"": {""latitude"": -38.006981, ""longitude"": 145.086211}, ""transactions"": [], ""price"": ""$$"", ""location"": {""address1"": ""574A Main St"", ""address2"": """", ""address3"": """", ""city"": ""Mordialloc"", ""zip_code"": ""3195"", ""country"": ""AU"", ""state"": ""VIC"", ""display_address"": [""574A Main St"", ""Mordialloc Victoria 3195"", ""Australia""]}, ""phone"": ""+61395802525"", ""display_phone"": ""+61 3 9580 2525"", ""distance"": 23471.089035208417}, {""id"": ""sqXfDLlOcMJJOD5O5esxrQ"", ""alias"": ""soap-bar-launderette-carlton-3"", ""name"": ""Soap Bar Launderette"", ""image_url"": ""https://s3-media4.fl.yelpcdn.com/bphoto/9ryGUjl_9SUIA5CmfTfLgw/o.jpg"", ""is_closed"": false, ""url"": ""https://www.yelp.com/biz/soap-bar-launderette-carlton-3?adjust_creative=ULHW7ynqdXE8Z9Fnr4irFw&utm_campaign=yelp_api_v3&utm_medium=api_v3_business_search&utm_source=ULHW7ynqdXE8Z9Fnr4irFw"", ""review_count"": 7, ""categories"": [{""alias"": ""laundromat"", ""title"": ""Laundromat""}, {""alias"": ""cafes"", ""title"": ""Cafes""}], ""rating"": 5.0, ""coordinates"": {""latitude"": -37.797863, ""longitude"": 144.972432}, ""transactions"": [], ""price"": ""$$"", ""location"": {""address1"": ""63 Elgin St"", ""address2"": """", ""address3"": """", ""city"": ""Carlton"", ""zip_code"": ""3053"", ""country"": ""AU"", ""state"": ""VIC"", ""display_address"": [""63 Elgin St"", ""Carlton Victoria 3053"", ""Australia""]}, ""phone"": ""+61488847627"", ""display_phone"": ""+61 488 847 627"", ""distance"": 2269.744320674933}, {""id"": ""eU1wgPV0hoyXDFu5_LEfGQ"", ""alias"": ""pidapipo-windsor"", ""name"": ""Pidapipo"", ""image_url"": ""https://s3-media1.fl.yelpcdn.com/bphoto/Cgg1NkVyvD4op6p1GXGrgA/o.jpg"", ""is_closed"": false, ""url"": ""https://www.yelp.com/biz/pidapipo-windsor?adjust_creative=ULHW7ynqdXE8Z9Fnr4irFw&utm_campaign=yelp_api_v3&utm_medium=api_v3_business_search&utm_source=ULHW7ynqdXE8Z9Fnr4irFw"", ""review_count"": 8, ""categories"": [{""alias"": ""gelato"", ""title"": ""Gelato""}], ""rating"": 5.0, ""coordinates"": {""latitude"": -37.8545585, ""longitude"": 144.9926463}, ""transactions"": [], ""price"": ""$$"", ""location"": {""address1"": ""85 Chapel Street"", ""address2"": """", ""address3"": """", ""city"": ""Windsor"", ""zip_code"": ""3181"", ""country"": ""AU"", ""state"": ""VIC"", ""display_address"": [""85 Chapel Street"", ""Windsor Victoria 3181"", ""Australia""]}, ""phone"": ""+61393474596"", ""display_phone"": ""+61 3 9347 4596"", ""distance"": 4644.7750325030065}, {""id"": ""mcDFVuG6KxuXP84Ij5Nrbw"", ""alias"": ""chase-kitchen-spotswood-2"", ""name"": ""Chase Kitchen"", ""image_url"": ""https://s3-media4.fl.yelpcdn.com/bphoto/-hoNYCryt43Pd8_0pr9ufg/o.jpg"", ""is_closed"": false, ""url"": ""https://www.yelp.com/biz/chase-kitchen-spotswood-2?adjust_creative=ULHW7ynqdXE8Z9Fnr4irFw&utm_campaign=yelp_api_v3&utm_medium=api_v3_business_search&utm_source=ULHW7ynqdXE8Z9Fnr4irFw"", ""review_count"": 5, ""categories"": [{""alias"": ""restaurants"", ""title"": ""Restaurants""}, {""alias"": ""coffee"", ""title"": ""Coffee & Tea""}], ""rating"": 5.0, ""coordinates"": {""latitude"": -37.829525, ""longitude"": 144.885499}, ""transactions"": [], ""price"": ""$$"", ""location"": {""address1"": ""80 Hudson Rd"", ""address2"": """", ""address3"": """", ""city"": ""Spotswood"", ""zip_code"": ""3015"", ""country"": ""AU"", ""state"": ""VIC"", ""display_address"": [""80 Hudson Rd"", ""Spotswood Victoria 3015"", ""Australia""]}, ""phone"": ""+61390774587"", ""display_phone"": ""+61 3 9077 4587"", ""distance"": 7304.643610736238}, {""id"": ""bfi2ITfSFRTdjuqQTM5P9A"", ""alias"": ""marion-fitzroy"", ""name"": ""Marion"", ""image_url"": ""https://s3-media3.fl.yelpcdn.com/bphoto/eWzcIeEI1592JqWtN8uzsg/o.jpg"", ""is_closed"": false, ""url"": ""https://www.yelp.com/biz/marion-fitzroy?adjust_creative=ULHW7ynqdXE8Z9Fnr4irFw&utm_campaign=yelp_api_v3&utm_medium=api_v3_business_search&utm_source=ULHW7ynqdXE8Z9Fnr4irFw"", ""review_count"": 9, ""categories"": [{""alias"": ""wine_bars"", ""title"": ""Wine Bars""}, {""alias"": ""seafood"", ""title"": ""Seafood""}], ""rating"": 5.0, ""coordinates"": {""latitude"": -37.805603, ""longitude"": 144.975877}, ""transactions"": [], ""price"": ""$$"", ""location"": {""address1"": ""51-53 Gertrude St"", ""address2"": """", ""address3"": """", ""city"": ""Fitzroy"", ""zip_code"": ""3065"", ""country"": ""AU"", ""state"": ""VIC"", ""display_address"": [""51-53 Gertrude St"", ""Fitzroy Victoria 3065"", ""Australia""]}, ""phone"": ""+61394196262"", ""display_phone"": ""+61 3 9419 6262"", ""distance"": 1556.9135811481965}, {""id"": ""vur79VHEpL8XVdYULrQORw"", ""alias"": ""scopri-carlton"", ""name"": ""Scopri"", ""image_url"": ""https://s3-media1.fl.yelpcdn.com/bphoto/5-TMLcTLLqr7PGLYJL7gjw/o.jpg"", ""is_closed"": false, ""url"": ""https://www.yelp.com/biz/scopri-carlton?adjust_creative=ULHW7ynqdXE8Z9Fnr4irFw&utm_campaign=yelp_api_v3&utm_medium=api_v3_business_search&utm_source=ULHW7ynqdXE8Z9Fnr4irFw"", ""review_count"": 14, ""categories"": [{""alias"": ""italian"", ""title"": ""Italian""}], ""rating"": 5.0, ""coordinates"": {""latitude"": -37.795655, ""longitude"": 144.975074}, ""transactions"": [], ""price"": ""$$"", ""location"": {""address1"": ""191 Nicholson St"", ""address2"": null, ""address3"": null, ""city"": ""Carlton"", ""zip_code"": ""3053"", ""country"": ""AU"", ""state"": ""VIC"", ""display_address"": [""191 Nicholson St"", ""Carlton Victoria 3053"", ""Australia""]}, ""phone"": ""+61393478252"", ""display_phone"": ""+61 3 9347 8252"", ""distance"": 2562.4268820511293}, {""id"": ""ijFRzCS1ybhaTY4lA6vEfw"", ""alias"": ""agathe-patisserie-melbourne-3"", ""name"": ""Agathe Patisserie"", ""image_url"": ""https://s3-media3.fl.yelpcdn.com/bphoto/OzBxvtmRDEAkn2LoaL2FcA/o.jpg"", ""is_closed"": false, ""url"": ""https://www.yelp.com/biz/agathe-patisserie-melbourne-3?adjust_creative=ULHW7ynqdXE8Z9Fnr4irFw&utm_campaign=yelp_api_v3&utm_medium=api_v3_business_search&utm_source=ULHW7ynqdXE8Z9Fnr4irFw"", ""review_count"": 11, ""categories"": [{""alias"": ""bakeries"", ""title"": ""Bakeries""}], ""rating"": 5.0, ""coordinates"": {""latitude"": -37.832461, ""longitude"": 144.956989}, ""transactions"": [], ""price"": ""$$"", ""location"": {""address1"": ""Shop 64, Aisle B, South Melbourne Market"", ""address2"": """", ""address3"": """", ""city"": ""Melbourne"", ""zip_code"": ""3205"", ""country"": ""AU"", ""state"": ""VIC"", ""display_address"": [""Shop 64, Aisle B, South Melbourne Market"", ""Melbourne Victoria 3205"", ""Australia""]}, ""phone"": ""+61403222573"", ""display_phone"": ""+61 403 222 573"", ""distance"": 1859.4914244941363}, {""id"": ""oAb4SqbH1x6DMtpLLD9MQA"", ""alias"": ""brick-lane-melbourne-2"", ""name"": ""Brick Lane"", ""image_url"": ""https://s3-media4.fl.yelpcdn.com/bphoto/XOAbQ7JkV3M0rgJIaTbpOQ/o.jpg"", ""is_closed"": false, ""url"": ""https://www.yelp.com/biz/brick-lane-melbourne-2?adjust_creative=ULHW7ynqdXE8Z9Fnr4irFw&utm_campaign=yelp_api_v3&utm_medium=api_v3_business_search&utm_source=ULHW7ynqdXE8Z9Fnr4irFw"", ""review_count"": 10, ""categories"": [{""alias"": ""cafes"", ""title"": ""Cafes""}, {""alias"": ""bakeries"", ""title"": ""Bakeries""}], ""rating"": 5.0, ""coordinates"": {""latitude"": -37.8114083124254, ""longitude"": 144.959828913596}, ""transactions"": [], ""price"": ""$$"", ""location"": {""address1"": ""33 Guildford Ln"", ""address2"": """", ""address3"": null, ""city"": ""Melbourne"", ""zip_code"": ""3000"", ""country"": ""AU"", ""state"": ""VIC"", ""display_address"": [""33 Guildford Ln"", ""Melbourne Victoria 3000"", ""Australia""]}, ""phone"": ""+61396422203"", ""display_phone"": ""+61 3 9642 2203"", ""distance"": 976.348063664063}, {""id"": ""hiINDvPAo7ZkC4d6c_rJ6Q"", ""alias"": ""n-lee-bakery-cafe-south-melbourne"", ""name"": ""N. Lee Bakery Cafe"", ""image_url"": ""https://s3-media1.fl.yelpcdn.com/bphoto/ZC2t4NW4I_IivkyB0bgf6g/o.jpg"", ""is_closed"": false, ""url"": ""https://www.yelp.com/biz/n-lee-bakery-cafe-south-melbourne?adjust_creative=ULHW7ynqdXE8Z9Fnr4irFw&utm_campaign=yelp_api_v3&utm_medium=api_v3_business_search&utm_source=ULHW7ynqdXE8Z9Fnr4irFw"", ""review_count"": 10, ""categories"": [{""alias"": ""vietnamese"", ""title"": ""Vietnamese""}, {""alias"": ""bakeries"", ""title"": ""Bakeries""}], ""rating"": 5.0, ""coordinates"": {""latitude"": -37.831651, ""longitude"": 144.959745}, ""transactions"": [], ""price"": ""$"", ""location"": {""address1"": ""234 Clarendon St"", ""address2"": """", ""address3"": """", ""city"": ""South Melbourne"", ""zip_code"": ""3205"", ""country"": ""AU"", ""state"": ""VIC"", ""display_address"": [""234 Clarendon St"", ""South Melbourne Victoria 3205"", ""Australia""]}, ""phone"": ""+61390770230"", ""display_phone"": ""+61 3 9077 0230"", ""distance"": 1670.8912180838067}, {""id"": ""akOLStAWnoBkzqIfYe16_Q"", ""alias"": ""philippe-melbourne"", ""name"": ""Philippe"", ""image_url"": ""https://s3-media4.fl.yelpcdn.com/bphoto/_WSTuFjqssOc2G8z8booyg/o.jpg"", ""is_closed"": false, ""url"": ""https://www.yelp.com/biz/philippe-melbourne?adjust_creative=ULHW7ynqdXE8Z9Fnr4irFw&utm_campaign=yelp_api_v3&utm_medium=api_v3_business_search&utm_source=ULHW7ynqdXE8Z9Fnr4irFw"", ""review_count"": 9, ""categories"": [{""alias"": ""french"", ""title"": ""French""}], ""rating"": 5.0, ""coordinates"": {""latitude"": -37.81473, ""longitude"": 144.9699599}, ""transactions"": [], ""price"": ""$$$"", ""location"": {""address1"": ""117 Collins Street"", ""address2"": ""115"", ""address3"": null, ""city"": ""Melbourne"", ""zip_code"": ""3004"", ""country"": ""AU"", ""state"": ""VIC"", ""display_address"": [""117 Collins Street"", ""115"", ""Melbourne Victoria 3004"", ""Australia""]}, ""phone"": ""+61383946625"", ""display_phone"": ""+61 3 8394 6625"", ""distance"": 418.12937286980195}, {""id"": ""qqQFQ9eS9RNWlFhDf2kiVw"", ""alias"": ""matteos-fitzroy-north"", ""name"": ""Matteo's"", ""image_url"": ""https://s3-media4.fl.yelpcdn.com/bphoto/PKWqvthiYwEnXgfDa2K5dA/o.jpg"", ""is_closed"": false, ""url"": ""https://www.yelp.com/biz/matteos-fitzroy-north?adjust_creative=ULHW7ynqdXE8Z9Fnr4irFw&utm_campaign=yelp_api_v3&utm_medium=api_v3_business_search&utm_source=ULHW7ynqdXE8Z9Fnr4irFw"", ""review_count"": 9, ""categories"": [{""alias"": ""international"", ""title"": ""International""}], ""rating"": 5.0, ""coordinates"": {""latitude"": -37.791105, ""longitude"": 144.979583}, ""transactions"": [], ""price"": ""$$$"", ""location"": {""address1"": ""533 Brunswick St"", ""address2"": null, ""address3"": null, ""city"": ""Fitzroy North"", ""zip_code"": ""3068"", ""country"": ""AU"", ""state"": ""VIC"", ""display_address"": [""533 Brunswick St"", ""Fitzroy North Victoria 3068"", ""Australia""]}, ""phone"": ""+61394811177"", ""display_phone"": ""+61 3 9481 1177"", ""distance"": 3164.9731153075586}, {""id"": ""USNdN4YL0t02cbQCsIr_EA"", ""alias"": ""cafe-zen-den-eltham"", ""name"": ""Cafe Zen Den"", ""image_url"": ""https://s3-media1.fl.yelpcdn.com/bphoto/oWZeNMo4m6utq7j5XkyDJw/o.jpg"", ""is_closed"": false, ""url"": ""https://www.yelp.com/biz/cafe-zen-den-eltham?adjust_creative=ULHW7ynqdXE8Z9Fnr4irFw&utm_campaign=yelp_api_v3&utm_medium=api_v3_business_search&utm_source=ULHW7ynqdXE8Z9Fnr4irFw"", ""review_count"": 7, ""categories"": [{""alias"": ""coffee"", ""title"": ""Coffee & Tea""}, {""alias"": ""breakfast_brunch"", ""title"": ""Breakfast & Brunch""}], ""rating"": 5.0, ""coordinates"": {""latitude"": -37.721867, ""longitude"": 145.145788}, ""transactions"": [], ""price"": ""$$"", ""location"": {""address1"": ""736 Main Rd"", ""address2"": """", ""address3"": """", ""city"": ""Eltham"", ""zip_code"": ""3095"", ""country"": ""AU"", ""state"": ""VIC"", ""display_address"": [""736 Main Rd"", ""Eltham Victoria 3095"", ""Australia""]}, ""phone"": ""+61394398838"", ""display_phone"": ""+61 3 9439 8838"", ""distance"": 18972.96753795181}, {""id"": ""3q3icIToQzRcN-GqBX7-rw"", ""alias"": ""lamanna-supermarket-essendon-fields"", ""name"": ""LaManna Supermarket"", ""image_url"": ""https://s3-media1.fl.yelpcdn.com/bphoto/YP-hs6KHeXtERjJ3Mt-c-A/o.jpg"", ""is_closed"": false, ""url"": ""https://www.yelp.com/biz/lamanna-supermarket-essendon-fields?adjust_creative=ULHW7ynqdXE8Z9Fnr4irFw&utm_campaign=yelp_api_v3&utm_medium=api_v3_business_search&utm_source=ULHW7ynqdXE8Z9Fnr4irFw"", ""review_count"": 13, ""categories"": [{""alias"": ""grocery"", ""title"": ""Grocery""}, {""alias"": ""cakeshop"", ""title"": ""Patisserie/Cake Shop""}, {""alias"": ""cafes"", ""title"": ""Cafes""}], ""rating"": 5.0, ""coordinates"": {""latitude"": -37.726828, ""longitude"": 144.89409}, ""transactions"": [], ""price"": ""$$"", ""location"": {""address1"": ""10 English St"", ""address2"": null, ""address3"": null, ""city"": ""Essendon Fields"", ""zip_code"": ""3041"", ""country"": ""AU"", ""state"": ""VIC"", ""display_address"": [""10 English St"", ""Essendon Fields Victoria 3041"", ""Australia""]}, ""phone"": ""+61390269205"", ""display_phone"": ""+61 3 9026 9205"", ""distance"": 11998.099516882068}, {""id"": ""Yk7rYt5i6glt5RrBeMXP1Q"", ""alias"": ""northern-git-thornbury"", ""name"": ""Northern Git"", ""image_url"": ""https://s3-media3.fl.yelpcdn.com/bphoto/gnvnmxWl69zxSSj3jIFenw/o.jpg"", ""is_closed"": false, ""url"": ""https://www.yelp.com/biz/northern-git-thornbury?adjust_creative=ULHW7ynqdXE8Z9Fnr4irFw&utm_campaign=yelp_api_v3&utm_medium=api_v3_business_search&utm_source=ULHW7ynqdXE8Z9Fnr4irFw"", ""review_count"": 6, ""categories"": [{""alias"": ""restaurants"", ""title"": ""Restaurants""}], ""rating"": 5.0, ""coordinates"": {""latitude"": -37.757987, ""longitude"": 145.000462}, ""transactions"": [], ""price"": ""$$"", ""location"": {""address1"": ""757 High St"", ""address2"": """", ""address3"": """", ""city"": ""Thornbury"", ""zip_code"": ""3071"", ""country"": ""AU"", ""state"": ""VIC"", ""display_address"": [""757 High St"", ""Thornbury Victoria 3071"", ""Australia""]}, ""phone"": ""+61394846389"", ""display_phone"": ""+61 3 9484 6389"", ""distance"": 7267.411808083486}, {""id"": ""AAQycfTbT_HMNJWp0E5mpw"", ""alias"": ""market-juice-melbourne"", ""name"": ""Market Juice"", ""image_url"": ""https://s3-media2.fl.yelpcdn.com/bphoto/o8NPrDlD7ytsAQGelKZwMQ/o.jpg"", ""is_closed"": false, ""url"": ""https://www.yelp.com/biz/market-juice-melbourne?adjust_creative=ULHW7ynqdXE8Z9Fnr4irFw&utm_campaign=yelp_api_v3&utm_medium=api_v3_business_search&utm_source=ULHW7ynqdXE8Z9Fnr4irFw"", ""review_count"": 6, ""categories"": [{""alias"": ""juicebars"", ""title"": ""Juice Bars & Smoothies""}, {""alias"": ""icecream"", ""title"": ""Ice Cream & Frozen Yogurt""}], ""rating"": 5.0, ""coordinates"": {""latitude"": -37.8063412362678, ""longitude"": 144.958810272976}, ""transactions"": [], ""price"": ""$$"", ""location"": {""address1"": ""Stall 24, A Shed"", ""address2"": ""Queen Victoria Market"", ""address3"": """", ""city"": ""Melbourne"", ""zip_code"": ""3000"", ""country"": ""AU"", ""state"": ""VIC"", ""display_address"": [""Stall 24, A Shed"", ""Queen Victoria Market"", ""Melbourne Victoria 3000"", ""Australia""]}, ""phone"": ""+611300309084"", ""display_phone"": ""+61 1300 309 084"", ""distance"": 1485.7109047842625}, {""id"": ""VUW7vhLkEX9-K_a1Ei8otQ"", ""alias"": ""huff-bagelry-melbourne"", ""name"": ""Huff Bagelry"", ""image_url"": ""https://s3-media2.fl.yelpcdn.com/bphoto/6Aqwa_KY2WgXZrpNl9oPFA/o.jpg"", ""is_closed"": false, ""url"": ""https://www.yelp.com/biz/huff-bagelry-melbourne?adjust_creative=ULHW7ynqdXE8Z9Fnr4irFw&utm_campaign=yelp_api_v3&utm_medium=api_v3_business_search&utm_source=ULHW7ynqdXE8Z9Fnr4irFw"", ""review_count"": 6, ""categories"": [{""alias"": ""coffee"", ""title"": ""Coffee & Tea""}, {""alias"": ""bakeries"", ""title"": ""Bakeries""}], ""rating"": 5.0, ""coordinates"": {""latitude"": -37.9826573, ""longitude"": 145.0655576}, ""transactions"": [], ""price"": ""$"", ""location"": {""address1"": ""137 Mentone Pde"", ""address2"": """", ""address3"": """", ""city"": ""Melbourne"", ""zip_code"": ""3194"", ""country"": ""AU"", ""state"": ""VIC"", ""display_address"": [""137 Mentone Pde"", ""Melbourne Victoria 3194"", ""Australia""]}, ""phone"": """", ""display_phone"": """", ""distance"": 20248.032603597283}, {""id"": ""2ESjfRMooObBHpXlzADsNw"", ""alias"": ""sublime-richmond"", ""name"": ""Sublime"", ""image_url"": ""https://s3-media2.fl.yelpcdn.com/bphoto/WQj3rXMDi0A3mDl__QtDKw/o.jpg"", ""is_closed"": false, ""url"": ""https://www.yelp.com/biz/sublime-richmond?adjust_creative=ULHW7ynqdXE8Z9Fnr4irFw&utm_campaign=yelp_api_v3&utm_medium=api_v3_business_search&utm_source=ULHW7ynqdXE8Z9Fnr4irFw"", ""review_count"": 6, ""categories"": [{""alias"": ""coffee"", ""title"": ""Coffee & Tea""}, {""alias"": ""restaurants"", ""title"": ""Restaurants""}], ""rating"": 5.0, ""coordinates"": {""latitude"": -37.82524, ""longitude"": 144.997815}, ""transactions"": [], ""price"": ""$"", ""location"": {""address1"": ""436 Church St"", ""address2"": """", ""address3"": """", ""city"": ""Richmond"", ""zip_code"": ""3121"", ""country"": ""AU"", ""state"": ""VIC"", ""display_address"": [""436 Church St"", ""Richmond Victoria 3121"", ""Australia""]}, ""phone"": ""+61394298053"", ""display_phone"": ""+61 3 9429 8053"", ""distance"": 2798.710912255526}], ""total"": 5100, ""region"": {""center"": {""longitude"": 144.96734619140625, ""latitude"": -37.81787593178502}}}",application/json,true,none
test_skmrf7ecvvhy_getBusinesses,200,"{""businesses"": [{""id"": ""wGl_DyNxSv8KUtYgiuLhmA"", ""alias"": ""bi-rite-creamery-san-francisco"", ""name"": ""Bi-Rite Creamery"", ""image_url"": ""https://s3-media3.fl.yelpcdn.com/bphoto/ZFLw9lTtUH3R67b4pvb3tg/o.jpg"", ""is_closed"": false, ""url"": ""https://www.yelp.com/biz/bi-rite-creamery-san-francisco?adjust_creative=ULHW7ynqdXE8Z9Fnr4irFw&utm_campaign=yelp_api_v3&utm_medium=api_v3_business_search&utm_source=ULHW7ynqdXE8Z9Fnr4irFw"", ""review_count"": 10012, ""categories"": [{""alias"": ""icecream"", ""title"": ""Ice Cream & Frozen Yogurt""}], ""rating"": 4.5, ""coordinates"": {""latitude"": 37.761591, ""longitude"": -122.425717}, ""transactions"": [""delivery""], ""price"": ""$$"", ""location"": {""address1"": ""3692 18th St"", ""address2"": null, ""address3"": """", ""city"": ""San Francisco"", ""zip_code"": ""94110"", ""country"": ""US"", ""state"": ""CA"", ""display_address"": [""3692 18th St"", ""San Francisco, CA 94110""]}, ""phone"": ""+14156265600"", ""display_phone"": ""(415) 626-5600"", ""distance"": 946.3867385272524}, {""id"": ""lJAGnYzku5zSaLnQ_T6_GQ"", ""alias"": ""brendas-french-soul-food-san-francisco-6"", ""name"": ""Brenda's French Soul Food"", ""image_url"": ""https://s3-media4.fl.yelpcdn.com/bphoto/VJ865E7ULQWSNjKhNG57VQ/o.jpg"", ""is_closed"": false, ""url"": ""https://www.yelp.com/biz/brendas-french-soul-food-san-francisco-6?adjust_creative=ULHW7ynqdXE8Z9Fnr4irFw&utm_campaign=yelp_api_v3&utm_medium=api_v3_business_search&utm_source=ULHW7ynqdXE8Z9Fnr4irFw"", ""review_count"": 11921, ""categories"": [{""alias"": ""breakfast_brunch"", ""title"": ""Breakfast & Brunch""}, {""alias"": ""southern"", ""title"": ""Southern""}, {""alias"": ""cajun"", ""title"": ""Cajun/Creole""}], ""rating"": 4.0, ""coordinates"": {""latitude"": 37.78291531984934, ""longitude"": -122.41889950001861}, ""transactions"": [""delivery""], ""price"": ""$$"", ""location"": {""address1"": ""652 Polk St"", ""address2"": """", ""address3"": """", ""city"": ""San Francisco"", ""zip_code"": ""94102"", ""country"": ""US"", ""state"": ""CA"", ""display_address"": [""652 Polk St"", ""San Francisco, CA 94102""]}, ""phone"": ""+14153458100"", ""display_phone"": ""(415) 345-8100"", ""distance"": 2893.406621737596}, {""id"": ""WavvLdfdP6g8aZTtbBQHTw"", ""alias"": ""gary-danko-san-francisco"", ""name"": ""Gary Danko"", ""image_url"": ""https://s3-media3.fl.yelpcdn.com/bphoto/eyYUz3Xl7NtcJeN7x7SQwg/o.jpg"", ""is_closed"": false, ""url"": ""https://www.yelp.com/biz/gary-danko-san-francisco?adjust_creative=ULHW7ynqdXE8Z9Fnr4irFw&utm_campaign=yelp_api_v3&utm_medium=api_v3_business_search&utm_source=ULHW7ynqdXE8Z9Fnr4irFw"", ""review_count"": 5808, ""categories"": [{""alias"": ""newamerican"", ""title"": ""American (New)""}, {""alias"": ""french"", ""title"": ""French""}, {""alias"": ""wine_bars"", ""title"": ""Wine Bars""}], ""rating"": 4.5, ""coordinates"": {""latitude"": 37.80587, ""longitude"": -122.42058}, ""transactions"": [], ""price"": ""$$$$"", ""location"": {""address1"": ""800 N Point St"", ""address2"": """", ""address3"": """", ""city"": ""San Francisco"", ""zip_code"": ""94109"", ""country"": ""US"", ""state"": ""CA"", ""display_address"": [""800 N Point St"", ""San Francisco, CA 94109""]}, ""phone"": ""+14157492060"", ""display_phone"": ""(415) 749-2060"", ""distance"": 5191.341803207417}, {""id"": ""76smcUUGRvq3k1MVPUXbnA"", ""alias"": ""mitchells-ice-cream-san-francisco"", ""name"": ""Mitchells Ice Cream"", ""image_url"": ""https://s3-media2.fl.yelpcdn.com/bphoto/f4lzrsfJLSd4CW1-LWmO2w/o.jpg"", ""is_closed"": false, ""url"": ""https://www.yelp.com/biz/mitchells-ice-cream-san-francisco?adjust_creative=ULHW7ynqdXE8Z9Fnr4irFw&utm_campaign=yelp_api_v3&utm_medium=api_v3_business_search&utm_source=ULHW7ynqdXE8Z9Fnr4irFw"", ""review_count"": 4641, ""categories"": [{""alias"": ""icecream"", ""title"": ""Ice Cream & Frozen Yogurt""}, {""alias"": ""customcakes"", ""title"": ""Custom Cakes""}], ""rating"": 4.5, ""coordinates"": {""latitude"": 37.744221, ""longitude"": -122.422791}, ""transactions"": [""pickup"", ""delivery""], ""price"": ""$"", ""location"": {""address1"": ""688 San Jose Ave"", ""address2"": """", ""address3"": """", ""city"": ""San Francisco"", ""zip_code"": ""94110"", ""country"": ""US"", ""state"": ""CA"", ""display_address"": [""688 San Jose Ave"", ""San Francisco, CA 94110""]}, ""phone"": ""+14156482300"", ""display_phone"": ""(415) 648-2300"", ""distance"": 2209.2604244994063}, {""id"": ""ri7UUYmx21AgSpRsf4-9QA"", ""alias"": ""tartine-bakery-san-francisco-3"", ""name"": ""Tartine Bakery"", ""image_url"": ""https://s3-media4.fl.yelpcdn.com/bphoto/QRbC0TQ2zxTKXHt5NfpFCw/o.jpg"", ""is_closed"": false, ""url"": ""https://www.yelp.com/biz/tartine-bakery-san-francisco-3?adjust_creative=ULHW7ynqdXE8Z9Fnr4irFw&utm_campaign=yelp_api_v3&utm_medium=api_v3_business_search&utm_source=ULHW7ynqdXE8Z9Fnr4irFw"", ""review_count"": 8686, ""categories"": [{""alias"": ""bakeries"", ""title"": ""Bakeries""}, {""alias"": ""cafes"", ""title"": ""Cafes""}, {""alias"": ""desserts"", ""title"": ""Desserts""}], ""rating"": 4.0, ""coordinates"": {""latitude"": 37.76131, ""longitude"": -122.42431}, ""transactions"": [""delivery""], ""price"": ""$$"", ""location"": {""address1"": ""600 Guerrero St"", ""address2"": """", ""address3"": """", ""city"": ""San Francisco"", ""zip_code"": ""94110"", ""country"": ""US"", ""state"": ""CA"", ""display_address"": [""600 Guerrero St"", ""San Francisco, CA 94110""]}, ""phone"": ""+14154872600"", ""display_phone"": ""(415) 487-2600"", ""distance"": 1087.6389326055803}, {""id"": ""Xg-FyjVKAN70LO4u4Z1ozg"", ""alias"": ""hog-island-oyster-san-francisco-2"", ""name"": ""Hog Island Oyster"", ""image_url"": ""https://s3-media4.fl.yelpcdn.com/bphoto/Kozd3NJMSaT6S3J2kYAc1g/o.jpg"", ""is_closed"": false, ""url"": ""https://www.yelp.com/biz/hog-island-oyster-san-francisco-2?adjust_creative=ULHW7ynqdXE8Z9Fnr4irFw&utm_campaign=yelp_api_v3&utm_medium=api_v3_business_search&utm_source=ULHW7ynqdXE8Z9Fnr4irFw"", ""review_count"": 6811, ""categories"": [{""alias"": ""seafood"", ""title"": ""Seafood""}, {""alias"": ""seafoodmarkets"", ""title"": ""Seafood Markets""}, {""alias"": ""raw_food"", ""title"": ""Live/Raw Food""}], ""rating"": 4.5, ""coordinates"": {""latitude"": 37.795831, ""longitude"": -122.393303}, ""transactions"": [], ""price"": ""$$"", ""location"": {""address1"": ""1 Ferry Bldg"", ""address2"": """", ""address3"": ""Shop 11"", ""city"": ""San Francisco"", ""zip_code"": ""94111"", ""country"": ""US"", ""state"": ""CA"", ""display_address"": [""1 Ferry Bldg"", ""Shop 11"", ""San Francisco, CA 94111""]}, ""phone"": ""+14153917117"", ""display_phone"": ""(415) 391-7117"", ""distance"": 5428.15670676801}, {""id"": ""oT08T3Vpn1I7jDmrBBRMTw"", ""alias"": ""house-of-prime-rib-san-francisco"", ""name"": ""House of Prime Rib"", ""image_url"": ""https://s3-media4.fl.yelpcdn.com/bphoto/HLrjaMoAgYSac0vx71YpCA/o.jpg"", ""is_closed"": false, ""url"": ""https://www.yelp.com/biz/house-of-prime-rib-san-francisco?adjust_creative=ULHW7ynqdXE8Z9Fnr4irFw&utm_campaign=yelp_api_v3&utm_medium=api_v3_business_search&utm_source=ULHW7ynqdXE8Z9Fnr4irFw"", ""review_count"": 8356, ""categories"": [{""alias"": ""tradamerican"", ""title"": ""American (Traditional)""}, {""alias"": ""steak"", ""title"": ""Steakhouses""}, {""alias"": ""wine_bars"", ""title"": ""Wine Bars""}], ""rating"": 4.0, ""coordinates"": {""latitude"": 37.79338, ""longitude"": -122.4225}, ""transactions"": [], ""price"": ""$$$"", ""location"": {""address1"": ""1906 Van Ness Ave"", ""address2"": """", ""address3"": """", ""city"": ""San Francisco"", ""zip_code"": ""94109"", ""country"": ""US"", ""state"": ""CA"", ""display_address"": [""1906 Van Ness Ave"", ""San Francisco, CA 94109""]}, ""phone"": ""+14158854605"", ""display_phone"": ""(415) 885-4605"", ""distance"": 3827.4799374720046}, {""id"": ""f-m7-hyFzkf0HSEeQ2s-9A"", ""alias"": ""fog-harbor-fish-house-san-francisco-2"", ""name"": ""Fog Harbor Fish House"", ""image_url"": ""https://s3-media2.fl.yelpcdn.com/bphoto/by8Hh63BLPv_HUqRUdsp_w/o.jpg"", ""is_closed"": false, ""url"": ""https://www.yelp.com/biz/fog-harbor-fish-house-san-francisco-2?adjust_creative=ULHW7ynqdXE8Z9Fnr4irFw&utm_campaign=yelp_api_v3&utm_medium=api_v3_business_search&utm_source=ULHW7ynqdXE8Z9Fnr4irFw"", ""review_count"": 8802, ""categories"": [{""alias"": ""seafood"", ""title"": ""Seafood""}, {""alias"": ""wine_bars"", ""title"": ""Wine Bars""}, {""alias"": ""cocktailbars"", ""title"": ""Cocktail Bars""}], ""rating"": 4.5, ""coordinates"": {""latitude"": 37.80898821475503, ""longitude"": -122.41029651587517}, ""transactions"": [""restaurant_reservation""], ""price"": ""$$"", ""location"": {""address1"": ""39 Pier"", ""address2"": ""Ste a - 202"", ""address3"": """", ""city"": ""San Francisco"", ""zip_code"": ""94133"", ""country"": ""US"", ""state"": ""CA"", ""display_address"": [""39 Pier"", ""Ste a - 202"", ""San Francisco, CA 94133""]}, ""phone"": ""+14159692010"", ""display_phone"": ""(415) 969-2010"", ""distance"": 5820.143221179387}, {""id"": ""2XQm-uFcTS7oc8MFP-8olA"", ""alias"": ""b-patisserie-san-francisco-2"", ""name"": ""B Patisserie"", ""image_url"": ""https://s3-media4.fl.yelpcdn.com/bphoto/FK7xOOI-MowNBi4jFb21fg/o.jpg"", ""is_closed"": false, ""url"": ""https://www.yelp.com/biz/b-patisserie-san-francisco-2?adjust_creative=ULHW7ynqdXE8Z9Fnr4irFw&utm_campaign=yelp_api_v3&utm_medium=api_v3_business_search&utm_source=ULHW7ynqdXE8Z9Fnr4irFw"", ""review_count"": 3209, ""categories"": [{""alias"": ""bakeries"", ""title"": ""Bakeries""}, {""alias"": ""cakeshop"", ""title"": ""Patisserie/Cake Shop""}, {""alias"": ""macarons"", ""title"": ""Macarons""}], ""rating"": 4.5, ""coordinates"": {""latitude"": 37.787873, ""longitude"": -122.440882}, ""transactions"": [""delivery""], ""price"": ""$$"", ""location"": {""address1"": ""2821 California St"", ""address2"": """", ""address3"": """", ""city"": ""San Francisco"", ""zip_code"": ""94115"", ""country"": ""US"", ""state"": ""CA"", ""display_address"": [""2821 California St"", ""San Francisco, CA 94115""]}, ""phone"": ""+14154401700"", ""display_phone"": ""(415) 440-1700"", ""distance"": 3024.692512860378}, {""id"": ""eYXwVR4mMAjzkJnm5wneHQ"", ""alias"": ""burma-superstar-san-francisco-2"", ""name"": ""Burma Superstar"", ""image_url"": ""https://s3-media4.fl.yelpcdn.com/bphoto/Rt-zOS-uNY0cafsq1UeoDw/o.jpg"", ""is_closed"": false, ""url"": ""https://www.yelp.com/biz/burma-superstar-san-francisco-2?adjust_creative=ULHW7ynqdXE8Z9Fnr4irFw&utm_campaign=yelp_api_v3&utm_medium=api_v3_business_search&utm_source=ULHW7ynqdXE8Z9Fnr4irFw"", ""review_count"": 7399, ""categories"": [{""alias"": ""burmese"", ""title"": ""Burmese""}], ""rating"": 4.0, ""coordinates"": {""latitude"": 37.782787322998, ""longitude"": -122.462539672852}, ""transactions"": [""pickup"", ""delivery""], ""price"": ""$$"", ""location"": {""address1"": ""309 Clement St"", ""address2"": """", ""address3"": """", ""city"": ""San Francisco"", ""zip_code"": ""94118"", ""country"": ""US"", ""state"": ""CA"", ""display_address"": [""309 Clement St"", ""San Francisco, CA 94118""]}, ""phone"": ""+14153872147"", ""display_phone"": ""(415) 387-2147"", ""distance"": 3348.056372269087}, {""id"": ""PsY5DMHxa5iNX_nX0T-qPA"", ""alias"": ""kokkari-estiatorio-san-francisco"", ""name"": ""Kokkari Estiatorio"", ""image_url"": ""https://s3-media2.fl.yelpcdn.com/bphoto/FTQfPJubJEtYeyHqwAsVKw/o.jpg"", ""is_closed"": false, ""url"": ""https://www.yelp.com/biz/kokkari-estiatorio-san-francisco?adjust_creative=ULHW7ynqdXE8Z9Fnr4irFw&utm_campaign=yelp_api_v3&utm_medium=api_v3_business_search&utm_source=ULHW7ynqdXE8Z9Fnr4irFw"", ""review_count"": 5012, ""categories"": [{""alias"": ""greek"", ""title"": ""Greek""}, {""alias"": ""mediterranean"", ""title"": ""Mediterranean""}], ""rating"": 4.5, ""coordinates"": {""latitude"": 37.796996, ""longitude"": -122.399661}, ""transactions"": [""pickup"", ""delivery""], ""price"": ""$$$"", ""location"": {""address1"": ""200 Jackson St"", ""address2"": """", ""address3"": """", ""city"": ""San Francisco"", ""zip_code"": ""94111"", ""country"": ""US"", ""state"": ""CA"", ""display_address"": [""200 Jackson St"", ""San Francisco, CA 94111""]}, ""phone"": ""+14159810983"", ""display_phone"": ""(415) 981-0983"", ""distance"": 5153.879756630951}, {""id"": ""M0JTO3oyu6gxh1mfFjU-dA"", ""alias"": ""san-tung-san-francisco-2"", ""name"": ""San Tung"", ""image_url"": ""https://s3-media3.fl.yelpcdn.com/bphoto/rYZbin0NWrbrs0TYzI8rYA/o.jpg"", ""is_closed"": false, ""url"": ""https://www.yelp.com/biz/san-tung-san-francisco-2?adjust_creative=ULHW7ynqdXE8Z9Fnr4irFw&utm_campaign=yelp_api_v3&utm_medium=api_v3_business_search&utm_source=ULHW7ynqdXE8Z9Fnr4irFw"", ""review_count"": 7843, ""categories"": [{""alias"": ""chinese"", ""title"": ""Chinese""}, {""alias"": ""chicken_wings"", ""title"": ""Chicken Wings""}, {""alias"": ""noodles"", ""title"": ""Noodles""}], ""rating"": 4.0, ""coordinates"": {""latitude"": 37.76378306790313, ""longitude"": -122.46900735179602}, ""transactions"": [""delivery""], ""price"": ""$$"", ""location"": {""address1"": ""1031 Irving St"", ""address2"": """", ""address3"": """", ""city"": ""San Francisco"", ""zip_code"": ""94122"", ""country"": ""US"", ""state"": ""CA"", ""display_address"": [""1031 Irving St"", ""San Francisco, CA 94122""]}, ""phone"": ""+14152420828"", ""display_phone"": ""(415) 242-0828"", ""distance"": 2880.1394717686867}, {""id"": ""HHtpR0RslupSQ99GIIwW5A"", ""alias"": ""marufuku-ramen-san-francisco-5"", ""name"": ""Marufuku Ramen"", ""image_url"": ""https://s3-media4.fl.yelpcdn.com/bphoto/ouK2VmW0SrI70jsJpTxJhw/o.jpg"", ""is_closed"": false, ""url"": ""https://www.yelp.com/biz/marufuku-ramen-san-francisco-5?adjust_creative=ULHW7ynqdXE8Z9Fnr4irFw&utm_campaign=yelp_api_v3&utm_medium=api_v3_business_search&utm_source=ULHW7ynqdXE8Z9Fnr4irFw"", ""review_count"": 4348, ""categories"": [{""alias"": ""ramen"", ""title"": ""Ramen""}], ""rating"": 4.5, ""coordinates"": {""latitude"": 37.785014, ""longitude"": -122.431842}, ""transactions"": [""pickup"", ""delivery""], ""price"": ""$$"", ""location"": {""address1"": ""1581 Webster St"", ""address2"": ""Ste 235"", ""address3"": null, ""city"": ""San Francisco"", ""zip_code"": ""94115"", ""country"": ""US"", ""state"": ""CA"", ""display_address"": [""1581 Webster St"", ""Ste 235"", ""San Francisco, CA 94115""]}, ""phone"": ""+14158729786"", ""display_phone"": ""(415) 872-9786"", ""distance"": 2717.1759329403035}, {""id"": ""ttarnopezxmp2ROB1N2PaA"", ""alias"": ""nopa-san-francisco"", ""name"": ""Nopa"", ""image_url"": ""https://s3-media4.fl.yelpcdn.com/bphoto/QOc_docjeCrDHlckTaDE2A/o.jpg"", ""is_closed"": false, ""url"": ""https://www.yelp.com/biz/nopa-san-francisco?adjust_creative=ULHW7ynqdXE8Z9Fnr4irFw&utm_campaign=yelp_api_v3&utm_medium=api_v3_business_search&utm_source=ULHW7ynqdXE8Z9Fnr4irFw"", ""review_count"": 5349, ""categories"": [{""alias"": ""newamerican"", ""title"": ""American (New)""}, {""alias"": ""desserts"", ""title"": ""Desserts""}, {""alias"": ""cocktailbars"", ""title"": ""Cocktail Bars""}], ""rating"": 4.0, ""coordinates"": {""latitude"": 37.77483, ""longitude"": -122.43746}, ""transactions"": [""delivery""], ""price"": ""$$$"", ""location"": {""address1"": ""560 Divisadero St"", ""address2"": null, ""address3"": """", ""city"": ""San Francisco"", ""zip_code"": ""94117"", ""country"": ""US"", ""state"": ""CA"", ""display_address"": [""560 Divisadero St"", ""San Francisco, CA 94117""]}, ""phone"": ""+14158648643"", ""display_phone"": ""(415) 864-8643"", ""distance"": 1559.1831881623302}, {""id"": ""SGRmnarrNuVEsAjYdEoA0w"", ""alias"": ""el-farolito-san-francisco-2"", ""name"": ""El Farolito"", ""image_url"": ""https://s3-media3.fl.yelpcdn.com/bphoto/LgAqjxM7WTeQgllDANDi7A/o.jpg"", ""is_closed"": false, ""url"": ""https://www.yelp.com/biz/el-farolito-san-francisco-2?adjust_creative=ULHW7ynqdXE8Z9Fnr4irFw&utm_campaign=yelp_api_v3&utm_medium=api_v3_business_search&utm_source=ULHW7ynqdXE8Z9Fnr4irFw"", ""review_count"": 5331, ""categories"": [{""alias"": ""mexican"", ""title"": ""Mexican""}], ""rating"": 4.0, ""coordinates"": {""latitude"": 37.75265, ""longitude"": -122.41812}, ""transactions"": [""delivery""], ""price"": ""$"", ""location"": {""address1"": ""2779 Mission St"", ""address2"": """", ""address3"": """", ""city"": ""San Francisco"", ""zip_code"": ""94110"", ""country"": ""US"", ""state"": ""CA"", ""display_address"": [""2779 Mission St"", ""San Francisco, CA 94110""]}, ""phone"": ""+14158247877"", ""display_phone"": ""(415) 824-7877"", ""distance"": 1845.9442151607977}, {""id"": ""-DrR38H1Abk0wCyu9XOLug"", ""alias"": ""sweet-maple-san-francisco"", ""name"": ""Sweet Maple"", ""image_url"": ""https://s3-media2.fl.yelpcdn.com/bphoto/etyS0Af-PS74CTwxly2uoA/o.jpg"", ""is_closed"": false, ""url"": ""https://www.yelp.com/biz/sweet-maple-san-francisco?adjust_creative=ULHW7ynqdXE8Z9Fnr4irFw&utm_campaign=yelp_api_v3&utm_medium=api_v3_business_search&utm_source=ULHW7ynqdXE8Z9Fnr4irFw"", ""review_count"": 4531, ""categories"": [{""alias"": ""tradamerican"", ""title"": ""American (Traditional)""}, {""alias"": ""breakfast_brunch"", ""title"": ""Breakfast & Brunch""}, {""alias"": ""burgers"", ""title"": ""Burgers""}], ""rating"": 4.5, ""coordinates"": {""latitude"": 37.785735681426, ""longitude"": -122.43507770852}, ""transactions"": [""pickup"", ""delivery""], ""price"": ""$$"", ""location"": {""address1"": ""2101 Sutter St"", ""address2"": """", ""address3"": """", ""city"": ""San Francisco"", ""zip_code"": ""94115"", ""country"": ""US"", ""state"": ""CA"", ""display_address"": [""2101 Sutter St"", ""San Francisco, CA 94115""]}, ""phone"": ""+14156559169"", ""display_phone"": ""(415) 655-9169"", ""distance"": 2764.2882648857435}, {""id"": ""gqVl3RprESEqkIPeJH0yOg"", ""alias"": ""zazie-san-francisco"", ""name"": ""Zazie"", ""image_url"": ""https://s3-media2.fl.yelpcdn.com/bphoto/p-wLlWtS6hcPY5vXWkd92Q/o.jpg"", ""is_closed"": false, ""url"": ""https://www.yelp.com/biz/zazie-san-francisco?adjust_creative=ULHW7ynqdXE8Z9Fnr4irFw&utm_campaign=yelp_api_v3&utm_medium=api_v3_business_search&utm_source=ULHW7ynqdXE8Z9Fnr4irFw"", ""review_count"": 5003, ""categories"": [{""alias"": ""breakfast_brunch"", ""title"": ""Breakfast & Brunch""}, {""alias"": ""french"", ""title"": ""French""}, {""alias"": ""wine_bars"", ""title"": ""Wine Bars""}], ""rating"": 4.0, ""coordinates"": {""latitude"": 37.76529, ""longitude"": -122.45015}, ""transactions"": [""delivery"", ""restaurant_reservation""], ""price"": ""$$"", ""location"": {""address1"": ""941 Cole St"", ""address2"": """", ""address3"": """", ""city"": ""San Francisco"", ""zip_code"": ""94117"", ""country"": ""US"", ""state"": ""CA"", ""display_address"": [""941 Cole St"", ""San Francisco, CA 94117""]}, ""phone"": ""+14155645332"", ""display_phone"": ""(415) 564-5332"", ""distance"": 1293.4516066999126}, {""id"": ""1U9_ZNruMLf4EL0pMoxb_w"", ""alias"": ""arsicault-bakery-san-francisco"", ""name"": ""Arsicault Bakery"", ""image_url"": ""https://s3-media3.fl.yelpcdn.com/bphoto/edKSWJOL997YPjZz51-Rpw/o.jpg"", ""is_closed"": false, ""url"": ""https://www.yelp.com/biz/arsicault-bakery-san-francisco?adjust_creative=ULHW7ynqdXE8Z9Fnr4irFw&utm_campaign=yelp_api_v3&utm_medium=api_v3_business_search&utm_source=ULHW7ynqdXE8Z9Fnr4irFw"", ""review_count"": 2021, ""categories"": [{""alias"": ""bakeries"", ""title"": ""Bakeries""}], ""rating"": 4.5, ""coordinates"": {""latitude"": 37.783429, ""longitude"": -122.459307}, ""transactions"": [""delivery""], ""price"": ""$$"", ""location"": {""address1"": ""397 Arguello Blvd"", ""address2"": null, ""address3"": """", ""city"": ""San Francisco"", ""zip_code"": ""94118"", ""country"": ""US"", ""state"": ""CA"", ""display_address"": [""397 Arguello Blvd"", ""San Francisco, CA 94118""]}, ""phone"": ""+14157509460"", ""display_phone"": ""(415) 750-9460"", ""distance"": 3211.384136637487}, {""id"": ""8dUaybEPHsZMgr1iKgqgMQ"", ""alias"": ""sotto-mare-san-francisco-4"", ""name"": ""Sotto Mare"", ""image_url"": ""https://s3-media3.fl.yelpcdn.com/bphoto/o3hIcGLMxV_5ynxEjGWGrw/o.jpg"", ""is_closed"": false, ""url"": ""https://www.yelp.com/biz/sotto-mare-san-francisco-4?adjust_creative=ULHW7ynqdXE8Z9Fnr4irFw&utm_campaign=yelp_api_v3&utm_medium=api_v3_business_search&utm_source=ULHW7ynqdXE8Z9Fnr4irFw"", ""review_count"": 4751, ""categories"": [{""alias"": ""seafood"", ""title"": ""Seafood""}, {""alias"": ""italian"", ""title"": ""Italian""}, {""alias"": ""bars"", ""title"": ""Bars""}], ""rating"": 4.5, ""coordinates"": {""latitude"": 37.79979, ""longitude"": -122.40834}, ""transactions"": [""pickup"", ""delivery""], ""price"": ""$$"", ""location"": {""address1"": ""552 Green St"", ""address2"": """", ""address3"": """", ""city"": ""San Francisco"", ""zip_code"": ""94133"", ""country"": ""US"", ""state"": ""CA"", ""display_address"": [""552 Green St"", ""San Francisco, CA 94133""]}, ""phone"": ""+14153983181"", ""display_phone"": ""(415) 398-3181"", ""distance"": 4970.484877370465}, {""id"": ""mSMZJj2pFvttWLpcDmgrEA"", ""alias"": ""tonys-pizza-napoletana-san-francisco"", ""name"": ""Tony's Pizza Napoletana"", ""image_url"": ""https://s3-media1.fl.yelpcdn.com/bphoto/DvQZHMo2vHsASJKxCDwoZw/o.jpg"", ""is_closed"": false, ""url"": ""https://www.yelp.com/biz/tonys-pizza-napoletana-san-francisco?adjust_creative=ULHW7ynqdXE8Z9Fnr4irFw&utm_campaign=yelp_api_v3&utm_medium=api_v3_business_search&utm_source=ULHW7ynqdXE8Z9Fnr4irFw"", ""review_count"": 6254, ""categories"": [{""alias"": ""pizza"", ""title"": ""Pizza""}, {""alias"": ""italian"", ""title"": ""Italian""}, {""alias"": ""cocktailbars"", ""title"": ""Cocktail Bars""}], ""rating"": 4.0, ""coordinates"": {""latitude"": 37.8003315377662, ""longitude"": -122.409053979377}, ""transactions"": [""pickup"", ""delivery""], ""price"": ""$$"", ""location"": {""address1"": ""1570 Stockton St"", ""address2"": """", ""address3"": """", ""city"": ""San Francisco"", ""zip_code"": ""94133"", ""country"": ""US"", ""state"": ""CA"", ""display_address"": [""1570 Stockton St"", ""San Francisco, CA 94133""]}, ""phone"": ""+14158359888"", ""display_phone"": ""(415) 835-9888"", ""distance"": 5002.084940639829}], ""total"": 6800, ""region"": {""center"": {""longitude"": -122.43644714355469, ""latitude"": 37.76089938976322}}}",application/json,true,none
test_skv2an683dr6_getBusinesses,400,"{""error"": {""code"": ""VALIDATION_ERROR"", ""description"": ""Please specify a location or a latitude and longitude""}}",application/json,true,none
test_sl0n0hsedge1_getBusinesses,200,"{""businesses"": [], ""total"": 0, ""region"": {""center"": {""longitude"": -97.3814, ""latitude"": 42.78913}}}",application/json,true,none
test_sl3yc5wno1gl_getBusinesses,200,"{""businesses"": [], ""total"": 0, ""region"": {""center"": {""longitude"": -106.44927978515625, ""latitude"": 31.653215982221013}}}",application/json,true,none
test_soccsnls6lie_getBusinesses,400,"{""error"": {""code"": ""VALIDATION_ERROR"", ""description"": ""Please specify a location or a latitude and longitude""}}",application/json,true,none
test_soemn2gkaiph_getBusinesses,400,"{""error"": {""code"": ""LOCATION_NOT_FOUND"", ""description"": ""Could not execute search, try specifying a more exact location.""}}",application/json,true,none
test_sof337lyxzkz_getBusinesses,200,"{""businesses"": [], ""total"": 0, ""region"": {""center"": {""longitude"": 144.96734619140625, ""latitude"": -37.81787593178502}}}",application/json,true,none
test_t4c9bo86bko3_getBusinesses,200,"{""businesses"": [], ""total"": 0, ""region"": {""center"": {""longitude"": -108.727425, ""latitude"": 44.591873}}}",application/json,true,none
test_t8fp956a4wo2_getBusinesses,200,"{""businesses"": [{""id"": ""zVbwj208-Ko4YH35jkScCw"", ""alias"": ""bodega-santa-cruz-las-columnas-sevilla-2"", ""name"": ""Bodega Santa Cruz Las Columnas"", ""image_url"": ""https://s3-media1.fl.yelpcdn.com/bphoto/1uZh3AAhUuDsd-T4icCLHw/o.jpg"", ""is_closed"": false, ""url"": ""https://en.yelp.com.hk/biz/bodega-santa-cruz-las-columnas-sevilla-2?adjust_creative=ULHW7ynqdXE8Z9Fnr4irFw&utm_campaign=yelp_api_v3&utm_medium=api_v3_business_search&utm_source=ULHW7ynqdXE8Z9Fnr4irFw"", ""review_count"": 163, ""categories"": [{""alias"": ""tapas"", ""title"": ""Tapas Bars""}, {""alias"": ""wine_bars"", ""title"": ""Wine Bars""}], ""rating"": 4.0, ""coordinates"": {""latitude"": 37.3860191, ""longitude"": -5.9907849}, ""transactions"": [], ""price"": ""\u20ac"", ""location"": {""address1"": ""Calle de Rodrigo Caro, 1"", ""address2"": """", ""address3"": """", ""city"": ""Seville"", ""zip_code"": ""41004"", ""country"": ""ES"", ""state"": ""SE"", ""display_address"": [""Calle de Rodrigo Caro, 1"", ""41004 Seville"", ""Spain""]}, ""phone"": ""+34954218618"", ""display_phone"": ""+34 954 21 86 18"", ""distance"": 546.9454189667489}, {""id"": ""gI3FMmOkcvQAqlBg-Xv1Jg"", ""alias"": ""taberna-coloniales-sevilla"", ""name"": ""Taberna Coloniales"", ""image_url"": ""https://s3-media2.fl.yelpcdn.com/bphoto/ml_zFaJ71_fINbNG6_3URg/o.jpg"", ""is_closed"": false, ""url"": ""https://en.yelp.com.hk/biz/taberna-coloniales-sevilla?adjust_creative=ULHW7ynqdXE8Z9Fnr4irFw&utm_campaign=yelp_api_v3&utm_medium=api_v3_business_search&utm_source=ULHW7ynqdXE8Z9Fnr4irFw"", ""review_count"": 130, ""categories"": [{""alias"": ""spanish"", ""title"": ""Spanish""}, {""alias"": ""tapasmallplates"", ""title"": ""Tapas & Small Plates""}, {""alias"": ""tapas"", ""title"": ""Tapas Bars""}], ""rating"": 4.0, ""coordinates"": {""latitude"": 37.3916707, ""longitude"": -5.9895086}, ""transactions"": [], ""price"": ""\u20ac"", ""location"": {""address1"": ""Plaza Cristo de Burgos, 19"", ""address2"": null, ""address3"": null, ""city"": ""Seville"", ""zip_code"": ""41003"", ""country"": ""ES"", ""state"": ""SE"", ""display_address"": [""Plaza Cristo de Burgos, 19"", ""41003 Seville"", ""Spain""]}, ""phone"": ""+34954501137"", ""display_phone"": ""+34 954 50 11 37"", ""distance"": 442.3316125632987}, {""id"": ""vbqr-iKeWVKgmi5Ct6o-zA"", ""alias"": ""mega-sevilla-2"", ""name"": ""Mega"", ""image_url"": ""https://s3-media2.fl.yelpcdn.com/bphoto/Wdfsfr6xVTsK63RJMGxlwQ/o.jpg"", ""is_closed"": false, ""url"": ""https://en.yelp.com.hk/biz/mega-sevilla-2?adjust_creative=ULHW7ynqdXE8Z9Fnr4irFw&utm_campaign=yelp_api_v3&utm_medium=api_v3_business_search&utm_source=ULHW7ynqdXE8Z9Fnr4irFw"", ""review_count"": 99, ""categories"": [{""alias"": ""spanish"", ""title"": ""Spanish""}, {""alias"": ""burgers"", ""title"": ""Burgers""}, {""alias"": ""tapas"", ""title"": ""Tapas Bars""}], ""rating"": 4.0, ""coordinates"": {""latitude"": 37.3997256484442, ""longitude"": -5.98647594451904}, ""transactions"": [], ""price"": ""\u20ac"", ""location"": {""address1"": ""Calle Macasta, 27"", ""address2"": """", ""address3"": """", ""city"": ""Seville"", ""zip_code"": ""41003"", ""country"": ""ES"", ""state"": ""SE"", ""display_address"": [""Calle Macasta, 27"", ""41003 Seville"", ""Spain""]}, ""phone"": ""+34955281695"", ""display_phone"": ""+34 955 28 16 95"", ""distance"": 1197.295728535391}], ""total"": 1200, ""region"": {""center"": {""longitude"": -5.985832214355469, ""latitude"": 37.38897024983557}}}",application/json,false,"OAS disconformity: [Path '/businesses/[item]/price'] Instance value ("""") not found in enum (possible values: [""$"";""$$"";""$$$"";""$$$$""])"
test_to4izqaor4v9_getBusinesses,400,"{""error"": {""code"": ""OPEN_AT_AND_NOW_PROVIDED"", ""description"": ""You must specify either open_at or open_now, not both.""}}",application/json,true,none
test_u7u387vxzbdu_getBusinesses,400,"{""error"": {""code"": ""VALIDATION_ERROR"", ""description"": ""Please specify a location or a latitude and longitude""}}",application/json,true,none
test_ubu6bwvv60kl_getBusinesses,200,"{""businesses"": [], ""total"": 0, ""region"": {""center"": {""longitude"": 9.189033508300781, ""latitude"": 45.47047287954827}}}",application/json,true,none
test_ubu71ko7bejl_getBusinesses,400,"{""error"": {""code"": ""VALIDATION_ERROR"", ""description"": ""Please specify a location or a latitude and longitude""}}",application/json,true,none
test_ure3iq3q70ah_getBusinesses,400,"{""error"": {""code"": ""VALIDATION_ERROR"", ""description"": ""Please specify a location or a latitude and longitude""}}",application/json,true,none
test_urmerkygkfg9_getBusinesses,200,"{""businesses"": [{""id"": ""LDqA7rQ3fCmPWFymhIXXcQ"", ""alias"": ""sakesan-sushi-and-bistro-san-francisco-2"", ""name"": ""Sakesan Sushi & Bistro"", ""image_url"": ""https://s3-media2.fl.yelpcdn.com/bphoto/ZGDmAxFMtHMFtbFTVcgj7Q/o.jpg"", ""is_closed"": false, ""url"": ""https://www.yelp.com.sg/biz/sakesan-sushi-and-bistro-san-francisco-2?adjust_creative=ULHW7ynqdXE8Z9Fnr4irFw&utm_campaign=yelp_api_v3&utm_medium=api_v3_business_search&utm_source=ULHW7ynqdXE8Z9Fnr4irFw"", ""review_count"": 1174, ""categories"": [{""alias"": ""japanese"", ""title"": ""Japanese""}, {""alias"": ""karaoke"", ""title"": ""Karaoke""}, {""alias"": ""sushi"", ""title"": ""Sushi""}], ""rating"": 4.0, ""coordinates"": {""latitude"": 37.7830613, ""longitude"": -122.466063}, ""transactions"": [""delivery"", ""restaurant_reservation"", ""pickup""], ""price"": ""$$"", ""location"": {""address1"": ""626 Clement St"", ""address2"": null, ""address3"": """", ""city"": ""San Francisco"", ""zip_code"": ""94118"", ""country"": ""US"", ""state"": ""CA"", ""display_address"": [""626 Clement St"", ""San Francisco, CA 94118"", ""United States""]}, ""phone"": ""+14158766313"", ""display_phone"": ""+1 415-876-6313"", ""distance"": 3584.507149023519}, {""id"": ""34uRz5cJjNotc2qbq04UHA"", ""alias"": ""martunis-san-francisco"", ""name"": ""Martuni's"", ""image_url"": ""https://s3-media4.fl.yelpcdn.com/bphoto/IxjC2a_98enzcJXEc0oOKw/o.jpg"", ""is_closed"": false, ""url"": ""https://www.yelp.com.sg/biz/martunis-san-francisco?adjust_creative=ULHW7ynqdXE8Z9Fnr4irFw&utm_campaign=yelp_api_v3&utm_medium=api_v3_business_search&utm_source=ULHW7ynqdXE8Z9Fnr4irFw"", ""review_count"": 882, ""categories"": [{""alias"": ""lounges"", ""title"": ""Lounges""}, {""alias"": ""karaoke"", ""title"": ""Karaoke""}, {""alias"": ""pianobars"", ""title"": ""Piano Bars""}], ""rating"": 4.0, ""coordinates"": {""latitude"": 37.7721648276635, ""longitude"": -122.422752878679}, ""transactions"": [], ""price"": ""$$"", ""location"": {""address1"": ""4 Valencia St"", ""address2"": """", ""address3"": """", ""city"": ""San Francisco"", ""zip_code"": ""94103"", ""country"": ""US"", ""state"": ""CA"", ""display_address"": [""4 Valencia St"", ""San Francisco, CA 94103"", ""United States""]}, ""phone"": ""+14152410205"", ""display_phone"": ""+1 415-241-0205"", ""distance"": 1737.2791781152098}, {""id"": ""lQZNnHj-Km46ujwouI_zqQ"", ""alias"": ""bow-bow-cocktail-lounge-san-francisco"", ""name"": ""Bow Bow Cocktail Lounge"", ""image_url"": ""https://s3-media1.fl.yelpcdn.com/bphoto/OOfVxAy4ED9oFnIZ1_ncyQ/o.jpg"", ""is_closed"": false, ""url"": ""https://www.yelp.com.sg/biz/bow-bow-cocktail-lounge-san-francisco?adjust_creative=ULHW7ynqdXE8Z9Fnr4irFw&utm_campaign=yelp_api_v3&utm_medium=api_v3_business_search&utm_source=ULHW7ynqdXE8Z9Fnr4irFw"", ""review_count"": 267, ""categories"": [{""alias"": ""karaoke"", ""title"": ""Karaoke""}, {""alias"": ""cocktailbars"", ""title"": ""Cocktail Bars""}], ""rating"": 4.0, ""coordinates"": {""latitude"": 37.79750407550066, ""longitude"": -122.40708450205045}, ""transactions"": [], ""price"": ""$"", ""location"": {""address1"": ""1155 Grant Ave"", ""address2"": """", ""address3"": """", ""city"": ""San Francisco"", ""zip_code"": ""94133"", ""country"": ""US"", ""state"": ""CA"", ""display_address"": [""1155 Grant Ave"", ""San Francisco, CA 94133"", ""United States""]}, ""phone"": ""+14154216730"", ""display_phone"": ""+1 415-421-6730"", ""distance"": 4819.360631444117}, {""id"": ""S7Rk2TKLXZojlRNbChM9eA"", ""alias"": ""bay-area-dj-and-karaoke-event-services-san-francisco"", ""name"": ""Bay Area DJ and Karaoke Event Services"", ""image_url"": ""https://s3-media1.fl.yelpcdn.com/bphoto/IYJszy4kQaeXgkKoBRs8tQ/o.jpg"", ""is_closed"": false, ""url"": ""https://www.yelp.com.sg/biz/bay-area-dj-and-karaoke-event-services-san-francisco?adjust_creative=ULHW7ynqdXE8Z9Fnr4irFw&utm_campaign=yelp_api_v3&utm_medium=api_v3_business_search&utm_source=ULHW7ynqdXE8Z9Fnr4irFw"", ""review_count"": 78, ""categories"": [{""alias"": ""djs"", ""title"": ""DJs""}, {""alias"": ""karaoke"", ""title"": ""Karaoke""}], ""rating"": 5.0, ""coordinates"": {""latitude"": 37.7885306820538, ""longitude"": -122.402249362304}, ""transactions"": [], ""price"": ""$$"", ""location"": {""address1"": """", ""address2"": """", ""address3"": """", ""city"": ""San Francisco"", ""zip_code"": ""94103"", ""country"": ""US"", ""state"": ""CA"", ""display_address"": [""San Francisco, CA 94103"", ""United States""]}, ""phone"": ""+19254512002"", ""display_phone"": ""+1 925-451-2002"", ""distance"": 4298.1533436550835}, {""id"": ""ARYVRz0zaUIDeYlkoeQgHA"", ""alias"": ""do-re-mi-music-studio-san-francisco"", ""name"": ""Do Re Mi Music Studio"", ""image_url"": ""https://s3-media1.fl.yelpcdn.com/bphoto/fMsn8di0LAOg7R15hXRhtQ/o.jpg"", ""is_closed"": false, ""url"": ""https://www.yelp.com.sg/biz/do-re-mi-music-studio-san-francisco?adjust_creative=ULHW7ynqdXE8Z9Fnr4irFw&utm_campaign=yelp_api_v3&utm_medium=api_v3_business_search&utm_source=ULHW7ynqdXE8Z9Fnr4irFw"", ""review_count"": 293, ""categories"": [{""alias"": ""karaoke"", ""title"": ""Karaoke""}], ""rating"": 3.5, ""coordinates"": {""latitude"": 37.7858949, ""longitude"": -122.4284056}, ""transactions"": [], ""price"": ""$$"", ""location"": {""address1"": ""1604 Post St"", ""address2"": """", ""address3"": """", ""city"": ""San Francisco"", ""zip_code"": ""94115"", ""country"": ""US"", ""state"": ""CA"", ""display_address"": [""1604 Post St"", ""San Francisco, CA 94115"", ""United States""]}, ""phone"": ""+14157718884"", ""display_phone"": ""+1 415-771-8884"", ""distance"": 2868.02998093436}, {""id"": ""uybys0n0ZR5pDWjX7ZOORw"", ""alias"": ""silver-cloud-restaurant-and-karaoke-bar-san-francisco"", ""name"": ""Silver Cloud Restaurant and Karaoke Bar"", ""image_url"": ""https://s3-media1.fl.yelpcdn.com/bphoto/GTndVN5-Ru6mkIPCivpblw/o.jpg"", ""is_closed"": false, ""url"": ""https://www.yelp.com.sg/biz/silver-cloud-restaurant-and-karaoke-bar-san-francisco?adjust_creative=ULHW7ynqdXE8Z9Fnr4irFw&utm_campaign=yelp_api_v3&utm_medium=api_v3_business_search&utm_source=ULHW7ynqdXE8Z9Fnr4irFw"", ""review_count"": 341, ""categories"": [{""alias"": ""karaoke"", ""title"": ""Karaoke""}, {""alias"": ""sportsbars"", ""title"": ""Sports Bars""}, {""alias"": ""newamerican"", ""title"": ""American (New)""}], ""rating"": 3.0, ""coordinates"": {""latitude"": 37.8001417, ""longitude"": -122.4342261}, ""transactions"": [""pickup"", ""delivery""], ""price"": ""$$"", ""location"": {""address1"": ""1994 Lombard St"", ""address2"": """", ""address3"": """", ""city"": ""San Francisco"", ""zip_code"": ""94123"", ""country"": ""US"", ""state"": ""CA"", ""display_address"": [""1994 Lombard St"", ""San Francisco, CA 94123"", ""United States""]}, ""phone"": ""+14159221977"", ""display_phone"": ""+1 415-922-1977"", ""distance"": 4367.904624583285}, {""id"": ""7aRzYE_QJfXbd8BH5QnWhg"", ""alias"": ""fillmore-karaoke-san-francisco"", ""name"": ""Fillmore Karaoke"", ""image_url"": ""https://s3-media3.fl.yelpcdn.com/bphoto/6dLGEN0NzGBa4vyKKmY8Vw/o.jpg"", ""is_closed"": false, ""url"": ""https://www.yelp.com.sg/biz/fillmore-karaoke-san-francisco?adjust_creative=ULHW7ynqdXE8Z9Fnr4irFw&utm_campaign=yelp_api_v3&utm_medium=api_v3_business_search&utm_source=ULHW7ynqdXE8Z9Fnr4irFw"", ""review_count"": 145, ""categories"": [{""alias"": ""karaoke"", ""title"": ""Karaoke""}], ""rating"": 3.5, ""coordinates"": {""latitude"": 37.7826227992773, ""longitude"": -122.432514354587}, ""transactions"": [], ""price"": ""$$"", ""location"": {""address1"": ""1410 Fillmore St"", ""address2"": """", ""address3"": """", ""city"": ""San Francisco"", ""zip_code"": ""94115"", ""country"": ""US"", ""state"": ""CA"", ""display_address"": [""1410 Fillmore St"", ""San Francisco, CA 94115"", ""United States""]}, ""phone"": ""+14156735708"", ""display_phone"": ""+1 415-673-5708"", ""distance"": 2450.1085414790305}, {""id"": ""8Ju63z-Yb5hlp1jn6qxEcw"", ""alias"": ""supreme-pot-daly-city"", ""name"": ""Supreme Pot"", ""image_url"": ""https://s3-media1.fl.yelpcdn.com/bphoto/WMLEiR7Y7xEMtqNzn0S1Zg/o.jpg"", ""is_closed"": false, ""url"": ""https://www.yelp.com.sg/biz/supreme-pot-daly-city?adjust_creative=ULHW7ynqdXE8Z9Fnr4irFw&utm_campaign=yelp_api_v3&utm_medium=api_v3_business_search&utm_source=ULHW7ynqdXE8Z9Fnr4irFw"", ""review_count"": 482, ""categories"": [{""alias"": ""hotpot"", ""title"": ""Hot Pot""}, {""alias"": ""karaoke"", ""title"": ""Karaoke""}, {""alias"": ""grillservices"", ""title"": ""Grill Services""}], ""rating"": 4.0, ""coordinates"": {""latitude"": 37.67489667, ""longitude"": -122.47882167}, ""transactions"": [""pickup"", ""delivery""], ""price"": ""$$"", ""location"": {""address1"": ""3 St Francis Square"", ""address2"": null, ""address3"": """", ""city"": ""Daly City"", ""zip_code"": ""94015"", ""country"": ""US"", ""state"": ""CA"", ""display_address"": [""3 St Francis Square"", ""Daly City, CA 94015"", ""United States""]}, ""phone"": ""+16509918888"", ""display_phone"": ""+1 650-991-8888"", ""distance"": 10264.95546796741}, {""id"": ""zCtAnqsPU5CizLkFvXhPCQ"", ""alias"": ""dimples-san-francisco-2"", ""name"": ""Dimples"", ""image_url"": ""https://s3-media1.fl.yelpcdn.com/bphoto/RpLYh1XBvBIma1NjSuZMFQ/o.jpg"", ""is_closed"": false, ""url"": ""https://www.yelp.com.sg/biz/dimples-san-francisco-2?adjust_creative=ULHW7ynqdXE8Z9Fnr4irFw&utm_campaign=yelp_api_v3&utm_medium=api_v3_business_search&utm_source=ULHW7ynqdXE8Z9Fnr4irFw"", ""review_count"": 137, ""categories"": [{""alias"": ""divebars"", ""title"": ""Dive Bars""}, {""alias"": ""cocktailbars"", ""title"": ""Cocktail Bars""}, {""alias"": ""karaoke"", ""title"": ""Karaoke""}], ""rating"": 3.0, ""coordinates"": {""latitude"": 37.78569, ""longitude"": -122.43018}, ""transactions"": [], ""price"": ""$$"", ""location"": {""address1"": ""1700 Post St"", ""address2"": """", ""address3"": """", ""city"": ""San Francisco"", ""zip_code"": ""94115"", ""country"": ""US"", ""state"": ""CA"", ""display_address"": [""1700 Post St"", ""San Francisco, CA 94115"", ""United States""]}, ""phone"": ""+14157756688"", ""display_phone"": ""+1 415-775-6688"", ""distance"": 2811.0840992364097}, {""id"": ""Xdj9usX6SzBgUBJ3ilzXTg"", ""alias"": ""grand-hotpot-pacifica"", ""name"": ""Grand HotPot"", ""image_url"": ""https://s3-media1.fl.yelpcdn.com/bphoto/gZtQBm5n77yAy3RqTILsVw/o.jpg"", ""is_closed"": false, ""url"": ""https://www.yelp.com.sg/biz/grand-hotpot-pacifica?adjust_creative=ULHW7ynqdXE8Z9Fnr4irFw&utm_campaign=yelp_api_v3&utm_medium=api_v3_business_search&utm_source=ULHW7ynqdXE8Z9Fnr4irFw"", ""review_count"": 331, ""categories"": [{""alias"": ""hotpot"", ""title"": ""Hot Pot""}, {""alias"": ""buffets"", ""title"": ""Buffet""}, {""alias"": ""karaoke"", ""title"": ""Karaoke""}], ""rating"": 4.0, ""coordinates"": {""latitude"": 37.65068, ""longitude"": -122.49185}, ""transactions"": [""delivery"", ""pickup""], ""price"": ""$$"", ""location"": {""address1"": ""452 Manor Plz"", ""address2"": """", ""address3"": null, ""city"": ""Pacifica"", ""zip_code"": ""94044"", ""country"": ""US"", ""state"": ""CA"", ""display_address"": [""452 Manor Plz"", ""Pacifica, CA 94044"", ""United States""]}, ""phone"": ""+16507355189"", ""display_phone"": ""+1 650-735-5189"", ""distance"": 13189.094939198474}, {""id"": ""ycfLbV-6iwZOoZ8KZVAi7Q"", ""alias"": ""kor-karaoke-los-gatos"", ""name"": ""Kor Karaoke"", ""image_url"": ""https://s3-media2.fl.yelpcdn.com/bphoto/GFC50sQpvcyNKb7WZWzj0A/o.jpg"", ""is_closed"": false, ""url"": ""https://www.yelp.com.sg/biz/kor-karaoke-los-gatos?adjust_creative=ULHW7ynqdXE8Z9Fnr4irFw&utm_campaign=yelp_api_v3&utm_medium=api_v3_business_search&utm_source=ULHW7ynqdXE8Z9Fnr4irFw"", ""review_count"": 51, ""categories"": [{""alias"": ""karaoke"", ""title"": ""Karaoke""}, {""alias"": ""djs"", ""title"": ""DJs""}], ""rating"": 5.0, ""coordinates"": {""latitude"": 37.12779, ""longitude"": -121.99977}, ""transactions"": [], ""price"": ""$"", ""location"": {""address1"": """", ""address2"": """", ""address3"": """", ""city"": ""Los Gatos"", ""zip_code"": ""95033"", ""country"": ""US"", ""state"": ""CA"", ""display_address"": [""Los Gatos, CA 95033"", ""United States""]}, ""phone"": ""+14087990383"", ""display_phone"": ""+1 408-799-0383"", ""distance"": 71820.18735695287}, {""id"": ""Tni1z5ssm_mQ75d28daxFA"", ""alias"": ""v-box-karaoke-san-francisco"", ""name"": ""V Box Karaoke"", ""image_url"": ""https://s3-media4.fl.yelpcdn.com/bphoto/MKUP3QHSOCeuYhq7C7SqNw/o.jpg"", ""is_closed"": false, ""url"": ""https://www.yelp.com.sg/biz/v-box-karaoke-san-francisco?adjust_creative=ULHW7ynqdXE8Z9Fnr4irFw&utm_campaign=yelp_api_v3&utm_medium=api_v3_business_search&utm_source=ULHW7ynqdXE8Z9Fnr4irFw"", ""review_count"": 9, ""categories"": [{""alias"": ""karaoke"", ""title"": ""Karaoke""}], ""rating"": 2.0, ""coordinates"": {""latitude"": 37.780891418457, ""longitude"": -122.460250854492}, ""transactions"": [], ""price"": ""$$$"", ""location"": {""address1"": ""3809 Geary Blvd2/F"", ""address2"": null, ""address3"": """", ""city"": ""San Francisco"", ""zip_code"": ""94118"", ""country"": ""US"", ""state"": ""CA"", ""display_address"": [""3809 Geary Blvd2/F"", ""San Francisco, CA 94118"", ""United States""]}, ""phone"": ""+14156687288"", ""display_phone"": ""+1 415-668-7288"", ""distance"": 3055.844428255792}, {""id"": ""E1NSEMPryn9Fu2vjoI2t3A"", ""alias"": ""goodtime-djs-wedding-and-party-dj-and-karaoke-service-san-jose-3"", ""name"": ""Goodtime DJs Wedding & Party DJ & Karaoke Service"", ""image_url"": ""https://s3-media1.fl.yelpcdn.com/bphoto/8Ol19Hc9CSays7GV26DhYQ/o.jpg"", ""is_closed"": false, ""url"": ""https://www.yelp.com.sg/biz/goodtime-djs-wedding-and-party-dj-and-karaoke-service-san-jose-3?adjust_creative=ULHW7ynqdXE8Z9Fnr4irFw&utm_campaign=yelp_api_v3&utm_medium=api_v3_business_search&utm_source=ULHW7ynqdXE8Z9Fnr4irFw"", ""review_count"": 10, ""categories"": [{""alias"": ""djs"", ""title"": ""DJs""}, {""alias"": ""karaoke"", ""title"": ""Karaoke""}, {""alias"": ""officiants"", ""title"": ""Officiants""}], ""rating"": 5.0, ""coordinates"": {""latitude"": 37.348256, ""longitude"": -121.896723}, ""transactions"": [], ""price"": ""$$"", ""location"": {""address1"": ""611 N 3rd St"", ""address2"": """", ""address3"": null, ""city"": ""San Jose"", ""zip_code"": ""95112"", ""country"": ""US"", ""state"": ""CA"", ""display_address"": [""611 N 3rd St"", ""San Jose, CA 95112"", ""United States""]}, ""phone"": ""+14083073442"", ""display_phone"": ""+1 408-307-3442"", ""distance"": 66098.00359273831}, {""id"": ""8u5ELHMHsiBJzF7PQbYOPQ"", ""alias"": ""dj-2e-alameda-2"", ""name"": ""DJ 2e"", ""image_url"": ""https://s3-media3.fl.yelpcdn.com/bphoto/JDUu3I9yJSac-1HlC7WbTA/o.jpg"", ""is_closed"": false, ""url"": ""https://www.yelp.com.sg/biz/dj-2e-alameda-2?adjust_creative=ULHW7ynqdXE8Z9Fnr4irFw&utm_campaign=yelp_api_v3&utm_medium=api_v3_business_search&utm_source=ULHW7ynqdXE8Z9Fnr4irFw"", ""review_count"": 45, ""categories"": [{""alias"": ""djs"", ""title"": ""DJs""}, {""alias"": ""karaoke"", ""title"": ""Karaoke""}, {""alias"": ""theater"", ""title"": ""Theatres""}], ""rating"": 5.0, ""coordinates"": {""latitude"": 38.7902545, ""longitude"": -121.3770336}, ""transactions"": [], ""price"": ""$$"", ""location"": {""address1"": """", ""address2"": null, ""address3"": """", ""city"": ""Alameda"", ""zip_code"": ""94501"", ""country"": ""US"", ""state"": ""CA"", ""display_address"": [""Alameda, CA 94501"", ""United States""]}, ""phone"": ""+16502708110"", ""display_phone"": ""+1 650-270-8110"", ""distance"": 147147.61059781633}], ""total"": 14, ""region"": {""center"": {""longitude"": -122.43644714355469, ""latitude"": 37.76089938976322}}}",application/json,true,none
test_vb43a0ty6ofs_getBusinesses,200,"{""businesses"": [], ""total"": 0, ""region"": {""center"": {""longitude"": -107.42459, ""latitude"": 40.80611}}}",application/json,true,none
test_vbhxd5uipf02_getBusinesses,400,"{""error"": {""code"": ""VALIDATION_ERROR"", ""description"": ""Please specify a location or a latitude and longitude""}}",application/json,true,none
test_vbk6tjlnz60j_getBusinesses,400,"{""error"": {""code"": ""VALIDATION_ERROR"", ""description"": ""Please specify a location or a latitude and longitude""}}",application/json,true,none
test_vbpqr8d41tur_getBusinesses,200,"{""businesses"": [], ""total"": 0, ""region"": {""center"": {""longitude"": -107.253296, ""latitude"": 36.122288}}}",application/json,true,none
test_vf964k0x8qci_getBusinesses,200,"{""businesses"": [], ""total"": 0, ""region"": {""center"": {""longitude"": 144.96734619140625, ""latitude"": -37.81787593178502}}}",application/json,true,none
test_vf998myksqch_getBusinesses,200,"{""businesses"": [{""id"": ""csnQdJ_rYkeZmOQvFD5HvA"", ""alias"": ""tgi-fridays-appleton"", ""name"": ""TGI Fridays"", ""image_url"": ""https://s3-media2.fl.yelpcdn.com/bphoto/IDm9whW_W85KgePC-wIeVQ/o.jpg"", ""is_closed"": false, ""url"": ""https://www.yelp.com/biz/tgi-fridays-appleton?adjust_creative=ULHW7ynqdXE8Z9Fnr4irFw&utm_campaign=yelp_api_v3&utm_medium=api_v3_business_search&utm_source=ULHW7ynqdXE8Z9Fnr4irFw"", ""review_count"": 44, ""categories"": [{""alias"": ""tradamerican"", ""title"": ""American (Traditional)""}, {""alias"": ""sportsbars"", ""title"": ""Sports Bars""}, {""alias"": ""burgers"", ""title"": ""Burgers""}], ""rating"": 3.0, ""coordinates"": {""latitude"": 44.2671089172363, ""longitude"": -88.4753646850586}, ""transactions"": [""pickup"", ""delivery"", ""restaurant_reservation""], ""price"": ""$$"", ""location"": {""address1"": ""4699 Michaels Dr"", ""address2"": """", ""address3"": """", ""city"": ""Appleton"", ""zip_code"": ""54913"", ""country"": ""US"", ""state"": ""WI"", ""display_address"": [""4699 Michaels Dr"", ""Appleton, WI 54913""]}, ""phone"": ""+19207350200"", ""display_phone"": ""(920) 735-0200"", ""distance"": 57217.305853790094}], ""total"": 1, ""region"": {""center"": {""longitude"": -88.26107025146484, ""latitude"": 44.75855738140011}}}",application/json,true,none
