testResultId,statusCode,responseBody,outputContentType,passed,failReason
test_1h7gdz89nhuud_getBusinesses,200,"{""businesses"": [{""id"": ""QzGKHd8vww33VqvvP6cprA"", ""alias"": ""logan-county-historical-society-museum-napoleon"", ""name"": ""Logan County Historical Society Museum"", ""image_url"": """", ""is_closed"": false, ""url"": ""https://www.yelp.com/biz/logan-county-historical-society-museum-napoleon?adjust_creative=ULHW7ynqdXE8Z9Fnr4irFw&utm_campaign=yelp_api_v3&utm_medium=api_v3_business_search&utm_source=ULHW7ynqdXE8Z9Fnr4irFw"", ""review_count"": 1, ""categories"": [{""alias"": ""landmarks"", ""title"": ""Landmarks & Historical Buildings""}, {""alias"": ""museums"", ""title"": ""Museums""}], ""rating"": 5.0, ""coordinates"": {""latitude"": 46.501236, ""longitude"": -99.7775803}, ""transactions"": [], ""location"": {""address1"": ""708 Lake Ave W"", ""address2"": """", ""address3"": """", ""city"": ""Napoleon"", ""zip_code"": ""58561"", ""country"": ""US"", ""state"": ""ND"", ""display_address"": [""708 Lake Ave W"", ""Napoleon, ND 58561""]}, ""phone"": """", ""display_phone"": """", ""distance"": 12707.594650414381}], ""total"": 1, ""region"": {""center"": {""longitude"": -99.886475, ""latitude"": 46.395733}}}",application/json,true,none
test_1h7qz54nhhieb_getBusinesses,200,"{""businesses"": [], ""total"": 0, ""region"": {""center"": {""longitude"": -5.985832214355469, ""latitude"": 37.38897024983557}}}",application/json,true,none
test_1h7u9k2icpahu_getBusinesses,400,"{""error"": {""code"": ""VALIDATION_ERROR"", ""description"": ""Please specify a location or a latitude and longitude""}}",application/json,true,none
test_1h7z81ydeuq1w_getBusinesses,400,"{""error"": {""code"": ""LOCATION_NOT_FOUND"", ""description"": ""Could not execute search, try specifying a more exact location.""}}",application/json,true,none
test_1hbazhhgak6d3_getBusinesses,400,"{""error"": {""code"": ""LOCATION_NOT_FOUND"", ""description"": ""Could not execute search, try specifying a more exact location.""}}",application/json,true,none
test_1hux4vmde8d44_getBusinesses,200,"{""businesses"": [], ""total"": 0, ""region"": {""center"": {""longitude"": -105.96038818359375, ""latitude"": 35.665062782072155}}}",application/json,true,none
test_1iauu7n9rdaas_getBusinesses,400,"{""error"": {""code"": ""OPEN_AT_AND_NOW_PROVIDED"", ""description"": ""You must specify either open_at or open_now, not both.""}}",application/json,true,none
test_1ibh196im3dpt_getBusinesses,400,"{""error"": {""code"": ""VALIDATION_ERROR"", ""description"": ""Please specify a location or a latitude and longitude""}}",application/json,true,none
test_1ibkd858pqrli_getBusinesses,400,"{""error"": {""code"": ""VALIDATION_ERROR"", ""description"": ""The open_at provided is too long ago, the timestamp must be within the last two weeks.""}}",application/json,true,none
test_1if0ifcn3e5pe_getBusinesses,400,"{""error"": {""code"": ""VALIDATION_ERROR"", ""description"": ""Please specify a location or a latitude and longitude""}}",application/json,true,none
test_1je9xi48qmgj9_getBusinesses,200,"{""businesses"": [], ""total"": 0, ""region"": {""center"": {""longitude"": -105.893555, ""latitude"": 39.01915}}}",application/json,true,none
test_1jeafft4msf21_getBusinesses,200,"{""businesses"": [], ""total"": 0, ""region"": {""center"": {""longitude"": 144.96734619140625, ""latitude"": -37.81787593178502}}}",application/json,true,none
test_1jewkxc71s8xh_getBusinesses,400,"{""error"": {""code"": ""LOCATION_NOT_FOUND"", ""description"": ""Could not execute search, try specifying a more exact location.""}}",application/json,true,none
test_1jeytj79wobp4_getBusinesses,200,"{""businesses"": [], ""total"": 0, ""region"": {""center"": {""longitude"": -104.699104, ""latitude"": 41.717102}}}",application/json,true,none
test_1jidabenclhdd_getBusinesses,200,"{""businesses"": [], ""total"": 0, ""region"": {""center"": {""longitude"": 144.96734619140625, ""latitude"": -37.81787593178502}}}",application/json,true,none
test_1jy7rigp83prn_getBusinesses,200,"{""businesses"": [], ""total"": 0, ""region"": {""center"": {""longitude"": -88.26107025146484, ""latitude"": 44.75855738140011}}}",application/json,true,none
test_1k250w0ebegxi_getBusinesses,400,"{""error"": {""code"": ""VALIDATION_ERROR"", ""description"": ""Please specify a location or a latitude and longitude""}}",application/json,true,none
test_qe9c34o65ycz_getBusinesses,200,"{""businesses"": [], ""total"": 0, ""region"": {""center"": {""longitude"": -115.22004, ""latitude"": 35.746826}}}",application/json,true,none
test_qhia3s6gclyv_getBusinesses,400,"{""error"": {""code"": ""VALIDATION_ERROR"", ""description"": ""Please specify a location or a latitude and longitude""}}",application/json,true,none
test_qxr432n8euk6_getBusinesses,400,"{""error"": {""code"": ""VALIDATION_ERROR"", ""description"": ""Please specify a location or a latitude and longitude""}}",application/json,true,none
test_r1fl0847fcqb_getBusinesses,200,"{""businesses"": [], ""total"": 0, ""region"": {""center"": {""longitude"": 144.96734619140625, ""latitude"": -37.81787593178502}}}",application/json,true,none
test_r1fmxztg07dx_getBusinesses,400,"{""error"": {""code"": ""VALIDATION_ERROR"", ""description"": ""Please specify a location or a latitude and longitude""}}",application/json,true,none
test_r1g3dz45jrky_getBusinesses,400,"{""error"": {""code"": ""LOCATION_NOT_FOUND"", ""description"": ""Could not execute search, try specifying a more exact location.""}}",application/json,true,none
test_rh506il3fsqg_getBusinesses,200,"{""businesses"": [], ""total"": 0, ""region"": {""center"": {""longitude"": -88.538956, ""latitude"": 41.604805}}}",application/json,true,none
test_rh5j9r3wo6lf_getBusinesses,400,"{""error"": {""code"": ""VALIDATION_ERROR"", ""description"": ""Please specify a location or a latitude and longitude""}}",application/json,true,none
test_rkzm2ra9feck_getBusinesses,400,"{""error"": {""code"": ""VALIDATION_ERROR"", ""description"": ""Please specify a location or a latitude and longitude""}}",application/json,true,none
test_rl024j5jkw1c_getBusinesses,200,"{""businesses"": [], ""total"": 203, ""region"": {""center"": {""longitude"": -111.28633, ""latitude"": 40.37731}}}",application/json,true,none
test_rl2um2pzn8dv_getBusinesses,400,"{""error"": {""code"": ""OPEN_AT_AND_NOW_PROVIDED"", ""description"": ""You must specify either open_at or open_now, not both.""}}",application/json,true,none
test_s1h71nu9x73n_getBusinesses,200,"{""businesses"": [{""id"": ""zVbwj208-Ko4YH35jkScCw"", ""alias"": ""bodega-santa-cruz-las-columnas-sevilla-2"", ""name"": ""Bodega Santa Cruz Las Columnas"", ""image_url"": ""https://s3-media1.fl.yelpcdn.com/bphoto/1uZh3AAhUuDsd-T4icCLHw/o.jpg"", ""is_closed"": false, ""url"": ""https://www.yelp.pt/biz/bodega-santa-cruz-las-columnas-sevilla-2?adjust_creative=ULHW7ynqdXE8Z9Fnr4irFw&utm_campaign=yelp_api_v3&utm_medium=api_v3_business_search&utm_source=ULHW7ynqdXE8Z9Fnr4irFw"", ""review_count"": 163, ""categories"": [{""alias"": ""tapas"", ""title"": ""Bares de tapas""}, {""alias"": ""wine_bars"", ""title"": ""Bares de vinho""}], ""rating"": 4.0, ""coordinates"": {""latitude"": 37.3860191, ""longitude"": -5.9907849}, ""transactions"": [], ""price"": ""\u20ac"", ""location"": {""address1"": ""Calle de Rodrigo Caro, 1"", ""address2"": """", ""address3"": """", ""city"": ""Sevilha"", ""zip_code"": ""41004"", ""country"": ""ES"", ""state"": ""SE"", ""display_address"": [""Calle de Rodrigo Caro, 1"", ""41004 Sevilha"", ""Espanha""]}, ""phone"": ""+34954218618"", ""display_phone"": ""+34 954 21 86 18"", ""distance"": 546.9454189667489}, {""id"": ""gI3FMmOkcvQAqlBg-Xv1Jg"", ""alias"": ""taberna-coloniales-sevilla"", ""name"": ""Taberna Coloniales"", ""image_url"": ""https://s3-media2.fl.yelpcdn.com/bphoto/ml_zFaJ71_fINbNG6_3URg/o.jpg"", ""is_closed"": false, ""url"": ""https://www.yelp.pt/biz/taberna-coloniales-sevilla?adjust_creative=ULHW7ynqdXE8Z9Fnr4irFw&utm_campaign=yelp_api_v3&utm_medium=api_v3_business_search&utm_source=ULHW7ynqdXE8Z9Fnr4irFw"", ""review_count"": 130, ""categories"": [{""alias"": ""spanish"", ""title"": ""Espanhol""}, {""alias"": ""tapasmallplates"", ""title"": ""Petiscos""}, {""alias"": ""tapas"", ""title"": ""Bares de tapas""}], ""rating"": 4.0, ""coordinates"": {""latitude"": 37.3916707, ""longitude"": -5.9895086}, ""transactions"": [], ""price"": ""\u20ac"", ""location"": {""address1"": ""Plaza Cristo de Burgos, 19"", ""address2"": null, ""address3"": null, ""city"": ""Sevilha"", ""zip_code"": ""41003"", ""country"": ""ES"", ""state"": ""SE"", ""display_address"": [""Plaza Cristo de Burgos, 19"", ""41003 Sevilha"", ""Espanha""]}, ""phone"": ""+34954501137"", ""display_phone"": ""+34 954 50 11 37"", ""distance"": 442.3316125632987}, {""id"": ""vbqr-iKeWVKgmi5Ct6o-zA"", ""alias"": ""mega-sevilla-2"", ""name"": ""Mega"", ""image_url"": ""https://s3-media2.fl.yelpcdn.com/bphoto/Wdfsfr6xVTsK63RJMGxlwQ/o.jpg"", ""is_closed"": false, ""url"": ""https://www.yelp.pt/biz/mega-sevilla-2?adjust_creative=ULHW7ynqdXE8Z9Fnr4irFw&utm_campaign=yelp_api_v3&utm_medium=api_v3_business_search&utm_source=ULHW7ynqdXE8Z9Fnr4irFw"", ""review_count"": 99, ""categories"": [{""alias"": ""spanish"", ""title"": ""Espanhol""}, {""alias"": ""burgers"", ""title"": ""Hamburguerias""}, {""alias"": ""tapas"", ""title"": ""Bares de tapas""}], ""rating"": 4.0, ""coordinates"": {""latitude"": 37.3997256484442, ""longitude"": -5.98647594451904}, ""transactions"": [], ""price"": ""\u20ac"", ""location"": {""address1"": ""Calle Macasta, 27"", ""address2"": """", ""address3"": """", ""city"": ""Sevilha"", ""zip_code"": ""41003"", ""country"": ""ES"", ""state"": ""SE"", ""display_address"": [""Calle Macasta, 27"", ""41003 Sevilha"", ""Espanha""]}, ""phone"": ""+34955281695"", ""display_phone"": ""+34 955 28 16 95"", ""distance"": 1197.295728535391}, {""id"": ""Rk3Ct1_KquOH8prYpp5qmA"", ""alias"": ""la-cacharrer\u00eda-sevilla-2"", ""name"": ""La Cacharrer\u00eda"", ""image_url"": ""https://s3-media1.fl.yelpcdn.com/bphoto/C7R7A6uIJcLQKJMe1zv50w/o.jpg"", ""is_closed"": false, ""url"": ""https://www.yelp.pt/biz/la-cacharrer%C3%ADa-sevilla-2?adjust_creative=ULHW7ynqdXE8Z9Fnr4irFw&utm_campaign=yelp_api_v3&utm_medium=api_v3_business_search&utm_source=ULHW7ynqdXE8Z9Fnr4irFw"", ""review_count"": 92, ""categories"": [{""alias"": ""desserts"", ""title"": ""Do\u00e7aria""}], ""rating"": 4.5, ""coordinates"": {""latitude"": 37.3947666635494, ""longitude"": -5.9914844401027}, ""transactions"": [], ""price"": ""\u20ac"", ""location"": {""address1"": ""Calle Regina, 14"", ""address2"": """", ""address3"": """", ""city"": ""Sevilha"", ""zip_code"": ""41003"", ""country"": ""ES"", ""state"": ""SE"", ""display_address"": [""Calle Regina, 14"", ""41003 Sevilha"", ""Espanha""]}, ""phone"": ""+34954212166"", ""display_phone"": ""+34 954 21 21 66"", ""distance"": 815.3300092397101}, {""id"": ""Qc47fCeL_u6SItOAkXzHYA"", ""alias"": ""d\u00fao-tapas-sevilla-2"", ""name"": ""D\u00fao Tapas"", ""image_url"": ""https://s3-media3.fl.yelpcdn.com/bphoto/oIVWGHGzxZaz43gC_HaH7Q/o.jpg"", ""is_closed"": false, ""url"": ""https://www.yelp.pt/biz/d%C3%BAo-tapas-sevilla-2?adjust_creative=ULHW7ynqdXE8Z9Fnr4irFw&utm_campaign=yelp_api_v3&utm_medium=api_v3_business_search&utm_source=ULHW7ynqdXE8Z9Fnr4irFw"", ""review_count"": 88, ""categories"": [{""alias"": ""tapas"", ""title"": ""Bares de tapas""}, {""alias"": ""tapasmallplates"", ""title"": ""Petiscos""}, {""alias"": ""spanish"", ""title"": ""Espanhol""}], ""rating"": 4.0, ""coordinates"": {""latitude"": 37.40139, ""longitude"": -5.993874}, ""transactions"": [], ""price"": ""\u20ac"", ""location"": {""address1"": ""Calle Calatrava, 10"", ""address2"": """", ""address3"": """", ""city"": ""Sevilha"", ""zip_code"": ""41002"", ""country"": ""ES"", ""state"": ""SE"", ""display_address"": [""Calle Calatrava, 10"", ""41002 Sevilha"", ""Espanha""]}, ""phone"": ""+34955238572"", ""display_phone"": ""+34 955 23 85 72"", ""distance"": 1553.0237482869834}, {""id"": ""yzwSp4i2MLuEy6glohp8Ig"", ""alias"": ""el-comercio-sevilla"", ""name"": ""El Comercio"", ""image_url"": ""https://s3-media2.fl.yelpcdn.com/bphoto/B5dcpRPY3Qv0OG4PqwYfNg/o.jpg"", ""is_closed"": false, ""url"": ""https://www.yelp.pt/biz/el-comercio-sevilla?adjust_creative=ULHW7ynqdXE8Z9Fnr4irFw&utm_campaign=yelp_api_v3&utm_medium=api_v3_business_search&utm_source=ULHW7ynqdXE8Z9Fnr4irFw"", ""review_count"": 80, ""categories"": [{""alias"": ""tapas"", ""title"": ""Bares de tapas""}, {""alias"": ""breakfast_brunch"", ""title"": ""Pequeno-almo\u00e7o e brunch""}], ""rating"": 4.5, ""coordinates"": {""latitude"": 37.39077, ""longitude"": -5.9923701}, ""transactions"": [], ""price"": ""\u20ac"", ""location"": {""address1"": ""Calle Lineros, 9"", ""address2"": """", ""address3"": """", ""city"": ""Sevilha"", ""zip_code"": ""41004"", ""country"": ""ES"", ""state"": ""SE"", ""display_address"": [""Calle Lineros, 9"", ""41004 Sevilha"", ""Espanha""]}, ""phone"": ""+34954221877"", ""display_phone"": ""+34 954 22 18 77"", ""distance"": 610.6594391285217}, {""id"": ""6fzQajuDDmyHV81JeR9MFw"", ""alias"": ""bodeguita-romero-sevilla"", ""name"": ""Bodeguita Romero"", ""image_url"": ""https://s3-media3.fl.yelpcdn.com/bphoto/cuISAawU5a8bAbTgBU2XRw/o.jpg"", ""is_closed"": false, ""url"": ""https://www.yelp.pt/biz/bodeguita-romero-sevilla?adjust_creative=ULHW7ynqdXE8Z9Fnr4irFw&utm_campaign=yelp_api_v3&utm_medium=api_v3_business_search&utm_source=ULHW7ynqdXE8Z9Fnr4irFw"", ""review_count"": 73, ""categories"": [{""alias"": ""spanish"", ""title"": ""Espanhol""}, {""alias"": ""tapas"", ""title"": ""Bares de tapas""}], ""rating"": 4.5, ""coordinates"": {""latitude"": 37.387086, ""longitude"": -5.9956705}, ""transactions"": [], ""price"": ""\u20ac"", ""location"": {""address1"": ""Calle Harinas, 10"", ""address2"": """", ""address3"": """", ""city"": ""Sevilha"", ""zip_code"": ""41001"", ""country"": ""ES"", ""state"": ""SE"", ""display_address"": [""Calle Harinas, 10"", ""41001 Sevilha"", ""Espanha""]}, ""phone"": ""+34954229556"", ""display_phone"": ""+34 954 22 95 56"", ""distance"": 894.097045247741}, {""id"": ""CQYf8nNH_jJ2F7rqNPhQHg"", ""alias"": ""taberna-coloniales-sevilla-2"", ""name"": ""Taberna Coloniales"", ""image_url"": ""https://s3-media1.fl.yelpcdn.com/bphoto/vHlSMuw5AD2jrY_4TQYQUw/o.jpg"", ""is_closed"": false, ""url"": ""https://www.yelp.pt/biz/taberna-coloniales-sevilla-2?adjust_creative=ULHW7ynqdXE8Z9Fnr4irFw&utm_campaign=yelp_api_v3&utm_medium=api_v3_business_search&utm_source=ULHW7ynqdXE8Z9Fnr4irFw"", ""review_count"": 70, ""categories"": [{""alias"": ""tapas"", ""title"": ""Bares de tapas""}], ""rating"": 4.0, ""coordinates"": {""latitude"": 37.3868362, ""longitude"": -5.9948796}, ""transactions"": [], ""price"": ""\u20ac"", ""location"": {""address1"": ""Calle de Fern\u00e1ndez y Gonz\u00e1lez, 38"", ""address2"": null, ""address3"": null, ""city"": ""Sevilha"", ""zip_code"": ""41001"", ""country"": ""ES"", ""state"": ""SE"", ""display_address"": [""Calle de Fern\u00e1ndez y Gonz\u00e1lez, 38"", ""41001 Sevilha"", ""Espanha""]}, ""phone"": ""+34954229381"", ""display_phone"": ""+34 954 22 93 81"", ""distance"": 837.7090374346951}, {""id"": ""jkIBT1iaCZHTnKj7GQ7vrw"", ""alias"": ""torch-coffee-roasters-sevilla"", ""name"": ""Torch Coffee Roasters"", ""image_url"": ""https://s3-media2.fl.yelpcdn.com/bphoto/g59Pv98Kllech1kWVU0nQg/o.jpg"", ""is_closed"": false, ""url"": ""https://www.yelp.pt/biz/torch-coffee-roasters-sevilla?adjust_creative=ULHW7ynqdXE8Z9Fnr4irFw&utm_campaign=yelp_api_v3&utm_medium=api_v3_business_search&utm_source=ULHW7ynqdXE8Z9Fnr4irFw"", ""review_count"": 70, ""categories"": [{""alias"": ""cafeteria"", ""title"": ""Cafetaria""}, {""alias"": ""coffee"", ""title"": ""Caf\u00e9 e ch\u00e1""}, {""alias"": ""bakeries"", ""title"": ""Padarias""}], ""rating"": 4.5, ""coordinates"": {""latitude"": 37.3818556985175, ""longitude"": -5.99543622904493}, ""transactions"": [], ""price"": ""\u20ac"", ""location"": {""address1"": ""Avenida Paseo de las Delicias, 3"", ""address2"": """", ""address3"": """", ""city"": ""Sevilha"", ""zip_code"": ""41001"", ""country"": ""ES"", ""state"": ""SE"", ""display_address"": [""Avenida Paseo de las Delicias, 3"", ""41001 Sevilha"", ""Espanha""]}, ""phone"": """", ""display_phone"": """", ""distance"": 1160.1078767582517}, {""id"": ""5Ajf78YJUBMMHSgIC1C4Bg"", ""alias"": ""panrallao-sevilla"", ""name"": ""Panrallao"", ""image_url"": ""https://s3-media3.fl.yelpcdn.com/bphoto/ex8an-NDHoFnm6KruXkaHg/o.jpg"", ""is_closed"": false, ""url"": ""https://www.yelp.pt/biz/panrallao-sevilla?adjust_creative=ULHW7ynqdXE8Z9Fnr4irFw&utm_campaign=yelp_api_v3&utm_medium=api_v3_business_search&utm_source=ULHW7ynqdXE8Z9Fnr4irFw"", ""review_count"": 67, ""categories"": [{""alias"": ""tapas"", ""title"": ""Bares de tapas""}, {""alias"": ""modern_european"", ""title"": ""Europeu moderno""}], ""rating"": 4.5, ""coordinates"": {""latitude"": 37.3812113, ""longitude"": -5.9714577}, ""transactions"": [], ""price"": ""\u20ac"", ""location"": {""address1"": ""Calle Divino Redentor, 5"", ""address2"": """", ""address3"": """", ""city"": ""Sevilha"", ""zip_code"": ""41005"", ""country"": ""ES"", ""state"": ""SE"", ""display_address"": [""Calle Divino Redentor, 5"", ""41005 Sevilha"", ""Espanha""]}, ""phone"": ""+34954026796"", ""display_phone"": ""+34 954 02 67 96"", ""distance"": 1535.350824319035}, {""id"": ""oDmspmxiS-shMa_D8tw_NA"", ""alias"": ""el-colmado-sevilla"", ""name"": ""El Colmado"", ""image_url"": ""https://s3-media1.fl.yelpcdn.com/bphoto/jjYNbTenFK3fkGnMOcinfA/o.jpg"", ""is_closed"": false, ""url"": ""https://www.yelp.pt/biz/el-colmado-sevilla?adjust_creative=ULHW7ynqdXE8Z9Fnr4irFw&utm_campaign=yelp_api_v3&utm_medium=api_v3_business_search&utm_source=ULHW7ynqdXE8Z9Fnr4irFw"", ""review_count"": 65, ""categories"": [{""alias"": ""tapas"", ""title"": ""Bares de tapas""}, {""alias"": ""breakfast_brunch"", ""title"": ""Pequeno-almo\u00e7o e brunch""}], ""rating"": 4.5, ""coordinates"": {""latitude"": 37.3934467349809, ""longitude"": -5.98787002265453}, ""transactions"": [], ""price"": ""\u20ac"", ""location"": {""address1"": ""Plaza de Ponce de Le\u00f3n, 5"", ""address2"": """", ""address3"": """", ""city"": ""Sevilha"", ""zip_code"": ""41003"", ""country"": ""ES"", ""state"": ""SE"", ""display_address"": [""Plaza de Ponce de Le\u00f3n, 5"", ""41003 Sevilha"", ""Espanha""]}, ""phone"": ""+34633238589"", ""display_phone"": ""+34 633 23 85 89"", ""distance"": 529.3182977034497}, {""id"": ""5lLFuLUDooeH4S107zNObQ"", ""alias"": ""dos-de-mayo-sevilla"", ""name"": ""Dos de Mayo"", ""image_url"": ""https://s3-media3.fl.yelpcdn.com/bphoto/uEGo0uBEPfeuG-rX8BRvSw/o.jpg"", ""is_closed"": false, ""url"": ""https://www.yelp.pt/biz/dos-de-mayo-sevilla?adjust_creative=ULHW7ynqdXE8Z9Fnr4irFw&utm_campaign=yelp_api_v3&utm_medium=api_v3_business_search&utm_source=ULHW7ynqdXE8Z9Fnr4irFw"", ""review_count"": 63, ""categories"": [{""alias"": ""tapas"", ""title"": ""Bares de tapas""}, {""alias"": ""spanish"", ""title"": ""Espanhol""}, {""alias"": ""pizza"", ""title"": ""Pizzaria""}], ""rating"": 3.5, ""coordinates"": {""latitude"": 37.3951, ""longitude"": -5.9971}, ""transactions"": [], ""price"": ""\u20ac"", ""location"": {""address1"": ""Plaza de la Gavidia, 6"", ""address2"": """", ""address3"": """", ""city"": ""Sevilha"", ""zip_code"": ""41002"", ""country"": ""ES"", ""state"": ""SE"", ""display_address"": [""Plaza de la Gavidia, 6"", ""41002 Sevilha"", ""Espanha""]}, ""phone"": ""+34954908647"", ""display_phone"": ""+34 954 90 86 47"", ""distance"": 1207.9093234693328}, {""id"": ""pGxADHBwn_OuGXzBoNdC8A"", ""alias"": ""g\u00e9nova-sevilla-2"", ""name"": ""G\u00e9nova"", ""image_url"": ""https://s3-media2.fl.yelpcdn.com/bphoto/50Z62NxDM2mcLTcZKm9cEg/o.jpg"", ""is_closed"": false, ""url"": ""https://www.yelp.pt/biz/g%C3%A9nova-sevilla-2?adjust_creative=ULHW7ynqdXE8Z9Fnr4irFw&utm_campaign=yelp_api_v3&utm_medium=api_v3_business_search&utm_source=ULHW7ynqdXE8Z9Fnr4irFw"", ""review_count"": 62, ""categories"": [{""alias"": ""tapas"", ""title"": ""Bares de tapas""}, {""alias"": ""spanish"", ""title"": ""Espanhol""}], ""rating"": 3.5, ""coordinates"": {""latitude"": 37.387018, ""longitude"": -5.994308}, ""transactions"": [], ""price"": ""\u20ac"", ""location"": {""address1"": ""Avenida de la Constituci\u00f3n, 10"", ""address2"": """", ""address3"": """", ""city"": ""Sevilha"", ""zip_code"": ""41001"", ""country"": ""ES"", ""state"": ""SE"", ""display_address"": [""Avenida de la Constituci\u00f3n, 10"", ""41001 Sevilha"", ""Espanha""]}, ""phone"": ""+34954227436"", ""display_phone"": ""+34 954 22 74 36"", ""distance"": 779.656959450853}, {""id"": ""d_TKrOkiKJb_ylIu-bwwHg"", ""alias"": ""pan-y-pi\u00f9-sevilla"", ""name"": ""Pan y Pi\u00f9"", ""image_url"": ""https://s3-media4.fl.yelpcdn.com/bphoto/yuvvHeevmapVStx6UjDrFQ/o.jpg"", ""is_closed"": false, ""url"": ""https://www.yelp.pt/biz/pan-y-pi%C3%B9-sevilla?adjust_creative=ULHW7ynqdXE8Z9Fnr4irFw&utm_campaign=yelp_api_v3&utm_medium=api_v3_business_search&utm_source=ULHW7ynqdXE8Z9Fnr4irFw"", ""review_count"": 58, ""categories"": [{""alias"": ""bakeries"", ""title"": ""Padarias""}, {""alias"": ""desserts"", ""title"": ""Do\u00e7aria""}, {""alias"": ""coffee"", ""title"": ""Caf\u00e9 e ch\u00e1""}], ""rating"": 4.5, ""coordinates"": {""latitude"": 37.3899190935821, ""longitude"": -5.98968923091888}, ""transactions"": [], ""price"": ""\u20ac"", ""location"": {""address1"": ""Calle Cabeza del Rey Don Pedro,15"", ""address2"": """", ""address3"": """", ""city"": ""Sevilha"", ""zip_code"": ""41004"", ""country"": ""ES"", ""state"": ""SE"", ""display_address"": [""Calle Cabeza del Rey Don Pedro,15"", ""41004 Sevilha"", ""Espanha""]}, ""phone"": ""+34954219348"", ""display_phone"": ""+34 954 21 93 48"", ""distance"": 356.71660649604325}, {""id"": ""pRXPr8tLThTFT4EkwGfmzg"", ""alias"": ""las-golondrinas-sevilla-5"", ""name"": ""Las Golondrinas"", ""image_url"": ""https://s3-media2.fl.yelpcdn.com/bphoto/gOse5eHU08viST28-onb6A/o.jpg"", ""is_closed"": false, ""url"": ""https://www.yelp.pt/biz/las-golondrinas-sevilla-5?adjust_creative=ULHW7ynqdXE8Z9Fnr4irFw&utm_campaign=yelp_api_v3&utm_medium=api_v3_business_search&utm_source=ULHW7ynqdXE8Z9Fnr4irFw"", ""review_count"": 55, ""categories"": [{""alias"": ""tapasmallplates"", ""title"": ""Petiscos""}, {""alias"": ""tapas"", ""title"": ""Bares de tapas""}], ""rating"": 4.0, ""coordinates"": {""latitude"": 37.384859, ""longitude"": -6.005505}, ""transactions"": [], ""price"": ""\u20ac"", ""location"": {""address1"": ""Calle Antillano Campos, 26"", ""address2"": null, ""address3"": null, ""city"": ""Sevilha"", ""zip_code"": ""41010"", ""country"": ""ES"", ""state"": ""SE"", ""display_address"": [""Calle Antillano Campos, 26"", ""41010 Sevilha"", ""Espanha""]}, ""phone"": ""+34954331626"", ""display_phone"": ""+34 954 33 16 26"", ""distance"": 1797.2084948651154}, {""id"": ""ZlujF-ryvOLuhK-P6ydoPQ"", ""alias"": ""the-merchant-sevilla"", ""name"": ""The Merchant"", ""image_url"": ""https://s3-media4.fl.yelpcdn.com/bphoto/B74eae8dsexIL6PdEZs05A/o.jpg"", ""is_closed"": false, ""url"": ""https://www.yelp.pt/biz/the-merchant-sevilla?adjust_creative=ULHW7ynqdXE8Z9Fnr4irFw&utm_campaign=yelp_api_v3&utm_medium=api_v3_business_search&utm_source=ULHW7ynqdXE8Z9Fnr4irFw"", ""review_count"": 54, ""categories"": [{""alias"": ""sportsbars"", ""title"": ""Sports bar""}, {""alias"": ""burgers"", ""title"": ""Hamburguerias""}], ""rating"": 4.5, ""coordinates"": {""latitude"": 37.3905853, ""longitude"": -6.000123}, ""transactions"": [], ""price"": ""\u20ac"", ""location"": {""address1"": ""Calle Canalejas, 12"", ""address2"": """", ""address3"": """", ""city"": ""Sevilha"", ""zip_code"": ""41001"", ""country"": ""ES"", ""state"": ""SE"", ""display_address"": [""Calle Canalejas, 12"", ""41001 Sevilha"", ""Espanha""]}, ""phone"": ""+34954223228"", ""display_phone"": ""+34 954 22 32 28"", ""distance"": 1275.2537350480277}, {""id"": ""tP1AJdm1klgGfL3I4c-kvw"", ""alias"": ""la-cantina-mexicana-sevilla"", ""name"": ""La Cantina Mexicana"", ""image_url"": ""https://s3-media2.fl.yelpcdn.com/bphoto/21sQLankGgas1SF_CU88ww/o.jpg"", ""is_closed"": false, ""url"": ""https://www.yelp.pt/biz/la-cantina-mexicana-sevilla?adjust_creative=ULHW7ynqdXE8Z9Fnr4irFw&utm_campaign=yelp_api_v3&utm_medium=api_v3_business_search&utm_source=ULHW7ynqdXE8Z9Fnr4irFw"", ""review_count"": 49, ""categories"": [{""alias"": ""mexican"", ""title"": ""Mexicano""}], ""rating"": 4.5, ""coordinates"": {""latitude"": 37.389209, ""longitude"": -5.992963}, ""transactions"": [], ""price"": ""\u20ac"", ""location"": {""address1"": ""Calle Francos, 14"", ""address2"": """", ""address3"": """", ""city"": ""Sevilha"", ""zip_code"": ""41004"", ""country"": ""ES"", ""state"": ""SE"", ""display_address"": [""Calle Francos, 14"", ""41004 Sevilha"", ""Espanha""]}, ""phone"": ""+34954218975"", ""display_phone"": ""+34 954 21 89 75"", ""distance"": 630.5471726115364}, {""id"": ""C97jH0yCs4o1xVg8nsSj_w"", ""alias"": ""lev\u00edes-sevilla-2"", ""name"": ""Lev\u00edes"", ""image_url"": ""https://s3-media4.fl.yelpcdn.com/bphoto/jCTEf2jlH0D2CAUe1jmurg/o.jpg"", ""is_closed"": false, ""url"": ""https://www.yelp.pt/biz/lev%C3%ADes-sevilla-2?adjust_creative=ULHW7ynqdXE8Z9Fnr4irFw&utm_campaign=yelp_api_v3&utm_medium=api_v3_business_search&utm_source=ULHW7ynqdXE8Z9Fnr4irFw"", ""review_count"": 48, ""categories"": [{""alias"": ""tapas"", ""title"": ""Bares de tapas""}, {""alias"": ""tapasmallplates"", ""title"": ""Petiscos""}], ""rating"": 3.0, ""coordinates"": {""latitude"": 37.38769, ""longitude"": -5.98862}, ""transactions"": [], ""price"": ""\u20ac"", ""location"": {""address1"": ""Calle San Jos\u00e9, 15"", ""address2"": null, ""address3"": null, ""city"": ""Sevilha"", ""zip_code"": ""41004"", ""country"": ""ES"", ""state"": ""SE"", ""display_address"": [""Calle San Jos\u00e9, 15"", ""41004 Sevilha"", ""Espanha""]}, ""phone"": ""+34954215308"", ""display_phone"": ""+34 954 21 53 08"", ""distance"": 282.20215642379486}, {""id"": ""TtfwXDNIXpYiVMvJTRg5gQ"", ""alias"": ""la-choza-de-manuela-bormujos"", ""name"": ""La Choza de Manuela"", ""image_url"": ""https://s3-media3.fl.yelpcdn.com/bphoto/sJz5dYCFIJrtihQvpT08pQ/o.jpg"", ""is_closed"": false, ""url"": ""https://www.yelp.pt/biz/la-choza-de-manuela-bormujos?adjust_creative=ULHW7ynqdXE8Z9Fnr4irFw&utm_campaign=yelp_api_v3&utm_medium=api_v3_business_search&utm_source=ULHW7ynqdXE8Z9Fnr4irFw"", ""review_count"": 46, ""categories"": [{""alias"": ""spanish"", ""title"": ""Espanhol""}, {""alias"": ""steak"", ""title"": ""Churrascarias""}], ""rating"": 3.5, ""coordinates"": {""latitude"": 37.366584, ""longitude"": -6.08604}, ""transactions"": [], ""price"": ""\u20ac"", ""location"": {""address1"": ""Carretera Bormujos-Bollullos, Km.6"", ""address2"": """", ""address3"": null, ""city"": ""Bormujos"", ""zip_code"": ""41930"", ""country"": ""ES"", ""state"": ""SE"", ""display_address"": [""Carretera Bormujos-Bollullos, Km.6"", ""41930 Bormujos"", ""Espanha""]}, ""phone"": ""+34955726092"", ""display_phone"": ""+34 955 72 60 92"", ""distance"": 9197.69987715662}, {""id"": ""DkhzXzaYm6WVUHDZSeoESA"", ""alias"": ""la-mia-tana-sevilla"", ""name"": ""La Mia Tana"", ""image_url"": ""https://s3-media4.fl.yelpcdn.com/bphoto/FGn3b5nEnUlVv7r34fW0gw/o.jpg"", ""is_closed"": false, ""url"": ""https://www.yelp.pt/biz/la-mia-tana-sevilla?adjust_creative=ULHW7ynqdXE8Z9Fnr4irFw&utm_campaign=yelp_api_v3&utm_medium=api_v3_business_search&utm_source=ULHW7ynqdXE8Z9Fnr4irFw"", ""review_count"": 44, ""categories"": [{""alias"": ""pizza"", ""title"": ""Pizzaria""}, {""alias"": ""italian"", ""title"": ""Italiano""}], ""rating"": 3.5, ""coordinates"": {""latitude"": 37.39089, ""longitude"": -5.9911}, ""transactions"": [], ""price"": ""\u20ac"", ""location"": {""address1"": ""Calle P\u00e9rez Gald\u00f3s, 24"", ""address2"": """", ""address3"": """", ""city"": ""Sevilha"", ""zip_code"": ""41004"", ""country"": ""ES"", ""state"": ""SE"", ""display_address"": [""Calle P\u00e9rez Gald\u00f3s, 24"", ""41004 Sevilha"", ""Espanha""]}, ""phone"": ""+34954226897"", ""display_phone"": ""+34 954 22 68 97"", ""distance"": 511.15162916596086}, {""id"": ""nWZY3bI_xxNqnIxUUYsSaA"", ""alias"": ""casa-morales-sevilla"", ""name"": ""Casa Morales"", ""image_url"": ""https://s3-media4.fl.yelpcdn.com/bphoto/hHRcGKCXjcab4fnE92aCPA/o.jpg"", ""is_closed"": false, ""url"": ""https://www.yelp.pt/biz/casa-morales-sevilla?adjust_creative=ULHW7ynqdXE8Z9Fnr4irFw&utm_campaign=yelp_api_v3&utm_medium=api_v3_business_search&utm_source=ULHW7ynqdXE8Z9Fnr4irFw"", ""review_count"": 43, ""categories"": [{""alias"": ""tapas"", ""title"": ""Bares de tapas""}], ""rating"": 4.0, ""coordinates"": {""latitude"": 37.386631, ""longitude"": -5.9944}, ""transactions"": [], ""price"": ""\u20ac"", ""location"": {""address1"": ""Calle Garc\u00eda de Vinuesa, 11"", ""address2"": """", ""address3"": """", ""city"": ""Sevilha"", ""zip_code"": ""41001"", ""country"": ""ES"", ""state"": ""SE"", ""display_address"": [""Calle Garc\u00eda de Vinuesa, 11"", ""41001 Sevilha"", ""Espanha""]}, ""phone"": ""+34954221242"", ""display_phone"": ""+34 954 22 12 42"", ""distance"": 828.9710268507021}, {""id"": ""PVMOaI8XG7XBPxmBpoOYcA"", ""alias"": ""tijuana-sevilla-2"", ""name"": ""Tijuana"", ""image_url"": ""https://s3-media4.fl.yelpcdn.com/bphoto/y8XeaL-hHeggjQje44jrgg/o.jpg"", ""is_closed"": false, ""url"": ""https://www.yelp.pt/biz/tijuana-sevilla-2?adjust_creative=ULHW7ynqdXE8Z9Fnr4irFw&utm_campaign=yelp_api_v3&utm_medium=api_v3_business_search&utm_source=ULHW7ynqdXE8Z9Fnr4irFw"", ""review_count"": 43, ""categories"": [{""alias"": ""mexican"", ""title"": ""Mexicano""}], ""rating"": 4.0, ""coordinates"": {""latitude"": 37.372912, ""longitude"": -5.997357}, ""transactions"": [], ""price"": ""\u20ac"", ""location"": {""address1"": ""Calle Asunci\u00f3n, 67"", ""address2"": null, ""address3"": null, ""city"": ""Sevilha"", ""zip_code"": ""41011"", ""country"": ""ES"", ""state"": ""SE"", ""display_address"": [""Calle Asunci\u00f3n, 67"", ""41011 Sevilha"", ""Espanha""]}, ""phone"": ""+34954458526"", ""display_phone"": ""+34 954 45 85 26"", ""distance"": 2055.547847813142}, {""id"": ""mkGNy3M1qCbOPeV9yV-b2Q"", ""alias"": ""la-pulchra-sevilla"", ""name"": ""La Pulchra"", ""image_url"": ""https://s3-media4.fl.yelpcdn.com/bphoto/-OHVQb-uX8aOhJddoNYfjA/o.jpg"", ""is_closed"": false, ""url"": ""https://www.yelp.pt/biz/la-pulchra-sevilla?adjust_creative=ULHW7ynqdXE8Z9Fnr4irFw&utm_campaign=yelp_api_v3&utm_medium=api_v3_business_search&utm_source=ULHW7ynqdXE8Z9Fnr4irFw"", ""review_count"": 43, ""categories"": [{""alias"": ""spanish"", ""title"": ""Espanhol""}], ""rating"": 4.0, ""coordinates"": {""latitude"": 37.3839798, ""longitude"": -5.9694099}, ""transactions"": [], ""price"": ""\u20ac"", ""location"": {""address1"": ""Calle Jos\u00e9 Luis de Casso, 32"", ""address2"": """", ""address3"": """", ""city"": ""Sevilha"", ""zip_code"": ""41005"", ""country"": ""ES"", ""state"": ""SE"", ""display_address"": [""Calle Jos\u00e9 Luis de Casso, 32"", ""41005 Sevilha"", ""Espanha""]}, ""phone"": ""+34954574954"", ""display_phone"": ""+34 954 57 49 54"", ""distance"": 1561.5481031061615}, {""id"": ""c8mY0WCQpDum2-GfdpbgOA"", ""alias"": ""la-bodega-de-alfalfa-sevilla"", ""name"": ""La Bodega de Alfalfa"", ""image_url"": ""https://s3-media2.fl.yelpcdn.com/bphoto/kdbjGs2PVTqPyM2QHaYyiQ/o.jpg"", ""is_closed"": false, ""url"": ""https://www.yelp.pt/biz/la-bodega-de-alfalfa-sevilla?adjust_creative=ULHW7ynqdXE8Z9Fnr4irFw&utm_campaign=yelp_api_v3&utm_medium=api_v3_business_search&utm_source=ULHW7ynqdXE8Z9Fnr4irFw"", ""review_count"": 42, ""categories"": [{""alias"": ""tapas"", ""title"": ""Bares de tapas""}, {""alias"": ""pubs"", ""title"": ""Pubs""}], ""rating"": 4.0, ""coordinates"": {""latitude"": 37.390007, ""longitude"": -5.9903827}, ""transactions"": [], ""price"": ""\u20ac"", ""location"": {""address1"": ""Calle Alfalfa, 4"", ""address2"": """", ""address3"": """", ""city"": ""Sevilha"", ""zip_code"": ""41004"", ""country"": ""ES"", ""state"": ""SE"", ""display_address"": [""Calle Alfalfa, 4"", ""41004 Sevilha"", ""Espanha""]}, ""phone"": ""+34954227362"", ""display_phone"": ""+34 954 22 73 62"", ""distance"": 479.7588505007162}, {""id"": ""x4Gmq9qJMmn3nRoNGxS9-A"", ""alias"": ""el-americano-tomares"", ""name"": ""El Americano"", ""image_url"": ""https://s3-media1.fl.yelpcdn.com/bphoto/RQDt8z8b7ayB2Ow_6x1Ieg/o.jpg"", ""is_closed"": false, ""url"": ""https://www.yelp.pt/biz/el-americano-tomares?adjust_creative=ULHW7ynqdXE8Z9Fnr4irFw&utm_campaign=yelp_api_v3&utm_medium=api_v3_business_search&utm_source=ULHW7ynqdXE8Z9Fnr4irFw"", ""review_count"": 42, ""categories"": [{""alias"": ""tradamerican"", ""title"": ""Americano (tradicional)""}], ""rating"": 4.0, ""coordinates"": {""latitude"": 37.3742347412579, ""longitude"": -6.04473360424747}, ""transactions"": [], ""price"": ""\u20ac"", ""location"": {""address1"": ""Plaza del Ayuntamiento, s/n"", ""address2"": """", ""address3"": """", ""city"": ""Tomares"", ""zip_code"": ""41940"", ""country"": ""ES"", ""state"": ""SE"", ""display_address"": [""Plaza del Ayuntamiento, s/n"", ""41940 Tomares"", ""Espanha""]}, ""phone"": ""+34954155100"", ""display_phone"": ""+34 954 15 51 00"", ""distance"": 5456.156933901298}, {""id"": ""Gak09Jk7mDqvii0fy5i5Rw"", ""alias"": ""virgin-coffee-sevilla-2"", ""name"": ""Virgin Coffee"", ""image_url"": ""https://s3-media4.fl.yelpcdn.com/bphoto/-t33TifDcasQE5aMU_roxQ/o.jpg"", ""is_closed"": false, ""url"": ""https://www.yelp.pt/biz/virgin-coffee-sevilla-2?adjust_creative=ULHW7ynqdXE8Z9Fnr4irFw&utm_campaign=yelp_api_v3&utm_medium=api_v3_business_search&utm_source=ULHW7ynqdXE8Z9Fnr4irFw"", ""review_count"": 41, ""categories"": [{""alias"": ""coffee"", ""title"": ""Caf\u00e9 e ch\u00e1""}, {""alias"": ""cafeteria"", ""title"": ""Cafetaria""}], ""rating"": 4.5, ""coordinates"": {""latitude"": 37.3939930621595, ""longitude"": -5.99175125417747}, ""transactions"": [], ""price"": ""\u20ac"", ""location"": {""address1"": ""Calle Regina, 1"", ""address2"": ""Local 6"", ""address3"": """", ""city"": ""Sevilha"", ""zip_code"": ""41003"", ""country"": ""ES"", ""state"": ""SE"", ""display_address"": [""Calle Regina, 1"", ""Local 6"", ""41003 Sevilha"", ""Espanha""]}, ""phone"": ""+34675942995"", ""display_phone"": ""+34 675 94 29 95"", ""distance"": 765.0985424950508}, {""id"": ""51Ke_JB_8DRLFPW5njP-Zg"", ""alias"": ""casa-paco-sevilla"", ""name"": ""Casa Paco"", ""image_url"": ""https://s3-media2.fl.yelpcdn.com/bphoto/ioFp6awmn3K1PcP5K2RBcg/o.jpg"", ""is_closed"": false, ""url"": ""https://www.yelp.pt/biz/casa-paco-sevilla?adjust_creative=ULHW7ynqdXE8Z9Fnr4irFw&utm_campaign=yelp_api_v3&utm_medium=api_v3_business_search&utm_source=ULHW7ynqdXE8Z9Fnr4irFw"", ""review_count"": 39, ""categories"": [{""alias"": ""spanish"", ""title"": ""Espanhol""}], ""rating"": 3.5, ""coordinates"": {""latitude"": 37.397846, ""longitude"": -5.99434}, ""transactions"": [], ""price"": ""\u20ac"", ""location"": {""address1"": ""Alameda de H\u00e9rcules, 23"", ""address2"": """", ""address3"": """", ""city"": ""Sevilha"", ""zip_code"": ""41002"", ""country"": ""ES"", ""state"": ""SE"", ""display_address"": [""Alameda de H\u00e9rcules, 23"", ""41002 Sevilha"", ""Espanha""]}, ""phone"": ""+34954900148"", ""display_phone"": ""+34 954 90 01 48"", ""distance"": 1240.5430088695302}, {""id"": ""CXIRtD2566qa1LNdaCi2Sw"", ""alias"": ""viriato-sevilla-3"", ""name"": ""Viriato"", ""image_url"": ""https://s3-media4.fl.yelpcdn.com/bphoto/9yPhuBs46ueOADT1GpYn6Q/o.jpg"", ""is_closed"": false, ""url"": ""https://www.yelp.pt/biz/viriato-sevilla-3?adjust_creative=ULHW7ynqdXE8Z9Fnr4irFw&utm_campaign=yelp_api_v3&utm_medium=api_v3_business_search&utm_source=ULHW7ynqdXE8Z9Fnr4irFw"", ""review_count"": 39, ""categories"": [{""alias"": ""sportsbars"", ""title"": ""Sports bar""}, {""alias"": ""gastropubs"", ""title"": ""Gastropubs""}, {""alias"": ""breakfast_brunch"", ""title"": ""Pequeno-almo\u00e7o e brunch""}], ""rating"": 4.5, ""coordinates"": {""latitude"": 37.3953524, ""longitude"": -5.991627}, ""transactions"": [], ""price"": ""\u20ac"", ""location"": {""address1"": ""Calle Madre Maria de la  Pur\u00edsima, 7"", ""address2"": """", ""address3"": """", ""city"": ""Sevilha"", ""zip_code"": ""41003"", ""country"": ""ES"", ""state"": ""SE"", ""display_address"": [""Calle Madre Maria de la  Pur\u00edsima, 7"", ""41003 Sevilha"", ""Espanha""]}, ""phone"": ""+34954228803"", ""display_phone"": ""+34 954 22 88 03"", ""distance"": 875.0412168400281}, {""id"": ""Gthweea_LlcrnXiO4PlMDA"", ""alias"": ""el-patio-de-san-eloy-sevilla-2"", ""name"": ""El Patio de San Eloy"", ""image_url"": ""https://s3-media3.fl.yelpcdn.com/bphoto/wSvU8biVfbU6ogOrYlYRPw/o.jpg"", ""is_closed"": false, ""url"": ""https://www.yelp.pt/biz/el-patio-de-san-eloy-sevilla-2?adjust_creative=ULHW7ynqdXE8Z9Fnr4irFw&utm_campaign=yelp_api_v3&utm_medium=api_v3_business_search&utm_source=ULHW7ynqdXE8Z9Fnr4irFw"", ""review_count"": 39, ""categories"": [{""alias"": ""spanish"", ""title"": ""Espanhol""}, {""alias"": ""tapas"", ""title"": ""Bares de tapas""}, {""alias"": ""cafeteria"", ""title"": ""Cafetaria""}], ""rating"": 3.5, ""coordinates"": {""latitude"": 37.39232, ""longitude"": -5.99599}, ""transactions"": [], ""price"": ""\u20ac"", ""location"": {""address1"": ""Calle de San Eloy, 9"", ""address2"": """", ""address3"": """", ""city"": ""Sevilha"", ""zip_code"": ""41001"", ""country"": ""ES"", ""state"": ""SE"", ""display_address"": [""Calle de San Eloy, 9"", ""41001 Sevilha"", ""Espanha""]}, ""phone"": ""+34954501070"", ""display_phone"": ""+34 954 50 10 70"", ""distance"": 964.1939504816104}, {""id"": ""jOHHKQqbQxnOr4bPiEhFSA"", ""alias"": ""el-arepazo-sevilla"", ""name"": ""El Arepazo"", ""image_url"": ""https://s3-media2.fl.yelpcdn.com/bphoto/x2MgABbIkSa_VPWZZycUMg/o.jpg"", ""is_closed"": false, ""url"": ""https://www.yelp.pt/biz/el-arepazo-sevilla?adjust_creative=ULHW7ynqdXE8Z9Fnr4irFw&utm_campaign=yelp_api_v3&utm_medium=api_v3_business_search&utm_source=ULHW7ynqdXE8Z9Fnr4irFw"", ""review_count"": 38, ""categories"": [{""alias"": ""latin"", ""title"": ""Latino-americano""}], ""rating"": 4.5, ""coordinates"": {""latitude"": 37.4090996, ""longitude"": -5.98277}, ""transactions"": [], ""price"": ""\u20ac"", ""location"": {""address1"": ""Calle Oto\u00f1o, 1"", ""address2"": """", ""address3"": """", ""city"": ""Sevilha"", ""zip_code"": ""41009"", ""country"": ""ES"", ""state"": ""SE"", ""display_address"": [""Calle Oto\u00f1o, 1"", ""41009 Sevilha"", ""Espanha""]}, ""phone"": ""+34955211587"", ""display_phone"": ""+34 955 21 15 87"", ""distance"": 2254.234318565281}, {""id"": ""KKAZ6izEWlzx17kiqOULMA"", ""alias"": ""la-corona-sevilla"", ""name"": ""La Corona"", ""image_url"": ""https://s3-media1.fl.yelpcdn.com/bphoto/CoMsTjz-jjVS4QrDmMX6UQ/o.jpg"", ""is_closed"": false, ""url"": ""https://www.yelp.pt/biz/la-corona-sevilla?adjust_creative=ULHW7ynqdXE8Z9Fnr4irFw&utm_campaign=yelp_api_v3&utm_medium=api_v3_business_search&utm_source=ULHW7ynqdXE8Z9Fnr4irFw"", ""review_count"": 37, ""categories"": [{""alias"": ""tapas"", ""title"": ""Bares de tapas""}, {""alias"": ""mediterranean"", ""title"": ""Mediterr\u00e2nico""}, {""alias"": ""bars"", ""title"": ""Bares""}], ""rating"": 4.5, ""coordinates"": {""latitude"": 37.40036, ""longitude"": -5.99218}, ""transactions"": [], ""price"": ""\u20ac"", ""location"": {""address1"": ""Calle Faustino \u00c1lvarez, 1"", ""address2"": null, ""address3"": """", ""city"": ""Sevilha"", ""zip_code"": ""41002"", ""country"": ""ES"", ""state"": ""SE"", ""display_address"": [""Calle Faustino \u00c1lvarez, 1"", ""41002 Sevilha"", ""Espanha""]}, ""phone"": ""+34669842708"", ""display_phone"": ""+34 669 84 27 08"", ""distance"": 1391.0829044194945}], ""total"": 1200, ""region"": {""center"": {""longitude"": -5.985832214355469, ""latitude"": 37.38897024983557}}}",application/json,false,"OAS disconformity: [Path '/businesses/[item]/price'] Instance value (""€"") not found in enum (possible values: [""$"";""$$"";""$$$"";""$$$$""])"
test_sl0oy7ivy1ir_getBusinesses,400,"{""error"": {""code"": ""OPEN_AT_AND_NOW_PROVIDED"", ""description"": ""You must specify either open_at or open_now, not both.""}}",application/json,true,none
test_sl8x5khsk7cg_getBusinesses,400,"{""error"": {""code"": ""VALIDATION_ERROR"", ""description"": ""The open_at provided is too long ago, the timestamp must be within the last two weeks.""}}",application/json,true,none
test_sof4932n5mpd_getBusinesses,400,"{""error"": {""code"": ""VALIDATION_ERROR"", ""description"": ""Please specify a location or a latitude and longitude""}}",application/json,true,none
test_sopn36m9vdx5_getBusinesses,200,"{""businesses"": [], ""total"": 0, ""region"": {""center"": {""longitude"": -116.51559, ""latitude"": 41.994225}}}",application/json,true,none
test_t4l3od8g0ajo_getBusinesses,400,"{""error"": {""code"": ""VALIDATION_ERROR"", ""description"": ""The open_at provided is too long ago, the timestamp must be within the last two weeks.""}}",application/json,true,none
test_t4l4wxccie04_getBusinesses,200,"{""businesses"": [], ""total"": 0, ""region"": {""center"": {""longitude"": -106.44927978515625, ""latitude"": 31.653215982221013}}}",application/json,true,none
test_t8cg8xno7goi_getBusinesses,200,"{""businesses"": [], ""total"": 0, ""region"": {""center"": {""longitude"": -90.92443, ""latitude"": 36.057056}}}",application/json,true,none
test_trtnaghof2us_getBusinesses,200,"{""businesses"": [], ""total"": 0, ""region"": {""center"": {""longitude"": 9.189033508300781, ""latitude"": 45.47047287954827}}}",application/json,true,none
test_trwd1qbpj1o9_getBusinesses,200,"{""businesses"": [{""id"": ""4nWJekbJmgz325vml-KHPw"", ""alias"": ""burger-wave-milano"", ""name"": ""Burger Wave"", ""image_url"": ""https://s3-media4.fl.yelpcdn.com/bphoto/aUPcyTt6rplyb9L7i61Ctg/o.jpg"", ""is_closed"": false, ""url"": ""https://www.yelp.com/biz/burger-wave-milano?adjust_creative=ULHW7ynqdXE8Z9Fnr4irFw&utm_campaign=yelp_api_v3&utm_medium=api_v3_business_search&utm_source=ULHW7ynqdXE8Z9Fnr4irFw"", ""review_count"": 52, ""categories"": [{""alias"": ""burgers"", ""title"": ""Burgers""}, {""alias"": ""vegetarian"", ""title"": ""Vegetarian""}], ""rating"": 4.0, ""coordinates"": {""latitude"": 45.44726, ""longitude"": 9.1771499}, ""transactions"": [], ""price"": ""\u20ac\u20ac"", ""location"": {""address1"": ""Via Ascanio Sforza 47"", ""address2"": """", ""address3"": """", ""city"": ""Milan"", ""zip_code"": ""20136"", ""country"": ""IT"", ""state"": ""MI"", ""display_address"": [""Via Ascanio Sforza 47"", ""20136 Milan"", ""Italy""]}, ""phone"": ""+390236560461"", ""display_phone"": ""+39 02 3656 0461"", ""distance"": 2758.131145353061}, {""id"": ""sfgeUd4qMyszFDK-IdJGOQ"", ""alias"": ""da-giordano-il-bolognese-milano"", ""name"": ""Da Giordano il Bolognese"", ""image_url"": ""https://s3-media2.fl.yelpcdn.com/bphoto/DJub2YwW9k1nG_zezV_psQ/o.jpg"", ""is_closed"": false, ""url"": ""https://www.yelp.com/biz/da-giordano-il-bolognese-milano?adjust_creative=ULHW7ynqdXE8Z9Fnr4irFw&utm_campaign=yelp_api_v3&utm_medium=api_v3_business_search&utm_source=ULHW7ynqdXE8Z9Fnr4irFw"", ""review_count"": 19, ""categories"": [{""alias"": ""italian"", ""title"": ""Italian""}], ""rating"": 4.0, ""coordinates"": {""latitude"": 45.45822, ""longitude"": 9.17722}, ""transactions"": [], ""price"": ""\u20ac\u20ac\u20ac"", ""location"": {""address1"": ""Corso Genova 3"", ""address2"": null, ""address3"": null, ""city"": ""Milan"", ""zip_code"": ""20123"", ""country"": ""IT"", ""state"": ""MI"", ""display_address"": [""Corso Genova 3"", ""20123 Milan"", ""Italy""]}, ""phone"": ""+390258100824"", ""display_phone"": ""+39 02 5810 0824"", ""distance"": 1643.7097189391518}, {""id"": ""gIX6RNxLonezLp9x0EJfVA"", ""alias"": ""camparino-in-galleria-milano"", ""name"": ""Camparino in Galleria"", ""image_url"": ""https://s3-media1.fl.yelpcdn.com/bphoto/ItNQxK9sX4rNv35DA4N5ug/o.jpg"", ""is_closed"": false, ""url"": ""https://www.yelp.com/biz/camparino-in-galleria-milano?adjust_creative=ULHW7ynqdXE8Z9Fnr4irFw&utm_campaign=yelp_api_v3&utm_medium=api_v3_business_search&utm_source=ULHW7ynqdXE8Z9Fnr4irFw"", ""review_count"": 38, ""categories"": [{""alias"": ""cafes"", ""title"": ""Cafes""}, {""alias"": ""italian"", ""title"": ""Italian""}], ""rating"": 4.0, ""coordinates"": {""latitude"": 45.4648935805683, ""longitude"": 9.18999284105098}, ""transactions"": [], ""price"": ""\u20ac\u20ac"", ""location"": {""address1"": ""Galleria Vittorio Emanuele"", ""address2"": """", ""address3"": """", ""city"": ""Milan"", ""zip_code"": ""20122"", ""country"": ""IT"", ""state"": ""MI"", ""display_address"": [""Galleria Vittorio Emanuele"", ""20122 Milan"", ""Italy""]}, ""phone"": ""+390286464435"", ""display_phone"": ""+39 02 8646 4435"", ""distance"": 624.883383237563}, {""id"": ""G7harVcmUiuUgUhAJA7VAg"", ""alias"": ""deep-milano-milano"", ""name"": ""Deep Milano"", ""image_url"": ""https://s3-media2.fl.yelpcdn.com/bphoto/-1gE3bR0funqZDhBzTbK0g/o.jpg"", ""is_closed"": false, ""url"": ""https://www.yelp.com/biz/deep-milano-milano?adjust_creative=ULHW7ynqdXE8Z9Fnr4irFw&utm_campaign=yelp_api_v3&utm_medium=api_v3_business_search&utm_source=ULHW7ynqdXE8Z9Fnr4irFw"", ""review_count"": 19, ""categories"": [{""alias"": ""lounges"", ""title"": ""Lounges""}, {""alias"": ""cocktailbars"", ""title"": ""Cocktail Bars""}], ""rating"": 4.0, ""coordinates"": {""latitude"": 45.4628299, ""longitude"": 9.21125}, ""transactions"": [], ""price"": ""\u20ac\u20ac"", ""location"": {""address1"": ""Via Galvano Fiamma 5"", ""address2"": """", ""address3"": """", ""city"": ""Milan"", ""zip_code"": ""20129"", ""country"": ""IT"", ""state"": ""MI"", ""display_address"": [""Via Galvano Fiamma 5"", ""20129 Milan"", ""Italy""]}, ""phone"": ""+390270107032"", ""display_phone"": ""+39 02 7010 7032"", ""distance"": 1923.00221514611}, {""id"": ""X8cQ4p6slL-UJ7h2wRQpwQ"", ""alias"": ""cantina-della-vetra-milano"", ""name"": ""Cantina della Vetra"", ""image_url"": ""https://s3-media2.fl.yelpcdn.com/bphoto/BqHS_rG33J_aBrYHBF2tgA/o.jpg"", ""is_closed"": false, ""url"": ""https://www.yelp.com/biz/cantina-della-vetra-milano?adjust_creative=ULHW7ynqdXE8Z9Fnr4irFw&utm_campaign=yelp_api_v3&utm_medium=api_v3_business_search&utm_source=ULHW7ynqdXE8Z9Fnr4irFw"", ""review_count"": 48, ""categories"": [{""alias"": ""italian"", ""title"": ""Italian""}, {""alias"": ""wine_bars"", ""title"": ""Wine Bars""}, {""alias"": ""breakfast_brunch"", ""title"": ""Breakfast & Brunch""}], ""rating"": 4.0, ""coordinates"": {""latitude"": 45.45868, ""longitude"": 9.18168}, ""transactions"": [], ""price"": ""\u20ac\u20ac\u20ac"", ""location"": {""address1"": ""Via Pio IV 3"", ""address2"": """", ""address3"": null, ""city"": ""Milan"", ""zip_code"": ""20123"", ""country"": ""IT"", ""state"": ""MI"", ""display_address"": [""Via Pio IV 3"", ""20123 Milan"", ""Italy""]}, ""phone"": ""+390289403843"", ""display_phone"": ""+39 02 8940 3843"", ""distance"": 1429.298192207868}, {""id"": ""Q6D9JEmPGiPufpzrJwTN6w"", ""alias"": ""la-bettola-di-piero-milano-2"", ""name"": ""La Bettola di Piero"", ""image_url"": ""https://s3-media1.fl.yelpcdn.com/bphoto/IfsWCtVJomPevWMSc_LmJg/o.jpg"", ""is_closed"": false, ""url"": ""https://www.yelp.com/biz/la-bettola-di-piero-milano-2?adjust_creative=ULHW7ynqdXE8Z9Fnr4irFw&utm_campaign=yelp_api_v3&utm_medium=api_v3_business_search&utm_source=ULHW7ynqdXE8Z9Fnr4irFw"", ""review_count"": 10, ""categories"": [{""alias"": ""lumbard"", ""title"": ""Lumbard""}], ""rating"": 4.0, ""coordinates"": {""latitude"": 45.455162210353, ""longitude"": 9.2004169770113}, ""transactions"": [], ""price"": ""\u20ac\u20ac\u20ac"", ""location"": {""address1"": ""Via Orti 17"", ""address2"": null, ""address3"": null, ""city"": ""Milan"", ""zip_code"": ""20122"", ""country"": ""IT"", ""state"": ""MI"", ""display_address"": [""Via Orti 17"", ""20122 Milan"", ""Italy""]}, ""phone"": ""+390255184947"", ""display_phone"": ""+39 02 5518 4947"", ""distance"": 1920.0402464493804}, {""id"": ""WEaAN-YBK657BehtFZuLSA"", ""alias"": ""osteria-luna-piena-milano"", ""name"": ""Osteria Luna Piena"", ""image_url"": ""https://s3-media1.fl.yelpcdn.com/bphoto/5VukvPVO2QBJnOuM9fk2MA/o.jpg"", ""is_closed"": false, ""url"": ""https://www.yelp.com/biz/osteria-luna-piena-milano?adjust_creative=ULHW7ynqdXE8Z9Fnr4irFw&utm_campaign=yelp_api_v3&utm_medium=api_v3_business_search&utm_source=ULHW7ynqdXE8Z9Fnr4irFw"", ""review_count"": 5, ""categories"": [{""alias"": ""apulian"", ""title"": ""Apulian""}], ""rating"": 4.0, ""coordinates"": {""latitude"": 45.47678, ""longitude"": 9.20485}, ""transactions"": [], ""price"": ""\u20ac\u20ac"", ""location"": {""address1"": ""Via Lazzaro Palazzi 9"", ""address2"": """", ""address3"": """", ""city"": ""Milan"", ""zip_code"": ""20124"", ""country"": ""IT"", ""state"": ""MI"", ""display_address"": [""Via Lazzaro Palazzi 9"", ""20124 Milan"", ""Italy""]}, ""phone"": ""+390229528240"", ""display_phone"": ""+39 02 2952 8240"", ""distance"": 1416.4529872461255}, {""id"": ""VC6yKd-We7nwPX6Cqf991w"", ""alias"": ""torre-di-pisa-milano"", ""name"": ""Torre di Pisa"", ""image_url"": ""https://s3-media1.fl.yelpcdn.com/bphoto/BisQgRyXP0N_F-_izZ6Viw/o.jpg"", ""is_closed"": false, ""url"": ""https://www.yelp.com/biz/torre-di-pisa-milano?adjust_creative=ULHW7ynqdXE8Z9Fnr4irFw&utm_campaign=yelp_api_v3&utm_medium=api_v3_business_search&utm_source=ULHW7ynqdXE8Z9Fnr4irFw"", ""review_count"": 15, ""categories"": [{""alias"": ""tuscan"", ""title"": ""Tuscan""}], ""rating"": 4.0, ""coordinates"": {""latitude"": 45.4718364103074, ""longitude"": 9.18487287069467}, ""transactions"": [], ""price"": ""\u20ac\u20ac"", ""location"": {""address1"": ""Via Fiori Chiari 21"", ""address2"": """", ""address3"": """", ""city"": ""Milan"", ""zip_code"": ""20121"", ""country"": ""IT"", ""state"": ""MI"", ""display_address"": [""Via Fiori Chiari 21"", ""20121 Milan"", ""Italy""]}, ""phone"": ""+3902874877"", ""display_phone"": ""+39 02 874877"", ""distance"": 358.11501582382624}, {""id"": ""rgEIl1BVpykZWPmmTDpQwg"", ""alias"": ""lievit\u00e0-milano-2"", ""name"": ""Lievit\u00e0"", ""image_url"": ""https://s3-media2.fl.yelpcdn.com/bphoto/WyWh2GFTYq7mhGXqEbG-Cw/o.jpg"", ""is_closed"": false, ""url"": ""https://www.yelp.com/biz/lievit%C3%A0-milano-2?adjust_creative=ULHW7ynqdXE8Z9Fnr4irFw&utm_campaign=yelp_api_v3&utm_medium=api_v3_business_search&utm_source=ULHW7ynqdXE8Z9Fnr4irFw"", ""review_count"": 10, ""categories"": [{""alias"": ""pizza"", ""title"": ""Pizza""}], ""rating"": 4.0, ""coordinates"": {""latitude"": 45.46828, ""longitude"": 9.15117}, ""transactions"": [], ""price"": ""\u20ac\u20ac\u20ac"", ""location"": {""address1"": ""Via Carlo Ravizza 11"", ""address2"": """", ""address3"": """", ""city"": ""Milan"", ""zip_code"": ""20149"", ""country"": ""IT"", ""state"": ""MI"", ""display_address"": [""Via Carlo Ravizza 11"", ""20149 Milan"", ""Italy""]}, ""phone"": ""+390291328251"", ""display_phone"": ""+39 02 9132 8251"", ""distance"": 2967.5231365408904}, {""id"": ""UYlXw7au0SGVXef8q0kbvg"", ""alias"": ""victum-milano"", ""name"": ""Victum"", ""image_url"": ""https://s3-media3.fl.yelpcdn.com/bphoto/JX83MQpgs8Jgv-F72G_Y9Q/o.jpg"", ""is_closed"": false, ""url"": ""https://www.yelp.com/biz/victum-milano?adjust_creative=ULHW7ynqdXE8Z9Fnr4irFw&utm_campaign=yelp_api_v3&utm_medium=api_v3_business_search&utm_source=ULHW7ynqdXE8Z9Fnr4irFw"", ""review_count"": 5, ""categories"": [{""alias"": ""italian"", ""title"": ""Italian""}, {""alias"": ""cafeteria"", ""title"": ""Cafeteria""}], ""rating"": 4.0, ""coordinates"": {""latitude"": 45.46782, ""longitude"": 9.206141}, ""transactions"": [], ""location"": {""address1"": ""Piazza del Tricolore"", ""address2"": """", ""address3"": """", ""city"": ""Milan"", ""zip_code"": ""20129"", ""country"": ""IT"", ""state"": ""MI"", ""display_address"": [""Piazza del Tricolore"", ""20129 Milan"", ""Italy""]}, ""phone"": ""+390276023262"", ""display_phone"": ""+39 02 7602 3262"", ""distance"": 1360.868157429761}, {""id"": ""a6UAQQp0isOzO5hZyionVA"", ""alias"": ""riad-food-garden-milano"", ""name"": ""Riad Food Garden"", ""image_url"": ""https://s3-media4.fl.yelpcdn.com/bphoto/Vz_uvlMcYulCLtUJb6WMRA/o.jpg"", ""is_closed"": false, ""url"": ""https://www.yelp.com/biz/riad-food-garden-milano?adjust_creative=ULHW7ynqdXE8Z9Fnr4irFw&utm_campaign=yelp_api_v3&utm_medium=api_v3_business_search&utm_source=ULHW7ynqdXE8Z9Fnr4irFw"", ""review_count"": 5, ""categories"": [{""alias"": ""bistros"", ""title"": ""Bistros""}, {""alias"": ""cafeteria"", ""title"": ""Cafeteria""}], ""rating"": 4.0, ""coordinates"": {""latitude"": 45.4709587, ""longitude"": 9.2064896}, ""transactions"": [], ""price"": ""\u20ac\u20ac"", ""location"": {""address1"": ""Viale Piave 17"", ""address2"": """", ""address3"": """", ""city"": ""Milan"", ""zip_code"": ""20129"", ""country"": ""IT"", ""state"": ""MI"", ""display_address"": [""Viale Piave 17"", ""20129 Milan"", ""Italy""]}, ""phone"": ""+390276340504"", ""display_phone"": ""+39 02 7634 0504"", ""distance"": 1364.3386243538382}, {""id"": ""ch06SecA3DgUfv1gKeb2kQ"", ""alias"": ""la-baita-del-formaggio-milano-2"", ""name"": ""La Baita del Formaggio"", ""image_url"": ""https://s3-media1.fl.yelpcdn.com/bphoto/2gMrKf9_SQdSS8fWwDghiA/o.jpg"", ""is_closed"": false, ""url"": ""https://www.yelp.com/biz/la-baita-del-formaggio-milano-2?adjust_creative=ULHW7ynqdXE8Z9Fnr4irFw&utm_campaign=yelp_api_v3&utm_medium=api_v3_business_search&utm_source=ULHW7ynqdXE8Z9Fnr4irFw"", ""review_count"": 5, ""categories"": [{""alias"": ""cheese"", ""title"": ""Cheese Shops""}, {""alias"": ""foodstands"", ""title"": ""Food Stands""}], ""rating"": 4.0, ""coordinates"": {""latitude"": 45.45866, ""longitude"": 9.16403}, ""transactions"": [], ""price"": ""\u20ac\u20ac\u20ac"", ""location"": {""address1"": ""Via Foppa 5"", ""address2"": null, ""address3"": null, ""city"": ""Milan"", ""zip_code"": ""20144"", ""country"": ""IT"", ""state"": ""MI"", ""display_address"": [""Via Foppa 5"", ""20144 Milan"", ""Italy""]}, ""phone"": ""+39024817892"", ""display_phone"": ""+39 02 481 7892"", ""distance"": 2348.2430569997114}, {""id"": ""RjD9a1wM4OlE_vK1SgyY9g"", ""alias"": ""piccolo-birrificio-brioschi-milano-2"", ""name"": ""Piccolo Birrificio Brioschi"", ""image_url"": ""https://s3-media4.fl.yelpcdn.com/bphoto/B92LVer-aPqhNMQgojxXKQ/o.jpg"", ""is_closed"": false, ""url"": ""https://www.yelp.com/biz/piccolo-birrificio-brioschi-milano-2?adjust_creative=ULHW7ynqdXE8Z9Fnr4irFw&utm_campaign=yelp_api_v3&utm_medium=api_v3_business_search&utm_source=ULHW7ynqdXE8Z9Fnr4irFw"", ""review_count"": 5, ""categories"": [{""alias"": ""breweries"", ""title"": ""Breweries""}, {""alias"": ""pubs"", ""title"": ""Pubs""}], ""rating"": 4.0, ""coordinates"": {""latitude"": 45.4405889803899, ""longitude"": 9.1816170067633}, ""transactions"": [], ""price"": ""\u20ac\u20ac"", ""location"": {""address1"": ""Via Francesco Brioschi 74"", ""address2"": """", ""address3"": """", ""city"": ""Milan"", ""zip_code"": ""20141"", ""country"": ""IT"", ""state"": ""MI"", ""display_address"": [""Via Francesco Brioschi 74"", ""20141 Milan"", ""Italy""]}, ""phone"": ""+390283428009"", ""display_phone"": ""+39 02 8342 8009"", ""distance"": 3372.911356575974}, {""id"": ""vHZJ1Mp7944c_pQP-1xCEw"", ""alias"": ""kandoo-milano"", ""name"": ""Kandoo"", ""image_url"": ""https://s3-media2.fl.yelpcdn.com/bphoto/BhXXxepZIuPZ7XJz7FCnCA/o.jpg"", ""is_closed"": false, ""url"": ""https://www.yelp.com/biz/kandoo-milano?adjust_creative=ULHW7ynqdXE8Z9Fnr4irFw&utm_campaign=yelp_api_v3&utm_medium=api_v3_business_search&utm_source=ULHW7ynqdXE8Z9Fnr4irFw"", ""review_count"": 10, ""categories"": [{""alias"": ""japanese"", ""title"": ""Japanese""}], ""rating"": 4.0, ""coordinates"": {""latitude"": 45.462045060283, ""longitude"": 9.2284088326398}, ""transactions"": [], ""price"": ""\u20ac\u20ac\u20ac"", ""location"": {""address1"": ""Viale Corsica 38"", ""address2"": """", ""address3"": """", ""city"": ""Milan"", ""zip_code"": ""20137"", ""country"": ""IT"", ""state"": ""MI"", ""display_address"": [""Viale Corsica 38"", ""20137 Milan"", ""Italy""]}, ""phone"": ""+390270126079"", ""display_phone"": ""+39 02 7012 6079"", ""distance"": 3210.4692536654784}, {""id"": ""syYeHywBJ0lRzs0Bm2gGVQ"", ""alias"": ""le-luride-milano"", ""name"": ""Le Luride"", ""image_url"": ""https://s3-media3.fl.yelpcdn.com/bphoto/zHe1avifrdAm6GaImOxkQA/o.jpg"", ""is_closed"": false, ""url"": ""https://www.yelp.com/biz/le-luride-milano?adjust_creative=ULHW7ynqdXE8Z9Fnr4irFw&utm_campaign=yelp_api_v3&utm_medium=api_v3_business_search&utm_source=ULHW7ynqdXE8Z9Fnr4irFw"", ""review_count"": 5, ""categories"": [{""alias"": ""sandwiches"", ""title"": ""Sandwiches""}, {""alias"": ""foodtrucks"", ""title"": ""Food Trucks""}], ""rating"": 4.0, ""coordinates"": {""latitude"": 45.4685707829429, ""longitude"": 9.2302083603272}, ""transactions"": [], ""price"": ""\u20ac"", ""location"": {""address1"": ""Viale Argonne"", ""address2"": """", ""address3"": """", ""city"": ""Milan"", ""zip_code"": ""20133"", ""country"": ""IT"", ""state"": ""MI"", ""display_address"": [""Viale Argonne"", ""20133 Milan"", ""Italy""]}, ""phone"": """", ""display_phone"": """", ""distance"": 3217.7588912887127}, {""id"": ""4UXxFnkBS6a-A9kUwhZnLA"", ""alias"": ""muu-house-milano-5"", ""name"": ""Muu House"", ""image_url"": ""https://s3-media4.fl.yelpcdn.com/bphoto/Aeln6vSudWSEurvTnGY20Q/o.jpg"", ""is_closed"": false, ""url"": ""https://www.yelp.com/biz/muu-house-milano-5?adjust_creative=ULHW7ynqdXE8Z9Fnr4irFw&utm_campaign=yelp_api_v3&utm_medium=api_v3_business_search&utm_source=ULHW7ynqdXE8Z9Fnr4irFw"", ""review_count"": 5, ""categories"": [{""alias"": ""steak"", ""title"": ""Steakhouses""}, {""alias"": ""burgers"", ""title"": ""Burgers""}], ""rating"": 4.0, ""coordinates"": {""latitude"": 45.467156, ""longitude"": 9.2073684}, ""transactions"": [], ""price"": ""\u20ac\u20ac\u20ac"", ""location"": {""address1"": ""Viale Premuda 46"", ""address2"": null, ""address3"": """", ""city"": ""Milan"", ""zip_code"": ""20129"", ""country"": ""IT"", ""state"": ""MI"", ""display_address"": [""Viale Premuda 46"", ""20129 Milan"", ""Italy""]}, ""phone"": ""+390287030133"", ""display_phone"": ""+39 02 8703 0133"", ""distance"": 1476.5702355192411}, {""id"": ""Lrx0fyj6Mj0UXlQK4iKjjA"", ""alias"": ""the-room-milano-milano"", ""name"": ""The Room Milano"", ""image_url"": ""https://s3-media1.fl.yelpcdn.com/bphoto/ylaATW8BJLwkipbtcE2toA/o.jpg"", ""is_closed"": false, ""url"": ""https://www.yelp.com/biz/the-room-milano-milano?adjust_creative=ULHW7ynqdXE8Z9Fnr4irFw&utm_campaign=yelp_api_v3&utm_medium=api_v3_business_search&utm_source=ULHW7ynqdXE8Z9Fnr4irFw"", ""review_count"": 5, ""categories"": [{""alias"": ""lounges"", ""title"": ""Lounges""}, {""alias"": ""breakfast_brunch"", ""title"": ""Breakfast & Brunch""}, {""alias"": ""burgers"", ""title"": ""Burgers""}], ""rating"": 4.0, ""coordinates"": {""latitude"": 45.4486199, ""longitude"": 9.1981157}, ""transactions"": [], ""price"": ""\u20ac\u20ac"", ""location"": {""address1"": ""Via Giulio Romano 8"", ""address2"": """", ""address3"": """", ""city"": ""Milan"", ""zip_code"": ""20135"", ""country"": ""IT"", ""state"": ""MI"", ""display_address"": [""Via Giulio Romano 8"", ""20135 Milan"", ""Italy""]}, ""phone"": ""+390258319839"", ""display_phone"": ""+39 02 5831 9839"", ""distance"": 2531.0786705904356}, {""id"": ""MXfyRF5a-m-YNqaaUGcM-Q"", ""alias"": ""fof\u00f2-mattozzi-milano"", ""name"": ""Fof\u00f2 Mattozzi"", ""image_url"": ""https://s3-media3.fl.yelpcdn.com/bphoto/Z3y4zYapeuajuChYoqiqrQ/o.jpg"", ""is_closed"": false, ""url"": ""https://www.yelp.com/biz/fof%C3%B2-mattozzi-milano?adjust_creative=ULHW7ynqdXE8Z9Fnr4irFw&utm_campaign=yelp_api_v3&utm_medium=api_v3_business_search&utm_source=ULHW7ynqdXE8Z9Fnr4irFw"", ""review_count"": 5, ""categories"": [{""alias"": ""pizza"", ""title"": ""Pizza""}, {""alias"": ""cucinacampana"", ""title"": ""Cucina campana""}], ""rating"": 4.0, ""coordinates"": {""latitude"": 45.4810797427099, ""longitude"": 9.17238859886782}, ""transactions"": [], ""price"": ""\u20ac\u20ac"", ""location"": {""address1"": ""Via Paolo Sarpi 53"", ""address2"": """", ""address3"": """", ""city"": ""Milan"", ""zip_code"": ""20154"", ""country"": ""IT"", ""state"": ""MI"", ""display_address"": [""Via Paolo Sarpi 53"", ""20154 Milan"", ""Italy""]}, ""phone"": ""+390283421154"", ""display_phone"": ""+39 02 8342 1154"", ""distance"": 1753.6782850272664}, {""id"": ""jhPBw8_lgerpsJCHBJsmMg"", ""alias"": ""la-cantina-di-franco-milano-2"", ""name"": ""La Cantina di Franco"", ""image_url"": ""https://s3-media3.fl.yelpcdn.com/bphoto/5hql_KxqaNk8vWALeB0eYQ/o.jpg"", ""is_closed"": false, ""url"": ""https://www.yelp.com/biz/la-cantina-di-franco-milano-2?adjust_creative=ULHW7ynqdXE8Z9Fnr4irFw&utm_campaign=yelp_api_v3&utm_medium=api_v3_business_search&utm_source=ULHW7ynqdXE8Z9Fnr4irFw"", ""review_count"": 5, ""categories"": [{""alias"": ""wine_bars"", ""title"": ""Wine Bars""}, {""alias"": ""italian"", ""title"": ""Italian""}], ""rating"": 4.0, ""coordinates"": {""latitude"": 45.46854, ""longitude"": 9.15227}, ""transactions"": [], ""price"": ""\u20ac\u20ac\u20ac"", ""location"": {""address1"": ""Via Raffaello Sanzio 16"", ""address2"": """", ""address3"": """", ""city"": ""Milan"", ""zip_code"": ""20149"", ""country"": ""IT"", ""state"": ""MI"", ""display_address"": [""Via Raffaello Sanzio 16"", ""20149 Milan"", ""Italy""]}, ""phone"": ""+390243983048"", ""display_phone"": ""+39 02 4398 3048"", ""distance"": 2895.945981390315}, {""id"": ""Fp64Q7lc2FCiD_LbF_A-fA"", ""alias"": ""gulp-gulp-milano"", ""name"": ""Gulp Gulp"", ""image_url"": ""https://s3-media2.fl.yelpcdn.com/bphoto/_4U3REsoxWj7-9ssGA0JXg/o.jpg"", ""is_closed"": false, ""url"": ""https://www.yelp.com/biz/gulp-gulp-milano?adjust_creative=ULHW7ynqdXE8Z9Fnr4irFw&utm_campaign=yelp_api_v3&utm_medium=api_v3_business_search&utm_source=ULHW7ynqdXE8Z9Fnr4irFw"", ""review_count"": 5, ""categories"": [{""alias"": ""pizza"", ""title"": ""Pizza""}], ""rating"": 4.0, ""coordinates"": {""latitude"": 45.4436899, ""longitude"": 9.21617}, ""transactions"": [], ""location"": {""address1"": ""Corso Lodi 72"", ""address2"": """", ""address3"": """", ""city"": ""Milan"", ""zip_code"": ""20139"", ""country"": ""IT"", ""state"": ""MI"", ""display_address"": [""Corso Lodi 72"", ""20139 Milan"", ""Italy""]}, ""phone"": ""+39025390050"", ""display_phone"": ""+39 02 539 0050"", ""distance"": 3657.199759493657}, {""id"": ""zzYf5n5Jkv_8KATzb1nvMw"", ""alias"": ""bice-milano"", ""name"": ""Bice"", ""image_url"": ""https://s3-media2.fl.yelpcdn.com/bphoto/L0sgUmC_pZFw7Xj2TBR3HA/o.jpg"", ""is_closed"": false, ""url"": ""https://www.yelp.com/biz/bice-milano?adjust_creative=ULHW7ynqdXE8Z9Fnr4irFw&utm_campaign=yelp_api_v3&utm_medium=api_v3_business_search&utm_source=ULHW7ynqdXE8Z9Fnr4irFw"", ""review_count"": 15, ""categories"": [{""alias"": ""italian"", ""title"": ""Italian""}], ""rating"": 4.0, ""coordinates"": {""latitude"": 45.47004, ""longitude"": 9.19406}, ""transactions"": [], ""price"": ""\u20ac\u20ac\u20ac\u20ac"", ""location"": {""address1"": ""Via Borgospesso 12"", ""address2"": null, ""address3"": null, ""city"": ""Milan"", ""zip_code"": ""20121"", ""country"": ""IT"", ""state"": ""MI"", ""display_address"": [""Via Borgospesso 12"", ""20121 Milan"", ""Italy""]}, ""phone"": ""+3902795528"", ""display_phone"": ""+39 02 795528"", ""distance"": 405.5896488525339}, {""id"": ""JZ0GJCDmcw25gSLaSBLcRg"", ""alias"": ""usaghi-milano"", ""name"": ""Usaghi"", ""image_url"": ""https://s3-media4.fl.yelpcdn.com/bphoto/S36wssv-Ffe30Ij00uVi1Q/o.jpg"", ""is_closed"": false, ""url"": ""https://www.yelp.com/biz/usaghi-milano?adjust_creative=ULHW7ynqdXE8Z9Fnr4irFw&utm_campaign=yelp_api_v3&utm_medium=api_v3_business_search&utm_source=ULHW7ynqdXE8Z9Fnr4irFw"", ""review_count"": 5, ""categories"": [{""alias"": ""asianfusion"", ""title"": ""Asian Fusion""}, {""alias"": ""buffets"", ""title"": ""Buffets""}], ""rating"": 4.0, ""coordinates"": {""latitude"": 45.48783, ""longitude"": 9.1651}, ""transactions"": [], ""price"": ""\u20ac\u20ac\u20ac"", ""location"": {""address1"": ""Via Cenisio 40"", ""address2"": """", ""address3"": """", ""city"": ""Milan"", ""zip_code"": ""20154"", ""country"": ""IT"", ""state"": ""MI"", ""display_address"": [""Via Cenisio 40"", ""20154 Milan"", ""Italy""]}, ""phone"": ""+39023494372"", ""display_phone"": ""+39 02 349 4372"", ""distance"": 2676.1921351046585}, {""id"": ""mmN8MJN1jLT7umHgpBWJSw"", ""alias"": ""la-sana-gola-milano"", ""name"": ""La Sana Gola"", ""image_url"": ""https://s3-media3.fl.yelpcdn.com/bphoto/0UYlHeztGnxhsEjlVDjFXg/o.jpg"", ""is_closed"": false, ""url"": ""https://www.yelp.com/biz/la-sana-gola-milano?adjust_creative=ULHW7ynqdXE8Z9Fnr4irFw&utm_campaign=yelp_api_v3&utm_medium=api_v3_business_search&utm_source=ULHW7ynqdXE8Z9Fnr4irFw"", ""review_count"": 10, ""categories"": [{""alias"": ""vegetarian"", ""title"": ""Vegetarian""}, {""alias"": ""breakfast_brunch"", ""title"": ""Breakfast & Brunch""}], ""rating"": 4.0, ""coordinates"": {""latitude"": 45.49392, ""longitude"": 9.18522}, ""transactions"": [], ""price"": ""\u20ac\u20ac"", ""location"": {""address1"": ""Via Farini 70"", ""address2"": """", ""address3"": """", ""city"": ""Milan"", ""zip_code"": ""20159"", ""country"": ""IT"", ""state"": ""MI"", ""display_address"": [""Via Farini 70"", ""20159 Milan"", ""Italy""]}, ""phone"": ""+39026687188"", ""display_phone"": ""+39 02 668 7188"", ""distance"": 2624.0767940360483}, {""id"": ""s7v46YDgjlw6LD_0wX3F4w"", ""alias"": ""andry-milano-2"", ""name"": ""andry"", ""image_url"": ""https://s3-media3.fl.yelpcdn.com/bphoto/HjexG81ry0tmD00ousxr6w/o.jpg"", ""is_closed"": false, ""url"": ""https://www.yelp.com/biz/andry-milano-2?adjust_creative=ULHW7ynqdXE8Z9Fnr4irFw&utm_campaign=yelp_api_v3&utm_medium=api_v3_business_search&utm_source=ULHW7ynqdXE8Z9Fnr4irFw"", ""review_count"": 5, ""categories"": [{""alias"": ""seafood"", ""title"": ""Seafood""}], ""rating"": 4.0, ""coordinates"": {""latitude"": null, ""longitude"": null}, ""transactions"": [], ""price"": ""\u20ac\u20ac\u20ac"", ""location"": {""address1"": null, ""address2"": """", ""address3"": """", ""city"": ""Milan"", ""zip_code"": """", ""country"": ""IT"", ""state"": ""MI"", ""display_address"": [""Milan"", ""Italy""]}, ""phone"": """", ""display_phone"": """", ""distance"": 591.5762755937811}, {""id"": ""uCJZ_Smw8Ygkd6rPhJReww"", ""alias"": ""al-ficodindia-milano-2"", ""name"": ""Al Ficodindia"", ""image_url"": ""https://s3-media2.fl.yelpcdn.com/bphoto/TY9r6A9Xckdb5NLRBf0NEQ/o.jpg"", ""is_closed"": false, ""url"": ""https://www.yelp.com/biz/al-ficodindia-milano-2?adjust_creative=ULHW7ynqdXE8Z9Fnr4irFw&utm_campaign=yelp_api_v3&utm_medium=api_v3_business_search&utm_source=ULHW7ynqdXE8Z9Fnr4irFw"", ""review_count"": 10, ""categories"": [{""alias"": ""sicilian"", ""title"": ""Sicilian""}], ""rating"": 4.0, ""coordinates"": {""latitude"": 45.44085, ""longitude"": 9.18069}, ""transactions"": [], ""price"": ""\u20ac\u20ac\u20ac"", ""location"": {""address1"": ""Via Ruggero Bonghi 11"", ""address2"": """", ""address3"": """", ""city"": ""Milan"", ""zip_code"": ""20141"", ""country"": ""IT"", ""state"": ""MI"", ""display_address"": [""Via Ruggero Bonghi 11"", ""20141 Milan"", ""Italy""]}, ""phone"": ""+390284892887"", ""display_phone"": ""+39 02 8489 2887"", ""distance"": 3351.842307883944}, {""id"": ""-LXyEF9fJR8qQi1qpyQP6A"", ""alias"": ""venchi-milano-6"", ""name"": ""Venchi"", ""image_url"": ""https://s3-media3.fl.yelpcdn.com/bphoto/QIAmbY5H3HIFMogoD6_cIA/o.jpg"", ""is_closed"": false, ""url"": ""https://www.yelp.com/biz/venchi-milano-6?adjust_creative=ULHW7ynqdXE8Z9Fnr4irFw&utm_campaign=yelp_api_v3&utm_medium=api_v3_business_search&utm_source=ULHW7ynqdXE8Z9Fnr4irFw"", ""review_count"": 5, ""categories"": [{""alias"": ""icecream"", ""title"": ""Ice Cream & Frozen Yogurt""}, {""alias"": ""chocolate"", ""title"": ""Chocolatiers & Shops""}], ""rating"": 4.0, ""coordinates"": {""latitude"": 45.4679089200783, ""longitude"": 9.17546053370381}, ""transactions"": [], ""price"": ""\u20ac\u20ac"", ""location"": {""address1"": ""Via Boccaccio 2"", ""address2"": """", ""address3"": """", ""city"": ""Milan"", ""zip_code"": ""20123"", ""country"": ""IT"", ""state"": ""MI"", ""display_address"": [""Via Boccaccio 2"", ""20123 Milan"", ""Italy""]}, ""phone"": ""+39024812703"", ""display_phone"": ""+39 02 481 2703"", ""distance"": 1096.1470964850812}, {""id"": ""UkV_dUMPXLl6LzBWL2TNzA"", ""alias"": ""planet-milano-3"", ""name"": ""Planet"", ""image_url"": ""https://s3-media1.fl.yelpcdn.com/bphoto/K9ZG6Vz1mfVice67CcU79Q/o.jpg"", ""is_closed"": false, ""url"": ""https://www.yelp.com/biz/planet-milano-3?adjust_creative=ULHW7ynqdXE8Z9Fnr4irFw&utm_campaign=yelp_api_v3&utm_medium=api_v3_business_search&utm_source=ULHW7ynqdXE8Z9Fnr4irFw"", ""review_count"": 5, ""categories"": [{""alias"": ""japanese"", ""title"": ""Japanese""}, {""alias"": ""italian"", ""title"": ""Italian""}, {""alias"": ""pizza"", ""title"": ""Pizza""}], ""rating"": 4.0, ""coordinates"": {""latitude"": 45.5086315807016, ""longitude"": 9.17734332303333}, ""transactions"": [], ""price"": ""\u20ac\u20ac"", ""location"": {""address1"": ""Via Pellegrino Rossi 15"", ""address2"": """", ""address3"": """", ""city"": ""Milan"", ""zip_code"": ""20161"", ""country"": ""IT"", ""state"": ""MI"", ""display_address"": [""Via Pellegrino Rossi 15"", ""20161 Milan"", ""Italy""]}, ""phone"": ""+39026461399"", ""display_phone"": ""+39 02 646 1399"", ""distance"": 4339.802359577894}, {""id"": ""UDVKi873C3rrvu7GME9Z_A"", ""alias"": ""itso-natural-milano"", ""name"": ""It'so Natural"", ""image_url"": ""https://s3-media4.fl.yelpcdn.com/bphoto/zS5J2XoGFuZnDG-w0PWkew/o.jpg"", ""is_closed"": false, ""url"": ""https://www.yelp.com/biz/itso-natural-milano?adjust_creative=ULHW7ynqdXE8Z9Fnr4irFw&utm_campaign=yelp_api_v3&utm_medium=api_v3_business_search&utm_source=ULHW7ynqdXE8Z9Fnr4irFw"", ""review_count"": 5, ""categories"": [{""alias"": ""icecream"", ""title"": ""Ice Cream & Frozen Yogurt""}, {""alias"": ""juicebars"", ""title"": ""Juice Bars & Smoothies""}, {""alias"": ""vegetarian"", ""title"": ""Vegetarian""}], ""rating"": 4.0, ""coordinates"": {""latitude"": 45.4590974, ""longitude"": 9.1701987}, ""transactions"": [], ""price"": ""\u20ac\u20ac"", ""location"": {""address1"": ""Piazza Sant'Agostino 16"", ""address2"": """", ""address3"": """", ""city"": ""Milan"", ""zip_code"": ""20123"", ""country"": ""IT"", ""state"": ""MI"", ""display_address"": [""Piazza Sant'Agostino 16"", ""20123 Milan"", ""Italy""]}, ""phone"": ""+390239401034"", ""display_phone"": ""+39 02 3940 1034"", ""distance"": 1899.2928541965148}, {""id"": ""io5d8Uym8SN1-9LsFJBRnQ"", ""alias"": ""la-scaletta-milano"", ""name"": ""La Scaletta"", ""image_url"": ""https://s3-media4.fl.yelpcdn.com/bphoto/aOq55jURGOoq0BOWL3rcWw/o.jpg"", ""is_closed"": false, ""url"": ""https://www.yelp.com/biz/la-scaletta-milano?adjust_creative=ULHW7ynqdXE8Z9Fnr4irFw&utm_campaign=yelp_api_v3&utm_medium=api_v3_business_search&utm_source=ULHW7ynqdXE8Z9Fnr4irFw"", ""review_count"": 5, ""categories"": [{""alias"": ""mediterranean"", ""title"": ""Mediterranean""}, {""alias"": ""lumbard"", ""title"": ""Lumbard""}], ""rating"": 4.0, ""coordinates"": {""latitude"": 45.45358, ""longitude"": 9.1704899}, ""transactions"": [], ""location"": {""address1"": ""Piazzale Stazione Genova 3"", ""address2"": null, ""address3"": null, ""city"": ""Milan"", ""zip_code"": ""20144"", ""country"": ""IT"", ""state"": ""MI"", ""display_address"": [""Piazzale Stazione Genova 3"", ""20144 Milan"", ""Italy""]}, ""phone"": ""+390243986316"", ""display_phone"": ""+39 02 4398 6316"", ""distance"": 2383.3569357152464}, {""id"": ""fOIWTifXrNtAT27Q8PSq_Q"", ""alias"": ""la-piadineria-milano-3"", ""name"": ""La Piadineria"", ""image_url"": ""https://s3-media4.fl.yelpcdn.com/bphoto/3uz5iD8vsnyVM9Wy3DW73A/o.jpg"", ""is_closed"": false, ""url"": ""https://www.yelp.com/biz/la-piadineria-milano-3?adjust_creative=ULHW7ynqdXE8Z9Fnr4irFw&utm_campaign=yelp_api_v3&utm_medium=api_v3_business_search&utm_source=ULHW7ynqdXE8Z9Fnr4irFw"", ""review_count"": 5, ""categories"": [{""alias"": ""sandwiches"", ""title"": ""Sandwiches""}, {""alias"": ""piadina"", ""title"": ""Piadina""}], ""rating"": 4.0, ""coordinates"": {""latitude"": 45.45104, ""longitude"": 9.19569}, ""transactions"": [], ""price"": ""\u20ac"", ""location"": {""address1"": ""Viale Bligny 43"", ""address2"": """", ""address3"": """", ""city"": ""Milan"", ""zip_code"": ""20136"", ""country"": ""IT"", ""state"": ""MI"", ""display_address"": [""Viale Bligny 43"", ""20136 Milan"", ""Italy""]}, ""phone"": ""+390258309186"", ""display_phone"": ""+39 02 5830 9186"", ""distance"": 2218.2619400345598}, {""id"": ""ChmtA4ONPe0SH6rZSGZahQ"", ""alias"": ""al-panino-milano-2"", ""name"": ""Al Panino"", ""image_url"": ""https://s3-media4.fl.yelpcdn.com/bphoto/bNfVm-_ieL-dRdl-iiXZgw/o.jpg"", ""is_closed"": false, ""url"": ""https://www.yelp.com/biz/al-panino-milano-2?adjust_creative=ULHW7ynqdXE8Z9Fnr4irFw&utm_campaign=yelp_api_v3&utm_medium=api_v3_business_search&utm_source=ULHW7ynqdXE8Z9Fnr4irFw"", ""review_count"": 5, ""categories"": [{""alias"": ""pubs"", ""title"": ""Pubs""}, {""alias"": ""sportsbars"", ""title"": ""Sports Bars""}, {""alias"": ""sandwiches"", ""title"": ""Sandwiches""}], ""rating"": 4.0, ""coordinates"": {""latitude"": 45.48051, ""longitude"": 9.18548}, ""transactions"": [], ""price"": ""\u20ac\u20ac"", ""location"": {""address1"": ""Viale Crispi 5"", ""address2"": """", ""address3"": """", ""city"": ""Milan"", ""zip_code"": ""20121"", ""country"": ""IT"", ""state"": ""MI"", ""display_address"": [""Viale Crispi 5"", ""20121 Milan"", ""Italy""]}, ""phone"": ""+390229063335"", ""display_phone"": ""+39 02 2906 3335"", ""distance"": 1143.3898320066264}, {""id"": ""YywYApNtds0kqNos-rINQw"", ""alias"": ""l-isola-della-pizza-milano-2"", ""name"": ""L'Isola della Pizza"", ""image_url"": ""https://s3-media3.fl.yelpcdn.com/bphoto/7r67_tDR2LQRQU6MhVDVhg/o.jpg"", ""is_closed"": false, ""url"": ""https://www.yelp.com/biz/l-isola-della-pizza-milano-2?adjust_creative=ULHW7ynqdXE8Z9Fnr4irFw&utm_campaign=yelp_api_v3&utm_medium=api_v3_business_search&utm_source=ULHW7ynqdXE8Z9Fnr4irFw"", ""review_count"": 5, ""categories"": [{""alias"": ""pizza"", ""title"": ""Pizza""}], ""rating"": 4.0, ""coordinates"": {""latitude"": 45.4519850369937, ""longitude"": 9.24898333863941}, ""transactions"": [], ""price"": ""\u20ac\u20ac"", ""location"": {""address1"": ""Via Mecenate 84"", ""address2"": """", ""address3"": """", ""city"": ""Milan"", ""zip_code"": ""20138"", ""country"": ""IT"", ""state"": ""MI"", ""display_address"": [""Via Mecenate 84"", ""20138 Milan"", ""Italy""]}, ""phone"": ""+390258012585"", ""display_phone"": ""+39 02 5801 2585"", ""distance"": 5107.535823482919}], ""total"": 5700, ""region"": {""center"": {""longitude"": 9.189033508300781, ""latitude"": 45.47047287954827}}}",application/json,false,"OAS disconformity: [Path '/businesses/[item]/coordinates/latitude'] Instance type (null) does not match any allowed primitive type (allowed: [""integer"";""number""]) --- [Path '/businesses/[item]/coordinates/longitude'] Instance type (null) does not match any allowed primitive type (allowed: [""integer"";""number""]) --- [Path '/businesses/[item]/price'] Instance value (""€"") not found in enum (possible values: [""$"";""$$"";""$$$"";""$$$$""]) --- [Path '/businesses/[item]/price'] Instance value (""€€"") not found in enum (possible values: [""$"";""$$"";""$$$"";""$$$$""]) --- [Path '/businesses/[item]/price'] Instance value (""€€€"") not found in enum (possible values: [""$"";""$$"";""$$$"";""$$$$""]) --- [Path '/businesses/[item]/price'] Instance value (""€€€€"") not found in enum (possible values: [""$"";""$$"";""$$$"";""$$$$""])"
test_ure0c6cauy46_getBusinesses,200,"{""businesses"": [], ""total"": 0, ""region"": {""center"": {""longitude"": -115.344025, ""latitude"": 45.41912}}}",application/json,true,none
test_urek7izn6hy9_getBusinesses,200,"{""businesses"": [], ""total"": 0, ""region"": {""center"": {""longitude"": -96.563126, ""latitude"": 38.879475}}}",application/json,true,none
test_urxefkv1ghf6_getBusinesses,200,"{""businesses"": [], ""total"": 0, ""region"": {""center"": {""longitude"": -105.96038818359375, ""latitude"": 35.665062782072155}}}",application/json,true,none
test_us06ivgttvef_getBusinesses,400,"{""error"": {""code"": ""VALIDATION_ERROR"", ""description"": ""Please specify a location or a latitude and longitude""}}",application/json,true,none
test_uv6cg6q9st9y_getBusinesses,400,"{""error"": {""code"": ""VALIDATION_ERROR"", ""description"": ""Please specify a location or a latitude and longitude""}}",application/json,true,none
test_uvbfk72g4to4_getBusinesses,200,"{""businesses"": [], ""total"": 0, ""region"": {""center"": {""longitude"": -112.25212, ""latitude"": 46.221096}}}",application/json,true,none
test_vbcdhw8muvdu_getBusinesses,200,"{""businesses"": [], ""total"": 0, ""region"": {""center"": {""longitude"": -112.11153, ""latitude"": 36.841854}}}",application/json,true,none
test_vbf5lk8o0pis_getBusinesses,400,"{""error"": {""code"": ""VALIDATION_ERROR"", ""description"": ""Please specify a location or a latitude and longitude""}}",application/json,true,none
test_vbprjakphik7_getBusinesses,200,"{""businesses"": [], ""total"": 0, ""region"": {""center"": {""longitude"": -85.96002, ""latitude"": 46.83723}}}",application/json,true,none
test_vbprjckkk4me_getBusinesses,200,"{""businesses"": [], ""total"": 0, ""region"": {""center"": {""longitude"": -104.80159, ""latitude"": 44.433254}}}",application/json,true,none
test_vbsij475g9y9_getBusinesses,400,"{""error"": {""code"": ""VALIDATION_ERROR"", ""description"": ""Please specify a location or a latitude and longitude""}}",application/json,true,none
test_vey2yhypl8py_getBusinesses,200,"{""businesses"": [], ""total"": 0, ""region"": {""center"": {""longitude"": -95.681496, ""latitude"": 43.93261}}}",application/json,true,none
