testCaseId,faulty,faultyReason,fulfillsDependencies,operationId,path,httpMethod,inputContentType,outputContentType_x,headerParameters,pathParameters,queryParameters,formParameters,bodyParameter,testResultId,statusCode,responseBody,outputContentType_y,passed,failReason,failReasonCategory,timestamp,api,bot,faultClusterIndex,totalFailures,uncoveredByBots,totalUncoveredByBots
test_qe6ljqn8mk4k_getBusinesses,False,null,True,getBusinesses,/businesses/search,GET,application/json,application/json,Authorization=,,open_now=true;price=1%2C4;latitude=40.241722;limit=45;location=Tokyo;categories=poolservice%2Ccondominiums%2Crecyclingcenter;sort_by=best_match;radius=25663;locale=ms_MY;,,,test_qe6ljqn8mk4k_getBusinesses,200,"{""businesses"": [{""id"": ""bSfWJiXTLdz27cpAWYaY1A"", ""alias"": ""\u30e9\u30b0\u30bf\u30b0-\u6e0b\u8c37\u533a"", ""name"": ""\u30e9\u30b0\u30bf\u30b0"", ""image_url"": ""https://s3-media3.fl.yelpcdn.com/bphoto/aDe0M3j-ADRH5pjZt-mQtg/o.jpg"", ""is_closed"": false, ""url"": ""https://ms.yelp.my/biz/%E3%83%A9%E3%82%B0%E3%82%BF%E3%82%B0-%E6%B8%8B%E8%B0%B7%E5%8C%BA?adjust_creative=ULHW7ynqdXE8Z9Fnr4irFw&utm_campaign=yelp_api_v3&utm_medium=api_v3_business_search&utm_source=ULHW7ynqdXE8Z9Fnr4irFw"", ""review_count"": 2, ""categories"": [{""alias"": ""recyclingcenter"", ""title"": ""Pusat Kitar Semula""}, {""alias"": ""vintage"", ""title"": ""Terpakai, Vintaj & Konsainan""}], ""rating"": 3.5, ""coordinates"": {""latitude"": 35.6631431725824, ""longitude"": 139.69994091664}, ""transactions"": [], ""price"": ""\uffe5"", ""location"": {""address1"": ""\u795e\u53571\u4e01\u76ee17-7"", ""address2"": ""\u6e0b\u8c37\u5e97"", ""address3"": null, ""city"": ""Shibuya"", ""zip_code"": ""150-0041"", ""country"": ""JP"", ""state"": ""13"", ""display_address"": [""\u795e\u53571\u4e01\u76ee17-7"", ""\u6e0b\u8c37\u5e97"", ""Shibuya, \u6771\u4eac\u90fd \u3012150-0041"", ""Jepun""]}, ""phone"": ""+81334766848"", ""display_phone"": ""+81 3-3476-6848"", ""distance"": 6501.5036476399}, {""id"": ""9A7l32T_9KEZRxHshXmCyw"", ""alias"": ""\u30e2\u30fc\u30c9\u30aa\u30d5-\u6b66\u8535\u91ce\u5e02"", ""name"": ""\u30e2\u30fc\u30c9\u30aa\u30d5"", ""image_url"": ""https://s3-media1.fl.yelpcdn.com/bphoto/sPUytm8JdR-rU5GYwEtcbw/o.jpg"", ""is_closed"": false, ""url"": ""https://ms.yelp.my/biz/%E3%83%A2%E3%83%BC%E3%83%89%E3%82%AA%E3%83%95-%E6%AD%A6%E8%94%B5%E9%87%8E%E5%B8%82?adjust_creative=ULHW7ynqdXE8Z9Fnr4irFw&utm_campaign=yelp_api_v3&utm_medium=api_v3_business_search&utm_source=ULHW7ynqdXE8Z9Fnr4irFw"", ""review_count"": 1, ""categories"": [{""alias"": ""recyclingcenter"", ""title"": ""Pusat Kitar Semula""}, {""alias"": ""vintage"", ""title"": ""Terpakai, Vintaj & Konsainan""}], ""rating"": 3.0, ""coordinates"": {""latitude"": 35.7067275846811, ""longitude"": 139.580987591096}, ""transactions"": [], ""price"": ""\uffe5"", ""location"": {""address1"": ""\u5409\u7965\u5bfa\u3000\u6771\u753a1\u4e01\u76ee4-26"", ""address2"": ""\u5927\u6587\u30d3\u30eb"", ""address3"": null, ""city"": ""Musashino"", ""zip_code"": ""180-0002"", ""country"": ""JP"", ""state"": ""13"", ""display_address"": [""\u5409\u7965\u5bfa\u3000\u6771\u753a1\u4e01\u76ee4-26"", ""\u5927\u6587\u30d3\u30eb"", ""Musashino, \u6771\u4eac\u90fd \u3012180-0002"", ""Jepun""]}, ""phone"": ""+81422236626"", ""display_phone"": ""+81 422-23-6626"", ""distance"": 16942.931572917234}], ""total"": 2, ""region"": {""center"": {""longitude"": 139.76669311523438, ""latitude"": 35.685011526354074}}}",application/json,False,"OAS disconformity: [Path '/businesses/[item]/price'] Instance value (""￥"") not found in enum (possible values: [""$"";""$$"";""$$$"";""$$$$""])",OAS disconformity,1662717647964,Yelp_Businesses_atlas_6,../target/test-data/Yelp_Businesses_atlas_6/test-cases_1662717647964.csv,0,122,../target/test-data/Yelp_Businesses_atlas_6/test-cases_1662717647964.csv;../target/test-data/Yelp_Businesses_atlas_6/test-cases_1662718007220.csv;../target/test-data/Yelp_Businesses_atlas_6/test-cases_1662718079577.csv;../target/test-data/Yelp_Businesses_atlas_6/test-cases_1662718303704.csv;../target/test-data/Yelp_Businesses_atlas_6/test-cases_1662718382074.csv;../target/test-data/Yelp_Businesses_atlas_6/test-cases_1662718459976.csv;../target/test-data/Yelp_Businesses_atlas_6/test-cases_1662718536051.csv;../target/test-data/Yelp_Businesses_atlas_6/test-cases_1662718686987.csv;../target/test-data/Yelp_Businesses_atlas_6/test-cases_1662718765495.csv;../target/test-data/Yelp_Businesses_atlas_6/test-cases_1662718843543.csv;../target/test-data/Yelp_Businesses_atlas_6/test-cases_1662718921008.csv;../target/test-data/Yelp_Businesses_atlas_6/test-cases_1662719000917.csv;../target/test-data/Yelp_Businesses_atlas_6/test-cases_1662719158302.csv;../target/test-data/Yelp_Businesses_atlas_6/test-cases_1662719239153.csv;../target/test-data/Yelp_Businesses_atlas_6/test-cases_1662719320945.csv;../target/test-data/Yelp_Businesses_atlas_6/test-cases_1662719398518.csv;../target/test-data/Yelp_Businesses_atlas_6/test-cases_1662719476187.csv;../target/test-data/Yelp_Businesses_atlas_6/test-cases_1662719586830.csv;../target/test-data/Yelp_Businesses_atlas_6/test-cases_1662719710038.csv;../target/test-data/Yelp_Businesses_atlas_6/test-cases_1662719823711.csv;../target/test-data/Yelp_Businesses_atlas_6/test-cases_1662719959712.csv;../target/test-data/Yelp_Businesses_atlas_6/test-cases_1662720102262.csv;../target/test-data/Yelp_Businesses_atlas_6/test-cases_1662720257018.csv;../target/test-data/Yelp_Businesses_atlas_6/test-cases_1662720430582.csv;../target/test-data/Yelp_Businesses_atlas_6/test-cases_1662720578657.csv;../target/test-data/Yelp_Businesses_atlas_6/test-cases_1662720786074.csv;../target/test-data/Yelp_Businesses_atlas_6/test-cases_1662721163979.csv;../target/test-data/Yelp_Businesses_atlas_6/test-cases_1662721545461.csv;../target/test-data/Yelp_Businesses_atlas_6/test-cases_1662721956889.csv;../target/test-data/Yelp_Businesses_atlas_6/test-cases_1662722305821.csv;../target/test-data/Yelp_Businesses_atlas_6/test-cases_1662722722580.csv;../target/test-data/Yelp_Businesses_atlas_6/test-cases_1662723148471.csv;../target/test-data/Yelp_Businesses_atlas_6/test-cases_1662723694756.csv;../target/test-data/Yelp_Businesses_atlas_6/test-cases_1662724241136.csv;../target/test-data/Yelp_Businesses_atlas_6/test-cases_1662724759218.csv,35
test_t86x61r9ma1v_getBusinesses,False,null,True,getBusinesses,/businesses/search,GET,application/json,application/json,Authorization=,,open_now=true;latitude=33.64118;location=Juarez%2C+Mexico;attributes=request_a_quote;sort_by=distance;locale=fil_PH;longitude=-85.64033;,,,test_t86x61r9ma1v_getBusinesses,200,"{""businesses"": [{""id"": ""ZM1Uj-gTaUM-xjlM14NpAw"", ""alias"": ""bama-photo-booths-anniston"", ""name"": ""Bama Photo Booths"", ""image_url"": ""https://s3-media2.fl.yelpcdn.com/bphoto/U2y7EOE9dcvT3Tj_0VgPXw/o.jpg"", ""is_closed"": false, ""url"": ""https://fil.yelp.com.ph/biz/bama-photo-booths-anniston?adjust_creative=ULHW7ynqdXE8Z9Fnr4irFw&utm_campaign=yelp_api_v3&utm_medium=api_v3_business_search&utm_source=ULHW7ynqdXE8Z9Fnr4irFw"", ""review_count"": 1, ""categories"": [{""alias"": ""photoboothrentals"", ""title"": ""Rentahan ng Photo Booth""}, {""alias"": ""eventphotography"", ""title"": ""Litratista ng mga Kaganapan""}, {""alias"": ""sessionphotography"", ""title"": ""Session Photography""}], ""rating"": 5.0, ""coordinates"": {""latitude"": 33.63569, ""longitude"": -85.77979}, ""transactions"": [], ""location"": {""address1"": ""3704 Franklin Dr"", ""address2"": null, ""address3"": """", ""city"": ""Anniston"", ""zip_code"": ""36207"", ""country"": ""US"", ""state"": ""AL"", ""display_address"": [""3704 Franklin Dr"", ""Anniston, AL 36207"", ""Estados Unidos""]}, ""phone"": ""+12564524160"", ""display_phone"": ""+1 256-452-4160"", ""distance"": 12927.405289518812}, {""id"": ""jsKg59Zl1gw3FImFF4nU2A"", ""alias"": ""mapco-mart-anniston-4"", ""name"": ""MAPCO Mart"", ""image_url"": ""https://s3-media1.fl.yelpcdn.com/bphoto/Sk_wmAlT-zwTPJrOoddBYA/o.jpg"", ""is_closed"": false, ""url"": ""https://fil.yelp.com.ph/biz/mapco-mart-anniston-4?adjust_creative=ULHW7ynqdXE8Z9Fnr4irFw&utm_campaign=yelp_api_v3&utm_medium=api_v3_business_search&utm_source=ULHW7ynqdXE8Z9Fnr4irFw"", ""review_count"": 2, ""categories"": [{""alias"": ""convenience"", ""title"": ""Mga Convenience Stores""}, {""alias"": ""servicestations"", ""title"": ""Gasolinahan""}], ""rating"": 3.5, ""coordinates"": {""latitude"": 33.643772, ""longitude"": -85.7855134}, ""transactions"": [], ""location"": {""address1"": ""22 Choccolocca"", ""address2"": null, ""address3"": """", ""city"": ""Anniston"", ""zip_code"": ""36201"", ""country"": ""US"", ""state"": ""AL"", ""display_address"": [""22 Choccolocca"", ""Anniston, AL 36201"", ""Estados Unidos""]}, ""phone"": ""+12562370460"", ""display_phone"": ""+1 256-237-0460"", ""distance"": 13442.842594409207}, {""id"": ""Wdjv4xfFUmt_bpSEjdhaYA"", ""alias"": ""washin-golden-springs-anniston"", ""name"": ""Washin Golden Springs"", ""image_url"": ""https://s3-media1.fl.yelpcdn.com/bphoto/gapPe9VYv3MgpB1f8t0UsA/o.jpg"", ""is_closed"": false, ""url"": ""https://fil.yelp.com.ph/biz/washin-golden-springs-anniston?adjust_creative=ULHW7ynqdXE8Z9Fnr4irFw&utm_campaign=yelp_api_v3&utm_medium=api_v3_business_search&utm_source=ULHW7ynqdXE8Z9Fnr4irFw"", ""review_count"": 2, ""categories"": [{""alias"": ""laundryservices"", ""title"": ""Laundry Services""}], ""rating"": 5.0, ""coordinates"": {""latitude"": 33.62952, ""longitude"": -85.80835}, ""transactions"": [], ""location"": {""address1"": ""1304 Greenbrier Dear Rd"", ""address2"": """", ""address3"": """", ""city"": ""Anniston"", ""zip_code"": ""36207"", ""country"": ""US"", ""state"": ""AL"", ""display_address"": [""1304 Greenbrier Dear Rd"", ""Anniston, AL 36207"", ""Estados Unidos""]}, ""phone"": ""+12568352141"", ""display_phone"": ""+1 256-835-2141"", ""distance"": 15617.876528895467}, {""id"": ""zwbwqxdhx8ndUrkAe9DY_g"", ""alias"": ""mapco-mart-anniston-2"", ""name"": ""MAPCO Mart"", ""image_url"": ""https://s3-media2.fl.yelpcdn.com/bphoto/eO0H8pO_2BvduJTwZFGLdA/o.jpg"", ""is_closed"": false, ""url"": ""https://fil.yelp.com.ph/biz/mapco-mart-anniston-2?adjust_creative=ULHW7ynqdXE8Z9Fnr4irFw&utm_campaign=yelp_api_v3&utm_medium=api_v3_business_search&utm_source=ULHW7ynqdXE8Z9Fnr4irFw"", ""review_count"": 1, ""categories"": [{""alias"": ""convenience"", ""title"": ""Mga Convenience Stores""}, {""alias"": ""servicestations"", ""title"": ""Gasolinahan""}], ""rating"": 3.0, ""coordinates"": {""latitude"": 33.7224285, ""longitude"": -85.8436143}, ""transactions"": [], ""location"": {""address1"": ""5701 Saks Rd"", ""address2"": null, ""address3"": """", ""city"": ""Anniston"", ""zip_code"": ""36206"", ""country"": ""US"", ""state"": ""AL"", ""display_address"": [""5701 Saks Rd"", ""Anniston, AL 36206"", ""Estados Unidos""]}, ""phone"": ""+12568203522"", ""display_phone"": ""+1 256-820-3522"", ""distance"": 20866.756840553826}, {""id"": ""yxYDVw3axaBUL8C5MmpN2Q"", ""alias"": ""mapco-mart-alexandria"", ""name"": ""MAPCO Mart"", ""image_url"": ""https://s3-media2.fl.yelpcdn.com/bphoto/UJV2q2zclcdht5BHq9pIEg/o.jpg"", ""is_closed"": false, ""url"": ""https://fil.yelp.com.ph/biz/mapco-mart-alexandria?adjust_creative=ULHW7ynqdXE8Z9Fnr4irFw&utm_campaign=yelp_api_v3&utm_medium=api_v3_business_search&utm_source=ULHW7ynqdXE8Z9Fnr4irFw"", ""review_count"": 2, ""categories"": [{""alias"": ""convenience"", ""title"": ""Mga Convenience Stores""}, {""alias"": ""servicestations"", ""title"": ""Gasolinahan""}], ""rating"": 4.5, ""coordinates"": {""latitude"": 33.780216, ""longitude"": -85.89665}, ""transactions"": [], ""location"": {""address1"": ""7665 US Hwy 431"", ""address2"": null, ""address3"": """", ""city"": ""Alexandria"", ""zip_code"": ""36250"", ""country"": ""US"", ""state"": ""AL"", ""display_address"": [""7665 US Hwy 431"", ""Alexandria, AL 36250"", ""Estados Unidos""]}, ""phone"": ""+12568205455"", ""display_phone"": ""+1 256-820-5455"", ""distance"": 28304.193089969154}, {""id"": ""iG3n36Ox1QkLEACpNDepzw"", ""alias"": ""frontier-towing-and-recovery-tallapoosa-4"", ""name"": ""Frontier Towing and Recovery"", ""image_url"": ""https://s3-media4.fl.yelpcdn.com/bphoto/lxyID0mKsjIEUEuLanIWXQ/o.jpg"", ""is_closed"": false, ""url"": ""https://fil.yelp.com.ph/biz/frontier-towing-and-recovery-tallapoosa-4?adjust_creative=ULHW7ynqdXE8Z9Fnr4irFw&utm_campaign=yelp_api_v3&utm_medium=api_v3_business_search&utm_source=ULHW7ynqdXE8Z9Fnr4irFw"", ""review_count"": 0, ""categories"": [{""alias"": ""towing"", ""title"": ""Towing""}, {""alias"": ""roadsideassist"", ""title"": ""Roadside Assistance""}], ""rating"": 0.0, ""coordinates"": {""latitude"": 33.67812, ""longitude"": -85.2946}, ""transactions"": [], ""location"": {""address1"": ""1844 Old Hwy 100"", ""address2"": null, ""address3"": """", ""city"": ""Tallapoosa"", ""zip_code"": ""30176"", ""country"": ""US"", ""state"": ""GA"", ""display_address"": [""1844 Old Hwy 100"", ""Tallapoosa, GA 30176"", ""Estados Unidos""]}, ""phone"": ""+16786642288"", ""display_phone"": ""+1 678-664-2288"", ""distance"": 32260.284729485356}, {""id"": ""kH78VM_1xzzgaN0ERGDJcw"", ""alias"": ""mapco-mart-piedmont"", ""name"": ""Mapco Mart"", ""image_url"": ""https://s3-media4.fl.yelpcdn.com/bphoto/8nGo9FYYbiQuirlYmnhq3g/o.jpg"", ""is_closed"": false, ""url"": ""https://fil.yelp.com.ph/biz/mapco-mart-piedmont?adjust_creative=ULHW7ynqdXE8Z9Fnr4irFw&utm_campaign=yelp_api_v3&utm_medium=api_v3_business_search&utm_source=ULHW7ynqdXE8Z9Fnr4irFw"", ""review_count"": 1, ""categories"": [{""alias"": ""convenience"", ""title"": ""Mga Convenience Stores""}, {""alias"": ""servicestations"", ""title"": ""Gasolinahan""}], ""rating"": 2.0, ""coordinates"": {""latitude"": 33.933336, ""longitude"": -85.611862}, ""transactions"": [], ""location"": {""address1"": ""140 AL-74"", ""address2"": null, ""address3"": """", ""city"": ""Piedmont"", ""zip_code"": ""36272"", ""country"": ""US"", ""state"": ""AL"", ""display_address"": [""140 AL-74"", ""Piedmont, AL 36272"", ""Estados Unidos""]}, ""phone"": ""+12564477540"", ""display_phone"": ""+1 256-447-7540"", ""distance"": 32592.583530433305}, {""id"": ""PdmDORlIJ-3H-OsvOU0NGQ"", ""alias"": ""mapco-mart-rainbow-city-2"", ""name"": ""Mapco Mart"", ""image_url"": ""https://s3-media4.fl.yelpcdn.com/bphoto/02_XdRNECawSa_AZvS3_Dw/o.jpg"", ""is_closed"": false, ""url"": ""https://fil.yelp.com.ph/biz/mapco-mart-rainbow-city-2?adjust_creative=ULHW7ynqdXE8Z9Fnr4irFw&utm_campaign=yelp_api_v3&utm_medium=api_v3_business_search&utm_source=ULHW7ynqdXE8Z9Fnr4irFw"", ""review_count"": 1, ""categories"": [{""alias"": ""convenience"", ""title"": ""Mga Convenience Stores""}, {""alias"": ""servicestations"", ""title"": ""Gasolinahan""}], ""rating"": 4.0, ""coordinates"": {""latitude"": 33.9548573, ""longitude"": -86.041839}, ""transactions"": [], ""location"": {""address1"": ""3501 Rainbow Dr"", ""address2"": null, ""address3"": """", ""city"": ""Rainbow City"", ""zip_code"": ""35906"", ""country"": ""US"", ""state"": ""AL"", ""display_address"": [""3501 Rainbow Dr"", ""Rainbow City, AL 35906"", ""Estados Unidos""]}, ""phone"": ""+12564137714"", ""display_phone"": ""+1 256-413-7714"", ""distance"": 50942.10160894929}, {""id"": ""pfFx01LaqLLdJ3J4XzcJ6g"", ""alias"": ""mapco-mart-rainbow-city"", ""name"": ""MAPCO Mart"", ""image_url"": ""https://s3-media3.fl.yelpcdn.com/bphoto/d6lD8Idc28fI41-4tMFeQg/o.jpg"", ""is_closed"": false, ""url"": ""https://fil.yelp.com.ph/biz/mapco-mart-rainbow-city?adjust_creative=ULHW7ynqdXE8Z9Fnr4irFw&utm_campaign=yelp_api_v3&utm_medium=api_v3_business_search&utm_source=ULHW7ynqdXE8Z9Fnr4irFw"", ""review_count"": 3, ""categories"": [{""alias"": ""convenience"", ""title"": ""Mga Convenience Stores""}, {""alias"": ""servicestations"", ""title"": ""Gasolinahan""}], ""rating"": 4.5, ""coordinates"": {""latitude"": 33.983902956534855, ""longitude"": -86.04380633675096}, ""transactions"": [], ""location"": {""address1"": ""25 Steele Station Rd"", ""address2"": null, ""address3"": """", ""city"": ""Rainbow City"", ""zip_code"": ""35906"", ""country"": ""US"", ""state"": ""AL"", ""display_address"": [""25 Steele Station Rd"", ""Rainbow City, AL 35906"", ""Estados Unidos""]}, ""phone"": ""+12564137024"", ""display_phone"": ""+1 256-413-7024"", ""distance"": 53308.55013414951}, {""id"": ""QqZKunjQZIxmGTCD314O2Q"", ""alias"": ""reds-24hr-mobile-notary-temple"", ""name"": ""Red's 24hr Mobile Notary"", ""image_url"": ""https://s3-media1.fl.yelpcdn.com/bphoto/Rh1cknEzj7pKtPmLQJoCoA/o.jpg"", ""is_closed"": false, ""url"": ""https://fil.yelp.com.ph/biz/reds-24hr-mobile-notary-temple?adjust_creative=ULHW7ynqdXE8Z9Fnr4irFw&utm_campaign=yelp_api_v3&utm_medium=api_v3_business_search&utm_source=ULHW7ynqdXE8Z9Fnr4irFw"", ""review_count"": 1, ""categories"": [{""alias"": ""notaries"", ""title"": ""Mga Notaryo""}], ""rating"": 5.0, ""coordinates"": {""latitude"": 33.7341755207694, ""longitude"": -85.02891007833388}, ""transactions"": [], ""location"": {""address1"": """", ""address2"": null, ""address3"": """", ""city"": ""Temple"", ""zip_code"": ""30179"", ""country"": ""US"", ""state"": ""GA"", ""display_address"": [""Temple, GA 30179"", ""Estados Unidos""]}, ""phone"": ""+14708305460"", ""display_phone"": ""+1 470-830-5460"", ""distance"": 57507.17956002839}, {""id"": ""gCat9FZNeyOp5rQS6s0B1w"", ""alias"": ""servpro-of-carrollton-villa-rica-2"", ""name"": ""SERVPRO of Carrollton"", ""image_url"": ""https://s3-media4.fl.yelpcdn.com/bphoto/ces46WkZGdFQNKrmUo6Uiw/o.jpg"", ""is_closed"": false, ""url"": ""https://fil.yelp.com.ph/biz/servpro-of-carrollton-villa-rica-2?adjust_creative=ULHW7ynqdXE8Z9Fnr4irFw&utm_campaign=yelp_api_v3&utm_medium=api_v3_business_search&utm_source=ULHW7ynqdXE8Z9Fnr4irFw"", ""review_count"": 2, ""categories"": [{""alias"": ""damagerestoration"", ""title"": ""Panunumbalik ng nasira""}], ""rating"": 3.0, ""coordinates"": {""latitude"": 33.72086, ""longitude"": -84.92343}, ""transactions"": [], ""location"": {""address1"": ""505 Berry Dr"", ""address2"": """", ""address3"": """", ""city"": ""Villa Rica"", ""zip_code"": ""30180"", ""country"": ""US"", ""state"": ""GA"", ""display_address"": [""505 Berry Dr"", ""Villa Rica, GA 30180"", ""Estados Unidos""]}, ""phone"": ""+17702587557"", ""display_phone"": ""+1 770-258-7557"", ""distance"": 66926.41415213853}, {""id"": ""rpaN3oZ1LzcR8DWuU_gNMg"", ""alias"": ""fearfully-and-wonderfully-captured-guntersville"", ""name"": ""Fearfully and Wonderfully Captured"", ""image_url"": ""https://s3-media3.fl.yelpcdn.com/bphoto/6lA_rotMiZMqyD37AC9jsA/o.jpg"", ""is_closed"": false, ""url"": ""https://fil.yelp.com.ph/biz/fearfully-and-wonderfully-captured-guntersville?adjust_creative=ULHW7ynqdXE8Z9Fnr4irFw&utm_campaign=yelp_api_v3&utm_medium=api_v3_business_search&utm_source=ULHW7ynqdXE8Z9Fnr4irFw"", ""review_count"": 3, ""categories"": [{""alias"": ""sessionphotography"", ""title"": ""Session Photography""}, {""alias"": ""eventphotography"", ""title"": ""Litratista ng mga Kaganapan""}], ""rating"": 5.0, ""coordinates"": {""latitude"": 34.36736388957922, ""longitude"": -86.2634494929604}, ""transactions"": [], ""location"": {""address1"": null, ""address2"": null, ""address3"": null, ""city"": ""Guntersville"", ""zip_code"": ""35976"", ""country"": ""US"", ""state"": ""AL"", ""display_address"": [""Guntersville, AL 35976"", ""Estados Unidos""]}, ""phone"": ""+19417055083"", ""display_phone"": ""+1 941-705-5083"", ""distance"": 99092.7018133941}, {""id"": ""Dkhzimc8TgWyx3waDX4sow"", ""alias"": ""hammonds-and-sons-roofing-and-repair-service-guntersville"", ""name"": ""Hammonds & Sons Roofing And Repair Service"", ""image_url"": ""https://s3-media2.fl.yelpcdn.com/bphoto/NXE4nR2ttQU82k2UdnHHYg/o.jpg"", ""is_closed"": false, ""url"": ""https://fil.yelp.com.ph/biz/hammonds-and-sons-roofing-and-repair-service-guntersville?adjust_creative=ULHW7ynqdXE8Z9Fnr4irFw&utm_campaign=yelp_api_v3&utm_medium=api_v3_business_search&utm_source=ULHW7ynqdXE8Z9Fnr4irFw"", ""review_count"": 1, ""categories"": [{""alias"": ""roofing"", ""title"": ""Roofing""}, {""alias"": ""handyman"", ""title"": ""Handyman""}], ""rating"": 5.0, ""coordinates"": {""latitude"": 34.36736388957922, ""longitude"": -86.2634494929604}, ""transactions"": [], ""location"": {""address1"": """", ""address2"": null, ""address3"": """", ""city"": ""Guntersville"", ""zip_code"": ""35976"", ""country"": ""US"", ""state"": ""AL"", ""display_address"": [""Guntersville, AL 35976"", ""Estados Unidos""]}, ""phone"": ""+12563021886"", ""display_phone"": ""+1 256-302-1886"", ""distance"": 99092.7018133941}, {""id"": ""Tl4xErxwBKO4qqx6jLi_Kw"", ""alias"": ""clean-slate-pressure-washing-warrior"", ""name"": ""Clean Slate Pressure Washing"", ""image_url"": ""https://s3-media3.fl.yelpcdn.com/bphoto/c5yt2GHRb9L6fllRDF2LwQ/o.jpg"", ""is_closed"": false, ""url"": ""https://fil.yelp.com.ph/biz/clean-slate-pressure-washing-warrior?adjust_creative=ULHW7ynqdXE8Z9Fnr4irFw&utm_campaign=yelp_api_v3&utm_medium=api_v3_business_search&utm_source=ULHW7ynqdXE8Z9Fnr4irFw"", ""review_count"": 1, ""categories"": [{""alias"": ""pressurewashers"", ""title"": ""Mga Pressure Washers""}, {""alias"": ""gutterservices"", ""title"": ""Mga serbisyo para sa alulod""}], ""rating"": 5.0, ""coordinates"": {""latitude"": 33.81523920585299, ""longitude"": -86.8152668915862}, ""transactions"": [], ""location"": {""address1"": null, ""address2"": null, ""address3"": """", ""city"": ""Warrior"", ""zip_code"": ""35180"", ""country"": ""US"", ""state"": ""AL"", ""display_address"": [""Warrior, AL 35180"", ""Estados Unidos""]}, ""phone"": ""+12053170287"", ""display_phone"": ""+1 205-317-0287"", ""distance"": 110366.1318203129}, {""id"": ""X9fSSRhe7GaDIsUv55bwrg"", ""alias"": ""big-bear-restoration-marietta"", ""name"": ""Big Bear Restoration"", ""image_url"": ""https://s3-media3.fl.yelpcdn.com/bphoto/8zYiat28PUMV8PvXhzJMvg/o.jpg"", ""is_closed"": false, ""url"": ""https://fil.yelp.com.ph/biz/big-bear-restoration-marietta?adjust_creative=ULHW7ynqdXE8Z9Fnr4irFw&utm_campaign=yelp_api_v3&utm_medium=api_v3_business_search&utm_source=ULHW7ynqdXE8Z9Fnr4irFw"", ""review_count"": 3, ""categories"": [{""alias"": ""damagerestoration"", ""title"": ""Panunumbalik ng nasira""}, {""alias"": ""biohazardcleanup"", ""title"": ""Biohazard Cleanup""}], ""rating"": 2.5, ""coordinates"": {""latitude"": 33.92133600417993, ""longitude"": -84.486426860445}, ""transactions"": [], ""location"": {""address1"": ""1341 Capital Cir SE"", ""address2"": ""Ste A"", ""address3"": """", ""city"": ""Marietta"", ""zip_code"": ""30067"", ""country"": ""US"", ""state"": ""GA"", ""display_address"": [""1341 Capital Cir SE"", ""Ste A"", ""Marietta, GA 30067"", ""Estados Unidos""]}, ""phone"": ""+17708022725"", ""display_phone"": ""+1 770-802-2725"", ""distance"": 111101.2769905361}, {""id"": ""D-rx89DWzML-D7qjvoTT9g"", ""alias"": ""five-emerald-limousine-atlanta"", ""name"": ""Five Emerald Limousine"", ""image_url"": ""https://s3-media1.fl.yelpcdn.com/bphoto/cvAY2ruW6Sda3d2Oux209g/o.jpg"", ""is_closed"": false, ""url"": ""https://fil.yelp.com.ph/biz/five-emerald-limousine-atlanta?adjust_creative=ULHW7ynqdXE8Z9Fnr4irFw&utm_campaign=yelp_api_v3&utm_medium=api_v3_business_search&utm_source=ULHW7ynqdXE8Z9Fnr4irFw"", ""review_count"": 1, ""categories"": [{""alias"": ""limos"", ""title"": ""Limos""}, {""alias"": ""airport_shuttles"", ""title"": ""Airport Shuttles""}, {""alias"": ""towncarservice"", ""title"": ""Mga Serbisyo Para sa Town Car""}], ""rating"": 5.0, ""coordinates"": {""latitude"": 33.849145, ""longitude"": -84.3620913}, ""transactions"": [], ""location"": {""address1"": null, ""address2"": null, ""address3"": null, ""city"": ""Atlanta"", ""zip_code"": ""30326"", ""country"": ""US"", ""state"": ""GA"", ""display_address"": [""Atlanta, GA 30326"", ""Estados Unidos""]}, ""phone"": ""+14158121757"", ""display_phone"": ""+1 415-812-1757"", ""distance"": 120426.52484996952}], ""total"": 16, ""region"": {""center"": {""longitude"": -85.64033, ""latitude"": 33.64118}}}",application/json,False,OAS disconformity: [Path '/businesses/[item]/rating'] Numeric instance is lower than the required minimum (minimum: 1; found: 0.0),OAS disconformity,1662718459976,Yelp_Businesses_atlas_6,../target/test-data/Yelp_Businesses_atlas_6/test-cases_1662718459976.csv,1,2,../target/test-data/Yelp_Businesses_atlas_6/test-cases_1662718459976.csv;../target/test-data/Yelp_Businesses_atlas_6/test-cases_1662719078531.csv,2
test_qe9wcc5km0yr_getBusinesses,False,null,True,getBusinesses,/businesses/search,GET,application/json,application/json,Authorization=,,latitude=39.3162;term=exciting;location=Paris;,,,test_qe9wcc5km0yr_getBusinesses,200,"{""businesses"": [{""id"": ""4ZXq4PvTR4XqA3MJd4Lzxg"", ""alias"": ""vedettes-du-pont-neuf-paris"", ""name"": ""Vedettes du Pont Neuf"", ""image_url"": ""https://s3-media1.fl.yelpcdn.com/bphoto/Moq-C3O1fvsAQq5iYvXBJA/o.jpg"", ""is_closed"": false, ""url"": ""https://www.yelp.com/biz/vedettes-du-pont-neuf-paris?adjust_creative=ULHW7ynqdXE8Z9Fnr4irFw&utm_campaign=yelp_api_v3&utm_medium=api_v3_business_search&utm_source=ULHW7ynqdXE8Z9Fnr4irFw"", ""review_count"": 77, ""categories"": [{""alias"": ""boatcharters"", ""title"": ""Boat Charters""}, {""alias"": ""boattours"", ""title"": ""Boat Tours""}], ""rating"": 4.0, ""coordinates"": {""latitude"": 48.8575, ""longitude"": 2.34}, ""transactions"": [], ""location"": {""address1"": ""1 square du Vert Galant"", ""address2"": null, ""address3"": null, ""city"": ""Paris"", ""zip_code"": ""75001"", ""country"": ""FR"", ""state"": ""75"", ""display_address"": [""1 square du Vert Galant"", ""75001 Paris"", ""France""]}, ""phone"": ""+33146339838"", ""display_phone"": ""+33 1 46 33 98 38"", ""distance"": 520.077113599944}, {""id"": ""O9RXBMAhGZeBlnsEiUDK4Q"", ""alias"": ""trampoline-paris"", ""name"": ""Trampoline"", ""image_url"": ""https://s3-media3.fl.yelpcdn.com/bphoto/aCo8bcygSrMIvUV0VCm57Q/o.jpg"", ""is_closed"": false, ""url"": ""https://www.yelp.com/biz/trampoline-paris?adjust_creative=ULHW7ynqdXE8Z9Fnr4irFw&utm_campaign=yelp_api_v3&utm_medium=api_v3_business_search&utm_source=ULHW7ynqdXE8Z9Fnr4irFw"", ""review_count"": 1, ""categories"": [{""alias"": ""trampoline"", ""title"": ""Trampoline Parks""}], ""rating"": 4.0, ""coordinates"": {""latitude"": 48.8651373745409, ""longitude"": 2.32545014675963}, ""transactions"": [], ""location"": {""address1"": ""155 rue de Rivoli"", ""address2"": """", ""address3"": null, ""city"": ""Paris"", ""zip_code"": ""75001"", ""country"": ""FR"", ""state"": ""01"", ""display_address"": [""155 rue de Rivoli"", ""75001 Paris"", ""France""]}, ""phone"": """", ""display_phone"": """", ""distance"": 1271.5503032802585}, {""id"": ""rsMCCV92ozqi_OexnvWs3g"", ""alias"": ""left-bank-scooters-paris-5"", ""name"": ""Left Bank Scooters"", ""image_url"": ""https://s3-media3.fl.yelpcdn.com/bphoto/ECWyKkIRlnGa9r6BWvD4zg/o.jpg"", ""is_closed"": false, ""url"": ""https://www.yelp.com/biz/left-bank-scooters-paris-5?adjust_creative=ULHW7ynqdXE8Z9Fnr4irFw&utm_campaign=yelp_api_v3&utm_medium=api_v3_business_search&utm_source=ULHW7ynqdXE8Z9Fnr4irFw"", ""review_count"": 31, ""categories"": [{""alias"": ""scooterrentals"", ""title"": ""Scooter Rentals""}, {""alias"": ""scootertours"", ""title"": ""Scooter Tours""}], ""rating"": 4.5, ""coordinates"": {""latitude"": 48.8683452747277, ""longitude"": 2.33037591864627}, ""transactions"": [], ""location"": {""address1"": ""Rue de la Paix"", ""address2"": """", ""address3"": """", ""city"": ""Paris"", ""zip_code"": ""75002"", ""country"": ""FR"", ""state"": ""75"", ""display_address"": [""Rue de la Paix"", ""75002 Paris"", ""France""]}, ""phone"": ""+33678120424"", ""display_phone"": ""+33 6 78 12 04 24"", ""distance"": 1116.1564052374717}, {""id"": ""qq-0DAkiLPJivqCJff6nFw"", ""alias"": ""mus\u00e9e-du-louvre-paris-2"", ""name"": ""Mus\u00e9e du Louvre"", ""image_url"": ""https://s3-media3.fl.yelpcdn.com/bphoto/3meRJOo0uUTIhjP3aJeAgQ/o.jpg"", ""is_closed"": false, ""url"": ""https://www.yelp.com/biz/mus%C3%A9e-du-louvre-paris-2?adjust_creative=ULHW7ynqdXE8Z9Fnr4irFw&utm_campaign=yelp_api_v3&utm_medium=api_v3_business_search&utm_source=ULHW7ynqdXE8Z9Fnr4irFw"", ""review_count"": 1929, ""categories"": [{""alias"": ""museums"", ""title"": ""Museums""}], ""rating"": 4.5, ""coordinates"": {""latitude"": 48.86206, ""longitude"": 2.334521}, ""transactions"": [], ""location"": {""address1"": ""Place du Carrousel"", ""address2"": """", ""address3"": """", ""city"": ""Paris"", ""zip_code"": ""75001"", ""country"": ""FR"", ""state"": ""75"", ""display_address"": [""Place du Carrousel"", ""75001 Paris"", ""France""]}, ""phone"": ""+33140205050"", ""display_phone"": ""+33 1 40 20 50 50"", ""distance"": 558.0335061024725}, {""id"": ""W5gfGdQQlxvPsbEKCfiMhA"", ""alias"": ""bike-about-tours-paris"", ""name"": ""Bike About Tours"", ""image_url"": ""https://s3-media3.fl.yelpcdn.com/bphoto/O8SqTcpjcqSFeodsxNBt2A/o.jpg"", ""is_closed"": false, ""url"": ""https://www.yelp.com/biz/bike-about-tours-paris?adjust_creative=ULHW7ynqdXE8Z9Fnr4irFw&utm_campaign=yelp_api_v3&utm_medium=api_v3_business_search&utm_source=ULHW7ynqdXE8Z9Fnr4irFw"", ""review_count"": 66, ""categories"": [{""alias"": ""tours"", ""title"": ""Tours""}, {""alias"": ""bikerentals"", ""title"": ""Bike Rentals""}], ""rating"": 5.0, ""coordinates"": {""latitude"": 48.855544, ""longitude"": 2.355904}, ""transactions"": [], ""location"": {""address1"": ""17 rue du Pont Louis Philippe"", ""address2"": """", ""address3"": """", ""city"": ""Paris"", ""zip_code"": ""75004"", ""country"": ""FR"", ""state"": ""75"", ""display_address"": [""17 rue du Pont Louis Philippe"", ""75004 Paris"", ""France""]}, ""phone"": ""+33618808492"", ""display_phone"": ""+33 6 18 80 84 92"", ""distance"": 1233.4978755217273}, {""id"": ""chEk0cD3XPqjB13FBdISmg"", ""alias"": ""la-cuisine-paris-paris"", ""name"": ""La Cuisine Paris"", ""image_url"": ""https://s3-media1.fl.yelpcdn.com/bphoto/4ZH-2PIlkhnBPPjMebkjYA/o.jpg"", ""is_closed"": false, ""url"": ""https://www.yelp.com/biz/la-cuisine-paris-paris?adjust_creative=ULHW7ynqdXE8Z9Fnr4irFw&utm_campaign=yelp_api_v3&utm_medium=api_v3_business_search&utm_source=ULHW7ynqdXE8Z9Fnr4irFw"", ""review_count"": 86, ""categories"": [{""alias"": ""foodtours"", ""title"": ""Food Tours""}, {""alias"": ""cookingclasses"", ""title"": ""Cooking Classes""}], ""rating"": 4.5, ""coordinates"": {""latitude"": 48.8547, ""longitude"": 2.35413}, ""transactions"": [], ""price"": ""\u20ac\u20ac"", ""location"": {""address1"": ""80 quai de l'H\u00f4tel de Ville"", ""address2"": null, ""address3"": null, ""city"": ""Paris"", ""zip_code"": ""75004"", ""country"": ""FR"", ""state"": ""75"", ""display_address"": [""80 quai de l'H\u00f4tel de Ville"", ""75004 Paris"", ""France""]}, ""phone"": ""+33961499795"", ""display_phone"": ""+33 9 61 49 97 95"", ""distance"": 1191.573382231037}, {""id"": ""AIFm9k7TzVrPdDs5PqAKwQ"", ""alias"": ""secret-food-tours-paris-4"", ""name"": ""Secret Food Tours"", ""image_url"": ""https://s3-media2.fl.yelpcdn.com/bphoto/mSnE_g0j5sXVoKEz07YE7Q/o.jpg"", ""is_closed"": false, ""url"": ""https://www.yelp.com/biz/secret-food-tours-paris-4?adjust_creative=ULHW7ynqdXE8Z9Fnr4irFw&utm_campaign=yelp_api_v3&utm_medium=api_v3_business_search&utm_source=ULHW7ynqdXE8Z9Fnr4irFw"", ""review_count"": 63, ""categories"": [{""alias"": ""foodtours"", ""title"": ""Food Tours""}], ""rating"": 5.0, ""coordinates"": {""latitude"": 48.8829653343873, ""longitude"": 2.34421818829958}, ""transactions"": [], ""location"": {""address1"": """", ""address2"": null, ""address3"": """", ""city"": ""Paris"", ""zip_code"": """", ""country"": ""FR"", ""state"": ""75"", ""display_address"": [""Paris"", ""France""]}, ""phone"": ""+33970735298"", ""display_phone"": ""+33 9 70 73 52 98"", ""distance"": 2340.7416723284496}, {""id"": ""sRs12rjoQYbBpIhzfZWvMQ"", ""alias"": ""sandemans-new-paris-tours-no-title"", ""name"": ""Sandeman's New Paris Tours"", ""image_url"": ""https://s3-media2.fl.yelpcdn.com/bphoto/wTSJqydOS-WZpmDECCfPnw/o.jpg"", ""is_closed"": false, ""url"": ""https://www.yelp.com/biz/sandemans-new-paris-tours-no-title?adjust_creative=ULHW7ynqdXE8Z9Fnr4irFw&utm_campaign=yelp_api_v3&utm_medium=api_v3_business_search&utm_source=ULHW7ynqdXE8Z9Fnr4irFw"", ""review_count"": 48, ""categories"": [{""alias"": ""tours"", ""title"": ""Tours""}], ""rating"": 4.5, ""coordinates"": {""latitude"": 48.85602, ""longitude"": 2.3485299}, ""transactions"": [], ""location"": {""address1"": ""St Michel-Notre Dame"", ""address2"": """", ""address3"": """", ""city"": ""Paris"", ""zip_code"": ""75006"", ""country"": ""FR"", ""state"": ""75"", ""display_address"": [""St Michel-Notre Dame"", ""75006 Paris"", ""France""]}, ""phone"": """", ""display_phone"": """", ""distance"": 983.2044141375686}, {""id"": ""1lX0SZjSu2ijRDH0H2rKtQ"", ""alias"": ""my-private-paris-paris"", ""name"": ""My Private Paris"", ""image_url"": ""https://s3-media3.fl.yelpcdn.com/bphoto/Zdexvt3V6RUKNUgfjN_ifg/o.jpg"", ""is_closed"": false, ""url"": ""https://www.yelp.com/biz/my-private-paris-paris?adjust_creative=ULHW7ynqdXE8Z9Fnr4irFw&utm_campaign=yelp_api_v3&utm_medium=api_v3_business_search&utm_source=ULHW7ynqdXE8Z9Fnr4irFw"", ""review_count"": 5, ""categories"": [{""alias"": ""historicaltours"", ""title"": ""Historical Tours""}, {""alias"": ""arttours"", ""title"": ""Art Tours""}, {""alias"": ""walkingtours"", ""title"": ""Walking Tours""}], ""rating"": 5.0, ""coordinates"": {""latitude"": null, ""longitude"": null}, ""transactions"": [], ""location"": {""address1"": """", ""address2"": """", ""address3"": """", ""city"": ""Paris"", ""zip_code"": """", ""country"": ""FR"", ""state"": ""75"", ""display_address"": [""Paris"", ""France""]}, ""phone"": ""+33768800684"", ""display_phone"": ""+33 7 68 80 06 84"", ""distance"": 946.7443767978672}, {""id"": ""XlMMUoGIOhIE-aWRXgTd1A"", ""alias"": ""mus\u00e9e-d-orsay-paris-3"", ""name"": ""Mus\u00e9e d\u2019Orsay"", ""image_url"": ""https://s3-media2.fl.yelpcdn.com/bphoto/7hTqz2zwhzxu-TdXTvfM1Q/o.jpg"", ""is_closed"": false, ""url"": ""https://www.yelp.com/biz/mus%C3%A9e-d-orsay-paris-3?adjust_creative=ULHW7ynqdXE8Z9Fnr4irFw&utm_campaign=yelp_api_v3&utm_medium=api_v3_business_search&utm_source=ULHW7ynqdXE8Z9Fnr4irFw"", ""review_count"": 862, ""categories"": [{""alias"": ""museums"", ""title"": ""Museums""}], ""rating"": 4.5, ""coordinates"": {""latitude"": 48.8604072252412, ""longitude"": 2.32502393267818}, ""transactions"": [], ""location"": {""address1"": ""1 rue de la L\u00e9gion d'Honneur"", ""address2"": null, ""address3"": null, ""city"": ""Paris"", ""zip_code"": ""75007"", ""country"": ""FR"", ""state"": ""75"", ""display_address"": [""1 rue de la L\u00e9gion d'Honneur"", ""75007 Paris"", ""France""]}, ""phone"": ""+33140494814"", ""display_phone"": ""+33 1 40 49 48 14"", ""distance"": 1242.5926257335125}, {""id"": ""qQ3wW8JZItTnmLkaVVghOA"", ""alias"": ""atelier-des-lumi\u00e8res-paris-2"", ""name"": ""Atelier des Lumi\u00e8res"", ""image_url"": ""https://s3-media1.fl.yelpcdn.com/bphoto/udpu8EfmtuWncCyRFIOiBw/o.jpg"", ""is_closed"": false, ""url"": ""https://www.yelp.com/biz/atelier-des-lumi%C3%A8res-paris-2?adjust_creative=ULHW7ynqdXE8Z9Fnr4irFw&utm_campaign=yelp_api_v3&utm_medium=api_v3_business_search&utm_source=ULHW7ynqdXE8Z9Fnr4irFw"", ""review_count"": 42, ""categories"": [{""alias"": ""museums"", ""title"": ""Museums""}], ""rating"": 4.5, ""coordinates"": {""latitude"": 48.861663, ""longitude"": 2.380766}, ""transactions"": [], ""location"": {""address1"": ""38 rue Saint-Maur"", ""address2"": """", ""address3"": null, ""city"": ""Paris"", ""zip_code"": ""75011"", ""country"": ""FR"", ""state"": ""75"", ""display_address"": [""38 rue Saint-Maur"", ""75011 Paris"", ""France""]}, ""phone"": ""+33180984600"", ""display_phone"": ""+33 1 80 98 46 00"", ""distance"": 2825.20880835177}, {""id"": ""-M49wub8vEYpcJXW0IAfCQ"", ""alias"": ""paris-charms-et-secrets-paris-2"", ""name"": ""Paris Charms & Secrets"", ""image_url"": ""https://s3-media2.fl.yelpcdn.com/bphoto/Lxws1HHwurR6mFCNapTucA/o.jpg"", ""is_closed"": false, ""url"": ""https://www.yelp.com/biz/paris-charms-et-secrets-paris-2?adjust_creative=ULHW7ynqdXE8Z9Fnr4irFw&utm_campaign=yelp_api_v3&utm_medium=api_v3_business_search&utm_source=ULHW7ynqdXE8Z9Fnr4irFw"", ""review_count"": 40, ""categories"": [{""alias"": ""historicaltours"", ""title"": ""Historical Tours""}, {""alias"": ""biketours"", ""title"": ""Bike tours""}], ""rating"": 5.0, ""coordinates"": {""latitude"": 48.8668518, ""longitude"": 2.33202}, ""transactions"": [], ""location"": {""address1"": ""52 place du March\u00e9 Saint-Honor\u00e9"", ""address2"": null, ""address3"": """", ""city"": ""Paris"", ""zip_code"": ""75001"", ""country"": ""FR"", ""state"": ""75"", ""display_address"": [""52 place du March\u00e9 Saint-Honor\u00e9"", ""75001 Paris"", ""France""]}, ""phone"": ""+33140290000"", ""display_phone"": ""+33 1 40 29 00 00"", ""distance"": 927.3656334799933}, {""id"": ""hRf1J7DCod5xDUYUzNTw-A"", ""alias"": ""centre-pompidou-paris-2"", ""name"": ""Centre Pompidou"", ""image_url"": ""https://s3-media3.fl.yelpcdn.com/bphoto/6Amr2G-lKkzgDg-3pEi63w/o.jpg"", ""is_closed"": false, ""url"": ""https://www.yelp.com/biz/centre-pompidou-paris-2?adjust_creative=ULHW7ynqdXE8Z9Fnr4irFw&utm_campaign=yelp_api_v3&utm_medium=api_v3_business_search&utm_source=ULHW7ynqdXE8Z9Fnr4irFw"", ""review_count"": 303, ""categories"": [{""alias"": ""museums"", ""title"": ""Museums""}], ""rating"": 4.5, ""coordinates"": {""latitude"": 48.8608252263555, ""longitude"": 2.35263304978595}, ""transactions"": [], ""location"": {""address1"": ""Place Georges Pompidou"", ""address2"": null, ""address3"": null, ""city"": ""Paris"", ""zip_code"": ""75004"", ""country"": ""FR"", ""state"": ""75"", ""display_address"": [""Place Georges Pompidou"", ""75004 Paris"", ""France""]}, ""phone"": ""+33144781233"", ""display_phone"": ""+33 1 44 78 12 33"", ""distance"": 777.3115113530029}, {""id"": ""jwkx74KO5nLgkYmDj59IdA"", ""alias"": ""fat-tire-tours-paris-3"", ""name"": ""Fat Tire Tours"", ""image_url"": ""https://s3-media2.fl.yelpcdn.com/bphoto/WJb_ggXML9q2FuRml0cyaA/o.jpg"", ""is_closed"": false, ""url"": ""https://www.yelp.com/biz/fat-tire-tours-paris-3?adjust_creative=ULHW7ynqdXE8Z9Fnr4irFw&utm_campaign=yelp_api_v3&utm_medium=api_v3_business_search&utm_source=ULHW7ynqdXE8Z9Fnr4irFw"", ""review_count"": 234, ""categories"": [{""alias"": ""biketours"", ""title"": ""Bike tours""}], ""rating"": 4.5, ""coordinates"": {""latitude"": 48.852099, ""longitude"": 2.295222}, ""transactions"": [], ""location"": {""address1"": ""24 rue Edgar Faure"", ""address2"": """", ""address3"": """", ""city"": ""Paris"", ""zip_code"": ""75015"", ""country"": ""FR"", ""state"": ""75"", ""display_address"": [""24 rue Edgar Faure"", ""75015 Paris"", ""France""]}, ""phone"": ""+33182888096"", ""display_phone"": ""+33 1 82 88 80 96"", ""distance"": 3603.877812210703}, {""id"": ""S329otki_aHyanlMlfkYxg"", ""alias"": ""wego-walking-tours-paris"", ""name"": ""Wego Walking Tours"", ""image_url"": ""https://s3-media2.fl.yelpcdn.com/bphoto/UnWTMY7ekd5ucAzy4BtOhA/o.jpg"", ""is_closed"": false, ""url"": ""https://www.yelp.com/biz/wego-walking-tours-paris?adjust_creative=ULHW7ynqdXE8Z9Fnr4irFw&utm_campaign=yelp_api_v3&utm_medium=api_v3_business_search&utm_source=ULHW7ynqdXE8Z9Fnr4irFw"", ""review_count"": 38, ""categories"": [{""alias"": ""walkingtours"", ""title"": ""Walking Tours""}], ""rating"": 5.0, ""coordinates"": {""latitude"": 48.85242, ""longitude"": 2.3483}, ""transactions"": [], ""location"": {""address1"": ""Pont au Double"", ""address2"": null, ""address3"": """", ""city"": ""Paris"", ""zip_code"": ""75005"", ""country"": ""FR"", ""state"": ""75"", ""display_address"": [""Pont au Double"", ""75005 Paris"", ""France""]}, ""phone"": """", ""display_phone"": """", ""distance"": 1138.396470534434}, {""id"": ""CfqgZn3liBopZgZWmEA4zw"", ""alias"": ""tasty-side-to-life-tours-paris"", ""name"": ""Tasty Side To Life Tours"", ""image_url"": ""https://s3-media1.fl.yelpcdn.com/bphoto/OqGrioF_BGyS8ptq57O5KQ/o.jpg"", ""is_closed"": false, ""url"": ""https://www.yelp.com/biz/tasty-side-to-life-tours-paris?adjust_creative=ULHW7ynqdXE8Z9Fnr4irFw&utm_campaign=yelp_api_v3&utm_medium=api_v3_business_search&utm_source=ULHW7ynqdXE8Z9Fnr4irFw"", ""review_count"": 17, ""categories"": [{""alias"": ""tours"", ""title"": ""Tours""}], ""rating"": 5.0, ""coordinates"": {""latitude"": 48.87373, ""longitude"": 2.34685}, ""transactions"": [], ""location"": {""address1"": ""15 rue du Conservatoire"", ""address2"": ""75009"", ""address3"": """", ""city"": ""Paris"", ""zip_code"": ""75009"", ""country"": ""FR"", ""state"": ""75"", ""display_address"": [""15 rue du Conservatoire"", ""75009"", ""75009 Paris"", ""France""]}, ""phone"": ""+33688151255"", ""display_phone"": ""+33 6 88 15 12 55"", ""distance"": 1353.2060343192302}, {""id"": ""eZgCEKgZO7QHC1_Qb64_kQ"", ""alias"": ""paris-authentic-paris"", ""name"": ""Paris Authentic"", ""image_url"": ""https://s3-media1.fl.yelpcdn.com/bphoto/x9HNU7QkHbCHOs1xmEvdlA/o.jpg"", ""is_closed"": false, ""url"": ""https://www.yelp.com/biz/paris-authentic-paris?adjust_creative=ULHW7ynqdXE8Z9Fnr4irFw&utm_campaign=yelp_api_v3&utm_medium=api_v3_business_search&utm_source=ULHW7ynqdXE8Z9Fnr4irFw"", ""review_count"": 14, ""categories"": [{""alias"": ""tours"", ""title"": ""Tours""}], ""rating"": 4.5, ""coordinates"": {""latitude"": 48.8627899, ""longitude"": 2.34096}, ""transactions"": [], ""location"": {""address1"": ""23-25 rue Jean-Jacques Rousseau"", ""address2"": """", ""address3"": """", ""city"": ""Paris"", ""zip_code"": ""75001"", ""country"": ""FR"", ""state"": ""75"", ""display_address"": [""23-25 rue Jean-Jacques Rousseau"", ""75001 Paris"", ""France""]}, ""phone"": ""+33664504419"", ""display_phone"": ""+33 6 64 50 44 19"", ""distance"": 138.06822524976934}, {""id"": ""RqNQANAAjNj2xCtSEaJSWQ"", ""alias"": ""mus\u00e9e-picasso-paris-4"", ""name"": ""Mus\u00e9e Picasso"", ""image_url"": ""https://s3-media2.fl.yelpcdn.com/bphoto/p0f7PEc62hoL2HOjO0zELw/o.jpg"", ""is_closed"": false, ""url"": ""https://www.yelp.com/biz/mus%C3%A9e-picasso-paris-4?adjust_creative=ULHW7ynqdXE8Z9Fnr4irFw&utm_campaign=yelp_api_v3&utm_medium=api_v3_business_search&utm_source=ULHW7ynqdXE8Z9Fnr4irFw"", ""review_count"": 91, ""categories"": [{""alias"": ""museums"", ""title"": ""Museums""}], ""rating"": 4.0, ""coordinates"": {""latitude"": 48.8597, ""longitude"": 2.36264}, ""transactions"": [], ""location"": {""address1"": ""5 rue de Thorigny"", ""address2"": null, ""address3"": null, ""city"": ""Paris"", ""zip_code"": ""75003"", ""country"": ""FR"", ""state"": ""75"", ""display_address"": [""5 rue de Thorigny"", ""75003 Paris"", ""France""]}, ""phone"": ""+33185560036"", ""display_phone"": ""+33 1 85 56 00 36"", ""distance"": 1491.1711808409575}, {""id"": ""lvjKab-mIsgu0ibcdNlWww"", ""alias"": ""les-caves-du-louvre-paris"", ""name"": ""Les Caves du Louvre"", ""image_url"": ""https://s3-media2.fl.yelpcdn.com/bphoto/rvjPtQIyFyeO6RpM6lAAOQ/o.jpg"", ""is_closed"": false, ""url"": ""https://www.yelp.com/biz/les-caves-du-louvre-paris?adjust_creative=ULHW7ynqdXE8Z9Fnr4irFw&utm_campaign=yelp_api_v3&utm_medium=api_v3_business_search&utm_source=ULHW7ynqdXE8Z9Fnr4irFw"", ""review_count"": 38, ""categories"": [{""alias"": ""winetastingroom"", ""title"": ""Wine Tasting Room""}, {""alias"": ""beer_and_wine"", ""title"": ""Beer, Wine & Spirits""}], ""rating"": 4.5, ""coordinates"": {""latitude"": 48.86092, ""longitude"": 2.34259}, ""transactions"": [], ""price"": ""\u20ac"", ""location"": {""address1"": ""52 rue de l'Arbre Sec"", ""address2"": """", ""address3"": """", ""city"": ""Paris"", ""zip_code"": ""75001"", ""country"": ""FR"", ""state"": ""75"", ""display_address"": [""52 rue de l'Arbre Sec"", ""75001 Paris"", ""France""]}, ""phone"": ""+33140281311"", ""display_phone"": ""+33 1 40 28 13 11"", ""distance"": 122.05126813819737}, {""id"": ""sP9mh3C5etP1XQJEKvUEMw"", ""alias"": ""paris-wine-day-tours-paris"", ""name"": ""Paris Wine Day Tours"", ""image_url"": ""https://s3-media3.fl.yelpcdn.com/bphoto/BkX6un5oa4JqlIUGxyBQMw/o.jpg"", ""is_closed"": false, ""url"": ""https://www.yelp.com/biz/paris-wine-day-tours-paris?adjust_creative=ULHW7ynqdXE8Z9Fnr4irFw&utm_campaign=yelp_api_v3&utm_medium=api_v3_business_search&utm_source=ULHW7ynqdXE8Z9Fnr4irFw"", ""review_count"": 10, ""categories"": [{""alias"": ""winetours"", ""title"": ""Wine Tours""}], ""rating"": 5.0, ""coordinates"": {""latitude"": 48.88012, ""longitude"": 2.31775}, ""transactions"": [], ""location"": {""address1"": ""82 rue du Rocher"", ""address2"": """", ""address3"": """", ""city"": ""Paris"", ""zip_code"": ""75017"", ""country"": ""FR"", ""state"": ""75"", ""display_address"": [""82 rue du Rocher"", ""75017 Paris"", ""France""]}, ""phone"": ""+33612217777"", ""display_phone"": ""+33 6 12 21 77 77"", ""distance"": 2685.6619589561737}], ""total"": 878, ""region"": {""center"": {""longitude"": 2.3421478271484375, ""latitude"": 48.86195860677958}}}",application/json,False,"OAS disconformity: [Path '/businesses/[item]/coordinates/latitude'] Instance type (null) does not match any allowed primitive type (allowed: [""integer"";""number""]) --- [Path '/businesses/[item]/coordinates/longitude'] Instance type (null) does not match any allowed primitive type (allowed: [""integer"";""number""]) --- [Path '/businesses/[item]/price'] Instance value (""€"") not found in enum (possible values: [""$"";""$$"";""$$$"";""$$$$""]) --- [Path '/businesses/[item]/price'] Instance value (""€€"") not found in enum (possible values: [""$"";""$$"";""$$$"";""$$$$""])",OAS disconformity,1662722722580,Yelp_Businesses_atlas_6,../target/test-data/Yelp_Businesses_atlas_6/test-cases_1662722722580.csv,2,1,../target/test-data/Yelp_Businesses_atlas_6/test-cases_1662722722580.csv,1
